# SYNTHETIC BEATBox CAN event log - rows are the documented inter-module CAN messages; generated by generate_hcmo_instance.py, no real animals
timestamp,box,module,message,payload,can_id,prio
2026-06-02T17:00:00.000+02:00,1,LIGHTING,SET_DUTY,"white=80,red=0,ir=100",0x168,P1
2026-06-02T17:00:00.000+02:00,2,LIGHTING,SET_DUTY,"white=80,red=0,ir=100",0x168,P1
2026-06-02T17:00:00.000+02:00,3,LIGHTING,SET_DUTY,"white=80,red=0,ir=100",0x168,P1
2026-06-02T17:00:00.000+02:00,4,LIGHTING,SET_DUTY,"white=80,red=0,ir=100",0x168,P1
2026-06-02T17:00:00.012+02:00,1,LIGHTING,SET_DUTY_ACK,"white=80,red=0,ir=100",0x36C,P3
2026-06-02T17:00:00.012+02:00,2,LIGHTING,SET_DUTY_ACK,"white=80,red=0,ir=100",0x36C,P3
2026-06-02T17:00:00.012+02:00,3,LIGHTING,SET_DUTY_ACK,"white=80,red=0,ir=100",0x36C,P3
2026-06-02T17:00:00.012+02:00,4,LIGHTING,SET_DUTY_ACK,"white=80,red=0,ir=100",0x36C,P3
2026-06-02T17:11:08.501+02:00,1,NOSEPOKE,BEAM_EVENT,beam=1,0x23D,P2
2026-06-02T17:11:08.567+02:00,1,SCREEN_LEFT,DISPLAY_PATTERN,pattern_id=3,0x148,P1
2026-06-02T17:11:08.572+02:00,1,SCREEN_RIGHT,DISPLAY_PATTERN,pattern_id=7,0x158,P1
2026-06-02T17:11:14.817+02:00,1,SCREEN_LEFT,TOUCH_EVENT,touch=1,0x24D,P2
2026-06-02T17:11:14.847+02:00,1,FEEDER,REQUEST_REWARD,,0x129,P1
2026-06-02T17:11:15.393+02:00,1,FEEDER,REWARD_DELIVERED,,0x32D,P3
2026-06-02T17:11:19.127+02:00,1,IR_BARRIER,BARRIER_EVENT,barrier=1,0x27D,P2
2026-06-02T17:16:55.960+02:00,4,NOSEPOKE,BEAM_EVENT,beam=1,0x23D,P2
2026-06-02T17:16:56.021+02:00,4,SCREEN_LEFT,DISPLAY_PATTERN,pattern_id=7,0x148,P1
2026-06-02T17:16:56.026+02:00,4,SCREEN_RIGHT,DISPLAY_PATTERN,pattern_id=3,0x158,P1
2026-06-02T17:17:00.081+02:00,4,SCREEN_RIGHT,TOUCH_EVENT,touch=1,0x25D,P2
2026-06-02T17:17:00.111+02:00,4,FEEDER,REQUEST_REWARD,,0x129,P1
2026-06-02T17:17:00.478+02:00,4,FEEDER,REWARD_DELIVERED,,0x32D,P3
2026-06-02T17:17:02.221+02:00,4,IR_BARRIER,BARRIER_EVENT,barrier=1,0x27D,P2
2026-06-02T17:17:29.920+02:00,1,NOSEPOKE,BEAM_EVENT,beam=1,0x23D,P2
2026-06-02T17:17:29.994+02:00,1,SCREEN_LEFT,DISPLAY_PATTERN,pattern_id=3,0x148,P1
2026-06-02T17:17:29.999+02:00,1,SCREEN_RIGHT,DISPLAY_PATTERN,pattern_id=7,0x158,P1
2026-06-02T17:17:35.974+02:00,1,SCREEN_LEFT,TOUCH_EVENT,touch=1,0x24D,P2
2026-06-02T17:17:36.004+02:00,1,FEEDER,REQUEST_REWARD,,0x129,P1
2026-06-02T17:17:36.474+02:00,1,FEEDER,REWARD_DELIVERED,,0x32D,P3
2026-06-02T17:17:40.404+02:00,1,IR_BARRIER,BARRIER_EVENT,barrier=1,0x27D,P2
2026-06-02T17:20:47.640+02:00,3,NOSEPOKE,BEAM_EVENT,beam=1,0x23D,P2
2026-06-02T17:20:47.681+02:00,3,SCREEN_LEFT,DISPLAY_PATTERN,pattern_id=3,0x148,P1
2026-06-02T17:20:47.686+02:00,3,SCREEN_RIGHT,DISPLAY_PATTERN,pattern_id=7,0x158,P1
2026-06-02T17:20:55.531+02:00,3,SCREEN_LEFT,TOUCH_EVENT,touch=1,0x24D,P2
2026-06-02T17:20:55.561+02:00,3,FEEDER,REQUEST_REWARD,,0x129,P1
2026-06-02T17:20:56.210+02:00,3,FEEDER,REWARD_DELIVERED,,0x32D,P3
2026-06-02T17:20:58.271+02:00,3,IR_BARRIER,BARRIER_EVENT,barrier=1,0x27D,P2
2026-06-02T17:27:03.175+02:00,4,NOSEPOKE,BEAM_EVENT,beam=1,0x23D,P2
2026-06-02T17:27:03.257+02:00,4,SCREEN_LEFT,DISPLAY_PATTERN,pattern_id=7,0x148,P1
2026-06-02T17:27:03.262+02:00,4,SCREEN_RIGHT,DISPLAY_PATTERN,pattern_id=3,0x158,P1
2026-06-02T17:27:06.747+02:00,4,SCREEN_RIGHT,TOUCH_EVENT,touch=1,0x25D,P2
2026-06-02T17:27:06.777+02:00,4,FEEDER,REQUEST_REWARD,,0x129,P1
2026-06-02T17:27:07.087+02:00,4,FEEDER,REWARD_DELIVERED,,0x32D,P3
2026-06-02T17:27:11.607+02:00,4,IR_BARRIER,BARRIER_EVENT,barrier=1,0x27D,P2
2026-06-02T17:28:30.991+02:00,3,NOSEPOKE,BEAM_EVENT,beam=1,0x23D,P2
2026-06-02T17:28:31.069+02:00,3,SCREEN_LEFT,DISPLAY_PATTERN,pattern_id=3,0x148,P1
2026-06-02T17:28:31.074+02:00,3,SCREEN_RIGHT,DISPLAY_PATTERN,pattern_id=7,0x158,P1
2026-06-02T17:28:33.269+02:00,3,SCREEN_LEFT,TOUCH_EVENT,touch=1,0x24D,P2
2026-06-02T17:28:33.299+02:00,3,FEEDER,REQUEST_REWARD,,0x129,P1
2026-06-02T17:28:33.902+02:00,3,FEEDER,REWARD_DELIVERED,,0x32D,P3
2026-06-02T17:28:38.789+02:00,3,IR_BARRIER,BARRIER_EVENT,barrier=1,0x27D,P2
2026-06-02T17:29:07.436+02:00,2,NOSEPOKE,BEAM_EVENT,beam=1,0x23D,P2
2026-06-02T17:29:07.520+02:00,2,SCREEN_LEFT,DISPLAY_PATTERN,pattern_id=7,0x148,P1
2026-06-02T17:29:07.525+02:00,2,SCREEN_RIGHT,DISPLAY_PATTERN,pattern_id=3,0x158,P1
2026-06-02T17:29:13.440+02:00,2,SCREEN_LEFT,TOUCH_EVENT,touch=1,0x24D,P2
2026-06-02T17:29:39.057+02:00,1,NOSEPOKE,BEAM_EVENT,beam=1,0x23D,P2
2026-06-02T17:29:39.134+02:00,1,SCREEN_LEFT,DISPLAY_PATTERN,pattern_id=3,0x148,P1
2026-06-02T17:29:39.139+02:00,1,SCREEN_RIGHT,DISPLAY_PATTERN,pattern_id=7,0x158,P1
2026-06-02T17:29:47.254+02:00,1,SCREEN_LEFT,TOUCH_EVENT,touch=1,0x24D,P2
2026-06-02T17:29:47.284+02:00,1,FEEDER,REQUEST_REWARD,,0x129,P1
2026-06-02T17:29:47.776+02:00,1,FEEDER,REWARD_DELIVERED,,0x32D,P3
2026-06-02T17:29:50.014+02:00,1,IR_BARRIER,BARRIER_EVENT,barrier=1,0x27D,P2
2026-06-02T17:38:45.618+02:00,3,NOSEPOKE,BEAM_EVENT,beam=1,0x23D,P2
2026-06-02T17:38:45.708+02:00,3,SCREEN_LEFT,DISPLAY_PATTERN,pattern_id=3,0x148,P1
2026-06-02T17:38:45.713+02:00,3,SCREEN_RIGHT,DISPLAY_PATTERN,pattern_id=7,0x158,P1
2026-06-02T17:38:50.158+02:00,3,SCREEN_LEFT,TOUCH_EVENT,touch=1,0x24D,P2
2026-06-02T17:38:50.188+02:00,3,FEEDER,REQUEST_REWARD,,0x129,P1
2026-06-02T17:38:50.651+02:00,3,FEEDER,REWARD_DELIVERED,,0x32D,P3
2026-06-02T17:38:53.768+02:00,3,IR_BARRIER,BARRIER_EVENT,barrier=1,0x27D,P2
2026-06-02T17:39:34.951+02:00,1,NOSEPOKE,BEAM_EVENT,beam=1,0x23D,P2
2026-06-02T17:39:35.034+02:00,1,SCREEN_LEFT,DISPLAY_PATTERN,pattern_id=3,0x148,P1
2026-06-02T17:39:35.039+02:00,1,SCREEN_RIGHT,DISPLAY_PATTERN,pattern_id=7,0x158,P1
2026-06-02T17:39:38.624+02:00,1,SCREEN_LEFT,TOUCH_EVENT,touch=1,0x24D,P2
2026-06-02T17:39:38.654+02:00,1,FEEDER,REQUEST_REWARD,,0x129,P1
2026-06-02T17:39:39.149+02:00,1,FEEDER,REWARD_DELIVERED,,0x32D,P3
2026-06-02T17:39:43.364+02:00,1,IR_BARRIER,BARRIER_EVENT,barrier=1,0x27D,P2
2026-06-02T17:40:03.220+02:00,4,NOSEPOKE,BEAM_EVENT,beam=1,0x23D,P2
2026-06-02T17:40:03.288+02:00,4,SCREEN_LEFT,DISPLAY_PATTERN,pattern_id=7,0x148,P1
2026-06-02T17:40:03.293+02:00,4,SCREEN_RIGHT,DISPLAY_PATTERN,pattern_id=3,0x158,P1
2026-06-02T17:40:05.638+02:00,4,SCREEN_RIGHT,TOUCH_EVENT,touch=1,0x25D,P2
2026-06-02T17:40:05.668+02:00,4,FEEDER,REQUEST_REWARD,,0x129,P1
2026-06-02T17:40:06.064+02:00,4,FEEDER,REWARD_DELIVERED,,0x32D,P3
2026-06-02T17:40:11.578+02:00,4,IR_BARRIER,BARRIER_EVENT,barrier=1,0x27D,P2
2026-06-02T17:41:27.047+02:00,4,NOSEPOKE,BEAM_EVENT,beam=1,0x23D,P2
2026-06-02T17:41:27.109+02:00,4,SCREEN_LEFT,DISPLAY_PATTERN,pattern_id=7,0x148,P1
2026-06-02T17:41:27.114+02:00,4,SCREEN_RIGHT,DISPLAY_PATTERN,pattern_id=3,0x158,P1
2026-06-02T17:41:33.299+02:00,4,SCREEN_RIGHT,TOUCH_EVENT,touch=1,0x25D,P2
2026-06-02T17:41:33.329+02:00,4,FEEDER,REQUEST_REWARD,,0x129,P1
2026-06-02T17:41:33.605+02:00,4,FEEDER,REWARD_DELIVERED,,0x32D,P3
2026-06-02T17:41:38.479+02:00,4,IR_BARRIER,BARRIER_EVENT,barrier=1,0x27D,P2
2026-06-02T17:42:48.462+02:00,2,NOSEPOKE,BEAM_EVENT,beam=1,0x23D,P2
2026-06-02T17:42:48.550+02:00,2,SCREEN_LEFT,DISPLAY_PATTERN,pattern_id=7,0x148,P1
2026-06-02T17:42:48.555+02:00,2,SCREEN_RIGHT,DISPLAY_PATTERN,pattern_id=3,0x158,P1
2026-06-02T17:42:52.600+02:00,2,SCREEN_RIGHT,TOUCH_EVENT,touch=1,0x25D,P2
2026-06-02T17:42:52.630+02:00,2,FEEDER,REQUEST_REWARD,,0x129,P1
2026-06-02T17:42:53.268+02:00,2,FEEDER,REWARD_DELIVERED,,0x32D,P3
2026-06-02T17:42:55.200+02:00,2,IR_BARRIER,BARRIER_EVENT,barrier=1,0x27D,P2
2026-06-02T17:44:05.901+02:00,3,NOSEPOKE,BEAM_EVENT,beam=1,0x23D,P2
2026-06-02T17:44:05.991+02:00,3,SCREEN_LEFT,DISPLAY_PATTERN,pattern_id=3,0x148,P1
2026-06-02T17:44:05.996+02:00,3,SCREEN_RIGHT,DISPLAY_PATTERN,pattern_id=7,0x158,P1
2026-06-02T17:44:11.581+02:00,3,SCREEN_LEFT,TOUCH_EVENT,touch=1,0x24D,P2
2026-06-02T17:44:11.611+02:00,3,FEEDER,REQUEST_REWARD,,0x129,P1
2026-06-02T17:44:12.219+02:00,3,FEEDER,REWARD_DELIVERED,,0x32D,P3
2026-06-02T17:44:17.571+02:00,3,IR_BARRIER,BARRIER_EVENT,barrier=1,0x27D,P2
2026-06-02T17:47:03.294+02:00,4,NOSEPOKE,BEAM_EVENT,beam=1,0x23D,P2
2026-06-02T17:47:03.370+02:00,4,SCREEN_LEFT,DISPLAY_PATTERN,pattern_id=7,0x148,P1
2026-06-02T17:47:03.375+02:00,4,SCREEN_RIGHT,DISPLAY_PATTERN,pattern_id=3,0x158,P1
2026-06-02T17:47:08.820+02:00,4,SCREEN_RIGHT,TOUCH_EVENT,touch=1,0x25D,P2
2026-06-02T17:47:08.850+02:00,4,FEEDER,REQUEST_REWARD,,0x129,P1
2026-06-02T17:47:09.243+02:00,4,FEEDER,REWARD_DELIVERED,,0x32D,P3
2026-06-02T17:47:13.730+02:00,4,IR_BARRIER,BARRIER_EVENT,barrier=1,0x27D,P2
2026-06-02T17:53:41.157+02:00,1,NOSEPOKE,BEAM_EVENT,beam=1,0x23D,P2
2026-06-02T17:53:41.220+02:00,1,SCREEN_LEFT,DISPLAY_PATTERN,pattern_id=3,0x148,P1
2026-06-02T17:53:41.225+02:00,1,SCREEN_RIGHT,DISPLAY_PATTERN,pattern_id=7,0x158,P1
2026-06-02T17:53:43.340+02:00,1,SCREEN_RIGHT,TOUCH_EVENT,touch=1,0x25D,P2
2026-06-02T17:56:41.008+02:00,3,NOSEPOKE,BEAM_EVENT,beam=1,0x23D,P2
2026-06-02T17:56:41.052+02:00,3,SCREEN_LEFT,DISPLAY_PATTERN,pattern_id=3,0x148,P1
2026-06-02T17:56:41.057+02:00,3,SCREEN_RIGHT,DISPLAY_PATTERN,pattern_id=7,0x158,P1
2026-06-02T17:56:43.622+02:00,3,SCREEN_LEFT,TOUCH_EVENT,touch=1,0x24D,P2
2026-06-02T17:56:43.652+02:00,3,FEEDER,REQUEST_REWARD,,0x129,P1
2026-06-02T17:56:43.937+02:00,3,FEEDER,REWARD_DELIVERED,,0x32D,P3
2026-06-02T17:56:49.502+02:00,3,IR_BARRIER,BARRIER_EVENT,barrier=1,0x27D,P2
2026-06-02T17:57:08.348+02:00,2,NOSEPOKE,BEAM_EVENT,beam=1,0x23D,P2
2026-06-02T17:57:08.400+02:00,2,SCREEN_LEFT,DISPLAY_PATTERN,pattern_id=7,0x148,P1
2026-06-02T17:57:08.405+02:00,2,SCREEN_RIGHT,DISPLAY_PATTERN,pattern_id=3,0x158,P1
2026-06-02T17:57:16.060+02:00,2,SCREEN_LEFT,TOUCH_EVENT,touch=1,0x24D,P2
2026-06-02T17:58:40.128+02:00,4,NOSEPOKE,BEAM_EVENT,beam=1,0x23D,P2
2026-06-02T17:58:40.210+02:00,4,SCREEN_LEFT,DISPLAY_PATTERN,pattern_id=7,0x148,P1
2026-06-02T17:58:40.215+02:00,4,SCREEN_RIGHT,DISPLAY_PATTERN,pattern_id=3,0x158,P1
2026-06-02T17:58:46.700+02:00,4,SCREEN_RIGHT,TOUCH_EVENT,touch=1,0x25D,P2
2026-06-02T17:58:46.730+02:00,4,FEEDER,REQUEST_REWARD,,0x129,P1
2026-06-02T17:58:47.217+02:00,4,FEEDER,REWARD_DELIVERED,,0x32D,P3
2026-06-02T17:58:48.730+02:00,4,IR_BARRIER,BARRIER_EVENT,barrier=1,0x27D,P2
2026-06-02T17:59:29.327+02:00,3,NOSEPOKE,BEAM_EVENT,beam=1,0x23D,P2
2026-06-02T17:59:29.396+02:00,3,SCREEN_LEFT,DISPLAY_PATTERN,pattern_id=3,0x148,P1
2026-06-02T17:59:29.401+02:00,3,SCREEN_RIGHT,DISPLAY_PATTERN,pattern_id=7,0x158,P1
2026-06-02T17:59:33.556+02:00,3,SCREEN_LEFT,TOUCH_EVENT,touch=1,0x24D,P2
2026-06-02T17:59:33.586+02:00,3,FEEDER,REQUEST_REWARD,,0x129,P1
2026-06-02T17:59:34.090+02:00,3,FEEDER,REWARD_DELIVERED,,0x32D,P3
2026-06-02T17:59:34.796+02:00,3,IR_BARRIER,BARRIER_EVENT,barrier=1,0x27D,P2
2026-06-02T18:07:14.540+02:00,1,NOSEPOKE,BEAM_EVENT,beam=1,0x23D,P2
2026-06-02T18:07:14.583+02:00,1,SCREEN_LEFT,DISPLAY_PATTERN,pattern_id=3,0x148,P1
2026-06-02T18:07:14.588+02:00,1,SCREEN_RIGHT,DISPLAY_PATTERN,pattern_id=7,0x158,P1
2026-06-02T18:07:23.703+02:00,1,SCREEN_LEFT,TOUCH_EVENT,touch=1,0x24D,P2
2026-06-02T18:07:23.733+02:00,1,FEEDER,REQUEST_REWARD,,0x129,P1
2026-06-02T18:07:24.147+02:00,1,FEEDER,REWARD_DELIVERED,,0x32D,P3
2026-06-02T18:07:28.493+02:00,1,IR_BARRIER,BARRIER_EVENT,barrier=1,0x27D,P2
2026-06-02T18:09:05.767+02:00,1,NOSEPOKE,BEAM_EVENT,beam=1,0x23D,P2
2026-06-02T18:09:05.828+02:00,1,SCREEN_LEFT,DISPLAY_PATTERN,pattern_id=3,0x148,P1
2026-06-02T18:09:05.833+02:00,1,SCREEN_RIGHT,DISPLAY_PATTERN,pattern_id=7,0x158,P1
2026-06-02T18:09:10.328+02:00,1,SCREEN_LEFT,TOUCH_EVENT,touch=1,0x24D,P2
2026-06-02T18:09:10.358+02:00,1,FEEDER,REQUEST_REWARD,,0x129,P1
2026-06-02T18:09:10.803+02:00,1,FEEDER,REWARD_DELIVERED,,0x32D,P3
2026-06-02T18:09:15.908+02:00,1,IR_BARRIER,BARRIER_EVENT,barrier=1,0x27D,P2
2026-06-02T18:11:30.240+02:00,2,NOSEPOKE,BEAM_EVENT,beam=1,0x23D,P2
2026-06-02T18:11:30.298+02:00,2,SCREEN_LEFT,DISPLAY_PATTERN,pattern_id=7,0x148,P1
2026-06-02T18:11:30.303+02:00,2,SCREEN_RIGHT,DISPLAY_PATTERN,pattern_id=3,0x158,P1
2026-06-02T18:11:34.078+02:00,2,SCREEN_LEFT,TOUCH_EVENT,touch=1,0x24D,P2
2026-06-02T18:12:25.603+02:00,3,NOSEPOKE,BEAM_EVENT,beam=1,0x23D,P2
2026-06-02T18:12:25.678+02:00,3,SCREEN_LEFT,DISPLAY_PATTERN,pattern_id=3,0x148,P1
2026-06-02T18:12:25.683+02:00,3,SCREEN_RIGHT,DISPLAY_PATTERN,pattern_id=7,0x158,P1
2026-06-02T18:12:34.718+02:00,3,SCREEN_RIGHT,TOUCH_EVENT,touch=1,0x25D,P2
2026-06-02T18:12:57.570+02:00,4,NOSEPOKE,BEAM_EVENT,beam=1,0x23D,P2
2026-06-02T18:12:57.645+02:00,4,SCREEN_LEFT,DISPLAY_PATTERN,pattern_id=7,0x148,P1
2026-06-02T18:12:57.650+02:00,4,SCREEN_RIGHT,DISPLAY_PATTERN,pattern_id=3,0x158,P1
2026-06-02T18:13:01.235+02:00,4,SCREEN_LEFT,TOUCH_EVENT,touch=1,0x24D,P2
2026-06-02T18:18:32.469+02:00,1,NOSEPOKE,BEAM_EVENT,beam=1,0x23D,P2
2026-06-02T18:18:32.533+02:00,1,SCREEN_LEFT,DISPLAY_PATTERN,pattern_id=3,0x148,P1
2026-06-02T18:18:32.538+02:00,1,SCREEN_RIGHT,DISPLAY_PATTERN,pattern_id=7,0x158,P1
2026-06-02T18:18:41.883+02:00,1,SCREEN_LEFT,TOUCH_EVENT,touch=1,0x24D,P2
2026-06-02T18:18:41.913+02:00,1,FEEDER,REQUEST_REWARD,,0x129,P1
2026-06-02T18:18:42.561+02:00,1,FEEDER,REWARD_DELIVERED,,0x32D,P3
2026-06-02T18:18:44.873+02:00,1,IR_BARRIER,BARRIER_EVENT,barrier=1,0x27D,P2
2026-06-02T18:23:19.609+02:00,3,NOSEPOKE,BEAM_EVENT,beam=1,0x23D,P2
2026-06-02T18:23:19.655+02:00,3,SCREEN_LEFT,DISPLAY_PATTERN,pattern_id=3,0x148,P1
2026-06-02T18:23:19.660+02:00,3,SCREEN_RIGHT,DISPLAY_PATTERN,pattern_id=7,0x158,P1
2026-06-02T18:23:28.945+02:00,3,SCREEN_RIGHT,TOUCH_EVENT,touch=1,0x25D,P2
2026-06-02T18:25:12.216+02:00,2,NOSEPOKE,BEAM_EVENT,beam=1,0x23D,P2
2026-06-02T18:25:12.275+02:00,2,SCREEN_LEFT,DISPLAY_PATTERN,pattern_id=7,0x148,P1
2026-06-02T18:25:12.280+02:00,2,SCREEN_RIGHT,DISPLAY_PATTERN,pattern_id=3,0x158,P1
2026-06-02T18:25:13.889+02:00,4,NOSEPOKE,BEAM_EVENT,beam=1,0x23D,P2
2026-06-02T18:25:13.976+02:00,4,SCREEN_LEFT,DISPLAY_PATTERN,pattern_id=7,0x148,P1
2026-06-02T18:25:13.981+02:00,4,SCREEN_RIGHT,DISPLAY_PATTERN,pattern_id=3,0x158,P1
2026-06-02T18:25:18.395+02:00,2,SCREEN_RIGHT,TOUCH_EVENT,touch=1,0x25D,P2
2026-06-02T18:25:18.425+02:00,2,FEEDER,REQUEST_REWARD,,0x129,P1
2026-06-02T18:25:19.069+02:00,2,FEEDER,REWARD_DELIVERED,,0x32D,P3
2026-06-02T18:25:19.796+02:00,4,SCREEN_LEFT,TOUCH_EVENT,touch=1,0x24D,P2
2026-06-02T18:25:23.305+02:00,2,IR_BARRIER,BARRIER_EVENT,barrier=1,0x27D,P2
2026-06-02T18:27:47.624+02:00,1,NOSEPOKE,BEAM_EVENT,beam=1,0x23D,P2
2026-06-02T18:27:47.688+02:00,1,SCREEN_LEFT,DISPLAY_PATTERN,pattern_id=3,0x148,P1
2026-06-02T18:27:47.693+02:00,1,SCREEN_RIGHT,DISPLAY_PATTERN,pattern_id=7,0x158,P1
2026-06-02T18:27:51.368+02:00,1,SCREEN_LEFT,TOUCH_EVENT,touch=1,0x24D,P2
2026-06-02T18:27:51.398+02:00,1,FEEDER,REQUEST_REWARD,,0x129,P1
2026-06-02T18:27:51.742+02:00,1,FEEDER,REWARD_DELIVERED,,0x32D,P3
2026-06-02T18:27:52.728+02:00,1,IR_BARRIER,BARRIER_EVENT,barrier=1,0x27D,P2
2026-06-02T18:31:53.966+02:00,2,NOSEPOKE,BEAM_EVENT,beam=1,0x23D,P2
2026-06-02T18:31:54.024+02:00,2,SCREEN_LEFT,DISPLAY_PATTERN,pattern_id=7,0x148,P1
2026-06-02T18:31:54.029+02:00,2,SCREEN_RIGHT,DISPLAY_PATTERN,pattern_id=3,0x158,P1
2026-06-02T18:31:59.244+02:00,2,SCREEN_LEFT,TOUCH_EVENT,touch=1,0x24D,P2
2026-06-02T18:33:20.790+02:00,4,NOSEPOKE,BEAM_EVENT,beam=1,0x23D,P2
2026-06-02T18:33:20.869+02:00,4,SCREEN_LEFT,DISPLAY_PATTERN,pattern_id=7,0x148,P1
2026-06-02T18:33:20.874+02:00,4,SCREEN_RIGHT,DISPLAY_PATTERN,pattern_id=3,0x158,P1
2026-06-02T18:33:22.969+02:00,4,SCREEN_RIGHT,TOUCH_EVENT,touch=1,0x25D,P2
2026-06-02T18:33:22.999+02:00,4,FEEDER,REQUEST_REWARD,,0x129,P1
2026-06-02T18:33:23.476+02:00,4,FEEDER,REWARD_DELIVERED,,0x32D,P3
2026-06-02T18:33:24.689+02:00,4,IR_BARRIER,BARRIER_EVENT,barrier=1,0x27D,P2
2026-06-02T18:34:02.061+02:00,2,NOSEPOKE,BEAM_EVENT,beam=1,0x23D,P2
2026-06-02T18:34:02.119+02:00,2,SCREEN_LEFT,DISPLAY_PATTERN,pattern_id=7,0x148,P1
2026-06-02T18:34:02.124+02:00,2,SCREEN_RIGHT,DISPLAY_PATTERN,pattern_id=3,0x158,P1
2026-06-02T18:34:06.839+02:00,2,SCREEN_RIGHT,TOUCH_EVENT,touch=1,0x25D,P2
2026-06-02T18:34:06.869+02:00,2,FEEDER,REQUEST_REWARD,,0x129,P1
2026-06-02T18:34:07.393+02:00,2,FEEDER,REWARD_DELIVERED,,0x32D,P3
2026-06-02T18:34:12.449+02:00,2,IR_BARRIER,BARRIER_EVENT,barrier=1,0x27D,P2
2026-06-02T18:34:30.112+02:00,4,NOSEPOKE,BEAM_EVENT,beam=1,0x23D,P2
2026-06-02T18:34:30.181+02:00,4,SCREEN_LEFT,DISPLAY_PATTERN,pattern_id=7,0x148,P1
2026-06-02T18:34:30.186+02:00,4,SCREEN_RIGHT,DISPLAY_PATTERN,pattern_id=3,0x158,P1
2026-06-02T18:34:38.211+02:00,4,SCREEN_RIGHT,TOUCH_EVENT,touch=1,0x25D,P2
2026-06-02T18:34:38.241+02:00,4,FEEDER,REQUEST_REWARD,,0x129,P1
2026-06-02T18:34:38.605+02:00,4,FEEDER,REWARD_DELIVERED,,0x32D,P3
2026-06-02T18:34:40.011+02:00,4,IR_BARRIER,BARRIER_EVENT,barrier=1,0x27D,P2
2026-06-02T18:37:22.823+02:00,4,NOSEPOKE,BEAM_EVENT,beam=1,0x23D,P2
2026-06-02T18:37:22.904+02:00,4,SCREEN_LEFT,DISPLAY_PATTERN,pattern_id=7,0x148,P1
2026-06-02T18:37:22.909+02:00,4,SCREEN_RIGHT,DISPLAY_PATTERN,pattern_id=3,0x158,P1
2026-06-02T18:37:23.794+02:00,4,SCREEN_RIGHT,TOUCH_EVENT,touch=1,0x25D,P2
2026-06-02T18:37:23.824+02:00,4,FEEDER,REQUEST_REWARD,,0x129,P1
2026-06-02T18:37:24.486+02:00,4,FEEDER,REWARD_DELIVERED,,0x32D,P3
2026-06-02T18:37:27.364+02:00,4,IR_BARRIER,BARRIER_EVENT,barrier=1,0x27D,P2
2026-06-02T18:38:00.371+02:00,2,NOSEPOKE,BEAM_EVENT,beam=1,0x23D,P2
2026-06-02T18:38:00.417+02:00,2,SCREEN_LEFT,DISPLAY_PATTERN,pattern_id=7,0x148,P1
2026-06-02T18:38:00.422+02:00,2,SCREEN_RIGHT,DISPLAY_PATTERN,pattern_id=3,0x158,P1
2026-06-02T18:38:02.537+02:00,2,SCREEN_RIGHT,TOUCH_EVENT,touch=1,0x25D,P2
2026-06-02T18:38:02.567+02:00,2,FEEDER,REQUEST_REWARD,,0x129,P1
2026-06-02T18:38:03.080+02:00,2,FEEDER,REWARD_DELIVERED,,0x32D,P3
2026-06-02T18:38:07.217+02:00,2,IR_BARRIER,BARRIER_EVENT,barrier=1,0x27D,P2
2026-06-02T18:38:18.334+02:00,3,NOSEPOKE,BEAM_EVENT,beam=1,0x23D,P2
2026-06-02T18:38:18.382+02:00,3,SCREEN_LEFT,DISPLAY_PATTERN,pattern_id=3,0x148,P1
2026-06-02T18:38:18.387+02:00,3,SCREEN_RIGHT,DISPLAY_PATTERN,pattern_id=7,0x158,P1
2026-06-02T18:38:23.962+02:00,3,SCREEN_LEFT,TOUCH_EVENT,touch=1,0x24D,P2
2026-06-02T18:38:23.992+02:00,3,FEEDER,REQUEST_REWARD,,0x129,P1
2026-06-02T18:38:24.442+02:00,3,FEEDER,REWARD_DELIVERED,,0x32D,P3
2026-06-02T18:38:28.822+02:00,3,IR_BARRIER,BARRIER_EVENT,barrier=1,0x27D,P2
2026-06-02T18:42:25.140+02:00,1,NOSEPOKE,BEAM_EVENT,beam=1,0x23D,P2
2026-06-02T18:42:25.194+02:00,1,SCREEN_LEFT,DISPLAY_PATTERN,pattern_id=3,0x148,P1
2026-06-02T18:42:25.199+02:00,1,SCREEN_RIGHT,DISPLAY_PATTERN,pattern_id=7,0x158,P1
2026-06-02T18:42:28.884+02:00,1,SCREEN_LEFT,TOUCH_EVENT,touch=1,0x24D,P2
2026-06-02T18:42:28.914+02:00,1,FEEDER,REQUEST_REWARD,,0x129,P1
2026-06-02T18:42:29.244+02:00,1,FEEDER,REWARD_DELIVERED,,0x32D,P3
2026-06-02T18:42:34.294+02:00,1,IR_BARRIER,BARRIER_EVENT,barrier=1,0x27D,P2
2026-06-02T18:48:14.428+02:00,4,NOSEPOKE,BEAM_EVENT,beam=1,0x23D,P2
2026-06-02T18:48:14.469+02:00,4,SCREEN_LEFT,DISPLAY_PATTERN,pattern_id=7,0x148,P1
2026-06-02T18:48:14.474+02:00,4,SCREEN_RIGHT,DISPLAY_PATTERN,pattern_id=3,0x158,P1
2026-06-02T18:48:20.159+02:00,4,SCREEN_LEFT,TOUCH_EVENT,touch=1,0x24D,P2
2026-06-02T18:49:17.634+02:00,3,NOSEPOKE,BEAM_EVENT,beam=1,0x23D,P2
2026-06-02T18:49:17.721+02:00,3,SCREEN_LEFT,DISPLAY_PATTERN,pattern_id=3,0x148,P1
2026-06-02T18:49:17.726+02:00,3,SCREEN_RIGHT,DISPLAY_PATTERN,pattern_id=7,0x158,P1
2026-06-02T18:49:22.611+02:00,3,SCREEN_LEFT,TOUCH_EVENT,touch=1,0x24D,P2
2026-06-02T18:49:22.641+02:00,3,FEEDER,REQUEST_REWARD,,0x129,P1
2026-06-02T18:49:23.094+02:00,3,FEEDER,REWARD_DELIVERED,,0x32D,P3
2026-06-02T18:49:26.871+02:00,3,IR_BARRIER,BARRIER_EVENT,barrier=1,0x27D,P2
2026-06-02T18:49:47.081+02:00,2,NOSEPOKE,BEAM_EVENT,beam=1,0x23D,P2
2026-06-02T18:49:47.131+02:00,2,SCREEN_LEFT,DISPLAY_PATTERN,pattern_id=7,0x148,P1
2026-06-02T18:49:47.136+02:00,2,SCREEN_RIGHT,DISPLAY_PATTERN,pattern_id=3,0x158,P1
2026-06-02T18:49:52.071+02:00,2,SCREEN_RIGHT,TOUCH_EVENT,touch=1,0x25D,P2
2026-06-02T18:49:52.101+02:00,2,FEEDER,REQUEST_REWARD,,0x129,P1
2026-06-02T18:49:52.762+02:00,2,FEEDER,REWARD_DELIVERED,,0x32D,P3
2026-06-02T18:49:54.971+02:00,2,IR_BARRIER,BARRIER_EVENT,barrier=1,0x27D,P2
2026-06-02T18:51:27.092+02:00,4,NOSEPOKE,BEAM_EVENT,beam=1,0x23D,P2
2026-06-02T18:51:27.159+02:00,4,SCREEN_LEFT,DISPLAY_PATTERN,pattern_id=7,0x148,P1
2026-06-02T18:51:27.164+02:00,4,SCREEN_RIGHT,DISPLAY_PATTERN,pattern_id=3,0x158,P1
2026-06-02T18:51:34.479+02:00,4,SCREEN_RIGHT,TOUCH_EVENT,touch=1,0x25D,P2
2026-06-02T18:51:34.509+02:00,4,FEEDER,REQUEST_REWARD,,0x129,P1
2026-06-02T18:51:34.914+02:00,4,FEEDER,REWARD_DELIVERED,,0x32D,P3
2026-06-02T18:51:39.659+02:00,4,IR_BARRIER,BARRIER_EVENT,barrier=1,0x27D,P2
2026-06-02T18:57:05.796+02:00,1,NOSEPOKE,BEAM_EVENT,beam=1,0x23D,P2
2026-06-02T18:57:05.852+02:00,1,SCREEN_LEFT,DISPLAY_PATTERN,pattern_id=3,0x148,P1
2026-06-02T18:57:05.857+02:00,1,SCREEN_RIGHT,DISPLAY_PATTERN,pattern_id=7,0x158,P1
2026-06-02T18:57:12.612+02:00,1,SCREEN_LEFT,TOUCH_EVENT,touch=1,0x24D,P2
2026-06-02T18:57:12.642+02:00,1,FEEDER,REQUEST_REWARD,,0x129,P1
2026-06-02T18:57:13.123+02:00,1,FEEDER,REWARD_DELIVERED,,0x32D,P3
2026-06-02T18:57:16.832+02:00,1,IR_BARRIER,BARRIER_EVENT,barrier=1,0x27D,P2
2026-06-02T18:59:45.291+02:00,4,NOSEPOKE,BEAM_EVENT,beam=1,0x23D,P2
2026-06-02T18:59:45.340+02:00,4,SCREEN_LEFT,DISPLAY_PATTERN,pattern_id=7,0x148,P1
2026-06-02T18:59:45.345+02:00,4,SCREEN_RIGHT,DISPLAY_PATTERN,pattern_id=3,0x158,P1
2026-06-02T18:59:52.184+02:00,3,NOSEPOKE,BEAM_EVENT,beam=1,0x23D,P2
2026-06-02T18:59:52.273+02:00,3,SCREEN_LEFT,DISPLAY_PATTERN,pattern_id=3,0x148,P1
2026-06-02T18:59:52.278+02:00,3,SCREEN_RIGHT,DISPLAY_PATTERN,pattern_id=7,0x158,P1
2026-06-02T18:59:53.320+02:00,4,SCREEN_RIGHT,TOUCH_EVENT,touch=1,0x25D,P2
2026-06-02T18:59:53.350+02:00,4,FEEDER,REQUEST_REWARD,,0x129,P1
2026-06-02T18:59:54.001+02:00,4,FEEDER,REWARD_DELIVERED,,0x32D,P3
2026-06-02T18:59:56.850+02:00,4,IR_BARRIER,BARRIER_EVENT,barrier=1,0x27D,P2
2026-06-02T19:00:00.000+02:00,1,LIGHTING,SET_DUTY,"white=0,red=15,ir=100",0x168,P1
2026-06-02T19:00:00.000+02:00,2,LIGHTING,SET_DUTY,"white=0,red=15,ir=100",0x168,P1
2026-06-02T19:00:00.000+02:00,3,LIGHTING,SET_DUTY,"white=0,red=15,ir=100",0x168,P1
2026-06-02T19:00:00.000+02:00,4,LIGHTING,SET_DUTY,"white=0,red=15,ir=100",0x168,P1
2026-06-02T19:00:00.012+02:00,1,LIGHTING,SET_DUTY_ACK,"white=0,red=15,ir=100",0x36C,P3
2026-06-02T19:00:00.012+02:00,2,LIGHTING,SET_DUTY_ACK,"white=0,red=15,ir=100",0x36C,P3
2026-06-02T19:00:00.012+02:00,3,LIGHTING,SET_DUTY_ACK,"white=0,red=15,ir=100",0x36C,P3
2026-06-02T19:00:00.012+02:00,4,LIGHTING,SET_DUTY_ACK,"white=0,red=15,ir=100",0x36C,P3
2026-06-02T19:00:00.273+02:00,3,SCREEN_LEFT,TOUCH_EVENT,touch=1,0x24D,P2
2026-06-02T19:00:00.303+02:00,3,FEEDER,REQUEST_REWARD,,0x129,P1
2026-06-02T19:00:00.789+02:00,3,FEEDER,REWARD_DELIVERED,,0x32D,P3
2026-06-02T19:00:03.923+02:00,3,IR_BARRIER,BARRIER_EVENT,barrier=1,0x27D,P2
2026-06-02T19:01:06.147+02:00,2,NOSEPOKE,BEAM_EVENT,beam=1,0x23D,P2
2026-06-02T19:01:06.226+02:00,2,SCREEN_LEFT,DISPLAY_PATTERN,pattern_id=7,0x148,P1
2026-06-02T19:01:06.231+02:00,2,SCREEN_RIGHT,DISPLAY_PATTERN,pattern_id=3,0x158,P1
2026-06-02T19:01:10.726+02:00,2,SCREEN_LEFT,TOUCH_EVENT,touch=1,0x24D,P2
2026-06-02T19:05:07.421+02:00,2,NOSEPOKE,BEAM_EVENT,beam=1,0x23D,P2
2026-06-02T19:05:07.465+02:00,2,SCREEN_LEFT,DISPLAY_PATTERN,pattern_id=7,0x148,P1
2026-06-02T19:05:07.470+02:00,2,SCREEN_RIGHT,DISPLAY_PATTERN,pattern_id=3,0x158,P1
2026-06-02T19:05:08.235+02:00,2,SCREEN_LEFT,TOUCH_EVENT,touch=1,0x24D,P2
2026-06-02T19:07:41.709+02:00,1,NOSEPOKE,BEAM_EVENT,beam=1,0x23D,P2
2026-06-02T19:07:41.764+02:00,1,SCREEN_LEFT,DISPLAY_PATTERN,pattern_id=3,0x148,P1
2026-06-02T19:07:41.769+02:00,1,SCREEN_RIGHT,DISPLAY_PATTERN,pattern_id=7,0x158,P1
2026-06-02T19:07:48.044+02:00,1,SCREEN_RIGHT,TOUCH_EVENT,touch=1,0x25D,P2
2026-06-02T19:10:11.561+02:00,3,NOSEPOKE,BEAM_EVENT,beam=1,0x23D,P2
2026-06-02T19:10:11.630+02:00,3,SCREEN_LEFT,DISPLAY_PATTERN,pattern_id=3,0x148,P1
2026-06-02T19:10:11.635+02:00,3,SCREEN_RIGHT,DISPLAY_PATTERN,pattern_id=7,0x158,P1
2026-06-02T19:10:16.350+02:00,3,SCREEN_LEFT,TOUCH_EVENT,touch=1,0x24D,P2
2026-06-02T19:10:16.380+02:00,3,FEEDER,REQUEST_REWARD,,0x129,P1
2026-06-02T19:10:16.999+02:00,3,FEEDER,REWARD_DELIVERED,,0x32D,P3
2026-06-02T19:10:19.150+02:00,3,IR_BARRIER,BARRIER_EVENT,barrier=1,0x27D,P2
2026-06-02T19:10:30.023+02:00,4,NOSEPOKE,BEAM_EVENT,beam=1,0x23D,P2
2026-06-02T19:10:30.097+02:00,4,SCREEN_LEFT,DISPLAY_PATTERN,pattern_id=7,0x148,P1
2026-06-02T19:10:30.102+02:00,4,SCREEN_RIGHT,DISPLAY_PATTERN,pattern_id=3,0x158,P1
2026-06-02T19:10:32.357+02:00,4,SCREEN_RIGHT,TOUCH_EVENT,touch=1,0x25D,P2
2026-06-02T19:10:32.387+02:00,4,FEEDER,REQUEST_REWARD,,0x129,P1
2026-06-02T19:10:33.054+02:00,4,FEEDER,REWARD_DELIVERED,,0x32D,P3
2026-06-02T19:10:37.707+02:00,4,IR_BARRIER,BARRIER_EVENT,barrier=1,0x27D,P2
2026-06-02T19:12:24.083+02:00,2,NOSEPOKE,BEAM_EVENT,beam=1,0x23D,P2
2026-06-02T19:12:24.162+02:00,2,SCREEN_LEFT,DISPLAY_PATTERN,pattern_id=7,0x148,P1
2026-06-02T19:12:24.167+02:00,2,SCREEN_RIGHT,DISPLAY_PATTERN,pattern_id=3,0x158,P1
2026-06-02T19:12:28.792+02:00,2,SCREEN_RIGHT,TOUCH_EVENT,touch=1,0x25D,P2
2026-06-02T19:12:28.822+02:00,2,FEEDER,REQUEST_REWARD,,0x129,P1
2026-06-02T19:12:29.424+02:00,2,FEEDER,REWARD_DELIVERED,,0x32D,P3
2026-06-02T19:12:34.792+02:00,2,IR_BARRIER,BARRIER_EVENT,barrier=1,0x27D,P2
2026-06-02T19:12:57.097+02:00,3,NOSEPOKE,BEAM_EVENT,beam=1,0x23D,P2
2026-06-02T19:12:57.139+02:00,3,SCREEN_LEFT,DISPLAY_PATTERN,pattern_id=3,0x148,P1
2026-06-02T19:12:57.144+02:00,3,SCREEN_RIGHT,DISPLAY_PATTERN,pattern_id=7,0x158,P1
2026-06-02T19:13:00.209+02:00,3,SCREEN_RIGHT,TOUCH_EVENT,touch=1,0x25D,P2
2026-06-02T19:13:03.650+02:00,4,NOSEPOKE,BEAM_EVENT,beam=1,0x23D,P2
2026-06-02T19:13:03.734+02:00,4,SCREEN_LEFT,DISPLAY_PATTERN,pattern_id=7,0x148,P1
2026-06-02T19:13:03.739+02:00,4,SCREEN_RIGHT,DISPLAY_PATTERN,pattern_id=3,0x158,P1
2026-06-02T19:13:08.774+02:00,4,SCREEN_LEFT,TOUCH_EVENT,touch=1,0x24D,P2
2026-06-02T19:15:12.229+02:00,1,NOSEPOKE,BEAM_EVENT,beam=1,0x23D,P2
2026-06-02T19:15:12.282+02:00,1,SCREEN_LEFT,DISPLAY_PATTERN,pattern_id=3,0x148,P1
2026-06-02T19:15:12.287+02:00,1,SCREEN_RIGHT,DISPLAY_PATTERN,pattern_id=7,0x158,P1
2026-06-02T19:15:13.402+02:00,1,SCREEN_LEFT,TOUCH_EVENT,touch=1,0x24D,P2
2026-06-02T19:15:13.432+02:00,1,FEEDER,REQUEST_REWARD,,0x129,P1
2026-06-02T19:15:14.084+02:00,1,FEEDER,REWARD_DELIVERED,,0x32D,P3
2026-06-02T19:15:15.972+02:00,1,IR_BARRIER,BARRIER_EVENT,barrier=1,0x27D,P2
2026-06-02T19:15:47.370+02:00,4,NOSEPOKE,BEAM_EVENT,beam=1,0x23D,P2
2026-06-02T19:15:47.441+02:00,4,SCREEN_LEFT,DISPLAY_PATTERN,pattern_id=7,0x148,P1
2026-06-02T19:15:47.446+02:00,4,SCREEN_RIGHT,DISPLAY_PATTERN,pattern_id=3,0x158,P1
2026-06-02T19:15:52.421+02:00,4,SCREEN_RIGHT,TOUCH_EVENT,touch=1,0x25D,P2
2026-06-02T19:15:52.451+02:00,4,FEEDER,REQUEST_REWARD,,0x129,P1
2026-06-02T19:15:52.776+02:00,4,FEEDER,REWARD_DELIVERED,,0x32D,P3
2026-06-02T19:15:55.021+02:00,4,IR_BARRIER,BARRIER_EVENT,barrier=1,0x27D,P2
2026-06-02T19:15:58.133+02:00,3,NOSEPOKE,BEAM_EVENT,beam=1,0x23D,P2
2026-06-02T19:15:58.221+02:00,3,SCREEN_LEFT,DISPLAY_PATTERN,pattern_id=3,0x148,P1
2026-06-02T19:15:58.226+02:00,3,SCREEN_RIGHT,DISPLAY_PATTERN,pattern_id=7,0x158,P1
2026-06-02T19:16:01.291+02:00,3,SCREEN_RIGHT,TOUCH_EVENT,touch=1,0x25D,P2
2026-06-02T19:18:03.826+02:00,1,NOSEPOKE,BEAM_EVENT,beam=1,0x23D,P2
2026-06-02T19:18:03.887+02:00,1,SCREEN_LEFT,DISPLAY_PATTERN,pattern_id=3,0x148,P1
2026-06-02T19:18:03.892+02:00,1,SCREEN_RIGHT,DISPLAY_PATTERN,pattern_id=7,0x158,P1
2026-06-02T19:18:10.157+02:00,1,SCREEN_LEFT,TOUCH_EVENT,touch=1,0x24D,P2
2026-06-02T19:18:10.187+02:00,1,FEEDER,REQUEST_REWARD,,0x129,P1
2026-06-02T19:18:10.832+02:00,1,FEEDER,REWARD_DELIVERED,,0x32D,P3
2026-06-02T19:18:15.027+02:00,1,IR_BARRIER,BARRIER_EVENT,barrier=1,0x27D,P2
2026-06-02T19:19:29.888+02:00,4,NOSEPOKE,BEAM_EVENT,beam=1,0x23D,P2
2026-06-02T19:19:29.972+02:00,4,SCREEN_LEFT,DISPLAY_PATTERN,pattern_id=7,0x148,P1
2026-06-02T19:19:29.977+02:00,4,SCREEN_RIGHT,DISPLAY_PATTERN,pattern_id=3,0x158,P1
2026-06-02T19:19:35.712+02:00,4,SCREEN_RIGHT,TOUCH_EVENT,touch=1,0x25D,P2
2026-06-02T19:19:35.742+02:00,4,FEEDER,REQUEST_REWARD,,0x129,P1
2026-06-02T19:19:36.166+02:00,4,FEEDER,REWARD_DELIVERED,,0x32D,P3
2026-06-02T19:19:37.002+02:00,4,IR_BARRIER,BARRIER_EVENT,barrier=1,0x27D,P2
2026-06-02T19:19:43.493+02:00,2,NOSEPOKE,BEAM_EVENT,beam=1,0x23D,P2
2026-06-02T19:19:43.569+02:00,2,SCREEN_LEFT,DISPLAY_PATTERN,pattern_id=7,0x148,P1
2026-06-02T19:19:43.574+02:00,2,SCREEN_RIGHT,DISPLAY_PATTERN,pattern_id=3,0x158,P1
2026-06-02T19:19:48.319+02:00,2,SCREEN_RIGHT,TOUCH_EVENT,touch=1,0x25D,P2
2026-06-02T19:19:48.349+02:00,2,FEEDER,REQUEST_REWARD,,0x129,P1
2026-06-02T19:19:48.666+02:00,2,FEEDER,REWARD_DELIVERED,,0x32D,P3
2026-06-02T19:19:49.349+02:00,2,IR_BARRIER,BARRIER_EVENT,barrier=1,0x27D,P2
2026-06-02T19:20:42.104+02:00,4,NOSEPOKE,BEAM_EVENT,beam=1,0x23D,P2
2026-06-02T19:20:42.151+02:00,4,SCREEN_LEFT,DISPLAY_PATTERN,pattern_id=7,0x148,P1
2026-06-02T19:20:42.156+02:00,4,SCREEN_RIGHT,DISPLAY_PATTERN,pattern_id=3,0x158,P1
2026-06-02T19:20:42.815+02:00,3,NOSEPOKE,BEAM_EVENT,beam=1,0x23D,P2
2026-06-02T19:20:42.895+02:00,3,SCREEN_LEFT,DISPLAY_PATTERN,pattern_id=3,0x148,P1
2026-06-02T19:20:42.900+02:00,3,SCREEN_RIGHT,DISPLAY_PATTERN,pattern_id=7,0x158,P1
2026-06-02T19:20:44.921+02:00,4,SCREEN_LEFT,TOUCH_EVENT,touch=1,0x24D,P2
2026-06-02T19:20:48.995+02:00,3,SCREEN_LEFT,TOUCH_EVENT,touch=1,0x24D,P2
2026-06-02T19:20:49.025+02:00,3,FEEDER,REQUEST_REWARD,,0x129,P1
2026-06-02T19:20:49.547+02:00,3,FEEDER,REWARD_DELIVERED,,0x32D,P3
2026-06-02T19:20:52.105+02:00,3,IR_BARRIER,BARRIER_EVENT,barrier=1,0x27D,P2
2026-06-02T19:23:56.592+02:00,2,NOSEPOKE,BEAM_EVENT,beam=1,0x23D,P2
2026-06-02T19:23:56.671+02:00,2,SCREEN_LEFT,DISPLAY_PATTERN,pattern_id=7,0x148,P1
2026-06-02T19:23:56.676+02:00,2,SCREEN_RIGHT,DISPLAY_PATTERN,pattern_id=3,0x158,P1
2026-06-02T19:23:59.341+02:00,2,SCREEN_RIGHT,TOUCH_EVENT,touch=1,0x25D,P2
2026-06-02T19:23:59.371+02:00,2,FEEDER,REQUEST_REWARD,,0x129,P1
2026-06-02T19:23:59.773+02:00,2,FEEDER,REWARD_DELIVERED,,0x32D,P3
2026-06-02T19:24:03.421+02:00,2,IR_BARRIER,BARRIER_EVENT,barrier=1,0x27D,P2
2026-06-02T19:24:21.749+02:00,1,NOSEPOKE,BEAM_EVENT,beam=1,0x23D,P2
2026-06-02T19:24:21.837+02:00,1,SCREEN_LEFT,DISPLAY_PATTERN,pattern_id=3,0x148,P1
2026-06-02T19:24:21.842+02:00,1,SCREEN_RIGHT,DISPLAY_PATTERN,pattern_id=7,0x158,P1
2026-06-02T19:24:24.027+02:00,1,SCREEN_LEFT,TOUCH_EVENT,touch=1,0x24D,P2
2026-06-02T19:24:24.057+02:00,1,FEEDER,REQUEST_REWARD,,0x129,P1
2026-06-02T19:24:24.358+02:00,1,FEEDER,REWARD_DELIVERED,,0x32D,P3
2026-06-02T19:24:27.097+02:00,1,IR_BARRIER,BARRIER_EVENT,barrier=1,0x27D,P2
2026-06-02T19:25:59.484+02:00,1,NOSEPOKE,BEAM_EVENT,beam=1,0x23D,P2
2026-06-02T19:25:59.563+02:00,1,SCREEN_LEFT,DISPLAY_PATTERN,pattern_id=3,0x148,P1
2026-06-02T19:25:59.568+02:00,1,SCREEN_RIGHT,DISPLAY_PATTERN,pattern_id=7,0x158,P1
2026-06-02T19:26:04.513+02:00,1,SCREEN_LEFT,TOUCH_EVENT,touch=1,0x24D,P2
2026-06-02T19:26:04.543+02:00,1,FEEDER,REQUEST_REWARD,,0x129,P1
2026-06-02T19:26:05.158+02:00,1,FEEDER,REWARD_DELIVERED,,0x32D,P3
2026-06-02T19:26:06.503+02:00,1,IR_BARRIER,BARRIER_EVENT,barrier=1,0x27D,P2
2026-06-02T19:26:09.319+02:00,4,NOSEPOKE,BEAM_EVENT,beam=1,0x23D,P2
2026-06-02T19:26:09.399+02:00,4,SCREEN_LEFT,DISPLAY_PATTERN,pattern_id=7,0x148,P1
2026-06-02T19:26:09.404+02:00,4,SCREEN_RIGHT,DISPLAY_PATTERN,pattern_id=3,0x158,P1
2026-06-02T19:26:11.109+02:00,4,SCREEN_LEFT,TOUCH_EVENT,touch=1,0x24D,P2
2026-06-02T19:26:38.184+02:00,3,NOSEPOKE,BEAM_EVENT,beam=1,0x23D,P2
2026-06-02T19:26:38.232+02:00,3,SCREEN_LEFT,DISPLAY_PATTERN,pattern_id=3,0x148,P1
2026-06-02T19:26:38.237+02:00,3,SCREEN_RIGHT,DISPLAY_PATTERN,pattern_id=7,0x158,P1
2026-06-02T19:26:42.502+02:00,3,SCREEN_LEFT,TOUCH_EVENT,touch=1,0x24D,P2
2026-06-02T19:26:42.532+02:00,3,FEEDER,REQUEST_REWARD,,0x129,P1
2026-06-02T19:26:43.177+02:00,3,FEEDER,REWARD_DELIVERED,,0x32D,P3
2026-06-02T19:26:45.722+02:00,3,IR_BARRIER,BARRIER_EVENT,barrier=1,0x27D,P2
2026-06-02T19:27:00.542+02:00,4,NOSEPOKE,BEAM_EVENT,beam=1,0x23D,P2
2026-06-02T19:27:00.598+02:00,4,SCREEN_LEFT,DISPLAY_PATTERN,pattern_id=7,0x148,P1
2026-06-02T19:27:00.603+02:00,4,SCREEN_RIGHT,DISPLAY_PATTERN,pattern_id=3,0x158,P1
2026-06-02T19:27:04.168+02:00,4,SCREEN_RIGHT,TOUCH_EVENT,touch=1,0x25D,P2
2026-06-02T19:27:04.198+02:00,4,FEEDER,REQUEST_REWARD,,0x129,P1
2026-06-02T19:27:04.851+02:00,4,FEEDER,REWARD_DELIVERED,,0x32D,P3
2026-06-02T19:27:09.168+02:00,4,IR_BARRIER,BARRIER_EVENT,barrier=1,0x27D,P2
2026-06-02T19:30:22.229+02:00,1,NOSEPOKE,BEAM_EVENT,beam=1,0x23D,P2
2026-06-02T19:30:22.296+02:00,1,SCREEN_LEFT,DISPLAY_PATTERN,pattern_id=3,0x148,P1
2026-06-02T19:30:22.301+02:00,1,SCREEN_RIGHT,DISPLAY_PATTERN,pattern_id=7,0x158,P1
2026-06-02T19:30:28.086+02:00,1,SCREEN_LEFT,TOUCH_EVENT,touch=1,0x24D,P2
2026-06-02T19:30:28.116+02:00,1,FEEDER,REQUEST_REWARD,,0x129,P1
2026-06-02T19:30:28.491+02:00,1,FEEDER,REWARD_DELIVERED,,0x32D,P3
2026-06-02T19:30:30.726+02:00,1,IR_BARRIER,BARRIER_EVENT,barrier=1,0x27D,P2
2026-06-02T19:31:08.337+02:00,3,NOSEPOKE,BEAM_EVENT,beam=1,0x23D,P2
2026-06-02T19:31:08.387+02:00,3,SCREEN_LEFT,DISPLAY_PATTERN,pattern_id=3,0x148,P1
2026-06-02T19:31:08.392+02:00,3,SCREEN_RIGHT,DISPLAY_PATTERN,pattern_id=7,0x158,P1
2026-06-02T19:31:09.976+02:00,2,NOSEPOKE,BEAM_EVENT,beam=1,0x23D,P2
2026-06-02T19:31:10.019+02:00,2,SCREEN_LEFT,DISPLAY_PATTERN,pattern_id=7,0x148,P1
2026-06-02T19:31:10.024+02:00,2,SCREEN_RIGHT,DISPLAY_PATTERN,pattern_id=3,0x158,P1
2026-06-02T19:31:12.537+02:00,3,SCREEN_LEFT,TOUCH_EVENT,touch=1,0x24D,P2
2026-06-02T19:31:12.567+02:00,3,FEEDER,REQUEST_REWARD,,0x129,P1
2026-06-02T19:31:13.189+02:00,3,FEEDER,REWARD_DELIVERED,,0x32D,P3
2026-06-02T19:31:14.069+02:00,2,SCREEN_RIGHT,TOUCH_EVENT,touch=1,0x25D,P2
2026-06-02T19:31:14.099+02:00,2,FEEDER,REQUEST_REWARD,,0x129,P1
2026-06-02T19:31:14.528+02:00,2,FEEDER,REWARD_DELIVERED,,0x32D,P3
2026-06-02T19:31:17.627+02:00,3,IR_BARRIER,BARRIER_EVENT,barrier=1,0x27D,P2
2026-06-02T19:31:19.079+02:00,2,IR_BARRIER,BARRIER_EVENT,barrier=1,0x27D,P2
2026-06-02T19:32:39.283+02:00,4,NOSEPOKE,BEAM_EVENT,beam=1,0x23D,P2
2026-06-02T19:32:39.366+02:00,4,SCREEN_LEFT,DISPLAY_PATTERN,pattern_id=7,0x148,P1
2026-06-02T19:32:39.371+02:00,4,SCREEN_RIGHT,DISPLAY_PATTERN,pattern_id=3,0x158,P1
2026-06-02T19:32:41.406+02:00,4,SCREEN_LEFT,TOUCH_EVENT,touch=1,0x24D,P2
2026-06-02T19:33:37.148+02:00,3,NOSEPOKE,BEAM_EVENT,beam=1,0x23D,P2
2026-06-02T19:33:37.216+02:00,3,SCREEN_LEFT,DISPLAY_PATTERN,pattern_id=3,0x148,P1
2026-06-02T19:33:37.221+02:00,3,SCREEN_RIGHT,DISPLAY_PATTERN,pattern_id=7,0x158,P1
2026-06-02T19:33:38.136+02:00,3,SCREEN_LEFT,TOUCH_EVENT,touch=1,0x24D,P2
2026-06-02T19:33:38.166+02:00,3,FEEDER,REQUEST_REWARD,,0x129,P1
2026-06-02T19:33:38.710+02:00,3,FEEDER,REWARD_DELIVERED,,0x32D,P3
2026-06-02T19:33:40.344+02:00,4,NOSEPOKE,BEAM_EVENT,beam=1,0x23D,P2
2026-06-02T19:33:40.404+02:00,4,SCREEN_LEFT,DISPLAY_PATTERN,pattern_id=7,0x148,P1
2026-06-02T19:33:40.409+02:00,4,SCREEN_RIGHT,DISPLAY_PATTERN,pattern_id=3,0x158,P1
2026-06-02T19:33:43.196+02:00,3,IR_BARRIER,BARRIER_EVENT,barrier=1,0x27D,P2
2026-06-02T19:33:44.824+02:00,4,SCREEN_RIGHT,TOUCH_EVENT,touch=1,0x25D,P2
2026-06-02T19:33:44.854+02:00,4,FEEDER,REQUEST_REWARD,,0x129,P1
2026-06-02T19:33:45.273+02:00,4,FEEDER,REWARD_DELIVERED,,0x32D,P3
2026-06-02T19:33:47.424+02:00,4,IR_BARRIER,BARRIER_EVENT,barrier=1,0x27D,P2
2026-06-02T19:36:20.457+02:00,2,NOSEPOKE,BEAM_EVENT,beam=1,0x23D,P2
2026-06-02T19:36:20.530+02:00,2,SCREEN_LEFT,DISPLAY_PATTERN,pattern_id=7,0x148,P1
2026-06-02T19:36:20.535+02:00,2,SCREEN_RIGHT,DISPLAY_PATTERN,pattern_id=3,0x158,P1
2026-06-02T19:36:23.630+02:00,2,SCREEN_RIGHT,TOUCH_EVENT,touch=1,0x25D,P2
2026-06-02T19:36:23.660+02:00,2,FEEDER,REQUEST_REWARD,,0x129,P1
2026-06-02T19:36:24.034+02:00,2,FEEDER,REWARD_DELIVERED,,0x32D,P3
2026-06-02T19:36:24.500+02:00,2,IR_BARRIER,BARRIER_EVENT,barrier=1,0x27D,P2
2026-06-02T19:37:47.003+02:00,3,NOSEPOKE,BEAM_EVENT,beam=1,0x23D,P2
2026-06-02T19:37:47.055+02:00,3,SCREEN_LEFT,DISPLAY_PATTERN,pattern_id=3,0x148,P1
2026-06-02T19:37:47.060+02:00,3,SCREEN_RIGHT,DISPLAY_PATTERN,pattern_id=7,0x158,P1
2026-06-02T19:37:48.389+02:00,1,NOSEPOKE,BEAM_EVENT,beam=1,0x23D,P2
2026-06-02T19:37:48.435+02:00,1,SCREEN_LEFT,DISPLAY_PATTERN,pattern_id=3,0x148,P1
2026-06-02T19:37:48.440+02:00,1,SCREEN_RIGHT,DISPLAY_PATTERN,pattern_id=7,0x158,P1
2026-06-02T19:37:51.975+02:00,3,SCREEN_RIGHT,TOUCH_EVENT,touch=1,0x25D,P2
2026-06-02T19:37:52.155+02:00,1,SCREEN_LEFT,TOUCH_EVENT,touch=1,0x24D,P2
2026-06-02T19:37:52.185+02:00,1,FEEDER,REQUEST_REWARD,,0x129,P1
2026-06-02T19:37:52.574+02:00,1,FEEDER,REWARD_DELIVERED,,0x32D,P3
2026-06-02T19:37:57.925+02:00,1,IR_BARRIER,BARRIER_EVENT,barrier=1,0x27D,P2
2026-06-02T19:39:39.813+02:00,4,NOSEPOKE,BEAM_EVENT,beam=1,0x23D,P2
2026-06-02T19:39:39.900+02:00,4,SCREEN_LEFT,DISPLAY_PATTERN,pattern_id=7,0x148,P1
2026-06-02T19:39:39.905+02:00,4,SCREEN_RIGHT,DISPLAY_PATTERN,pattern_id=3,0x158,P1
2026-06-02T19:39:42.160+02:00,4,SCREEN_RIGHT,TOUCH_EVENT,touch=1,0x25D,P2
2026-06-02T19:39:42.190+02:00,4,FEEDER,REQUEST_REWARD,,0x129,P1
2026-06-02T19:39:42.743+02:00,4,FEEDER,REWARD_DELIVERED,,0x32D,P3
2026-06-02T19:39:47.390+02:00,4,IR_BARRIER,BARRIER_EVENT,barrier=1,0x27D,P2
2026-06-02T19:41:02.932+02:00,1,NOSEPOKE,BEAM_EVENT,beam=1,0x23D,P2
2026-06-02T19:41:03.010+02:00,1,SCREEN_LEFT,DISPLAY_PATTERN,pattern_id=3,0x148,P1
2026-06-02T19:41:03.015+02:00,1,SCREEN_RIGHT,DISPLAY_PATTERN,pattern_id=7,0x158,P1
2026-06-02T19:41:09.460+02:00,1,SCREEN_LEFT,TOUCH_EVENT,touch=1,0x24D,P2
2026-06-02T19:41:09.490+02:00,1,FEEDER,REQUEST_REWARD,,0x129,P1
2026-06-02T19:41:09.837+02:00,1,FEEDER,REWARD_DELIVERED,,0x32D,P3
2026-06-02T19:41:14.750+02:00,1,IR_BARRIER,BARRIER_EVENT,barrier=1,0x27D,P2
2026-06-02T19:42:53.750+02:00,2,NOSEPOKE,BEAM_EVENT,beam=1,0x23D,P2
2026-06-02T19:42:53.804+02:00,2,SCREEN_LEFT,DISPLAY_PATTERN,pattern_id=7,0x148,P1
2026-06-02T19:42:53.809+02:00,2,SCREEN_RIGHT,DISPLAY_PATTERN,pattern_id=3,0x158,P1
2026-06-02T19:42:58.674+02:00,2,SCREEN_RIGHT,TOUCH_EVENT,touch=1,0x25D,P2
2026-06-02T19:42:58.704+02:00,2,FEEDER,REQUEST_REWARD,,0x129,P1
2026-06-02T19:42:59.099+02:00,2,FEEDER,REWARD_DELIVERED,,0x32D,P3
2026-06-02T19:43:00.344+02:00,2,IR_BARRIER,BARRIER_EVENT,barrier=1,0x27D,P2
2026-06-02T19:43:21.053+02:00,1,NOSEPOKE,BEAM_EVENT,beam=1,0x23D,P2
2026-06-02T19:43:21.103+02:00,1,SCREEN_LEFT,DISPLAY_PATTERN,pattern_id=3,0x148,P1
2026-06-02T19:43:21.108+02:00,1,SCREEN_RIGHT,DISPLAY_PATTERN,pattern_id=7,0x158,P1
2026-06-02T19:43:22.713+02:00,1,SCREEN_LEFT,TOUCH_EVENT,touch=1,0x24D,P2
2026-06-02T19:43:22.743+02:00,1,FEEDER,REQUEST_REWARD,,0x129,P1
2026-06-02T19:43:23.235+02:00,1,FEEDER,REWARD_DELIVERED,,0x32D,P3
2026-06-02T19:43:25.783+02:00,1,IR_BARRIER,BARRIER_EVENT,barrier=1,0x27D,P2
2026-06-02T19:44:58.352+02:00,4,NOSEPOKE,BEAM_EVENT,beam=1,0x23D,P2
2026-06-02T19:44:58.434+02:00,4,SCREEN_LEFT,DISPLAY_PATTERN,pattern_id=7,0x148,P1
2026-06-02T19:44:58.439+02:00,4,SCREEN_RIGHT,DISPLAY_PATTERN,pattern_id=3,0x158,P1
2026-06-02T19:45:05.034+02:00,4,SCREEN_RIGHT,TOUCH_EVENT,touch=1,0x25D,P2
2026-06-02T19:45:05.064+02:00,4,FEEDER,REQUEST_REWARD,,0x129,P1
2026-06-02T19:45:05.529+02:00,4,FEEDER,REWARD_DELIVERED,,0x32D,P3
2026-06-02T19:45:06.664+02:00,4,IR_BARRIER,BARRIER_EVENT,barrier=1,0x27D,P2
2026-06-02T19:45:15.470+02:00,3,NOSEPOKE,BEAM_EVENT,beam=1,0x23D,P2
2026-06-02T19:45:15.535+02:00,3,SCREEN_LEFT,DISPLAY_PATTERN,pattern_id=3,0x148,P1
2026-06-02T19:45:15.540+02:00,3,SCREEN_RIGHT,DISPLAY_PATTERN,pattern_id=7,0x158,P1
2026-06-02T19:45:18.085+02:00,3,SCREEN_LEFT,TOUCH_EVENT,touch=1,0x24D,P2
2026-06-02T19:45:18.115+02:00,3,FEEDER,REQUEST_REWARD,,0x129,P1
2026-06-02T19:45:18.712+02:00,3,FEEDER,REWARD_DELIVERED,,0x32D,P3
2026-06-02T19:45:23.605+02:00,3,IR_BARRIER,BARRIER_EVENT,barrier=1,0x27D,P2
2026-06-02T19:46:21.046+02:00,1,NOSEPOKE,BEAM_EVENT,beam=1,0x23D,P2
2026-06-02T19:46:21.112+02:00,1,SCREEN_LEFT,DISPLAY_PATTERN,pattern_id=3,0x148,P1
2026-06-02T19:46:21.117+02:00,1,SCREEN_RIGHT,DISPLAY_PATTERN,pattern_id=7,0x158,P1
2026-06-02T19:46:26.402+02:00,1,SCREEN_LEFT,TOUCH_EVENT,touch=1,0x24D,P2
2026-06-02T19:46:26.432+02:00,1,FEEDER,REQUEST_REWARD,,0x129,P1
2026-06-02T19:46:27.084+02:00,1,FEEDER,REWARD_DELIVERED,,0x32D,P3
2026-06-02T19:46:29.542+02:00,1,IR_BARRIER,BARRIER_EVENT,barrier=1,0x27D,P2
2026-06-02T19:48:20.487+02:00,3,NOSEPOKE,BEAM_EVENT,beam=1,0x23D,P2
2026-06-02T19:48:20.561+02:00,3,SCREEN_LEFT,DISPLAY_PATTERN,pattern_id=3,0x148,P1
2026-06-02T19:48:20.566+02:00,3,SCREEN_RIGHT,DISPLAY_PATTERN,pattern_id=7,0x158,P1
2026-06-02T19:48:21.641+02:00,3,SCREEN_RIGHT,TOUCH_EVENT,touch=1,0x25D,P2
2026-06-02T19:48:27.315+02:00,2,NOSEPOKE,BEAM_EVENT,beam=1,0x23D,P2
2026-06-02T19:48:27.386+02:00,2,SCREEN_LEFT,DISPLAY_PATTERN,pattern_id=7,0x148,P1
2026-06-02T19:48:27.391+02:00,2,SCREEN_RIGHT,DISPLAY_PATTERN,pattern_id=3,0x158,P1
2026-06-02T19:48:31.456+02:00,2,SCREEN_RIGHT,TOUCH_EVENT,touch=1,0x25D,P2
2026-06-02T19:48:31.486+02:00,2,FEEDER,REQUEST_REWARD,,0x129,P1
2026-06-02T19:48:32.131+02:00,2,FEEDER,REWARD_DELIVERED,,0x32D,P3
2026-06-02T19:48:35.706+02:00,2,IR_BARRIER,BARRIER_EVENT,barrier=1,0x27D,P2
2026-06-02T19:49:56.028+02:00,3,NOSEPOKE,BEAM_EVENT,beam=1,0x23D,P2
2026-06-02T19:49:56.069+02:00,3,SCREEN_LEFT,DISPLAY_PATTERN,pattern_id=3,0x148,P1
2026-06-02T19:49:56.074+02:00,3,SCREEN_RIGHT,DISPLAY_PATTERN,pattern_id=7,0x158,P1
2026-06-02T19:50:02.009+02:00,3,SCREEN_LEFT,TOUCH_EVENT,touch=1,0x24D,P2
2026-06-02T19:50:02.039+02:00,3,FEEDER,REQUEST_REWARD,,0x129,P1
2026-06-02T19:50:02.514+02:00,3,FEEDER,REWARD_DELIVERED,,0x32D,P3
2026-06-02T19:50:07.869+02:00,3,IR_BARRIER,BARRIER_EVENT,barrier=1,0x27D,P2
2026-06-02T19:50:55.351+02:00,1,NOSEPOKE,BEAM_EVENT,beam=1,0x23D,P2
2026-06-02T19:50:55.426+02:00,1,SCREEN_LEFT,DISPLAY_PATTERN,pattern_id=3,0x148,P1
2026-06-02T19:50:55.431+02:00,1,SCREEN_RIGHT,DISPLAY_PATTERN,pattern_id=7,0x158,P1
2026-06-02T19:50:56.286+02:00,1,SCREEN_LEFT,TOUCH_EVENT,touch=1,0x24D,P2
2026-06-02T19:50:56.316+02:00,1,FEEDER,REQUEST_REWARD,,0x129,P1
2026-06-02T19:50:56.753+02:00,1,FEEDER,REWARD_DELIVERED,,0x32D,P3
2026-06-02T19:51:00.506+02:00,1,IR_BARRIER,BARRIER_EVENT,barrier=1,0x27D,P2
2026-06-02T19:51:23.219+02:00,3,NOSEPOKE,BEAM_EVENT,beam=1,0x23D,P2
2026-06-02T19:51:23.293+02:00,3,SCREEN_LEFT,DISPLAY_PATTERN,pattern_id=3,0x148,P1
2026-06-02T19:51:23.298+02:00,3,SCREEN_RIGHT,DISPLAY_PATTERN,pattern_id=7,0x158,P1
2026-06-02T19:51:25.783+02:00,3,SCREEN_LEFT,TOUCH_EVENT,touch=1,0x24D,P2
2026-06-02T19:51:25.813+02:00,3,FEEDER,REQUEST_REWARD,,0x129,P1
2026-06-02T19:51:26.150+02:00,3,FEEDER,REWARD_DELIVERED,,0x32D,P3
2026-06-02T19:51:27.363+02:00,3,IR_BARRIER,BARRIER_EVENT,barrier=1,0x27D,P2
2026-06-02T19:52:13.558+02:00,4,NOSEPOKE,BEAM_EVENT,beam=1,0x23D,P2
2026-06-02T19:52:13.628+02:00,4,SCREEN_LEFT,DISPLAY_PATTERN,pattern_id=7,0x148,P1
2026-06-02T19:52:13.633+02:00,4,SCREEN_RIGHT,DISPLAY_PATTERN,pattern_id=3,0x158,P1
2026-06-02T19:52:15.998+02:00,4,SCREEN_RIGHT,TOUCH_EVENT,touch=1,0x25D,P2
2026-06-02T19:52:16.028+02:00,4,FEEDER,REQUEST_REWARD,,0x129,P1
2026-06-02T19:52:16.516+02:00,4,FEEDER,REWARD_DELIVERED,,0x32D,P3
2026-06-02T19:52:19.938+02:00,4,IR_BARRIER,BARRIER_EVENT,barrier=1,0x27D,P2
2026-06-02T19:53:05.355+02:00,3,NOSEPOKE,BEAM_EVENT,beam=1,0x23D,P2
2026-06-02T19:53:05.440+02:00,3,SCREEN_LEFT,DISPLAY_PATTERN,pattern_id=3,0x148,P1
2026-06-02T19:53:05.445+02:00,3,SCREEN_RIGHT,DISPLAY_PATTERN,pattern_id=7,0x158,P1
2026-06-02T19:53:06.900+02:00,3,SCREEN_LEFT,TOUCH_EVENT,touch=1,0x24D,P2
2026-06-02T19:53:06.930+02:00,3,FEEDER,REQUEST_REWARD,,0x129,P1
2026-06-02T19:53:07.596+02:00,3,FEEDER,REWARD_DELIVERED,,0x32D,P3
2026-06-02T19:53:11.970+02:00,3,IR_BARRIER,BARRIER_EVENT,barrier=1,0x27D,P2
2026-06-02T19:54:26.676+02:00,2,NOSEPOKE,BEAM_EVENT,beam=1,0x23D,P2
2026-06-02T19:54:26.748+02:00,2,SCREEN_LEFT,DISPLAY_PATTERN,pattern_id=7,0x148,P1
2026-06-02T19:54:26.753+02:00,2,SCREEN_RIGHT,DISPLAY_PATTERN,pattern_id=3,0x158,P1
2026-06-02T19:54:32.258+02:00,2,SCREEN_RIGHT,TOUCH_EVENT,touch=1,0x25D,P2
2026-06-02T19:54:32.288+02:00,2,FEEDER,REQUEST_REWARD,,0x129,P1
2026-06-02T19:54:32.911+02:00,2,FEEDER,REWARD_DELIVERED,,0x32D,P3
2026-06-02T19:54:36.358+02:00,2,IR_BARRIER,BARRIER_EVENT,barrier=1,0x27D,P2
2026-06-02T19:55:54.331+02:00,2,NOSEPOKE,BEAM_EVENT,beam=1,0x23D,P2
2026-06-02T19:55:54.379+02:00,2,SCREEN_LEFT,DISPLAY_PATTERN,pattern_id=7,0x148,P1
2026-06-02T19:55:54.384+02:00,2,SCREEN_RIGHT,DISPLAY_PATTERN,pattern_id=3,0x158,P1
2026-06-02T19:55:54.927+02:00,1,NOSEPOKE,BEAM_EVENT,beam=1,0x23D,P2
2026-06-02T19:55:54.994+02:00,1,SCREEN_LEFT,DISPLAY_PATTERN,pattern_id=3,0x148,P1
2026-06-02T19:55:54.999+02:00,1,SCREEN_RIGHT,DISPLAY_PATTERN,pattern_id=7,0x158,P1
2026-06-02T19:55:57.134+02:00,1,SCREEN_LEFT,TOUCH_EVENT,touch=1,0x24D,P2
2026-06-02T19:55:57.164+02:00,1,FEEDER,REQUEST_REWARD,,0x129,P1
2026-06-02T19:55:57.473+02:00,1,FEEDER,REWARD_DELIVERED,,0x32D,P3
2026-06-02T19:56:00.599+02:00,2,SCREEN_RIGHT,TOUCH_EVENT,touch=1,0x25D,P2
2026-06-02T19:56:00.629+02:00,2,FEEDER,REQUEST_REWARD,,0x129,P1
2026-06-02T19:56:01.220+02:00,2,FEEDER,REWARD_DELIVERED,,0x32D,P3
2026-06-02T19:56:01.424+02:00,1,IR_BARRIER,BARRIER_EVENT,barrier=1,0x27D,P2
2026-06-02T19:56:04.329+02:00,2,IR_BARRIER,BARRIER_EVENT,barrier=1,0x27D,P2
2026-06-02T19:58:45.193+02:00,1,NOSEPOKE,BEAM_EVENT,beam=1,0x23D,P2
2026-06-02T19:58:45.274+02:00,1,SCREEN_LEFT,DISPLAY_PATTERN,pattern_id=3,0x148,P1
2026-06-02T19:58:45.279+02:00,1,SCREEN_RIGHT,DISPLAY_PATTERN,pattern_id=7,0x158,P1
2026-06-02T19:58:47.234+02:00,1,SCREEN_LEFT,TOUCH_EVENT,touch=1,0x24D,P2
2026-06-02T19:58:47.264+02:00,1,FEEDER,REQUEST_REWARD,,0x129,P1
2026-06-02T19:58:47.868+02:00,1,FEEDER,REWARD_DELIVERED,,0x32D,P3
2026-06-02T19:58:50.474+02:00,1,IR_BARRIER,BARRIER_EVENT,barrier=1,0x27D,P2
2026-06-02T19:59:40.899+02:00,1,NOSEPOKE,BEAM_EVENT,beam=1,0x23D,P2
2026-06-02T19:59:40.979+02:00,1,SCREEN_LEFT,DISPLAY_PATTERN,pattern_id=3,0x148,P1
2026-06-02T19:59:40.984+02:00,1,SCREEN_RIGHT,DISPLAY_PATTERN,pattern_id=7,0x158,P1
2026-06-02T19:59:41.989+02:00,1,SCREEN_RIGHT,TOUCH_EVENT,touch=1,0x25D,P2
2026-06-02T19:59:45.442+02:00,4,NOSEPOKE,BEAM_EVENT,beam=1,0x23D,P2
2026-06-02T19:59:45.505+02:00,4,SCREEN_LEFT,DISPLAY_PATTERN,pattern_id=7,0x148,P1
2026-06-02T19:59:45.510+02:00,4,SCREEN_RIGHT,DISPLAY_PATTERN,pattern_id=3,0x158,P1
2026-06-02T19:59:51.475+02:00,4,SCREEN_RIGHT,TOUCH_EVENT,touch=1,0x25D,P2
2026-06-02T19:59:51.505+02:00,4,FEEDER,REQUEST_REWARD,,0x129,P1
2026-06-02T19:59:52.074+02:00,4,FEEDER,REWARD_DELIVERED,,0x32D,P3
2026-06-02T19:59:53.915+02:00,4,IR_BARRIER,BARRIER_EVENT,barrier=1,0x27D,P2
2026-06-02T20:00:01.763+02:00,3,NOSEPOKE,BEAM_EVENT,beam=1,0x23D,P2
2026-06-02T20:00:01.808+02:00,3,SCREEN_LEFT,DISPLAY_PATTERN,pattern_id=3,0x148,P1
2026-06-02T20:00:01.813+02:00,3,SCREEN_RIGHT,DISPLAY_PATTERN,pattern_id=7,0x158,P1
2026-06-02T20:00:06.878+02:00,3,SCREEN_LEFT,TOUCH_EVENT,touch=1,0x24D,P2
2026-06-02T20:00:06.908+02:00,3,FEEDER,REQUEST_REWARD,,0x129,P1
2026-06-02T20:00:07.529+02:00,3,FEEDER,REWARD_DELIVERED,,0x32D,P3
2026-06-02T20:00:09.648+02:00,3,IR_BARRIER,BARRIER_EVENT,barrier=1,0x27D,P2
2026-06-02T20:00:25.782+02:00,2,NOSEPOKE,BEAM_EVENT,beam=1,0x23D,P2
2026-06-02T20:00:25.824+02:00,2,SCREEN_LEFT,DISPLAY_PATTERN,pattern_id=7,0x148,P1
2026-06-02T20:00:25.829+02:00,2,SCREEN_RIGHT,DISPLAY_PATTERN,pattern_id=3,0x158,P1
2026-06-02T20:00:27.624+02:00,2,SCREEN_RIGHT,TOUCH_EVENT,touch=1,0x25D,P2
2026-06-02T20:00:27.654+02:00,2,FEEDER,REQUEST_REWARD,,0x129,P1
2026-06-02T20:00:28.163+02:00,2,FEEDER,REWARD_DELIVERED,,0x32D,P3
2026-06-02T20:00:32.834+02:00,2,IR_BARRIER,BARRIER_EVENT,barrier=1,0x27D,P2
2026-06-02T20:01:03.077+02:00,4,NOSEPOKE,BEAM_EVENT,beam=1,0x23D,P2
2026-06-02T20:01:03.128+02:00,4,SCREEN_LEFT,DISPLAY_PATTERN,pattern_id=7,0x148,P1
2026-06-02T20:01:03.133+02:00,4,SCREEN_RIGHT,DISPLAY_PATTERN,pattern_id=3,0x158,P1
2026-06-02T20:01:04.608+02:00,4,SCREEN_RIGHT,TOUCH_EVENT,touch=1,0x25D,P2
2026-06-02T20:01:04.638+02:00,4,FEEDER,REQUEST_REWARD,,0x129,P1
2026-06-02T20:01:05.047+02:00,4,FEEDER,REWARD_DELIVERED,,0x32D,P3
2026-06-02T20:01:08.518+02:00,4,IR_BARRIER,BARRIER_EVENT,barrier=1,0x27D,P2
2026-06-02T20:02:14.450+02:00,1,NOSEPOKE,BEAM_EVENT,beam=1,0x23D,P2
2026-06-02T20:02:14.491+02:00,1,SCREEN_LEFT,DISPLAY_PATTERN,pattern_id=3,0x148,P1
2026-06-02T20:02:14.496+02:00,1,SCREEN_RIGHT,DISPLAY_PATTERN,pattern_id=7,0x158,P1
2026-06-02T20:02:19.111+02:00,1,SCREEN_LEFT,TOUCH_EVENT,touch=1,0x24D,P2
2026-06-02T20:02:19.141+02:00,1,FEEDER,REQUEST_REWARD,,0x129,P1
2026-06-02T20:02:19.762+02:00,1,FEEDER,REWARD_DELIVERED,,0x32D,P3
2026-06-02T20:02:24.451+02:00,1,IR_BARRIER,BARRIER_EVENT,barrier=1,0x27D,P2
2026-06-02T20:05:09.040+02:00,4,NOSEPOKE,BEAM_EVENT,beam=1,0x23D,P2
2026-06-02T20:05:09.086+02:00,4,SCREEN_LEFT,DISPLAY_PATTERN,pattern_id=7,0x148,P1
2026-06-02T20:05:09.091+02:00,4,SCREEN_RIGHT,DISPLAY_PATTERN,pattern_id=3,0x158,P1
2026-06-02T20:05:15.156+02:00,4,SCREEN_RIGHT,TOUCH_EVENT,touch=1,0x25D,P2
2026-06-02T20:05:15.186+02:00,4,FEEDER,REQUEST_REWARD,,0x129,P1
2026-06-02T20:05:15.496+02:00,4,FEEDER,REWARD_DELIVERED,,0x32D,P3
2026-06-02T20:05:19.706+02:00,4,IR_BARRIER,BARRIER_EVENT,barrier=1,0x27D,P2
2026-06-02T20:05:57.496+02:00,3,NOSEPOKE,BEAM_EVENT,beam=1,0x23D,P2
2026-06-02T20:05:57.574+02:00,3,SCREEN_LEFT,DISPLAY_PATTERN,pattern_id=3,0x148,P1
2026-06-02T20:05:57.579+02:00,3,SCREEN_RIGHT,DISPLAY_PATTERN,pattern_id=7,0x158,P1
2026-06-02T20:05:58.904+02:00,3,SCREEN_LEFT,TOUCH_EVENT,touch=1,0x24D,P2
2026-06-02T20:05:58.934+02:00,3,FEEDER,REQUEST_REWARD,,0x129,P1
2026-06-02T20:05:59.315+02:00,3,FEEDER,REWARD_DELIVERED,,0x32D,P3
2026-06-02T20:06:03.644+02:00,3,IR_BARRIER,BARRIER_EVENT,barrier=1,0x27D,P2
2026-06-02T20:06:14.255+02:00,2,NOSEPOKE,BEAM_EVENT,beam=1,0x23D,P2
2026-06-02T20:06:14.344+02:00,2,SCREEN_LEFT,DISPLAY_PATTERN,pattern_id=7,0x148,P1
2026-06-02T20:06:14.349+02:00,2,SCREEN_RIGHT,DISPLAY_PATTERN,pattern_id=3,0x158,P1
2026-06-02T20:06:18.854+02:00,2,SCREEN_RIGHT,TOUCH_EVENT,touch=1,0x25D,P2
2026-06-02T20:06:18.884+02:00,2,FEEDER,REQUEST_REWARD,,0x129,P1
2026-06-02T20:06:19.168+02:00,2,FEEDER,REWARD_DELIVERED,,0x32D,P3
2026-06-02T20:06:21.164+02:00,2,IR_BARRIER,BARRIER_EVENT,barrier=1,0x27D,P2
2026-06-02T20:07:49.953+02:00,1,NOSEPOKE,BEAM_EVENT,beam=1,0x23D,P2
2026-06-02T20:07:50.027+02:00,1,SCREEN_LEFT,DISPLAY_PATTERN,pattern_id=3,0x148,P1
2026-06-02T20:07:50.032+02:00,1,SCREEN_RIGHT,DISPLAY_PATTERN,pattern_id=7,0x158,P1
2026-06-02T20:07:55.827+02:00,1,SCREEN_LEFT,TOUCH_EVENT,touch=1,0x24D,P2
2026-06-02T20:07:55.857+02:00,1,FEEDER,REQUEST_REWARD,,0x129,P1
2026-06-02T20:07:56.227+02:00,1,FEEDER,REWARD_DELIVERED,,0x32D,P3
2026-06-02T20:08:01.027+02:00,1,IR_BARRIER,BARRIER_EVENT,barrier=1,0x27D,P2
2026-06-02T20:08:44.952+02:00,3,NOSEPOKE,BEAM_EVENT,beam=1,0x23D,P2
2026-06-02T20:08:45.007+02:00,3,SCREEN_LEFT,DISPLAY_PATTERN,pattern_id=3,0x148,P1
2026-06-02T20:08:45.012+02:00,3,SCREEN_RIGHT,DISPLAY_PATTERN,pattern_id=7,0x158,P1
2026-06-02T20:08:46.807+02:00,3,SCREEN_LEFT,TOUCH_EVENT,touch=1,0x24D,P2
2026-06-02T20:08:46.837+02:00,3,FEEDER,REQUEST_REWARD,,0x129,P1
2026-06-02T20:08:47.303+02:00,3,FEEDER,REWARD_DELIVERED,,0x32D,P3
2026-06-02T20:08:49.607+02:00,3,IR_BARRIER,BARRIER_EVENT,barrier=1,0x27D,P2
2026-06-02T20:09:07.874+02:00,2,NOSEPOKE,BEAM_EVENT,beam=1,0x23D,P2
2026-06-02T20:09:07.926+02:00,2,SCREEN_LEFT,DISPLAY_PATTERN,pattern_id=7,0x148,P1
2026-06-02T20:09:07.931+02:00,2,SCREEN_RIGHT,DISPLAY_PATTERN,pattern_id=3,0x158,P1
2026-06-02T20:09:11.496+02:00,2,SCREEN_RIGHT,TOUCH_EVENT,touch=1,0x25D,P2
2026-06-02T20:09:11.526+02:00,2,FEEDER,REQUEST_REWARD,,0x129,P1
2026-06-02T20:09:12.140+02:00,2,FEEDER,REWARD_DELIVERED,,0x32D,P3
2026-06-02T20:09:14.246+02:00,2,IR_BARRIER,BARRIER_EVENT,barrier=1,0x27D,P2
2026-06-02T20:10:54.963+02:00,1,NOSEPOKE,BEAM_EVENT,beam=1,0x23D,P2
2026-06-02T20:10:55.010+02:00,1,SCREEN_LEFT,DISPLAY_PATTERN,pattern_id=3,0x148,P1
2026-06-02T20:10:55.015+02:00,1,SCREEN_RIGHT,DISPLAY_PATTERN,pattern_id=7,0x158,P1
2026-06-02T20:11:00.830+02:00,1,SCREEN_LEFT,TOUCH_EVENT,touch=1,0x24D,P2
2026-06-02T20:11:00.860+02:00,1,FEEDER,REQUEST_REWARD,,0x129,P1
2026-06-02T20:11:01.444+02:00,1,FEEDER,REWARD_DELIVERED,,0x32D,P3
2026-06-02T20:11:04.100+02:00,1,IR_BARRIER,BARRIER_EVENT,barrier=1,0x27D,P2
2026-06-02T20:11:55.835+02:00,2,NOSEPOKE,BEAM_EVENT,beam=1,0x23D,P2
2026-06-02T20:11:55.910+02:00,2,SCREEN_LEFT,DISPLAY_PATTERN,pattern_id=7,0x148,P1
2026-06-02T20:11:55.915+02:00,2,SCREEN_RIGHT,DISPLAY_PATTERN,pattern_id=3,0x158,P1
2026-06-02T20:12:01.720+02:00,2,SCREEN_RIGHT,TOUCH_EVENT,touch=1,0x25D,P2
2026-06-02T20:12:01.750+02:00,2,FEEDER,REQUEST_REWARD,,0x129,P1
2026-06-02T20:12:02.160+02:00,2,FEEDER,REWARD_DELIVERED,,0x32D,P3
2026-06-02T20:12:04.910+02:00,2,IR_BARRIER,BARRIER_EVENT,barrier=1,0x27D,P2
2026-06-02T20:12:36.936+02:00,4,NOSEPOKE,BEAM_EVENT,beam=1,0x23D,P2
2026-06-02T20:12:36.976+02:00,4,SCREEN_LEFT,DISPLAY_PATTERN,pattern_id=7,0x148,P1
2026-06-02T20:12:36.981+02:00,4,SCREEN_RIGHT,DISPLAY_PATTERN,pattern_id=3,0x158,P1
2026-06-02T20:12:41.226+02:00,4,SCREEN_LEFT,TOUCH_EVENT,touch=1,0x24D,P2
2026-06-02T20:14:12.614+02:00,1,NOSEPOKE,BEAM_EVENT,beam=1,0x23D,P2
2026-06-02T20:14:12.676+02:00,1,SCREEN_LEFT,DISPLAY_PATTERN,pattern_id=3,0x148,P1
2026-06-02T20:14:12.681+02:00,1,SCREEN_RIGHT,DISPLAY_PATTERN,pattern_id=7,0x158,P1
2026-06-02T20:14:13.486+02:00,1,SCREEN_LEFT,TOUCH_EVENT,touch=1,0x24D,P2
2026-06-02T20:14:13.516+02:00,1,FEEDER,REQUEST_REWARD,,0x129,P1
2026-06-02T20:14:13.846+02:00,1,FEEDER,REWARD_DELIVERED,,0x32D,P3
2026-06-02T20:14:17.566+02:00,1,IR_BARRIER,BARRIER_EVENT,barrier=1,0x27D,P2
2026-06-02T20:15:13.742+02:00,3,NOSEPOKE,BEAM_EVENT,beam=1,0x23D,P2
2026-06-02T20:15:13.822+02:00,3,SCREEN_LEFT,DISPLAY_PATTERN,pattern_id=3,0x148,P1
2026-06-02T20:15:13.827+02:00,3,SCREEN_RIGHT,DISPLAY_PATTERN,pattern_id=7,0x158,P1
2026-06-02T20:15:18.502+02:00,3,SCREEN_LEFT,TOUCH_EVENT,touch=1,0x24D,P2
2026-06-02T20:15:18.532+02:00,3,FEEDER,REQUEST_REWARD,,0x129,P1
2026-06-02T20:15:18.915+02:00,3,FEEDER,REWARD_DELIVERED,,0x32D,P3
2026-06-02T20:15:20.362+02:00,3,IR_BARRIER,BARRIER_EVENT,barrier=1,0x27D,P2
2026-06-02T20:16:32.553+02:00,2,NOSEPOKE,BEAM_EVENT,beam=1,0x23D,P2
2026-06-02T20:16:32.613+02:00,2,SCREEN_LEFT,DISPLAY_PATTERN,pattern_id=7,0x148,P1
2026-06-02T20:16:32.618+02:00,2,SCREEN_RIGHT,DISPLAY_PATTERN,pattern_id=3,0x158,P1
2026-06-02T20:16:35.883+02:00,2,SCREEN_RIGHT,TOUCH_EVENT,touch=1,0x25D,P2
2026-06-02T20:16:35.913+02:00,2,FEEDER,REQUEST_REWARD,,0x129,P1
2026-06-02T20:16:36.357+02:00,2,FEEDER,REWARD_DELIVERED,,0x32D,P3
2026-06-02T20:16:41.143+02:00,2,IR_BARRIER,BARRIER_EVENT,barrier=1,0x27D,P2
2026-06-02T20:18:15.680+02:00,2,NOSEPOKE,BEAM_EVENT,beam=1,0x23D,P2
2026-06-02T20:18:15.728+02:00,2,SCREEN_LEFT,DISPLAY_PATTERN,pattern_id=7,0x148,P1
2026-06-02T20:18:15.733+02:00,2,SCREEN_RIGHT,DISPLAY_PATTERN,pattern_id=3,0x158,P1
2026-06-02T20:18:19.008+02:00,2,SCREEN_RIGHT,TOUCH_EVENT,touch=1,0x25D,P2
2026-06-02T20:18:19.038+02:00,2,FEEDER,REQUEST_REWARD,,0x129,P1
2026-06-02T20:18:19.641+02:00,2,FEEDER,REWARD_DELIVERED,,0x32D,P3
2026-06-02T20:18:21.328+02:00,2,IR_BARRIER,BARRIER_EVENT,barrier=1,0x27D,P2
2026-06-02T20:19:14.113+02:00,4,NOSEPOKE,BEAM_EVENT,beam=1,0x23D,P2
2026-06-02T20:19:14.188+02:00,4,SCREEN_LEFT,DISPLAY_PATTERN,pattern_id=7,0x148,P1
2026-06-02T20:19:14.193+02:00,4,SCREEN_RIGHT,DISPLAY_PATTERN,pattern_id=3,0x158,P1
2026-06-02T20:19:17.062+02:00,3,NOSEPOKE,BEAM_EVENT,beam=1,0x23D,P2
2026-06-02T20:19:17.131+02:00,3,SCREEN_LEFT,DISPLAY_PATTERN,pattern_id=3,0x148,P1
2026-06-02T20:19:17.136+02:00,3,SCREEN_RIGHT,DISPLAY_PATTERN,pattern_id=7,0x158,P1
2026-06-02T20:19:18.691+02:00,3,SCREEN_RIGHT,TOUCH_EVENT,touch=1,0x25D,P2
2026-06-02T20:19:19.818+02:00,4,SCREEN_RIGHT,TOUCH_EVENT,touch=1,0x25D,P2
2026-06-02T20:19:19.848+02:00,4,FEEDER,REQUEST_REWARD,,0x129,P1
2026-06-02T20:19:20.184+02:00,4,FEEDER,REWARD_DELIVERED,,0x32D,P3
2026-06-02T20:19:24.668+02:00,4,IR_BARRIER,BARRIER_EVENT,barrier=1,0x27D,P2
2026-06-02T20:19:37.253+02:00,2,NOSEPOKE,BEAM_EVENT,beam=1,0x23D,P2
2026-06-02T20:19:37.308+02:00,2,SCREEN_LEFT,DISPLAY_PATTERN,pattern_id=7,0x148,P1
2026-06-02T20:19:37.313+02:00,2,SCREEN_RIGHT,DISPLAY_PATTERN,pattern_id=3,0x158,P1
2026-06-02T20:19:40.008+02:00,2,SCREEN_RIGHT,TOUCH_EVENT,touch=1,0x25D,P2
2026-06-02T20:19:40.038+02:00,2,FEEDER,REQUEST_REWARD,,0x129,P1
2026-06-02T20:19:40.500+02:00,2,FEEDER,REWARD_DELIVERED,,0x32D,P3
2026-06-02T20:19:43.658+02:00,2,IR_BARRIER,BARRIER_EVENT,barrier=1,0x27D,P2
2026-06-02T20:20:08.319+02:00,3,NOSEPOKE,BEAM_EVENT,beam=1,0x23D,P2
2026-06-02T20:20:08.371+02:00,3,SCREEN_LEFT,DISPLAY_PATTERN,pattern_id=3,0x148,P1
2026-06-02T20:20:08.376+02:00,3,SCREEN_RIGHT,DISPLAY_PATTERN,pattern_id=7,0x158,P1
2026-06-02T20:20:11.221+02:00,3,SCREEN_LEFT,TOUCH_EVENT,touch=1,0x24D,P2
2026-06-02T20:20:11.251+02:00,3,FEEDER,REQUEST_REWARD,,0x129,P1
2026-06-02T20:20:11.673+02:00,3,FEEDER,REWARD_DELIVERED,,0x32D,P3
2026-06-02T20:20:14.711+02:00,3,IR_BARRIER,BARRIER_EVENT,barrier=1,0x27D,P2
2026-06-02T20:20:19.143+02:00,1,NOSEPOKE,BEAM_EVENT,beam=1,0x23D,P2
2026-06-02T20:20:19.214+02:00,1,SCREEN_LEFT,DISPLAY_PATTERN,pattern_id=3,0x148,P1
2026-06-02T20:20:19.219+02:00,1,SCREEN_RIGHT,DISPLAY_PATTERN,pattern_id=7,0x158,P1
2026-06-02T20:20:22.354+02:00,1,SCREEN_LEFT,TOUCH_EVENT,touch=1,0x24D,P2
2026-06-02T20:20:22.384+02:00,1,FEEDER,REQUEST_REWARD,,0x129,P1
2026-06-02T20:20:22.981+02:00,1,FEEDER,REWARD_DELIVERED,,0x32D,P3
2026-06-02T20:20:23.884+02:00,1,IR_BARRIER,BARRIER_EVENT,barrier=1,0x27D,P2
2026-06-02T20:25:00.607+02:00,4,NOSEPOKE,BEAM_EVENT,beam=1,0x23D,P2
2026-06-02T20:25:00.660+02:00,4,SCREEN_LEFT,DISPLAY_PATTERN,pattern_id=7,0x148,P1
2026-06-02T20:25:00.665+02:00,4,SCREEN_RIGHT,DISPLAY_PATTERN,pattern_id=3,0x158,P1
2026-06-02T20:25:05.870+02:00,4,SCREEN_RIGHT,TOUCH_EVENT,touch=1,0x25D,P2
2026-06-02T20:25:05.900+02:00,4,FEEDER,REQUEST_REWARD,,0x129,P1
2026-06-02T20:25:06.227+02:00,4,FEEDER,REWARD_DELIVERED,,0x32D,P3
2026-06-02T20:25:11.480+02:00,4,IR_BARRIER,BARRIER_EVENT,barrier=1,0x27D,P2
2026-06-02T20:26:20.616+02:00,2,NOSEPOKE,BEAM_EVENT,beam=1,0x23D,P2
2026-06-02T20:26:20.667+02:00,2,SCREEN_LEFT,DISPLAY_PATTERN,pattern_id=7,0x148,P1
2026-06-02T20:26:20.672+02:00,2,SCREEN_RIGHT,DISPLAY_PATTERN,pattern_id=3,0x158,P1
2026-06-02T20:26:21.597+02:00,2,SCREEN_LEFT,TOUCH_EVENT,touch=1,0x24D,P2
2026-06-02T20:26:41.752+02:00,3,NOSEPOKE,BEAM_EVENT,beam=1,0x23D,P2
2026-06-02T20:26:41.840+02:00,3,SCREEN_LEFT,DISPLAY_PATTERN,pattern_id=3,0x148,P1
2026-06-02T20:26:41.845+02:00,3,SCREEN_RIGHT,DISPLAY_PATTERN,pattern_id=7,0x158,P1
2026-06-02T20:26:43.420+02:00,3,SCREEN_LEFT,TOUCH_EVENT,touch=1,0x24D,P2
2026-06-02T20:26:43.450+02:00,3,FEEDER,REQUEST_REWARD,,0x129,P1
2026-06-02T20:26:44.099+02:00,3,FEEDER,REWARD_DELIVERED,,0x32D,P3
2026-06-02T20:26:49.060+02:00,3,IR_BARRIER,BARRIER_EVENT,barrier=1,0x27D,P2
2026-06-02T20:27:43.071+02:00,1,NOSEPOKE,BEAM_EVENT,beam=1,0x23D,P2
2026-06-02T20:27:43.133+02:00,1,SCREEN_LEFT,DISPLAY_PATTERN,pattern_id=3,0x148,P1
2026-06-02T20:27:43.138+02:00,1,SCREEN_RIGHT,DISPLAY_PATTERN,pattern_id=7,0x158,P1
2026-06-02T20:27:44.173+02:00,1,SCREEN_LEFT,TOUCH_EVENT,touch=1,0x24D,P2
2026-06-02T20:27:44.203+02:00,1,FEEDER,REQUEST_REWARD,,0x129,P1
2026-06-02T20:27:44.672+02:00,1,FEEDER,REWARD_DELIVERED,,0x32D,P3
2026-06-02T20:27:46.733+02:00,1,IR_BARRIER,BARRIER_EVENT,barrier=1,0x27D,P2
2026-06-02T20:28:37.311+02:00,3,NOSEPOKE,BEAM_EVENT,beam=1,0x23D,P2
2026-06-02T20:28:37.352+02:00,3,SCREEN_LEFT,DISPLAY_PATTERN,pattern_id=3,0x148,P1
2026-06-02T20:28:37.357+02:00,3,SCREEN_RIGHT,DISPLAY_PATTERN,pattern_id=7,0x158,P1
2026-06-02T20:28:38.192+02:00,3,SCREEN_LEFT,TOUCH_EVENT,touch=1,0x24D,P2
2026-06-02T20:28:38.222+02:00,3,FEEDER,REQUEST_REWARD,,0x129,P1
2026-06-02T20:28:38.883+02:00,3,FEEDER,REWARD_DELIVERED,,0x32D,P3
2026-06-02T20:28:39.572+02:00,3,IR_BARRIER,BARRIER_EVENT,barrier=1,0x27D,P2
2026-06-02T20:29:02.071+02:00,4,NOSEPOKE,BEAM_EVENT,beam=1,0x23D,P2
2026-06-02T20:29:02.139+02:00,4,SCREEN_LEFT,DISPLAY_PATTERN,pattern_id=7,0x148,P1
2026-06-02T20:29:02.144+02:00,4,SCREEN_RIGHT,DISPLAY_PATTERN,pattern_id=3,0x158,P1
2026-06-02T20:29:08.069+02:00,4,SCREEN_LEFT,TOUCH_EVENT,touch=1,0x24D,P2
2026-06-02T20:29:38.398+02:00,4,NOSEPOKE,BEAM_EVENT,beam=1,0x23D,P2
2026-06-02T20:29:38.461+02:00,4,SCREEN_LEFT,DISPLAY_PATTERN,pattern_id=7,0x148,P1
2026-06-02T20:29:38.466+02:00,4,SCREEN_RIGHT,DISPLAY_PATTERN,pattern_id=3,0x158,P1
2026-06-02T20:29:40.801+02:00,4,SCREEN_RIGHT,TOUCH_EVENT,touch=1,0x25D,P2
2026-06-02T20:29:40.831+02:00,4,FEEDER,REQUEST_REWARD,,0x129,P1
2026-06-02T20:29:41.473+02:00,4,FEEDER,REWARD_DELIVERED,,0x32D,P3
2026-06-02T20:29:44.231+02:00,4,IR_BARRIER,BARRIER_EVENT,barrier=1,0x27D,P2
2026-06-02T20:31:38.869+02:00,1,NOSEPOKE,BEAM_EVENT,beam=1,0x23D,P2
2026-06-02T20:31:38.913+02:00,1,SCREEN_LEFT,DISPLAY_PATTERN,pattern_id=3,0x148,P1
2026-06-02T20:31:38.918+02:00,1,SCREEN_RIGHT,DISPLAY_PATTERN,pattern_id=7,0x158,P1
2026-06-02T20:31:42.563+02:00,1,SCREEN_LEFT,TOUCH_EVENT,touch=1,0x24D,P2
2026-06-02T20:31:42.593+02:00,1,FEEDER,REQUEST_REWARD,,0x129,P1
2026-06-02T20:31:43.206+02:00,1,FEEDER,REWARD_DELIVERED,,0x32D,P3
2026-06-02T20:31:43.733+02:00,1,IR_BARRIER,BARRIER_EVENT,barrier=1,0x27D,P2
2026-06-02T20:32:55.242+02:00,4,NOSEPOKE,BEAM_EVENT,beam=1,0x23D,P2
2026-06-02T20:32:55.283+02:00,4,SCREEN_LEFT,DISPLAY_PATTERN,pattern_id=7,0x148,P1
2026-06-02T20:32:55.288+02:00,4,SCREEN_RIGHT,DISPLAY_PATTERN,pattern_id=3,0x158,P1
2026-06-02T20:32:58.223+02:00,4,SCREEN_RIGHT,TOUCH_EVENT,touch=1,0x25D,P2
2026-06-02T20:32:58.253+02:00,4,FEEDER,REQUEST_REWARD,,0x129,P1
2026-06-02T20:32:58.773+02:00,4,FEEDER,REWARD_DELIVERED,,0x32D,P3
2026-06-02T20:32:59.933+02:00,4,IR_BARRIER,BARRIER_EVENT,barrier=1,0x27D,P2
2026-06-02T20:33:42.345+02:00,2,NOSEPOKE,BEAM_EVENT,beam=1,0x23D,P2
2026-06-02T20:33:42.392+02:00,2,SCREEN_LEFT,DISPLAY_PATTERN,pattern_id=7,0x148,P1
2026-06-02T20:33:42.397+02:00,2,SCREEN_RIGHT,DISPLAY_PATTERN,pattern_id=3,0x158,P1
2026-06-02T20:33:43.162+02:00,2,SCREEN_LEFT,TOUCH_EVENT,touch=1,0x24D,P2
2026-06-02T20:34:02.632+02:00,3,NOSEPOKE,BEAM_EVENT,beam=1,0x23D,P2
2026-06-02T20:34:02.713+02:00,3,SCREEN_LEFT,DISPLAY_PATTERN,pattern_id=3,0x148,P1
2026-06-02T20:34:02.718+02:00,3,SCREEN_RIGHT,DISPLAY_PATTERN,pattern_id=7,0x158,P1
2026-06-02T20:34:03.983+02:00,3,SCREEN_LEFT,TOUCH_EVENT,touch=1,0x24D,P2
2026-06-02T20:34:04.013+02:00,3,FEEDER,REQUEST_REWARD,,0x129,P1
2026-06-02T20:34:04.546+02:00,3,FEEDER,REWARD_DELIVERED,,0x32D,P3
2026-06-02T20:34:05.753+02:00,3,IR_BARRIER,BARRIER_EVENT,barrier=1,0x27D,P2
2026-06-02T20:34:33.415+02:00,1,NOSEPOKE,BEAM_EVENT,beam=1,0x23D,P2
2026-06-02T20:34:33.504+02:00,1,SCREEN_LEFT,DISPLAY_PATTERN,pattern_id=3,0x148,P1
2026-06-02T20:34:33.509+02:00,1,SCREEN_RIGHT,DISPLAY_PATTERN,pattern_id=7,0x158,P1
2026-06-02T20:34:36.774+02:00,1,SCREEN_LEFT,TOUCH_EVENT,touch=1,0x24D,P2
2026-06-02T20:34:36.804+02:00,1,FEEDER,REQUEST_REWARD,,0x129,P1
2026-06-02T20:34:37.452+02:00,1,FEEDER,REWARD_DELIVERED,,0x32D,P3
2026-06-02T20:34:41.144+02:00,1,IR_BARRIER,BARRIER_EVENT,barrier=1,0x27D,P2
2026-06-02T20:35:30.687+02:00,2,NOSEPOKE,BEAM_EVENT,beam=1,0x23D,P2
2026-06-02T20:35:30.748+02:00,2,SCREEN_LEFT,DISPLAY_PATTERN,pattern_id=7,0x148,P1
2026-06-02T20:35:30.753+02:00,2,SCREEN_RIGHT,DISPLAY_PATTERN,pattern_id=3,0x158,P1
2026-06-02T20:35:31.328+02:00,2,SCREEN_LEFT,TOUCH_EVENT,touch=1,0x24D,P2
2026-06-02T20:35:31.714+02:00,3,NOSEPOKE,BEAM_EVENT,beam=1,0x23D,P2
2026-06-02T20:35:31.802+02:00,3,SCREEN_LEFT,DISPLAY_PATTERN,pattern_id=3,0x148,P1
2026-06-02T20:35:31.807+02:00,3,SCREEN_RIGHT,DISPLAY_PATTERN,pattern_id=7,0x158,P1
2026-06-02T20:35:34.942+02:00,3,SCREEN_LEFT,TOUCH_EVENT,touch=1,0x24D,P2
2026-06-02T20:35:34.972+02:00,3,FEEDER,REQUEST_REWARD,,0x129,P1
2026-06-02T20:35:35.347+02:00,3,FEEDER,REWARD_DELIVERED,,0x32D,P3
2026-06-02T20:35:37.532+02:00,3,IR_BARRIER,BARRIER_EVENT,barrier=1,0x27D,P2
2026-06-02T20:36:13.802+02:00,4,NOSEPOKE,BEAM_EVENT,beam=1,0x23D,P2
2026-06-02T20:36:13.890+02:00,4,SCREEN_LEFT,DISPLAY_PATTERN,pattern_id=7,0x148,P1
2026-06-02T20:36:13.895+02:00,4,SCREEN_RIGHT,DISPLAY_PATTERN,pattern_id=3,0x158,P1
2026-06-02T20:36:19.500+02:00,4,SCREEN_RIGHT,TOUCH_EVENT,touch=1,0x25D,P2
2026-06-02T20:36:19.530+02:00,4,FEEDER,REQUEST_REWARD,,0x129,P1
2026-06-02T20:36:20.105+02:00,4,FEEDER,REWARD_DELIVERED,,0x32D,P3
2026-06-02T20:36:22.660+02:00,4,IR_BARRIER,BARRIER_EVENT,barrier=1,0x27D,P2
2026-06-02T20:38:13.882+02:00,3,NOSEPOKE,BEAM_EVENT,beam=1,0x23D,P2
2026-06-02T20:38:13.956+02:00,3,SCREEN_LEFT,DISPLAY_PATTERN,pattern_id=3,0x148,P1
2026-06-02T20:38:13.961+02:00,3,SCREEN_RIGHT,DISPLAY_PATTERN,pattern_id=7,0x158,P1
2026-06-02T20:38:17.546+02:00,3,SCREEN_LEFT,TOUCH_EVENT,touch=1,0x24D,P2
2026-06-02T20:38:17.576+02:00,3,FEEDER,REQUEST_REWARD,,0x129,P1
2026-06-02T20:38:18.092+02:00,3,FEEDER,REWARD_DELIVERED,,0x32D,P3
2026-06-02T20:38:19.556+02:00,3,IR_BARRIER,BARRIER_EVENT,barrier=1,0x27D,P2
2026-06-02T20:38:47.546+02:00,4,NOSEPOKE,BEAM_EVENT,beam=1,0x23D,P2
2026-06-02T20:38:47.623+02:00,4,SCREEN_LEFT,DISPLAY_PATTERN,pattern_id=7,0x148,P1
2026-06-02T20:38:47.628+02:00,4,SCREEN_RIGHT,DISPLAY_PATTERN,pattern_id=3,0x158,P1
2026-06-02T20:38:53.593+02:00,4,SCREEN_LEFT,TOUCH_EVENT,touch=1,0x24D,P2
2026-06-02T20:40:37.822+02:00,1,NOSEPOKE,BEAM_EVENT,beam=1,0x23D,P2
2026-06-02T20:40:37.864+02:00,1,SCREEN_LEFT,DISPLAY_PATTERN,pattern_id=3,0x148,P1
2026-06-02T20:40:37.869+02:00,1,SCREEN_RIGHT,DISPLAY_PATTERN,pattern_id=7,0x158,P1
2026-06-02T20:40:43.674+02:00,1,SCREEN_LEFT,TOUCH_EVENT,touch=1,0x24D,P2
2026-06-02T20:40:43.704+02:00,1,FEEDER,REQUEST_REWARD,,0x129,P1
2026-06-02T20:40:44.308+02:00,1,FEEDER,REWARD_DELIVERED,,0x32D,P3
2026-06-02T20:40:48.964+02:00,1,IR_BARRIER,BARRIER_EVENT,barrier=1,0x27D,P2
2026-06-02T20:41:19.325+02:00,2,NOSEPOKE,BEAM_EVENT,beam=1,0x23D,P2
2026-06-02T20:41:19.400+02:00,2,SCREEN_LEFT,DISPLAY_PATTERN,pattern_id=7,0x148,P1
2026-06-02T20:41:19.405+02:00,2,SCREEN_RIGHT,DISPLAY_PATTERN,pattern_id=3,0x158,P1
2026-06-02T20:41:24.130+02:00,2,SCREEN_RIGHT,TOUCH_EVENT,touch=1,0x25D,P2
2026-06-02T20:41:24.160+02:00,2,FEEDER,REQUEST_REWARD,,0x129,P1
2026-06-02T20:41:24.798+02:00,2,FEEDER,REWARD_DELIVERED,,0x32D,P3
2026-06-02T20:41:26.600+02:00,2,IR_BARRIER,BARRIER_EVENT,barrier=1,0x27D,P2
2026-06-02T20:43:01.724+02:00,3,NOSEPOKE,BEAM_EVENT,beam=1,0x23D,P2
2026-06-02T20:43:01.790+02:00,3,SCREEN_LEFT,DISPLAY_PATTERN,pattern_id=3,0x148,P1
2026-06-02T20:43:01.795+02:00,3,SCREEN_RIGHT,DISPLAY_PATTERN,pattern_id=7,0x158,P1
2026-06-02T20:43:07.910+02:00,3,SCREEN_LEFT,TOUCH_EVENT,touch=1,0x24D,P2
2026-06-02T20:43:07.940+02:00,3,FEEDER,REQUEST_REWARD,,0x129,P1
2026-06-02T20:43:08.337+02:00,3,FEEDER,REWARD_DELIVERED,,0x32D,P3
2026-06-02T20:43:12.920+02:00,3,IR_BARRIER,BARRIER_EVENT,barrier=1,0x27D,P2
2026-06-02T20:45:07.639+02:00,1,NOSEPOKE,BEAM_EVENT,beam=1,0x23D,P2
2026-06-02T20:45:07.713+02:00,1,SCREEN_LEFT,DISPLAY_PATTERN,pattern_id=3,0x148,P1
2026-06-02T20:45:07.718+02:00,1,SCREEN_RIGHT,DISPLAY_PATTERN,pattern_id=7,0x158,P1
2026-06-02T20:45:08.743+02:00,1,SCREEN_LEFT,TOUCH_EVENT,touch=1,0x24D,P2
2026-06-02T20:45:08.773+02:00,1,FEEDER,REQUEST_REWARD,,0x129,P1
2026-06-02T20:45:09.113+02:00,1,FEEDER,REWARD_DELIVERED,,0x32D,P3
2026-06-02T20:45:13.453+02:00,1,IR_BARRIER,BARRIER_EVENT,barrier=1,0x27D,P2
2026-06-02T20:45:16.719+02:00,4,NOSEPOKE,BEAM_EVENT,beam=1,0x23D,P2
2026-06-02T20:45:16.803+02:00,4,SCREEN_LEFT,DISPLAY_PATTERN,pattern_id=7,0x148,P1
2026-06-02T20:45:16.808+02:00,4,SCREEN_RIGHT,DISPLAY_PATTERN,pattern_id=3,0x158,P1
2026-06-02T20:45:17.993+02:00,4,SCREEN_RIGHT,TOUCH_EVENT,touch=1,0x25D,P2
2026-06-02T20:45:18.023+02:00,4,FEEDER,REQUEST_REWARD,,0x129,P1
2026-06-02T20:45:18.301+02:00,4,FEEDER,REWARD_DELIVERED,,0x32D,P3
2026-06-02T20:45:21.723+02:00,4,IR_BARRIER,BARRIER_EVENT,barrier=1,0x27D,P2
2026-06-02T20:45:33.396+02:00,2,NOSEPOKE,BEAM_EVENT,beam=1,0x23D,P2
2026-06-02T20:45:33.444+02:00,2,SCREEN_LEFT,DISPLAY_PATTERN,pattern_id=7,0x148,P1
2026-06-02T20:45:33.449+02:00,2,SCREEN_RIGHT,DISPLAY_PATTERN,pattern_id=3,0x158,P1
2026-06-02T20:45:39.154+02:00,2,SCREEN_RIGHT,TOUCH_EVENT,touch=1,0x25D,P2
2026-06-02T20:45:39.184+02:00,2,FEEDER,REQUEST_REWARD,,0x129,P1
2026-06-02T20:45:39.516+02:00,2,FEEDER,REWARD_DELIVERED,,0x32D,P3
2026-06-02T20:45:43.394+02:00,2,IR_BARRIER,BARRIER_EVENT,barrier=1,0x27D,P2
2026-06-02T20:48:27.767+02:00,3,NOSEPOKE,BEAM_EVENT,beam=1,0x23D,P2
2026-06-02T20:48:27.840+02:00,3,SCREEN_LEFT,DISPLAY_PATTERN,pattern_id=3,0x148,P1
2026-06-02T20:48:27.845+02:00,3,SCREEN_RIGHT,DISPLAY_PATTERN,pattern_id=7,0x158,P1
2026-06-02T20:48:31.510+02:00,3,SCREEN_LEFT,TOUCH_EVENT,touch=1,0x24D,P2
2026-06-02T20:48:31.540+02:00,3,FEEDER,REQUEST_REWARD,,0x129,P1
2026-06-02T20:48:31.815+02:00,3,FEEDER,REWARD_DELIVERED,,0x32D,P3
2026-06-02T20:48:34.900+02:00,3,IR_BARRIER,BARRIER_EVENT,barrier=1,0x27D,P2
2026-06-02T20:49:11.345+02:00,1,NOSEPOKE,BEAM_EVENT,beam=1,0x23D,P2
2026-06-02T20:49:11.395+02:00,1,SCREEN_LEFT,DISPLAY_PATTERN,pattern_id=3,0x148,P1
2026-06-02T20:49:11.400+02:00,1,SCREEN_RIGHT,DISPLAY_PATTERN,pattern_id=7,0x158,P1
2026-06-02T20:49:17.395+02:00,1,SCREEN_LEFT,TOUCH_EVENT,touch=1,0x24D,P2
2026-06-02T20:49:17.425+02:00,1,FEEDER,REQUEST_REWARD,,0x129,P1
2026-06-02T20:49:17.810+02:00,1,FEEDER,REWARD_DELIVERED,,0x32D,P3
2026-06-02T20:49:19.675+02:00,1,IR_BARRIER,BARRIER_EVENT,barrier=1,0x27D,P2
2026-06-02T20:50:03.252+02:00,3,NOSEPOKE,BEAM_EVENT,beam=1,0x23D,P2
2026-06-02T20:50:03.308+02:00,3,SCREEN_LEFT,DISPLAY_PATTERN,pattern_id=3,0x148,P1
2026-06-02T20:50:03.313+02:00,3,SCREEN_RIGHT,DISPLAY_PATTERN,pattern_id=7,0x158,P1
2026-06-02T20:50:08.768+02:00,3,SCREEN_LEFT,TOUCH_EVENT,touch=1,0x24D,P2
2026-06-02T20:50:08.798+02:00,3,FEEDER,REQUEST_REWARD,,0x129,P1
2026-06-02T20:50:09.425+02:00,3,FEEDER,REWARD_DELIVERED,,0x32D,P3
2026-06-02T20:50:13.378+02:00,3,IR_BARRIER,BARRIER_EVENT,barrier=1,0x27D,P2
2026-06-02T20:50:55.568+02:00,2,NOSEPOKE,BEAM_EVENT,beam=1,0x23D,P2
2026-06-02T20:50:55.656+02:00,2,SCREEN_LEFT,DISPLAY_PATTERN,pattern_id=7,0x148,P1
2026-06-02T20:50:55.661+02:00,2,SCREEN_RIGHT,DISPLAY_PATTERN,pattern_id=3,0x158,P1
2026-06-02T20:50:58.156+02:00,2,SCREEN_RIGHT,TOUCH_EVENT,touch=1,0x25D,P2
2026-06-02T20:50:58.186+02:00,2,FEEDER,REQUEST_REWARD,,0x129,P1
2026-06-02T20:50:58.265+02:00,4,NOSEPOKE,BEAM_EVENT,beam=1,0x23D,P2
2026-06-02T20:50:58.308+02:00,4,SCREEN_LEFT,DISPLAY_PATTERN,pattern_id=7,0x148,P1
2026-06-02T20:50:58.313+02:00,4,SCREEN_RIGHT,DISPLAY_PATTERN,pattern_id=3,0x158,P1
2026-06-02T20:50:58.708+02:00,2,FEEDER,REWARD_DELIVERED,,0x32D,P3
2026-06-02T20:50:59.018+02:00,4,SCREEN_LEFT,TOUCH_EVENT,touch=1,0x24D,P2
2026-06-02T20:51:01.546+02:00,2,IR_BARRIER,BARRIER_EVENT,barrier=1,0x27D,P2
2026-06-02T20:52:04.218+02:00,2,NOSEPOKE,BEAM_EVENT,beam=1,0x23D,P2
2026-06-02T20:52:04.292+02:00,2,SCREEN_LEFT,DISPLAY_PATTERN,pattern_id=7,0x148,P1
2026-06-02T20:52:04.297+02:00,2,SCREEN_RIGHT,DISPLAY_PATTERN,pattern_id=3,0x158,P1
2026-06-02T20:52:06.892+02:00,2,SCREEN_LEFT,TOUCH_EVENT,touch=1,0x24D,P2
2026-06-02T20:54:46.493+02:00,1,NOSEPOKE,BEAM_EVENT,beam=1,0x23D,P2
2026-06-02T20:54:46.537+02:00,1,SCREEN_LEFT,DISPLAY_PATTERN,pattern_id=3,0x148,P1
2026-06-02T20:54:46.542+02:00,1,SCREEN_RIGHT,DISPLAY_PATTERN,pattern_id=7,0x158,P1
2026-06-02T20:54:52.757+02:00,1,SCREEN_RIGHT,TOUCH_EVENT,touch=1,0x25D,P2
2026-06-02T20:55:35.672+02:00,3,NOSEPOKE,BEAM_EVENT,beam=1,0x23D,P2
2026-06-02T20:55:35.754+02:00,3,SCREEN_LEFT,DISPLAY_PATTERN,pattern_id=3,0x148,P1
2026-06-02T20:55:35.759+02:00,3,SCREEN_RIGHT,DISPLAY_PATTERN,pattern_id=7,0x158,P1
2026-06-02T20:55:38.622+02:00,1,NOSEPOKE,BEAM_EVENT,beam=1,0x23D,P2
2026-06-02T20:55:38.685+02:00,1,SCREEN_LEFT,DISPLAY_PATTERN,pattern_id=3,0x148,P1
2026-06-02T20:55:38.690+02:00,1,SCREEN_RIGHT,DISPLAY_PATTERN,pattern_id=7,0x158,P1
2026-06-02T20:55:40.954+02:00,3,SCREEN_LEFT,TOUCH_EVENT,touch=1,0x24D,P2
2026-06-02T20:55:40.984+02:00,3,FEEDER,REQUEST_REWARD,,0x129,P1
2026-06-02T20:55:41.510+02:00,3,FEEDER,REWARD_DELIVERED,,0x32D,P3
2026-06-02T20:55:42.924+02:00,3,IR_BARRIER,BARRIER_EVENT,barrier=1,0x27D,P2
2026-06-02T20:55:43.265+02:00,1,SCREEN_LEFT,TOUCH_EVENT,touch=1,0x24D,P2
2026-06-02T20:55:43.295+02:00,1,FEEDER,REQUEST_REWARD,,0x129,P1
2026-06-02T20:55:43.879+02:00,1,FEEDER,REWARD_DELIVERED,,0x32D,P3
2026-06-02T20:55:48.085+02:00,1,IR_BARRIER,BARRIER_EVENT,barrier=1,0x27D,P2
2026-06-02T20:57:22.364+02:00,4,NOSEPOKE,BEAM_EVENT,beam=1,0x23D,P2
2026-06-02T20:57:22.436+02:00,4,SCREEN_LEFT,DISPLAY_PATTERN,pattern_id=7,0x148,P1
2026-06-02T20:57:22.441+02:00,4,SCREEN_RIGHT,DISPLAY_PATTERN,pattern_id=3,0x158,P1
2026-06-02T20:57:24.316+02:00,4,SCREEN_RIGHT,TOUCH_EVENT,touch=1,0x25D,P2
2026-06-02T20:57:24.346+02:00,4,FEEDER,REQUEST_REWARD,,0x129,P1
2026-06-02T20:57:24.973+02:00,4,FEEDER,REWARD_DELIVERED,,0x32D,P3
2026-06-02T20:57:25.866+02:00,4,IR_BARRIER,BARRIER_EVENT,barrier=1,0x27D,P2
2026-06-02T20:57:38.531+02:00,1,NOSEPOKE,BEAM_EVENT,beam=1,0x23D,P2
2026-06-02T20:57:38.593+02:00,1,SCREEN_LEFT,DISPLAY_PATTERN,pattern_id=3,0x148,P1
2026-06-02T20:57:38.598+02:00,1,SCREEN_RIGHT,DISPLAY_PATTERN,pattern_id=7,0x158,P1
2026-06-02T20:57:43.433+02:00,1,SCREEN_LEFT,TOUCH_EVENT,touch=1,0x24D,P2
2026-06-02T20:57:43.463+02:00,1,FEEDER,REQUEST_REWARD,,0x129,P1
2026-06-02T20:57:43.848+02:00,1,FEEDER,REWARD_DELIVERED,,0x32D,P3
2026-06-02T20:57:47.213+02:00,1,IR_BARRIER,BARRIER_EVENT,barrier=1,0x27D,P2
2026-06-02T20:58:23.151+02:00,3,NOSEPOKE,BEAM_EVENT,beam=1,0x23D,P2
2026-06-02T20:58:23.216+02:00,3,SCREEN_LEFT,DISPLAY_PATTERN,pattern_id=3,0x148,P1
2026-06-02T20:58:23.221+02:00,3,SCREEN_RIGHT,DISPLAY_PATTERN,pattern_id=7,0x158,P1
2026-06-02T20:58:26.556+02:00,3,SCREEN_LEFT,TOUCH_EVENT,touch=1,0x24D,P2
2026-06-02T20:58:26.586+02:00,3,FEEDER,REQUEST_REWARD,,0x129,P1
2026-06-02T20:58:27.084+02:00,3,FEEDER,REWARD_DELIVERED,,0x32D,P3
2026-06-02T20:58:28.586+02:00,3,IR_BARRIER,BARRIER_EVENT,barrier=1,0x27D,P2
2026-06-02T20:58:49.636+02:00,2,NOSEPOKE,BEAM_EVENT,beam=1,0x23D,P2
2026-06-02T20:58:49.697+02:00,2,SCREEN_LEFT,DISPLAY_PATTERN,pattern_id=7,0x148,P1
2026-06-02T20:58:49.702+02:00,2,SCREEN_RIGHT,DISPLAY_PATTERN,pattern_id=3,0x158,P1
2026-06-02T20:58:50.347+02:00,2,SCREEN_LEFT,TOUCH_EVENT,touch=1,0x24D,P2
2026-06-02T20:59:11.477+02:00,1,NOSEPOKE,BEAM_EVENT,beam=1,0x23D,P2
2026-06-02T20:59:11.562+02:00,1,SCREEN_LEFT,DISPLAY_PATTERN,pattern_id=3,0x148,P1
2026-06-02T20:59:11.567+02:00,1,SCREEN_RIGHT,DISPLAY_PATTERN,pattern_id=7,0x158,P1
2026-06-02T20:59:13.402+02:00,1,SCREEN_RIGHT,TOUCH_EVENT,touch=1,0x25D,P2
2026-06-02T21:00:04.105+02:00,4,NOSEPOKE,BEAM_EVENT,beam=1,0x23D,P2
2026-06-02T21:00:04.150+02:00,4,SCREEN_LEFT,DISPLAY_PATTERN,pattern_id=7,0x148,P1
2026-06-02T21:00:04.155+02:00,4,SCREEN_RIGHT,DISPLAY_PATTERN,pattern_id=3,0x158,P1
2026-06-02T21:00:07.750+02:00,4,SCREEN_LEFT,TOUCH_EVENT,touch=1,0x24D,P2
2026-06-02T21:03:06.275+02:00,3,NOSEPOKE,BEAM_EVENT,beam=1,0x23D,P2
2026-06-02T21:03:06.363+02:00,3,SCREEN_LEFT,DISPLAY_PATTERN,pattern_id=3,0x148,P1
2026-06-02T21:03:06.368+02:00,3,SCREEN_RIGHT,DISPLAY_PATTERN,pattern_id=7,0x158,P1
2026-06-02T21:03:07.293+02:00,3,SCREEN_RIGHT,TOUCH_EVENT,touch=1,0x25D,P2
2026-06-02T21:04:59.342+02:00,1,NOSEPOKE,BEAM_EVENT,beam=1,0x23D,P2
2026-06-02T21:04:59.427+02:00,1,SCREEN_LEFT,DISPLAY_PATTERN,pattern_id=3,0x148,P1
2026-06-02T21:04:59.432+02:00,1,SCREEN_RIGHT,DISPLAY_PATTERN,pattern_id=7,0x158,P1
2026-06-02T21:05:00.487+02:00,1,SCREEN_LEFT,TOUCH_EVENT,touch=1,0x24D,P2
2026-06-02T21:05:00.517+02:00,1,FEEDER,REQUEST_REWARD,,0x129,P1
2026-06-02T21:05:01.008+02:00,1,FEEDER,REWARD_DELIVERED,,0x32D,P3
2026-06-02T21:05:05.547+02:00,1,IR_BARRIER,BARRIER_EVENT,barrier=1,0x27D,P2
2026-06-02T21:05:34.181+02:00,4,NOSEPOKE,BEAM_EVENT,beam=1,0x23D,P2
2026-06-02T21:05:34.228+02:00,4,SCREEN_LEFT,DISPLAY_PATTERN,pattern_id=7,0x148,P1
2026-06-02T21:05:34.233+02:00,4,SCREEN_RIGHT,DISPLAY_PATTERN,pattern_id=3,0x158,P1
2026-06-02T21:05:35.248+02:00,4,SCREEN_LEFT,TOUCH_EVENT,touch=1,0x24D,P2
2026-06-02T21:05:40.545+02:00,2,NOSEPOKE,BEAM_EVENT,beam=1,0x23D,P2
2026-06-02T21:05:40.633+02:00,2,SCREEN_LEFT,DISPLAY_PATTERN,pattern_id=7,0x148,P1
2026-06-02T21:05:40.638+02:00,2,SCREEN_RIGHT,DISPLAY_PATTERN,pattern_id=3,0x158,P1
2026-06-02T21:05:46.673+02:00,2,SCREEN_RIGHT,TOUCH_EVENT,touch=1,0x25D,P2
2026-06-02T21:05:46.703+02:00,2,FEEDER,REQUEST_REWARD,,0x129,P1
2026-06-02T21:05:47.338+02:00,2,FEEDER,REWARD_DELIVERED,,0x32D,P3
2026-06-02T21:05:48.383+02:00,2,IR_BARRIER,BARRIER_EVENT,barrier=1,0x27D,P2
2026-06-02T21:06:57.184+02:00,4,NOSEPOKE,BEAM_EVENT,beam=1,0x23D,P2
2026-06-02T21:06:57.242+02:00,4,SCREEN_LEFT,DISPLAY_PATTERN,pattern_id=7,0x148,P1
2026-06-02T21:06:57.247+02:00,4,SCREEN_RIGHT,DISPLAY_PATTERN,pattern_id=3,0x158,P1
2026-06-02T21:06:58.292+02:00,4,SCREEN_RIGHT,TOUCH_EVENT,touch=1,0x25D,P2
2026-06-02T21:06:58.322+02:00,4,FEEDER,REQUEST_REWARD,,0x129,P1
2026-06-02T21:06:58.725+02:00,4,FEEDER,REWARD_DELIVERED,,0x32D,P3
2026-06-02T21:06:59.562+02:00,4,IR_BARRIER,BARRIER_EVENT,barrier=1,0x27D,P2
2026-06-02T21:08:57.295+02:00,1,NOSEPOKE,BEAM_EVENT,beam=1,0x23D,P2
2026-06-02T21:08:57.372+02:00,1,SCREEN_LEFT,DISPLAY_PATTERN,pattern_id=3,0x148,P1
2026-06-02T21:08:57.377+02:00,1,SCREEN_RIGHT,DISPLAY_PATTERN,pattern_id=7,0x158,P1
2026-06-02T21:09:01.402+02:00,1,SCREEN_LEFT,TOUCH_EVENT,touch=1,0x24D,P2
2026-06-02T21:09:01.432+02:00,1,FEEDER,REQUEST_REWARD,,0x129,P1
2026-06-02T21:09:02.027+02:00,1,FEEDER,REWARD_DELIVERED,,0x32D,P3
2026-06-02T21:09:04.542+02:00,1,IR_BARRIER,BARRIER_EVENT,barrier=1,0x27D,P2
2026-06-02T21:09:05.281+02:00,3,NOSEPOKE,BEAM_EVENT,beam=1,0x23D,P2
2026-06-02T21:09:05.343+02:00,3,SCREEN_LEFT,DISPLAY_PATTERN,pattern_id=3,0x148,P1
2026-06-02T21:09:05.348+02:00,3,SCREEN_RIGHT,DISPLAY_PATTERN,pattern_id=7,0x158,P1
2026-06-02T21:09:07.713+02:00,3,SCREEN_LEFT,TOUCH_EVENT,touch=1,0x24D,P2
2026-06-02T21:09:07.743+02:00,3,FEEDER,REQUEST_REWARD,,0x129,P1
2026-06-02T21:09:08.300+02:00,3,FEEDER,REWARD_DELIVERED,,0x32D,P3
2026-06-02T21:09:11.523+02:00,3,IR_BARRIER,BARRIER_EVENT,barrier=1,0x27D,P2
2026-06-02T21:12:46.076+02:00,2,NOSEPOKE,BEAM_EVENT,beam=1,0x23D,P2
2026-06-02T21:12:46.163+02:00,2,SCREEN_LEFT,DISPLAY_PATTERN,pattern_id=7,0x148,P1
2026-06-02T21:12:46.168+02:00,2,SCREEN_RIGHT,DISPLAY_PATTERN,pattern_id=3,0x158,P1
2026-06-02T21:12:52.063+02:00,2,SCREEN_RIGHT,TOUCH_EVENT,touch=1,0x25D,P2
2026-06-02T21:12:52.093+02:00,2,FEEDER,REQUEST_REWARD,,0x129,P1
2026-06-02T21:12:52.431+02:00,2,FEEDER,REWARD_DELIVERED,,0x32D,P3
2026-06-02T21:12:53.743+02:00,2,IR_BARRIER,BARRIER_EVENT,barrier=1,0x27D,P2
2026-06-02T21:12:54.970+02:00,3,NOSEPOKE,BEAM_EVENT,beam=1,0x23D,P2
2026-06-02T21:12:55.021+02:00,3,SCREEN_LEFT,DISPLAY_PATTERN,pattern_id=3,0x148,P1
2026-06-02T21:12:55.026+02:00,3,SCREEN_RIGHT,DISPLAY_PATTERN,pattern_id=7,0x158,P1
2026-06-02T21:13:00.391+02:00,3,SCREEN_RIGHT,TOUCH_EVENT,touch=1,0x25D,P2
2026-06-02T21:13:15.077+02:00,4,NOSEPOKE,BEAM_EVENT,beam=1,0x23D,P2
2026-06-02T21:13:15.118+02:00,4,SCREEN_LEFT,DISPLAY_PATTERN,pattern_id=7,0x148,P1
2026-06-02T21:13:15.123+02:00,4,SCREEN_RIGHT,DISPLAY_PATTERN,pattern_id=3,0x158,P1
2026-06-02T21:13:18.428+02:00,4,SCREEN_LEFT,TOUCH_EVENT,touch=1,0x24D,P2
2026-06-02T21:14:15.009+02:00,3,NOSEPOKE,BEAM_EVENT,beam=1,0x23D,P2
2026-06-02T21:14:15.070+02:00,3,SCREEN_LEFT,DISPLAY_PATTERN,pattern_id=3,0x148,P1
2026-06-02T21:14:15.075+02:00,3,SCREEN_RIGHT,DISPLAY_PATTERN,pattern_id=7,0x158,P1
2026-06-02T21:14:21.290+02:00,3,SCREEN_LEFT,TOUCH_EVENT,touch=1,0x24D,P2
2026-06-02T21:14:21.320+02:00,3,FEEDER,REQUEST_REWARD,,0x129,P1
2026-06-02T21:14:21.748+02:00,3,FEEDER,REWARD_DELIVERED,,0x32D,P3
2026-06-02T21:14:26.940+02:00,3,IR_BARRIER,BARRIER_EVENT,barrier=1,0x27D,P2
2026-06-02T21:16:00.140+02:00,2,NOSEPOKE,BEAM_EVENT,beam=1,0x23D,P2
2026-06-02T21:16:00.185+02:00,2,SCREEN_LEFT,DISPLAY_PATTERN,pattern_id=7,0x148,P1
2026-06-02T21:16:00.190+02:00,2,SCREEN_RIGHT,DISPLAY_PATTERN,pattern_id=3,0x158,P1
2026-06-02T21:16:01.415+02:00,2,SCREEN_RIGHT,TOUCH_EVENT,touch=1,0x25D,P2
2026-06-02T21:16:01.445+02:00,2,FEEDER,REQUEST_REWARD,,0x129,P1
2026-06-02T21:16:01.754+02:00,1,NOSEPOKE,BEAM_EVENT,beam=1,0x23D,P2
2026-06-02T21:16:01.824+02:00,1,SCREEN_LEFT,DISPLAY_PATTERN,pattern_id=3,0x148,P1
2026-06-02T21:16:01.829+02:00,1,SCREEN_RIGHT,DISPLAY_PATTERN,pattern_id=7,0x158,P1
2026-06-02T21:16:01.879+02:00,2,FEEDER,REWARD_DELIVERED,,0x32D,P3
2026-06-02T21:16:02.504+02:00,1,SCREEN_LEFT,TOUCH_EVENT,touch=1,0x24D,P2
2026-06-02T21:16:02.534+02:00,1,FEEDER,REQUEST_REWARD,,0x129,P1
2026-06-02T21:16:02.982+02:00,1,FEEDER,REWARD_DELIVERED,,0x32D,P3
2026-06-02T21:16:05.644+02:00,1,IR_BARRIER,BARRIER_EVENT,barrier=1,0x27D,P2
2026-06-02T21:16:05.775+02:00,2,IR_BARRIER,BARRIER_EVENT,barrier=1,0x27D,P2
2026-06-02T21:17:29.276+02:00,4,NOSEPOKE,BEAM_EVENT,beam=1,0x23D,P2
2026-06-02T21:17:29.333+02:00,4,SCREEN_LEFT,DISPLAY_PATTERN,pattern_id=7,0x148,P1
2026-06-02T21:17:29.338+02:00,4,SCREEN_RIGHT,DISPLAY_PATTERN,pattern_id=3,0x158,P1
2026-06-02T21:17:35.543+02:00,4,SCREEN_RIGHT,TOUCH_EVENT,touch=1,0x25D,P2
2026-06-02T21:17:35.573+02:00,4,FEEDER,REQUEST_REWARD,,0x129,P1
2026-06-02T21:17:35.958+02:00,4,FEEDER,REWARD_DELIVERED,,0x32D,P3
2026-06-02T21:17:41.513+02:00,4,IR_BARRIER,BARRIER_EVENT,barrier=1,0x27D,P2
2026-06-02T21:17:54.150+02:00,1,NOSEPOKE,BEAM_EVENT,beam=1,0x23D,P2
2026-06-02T21:17:54.237+02:00,1,SCREEN_LEFT,DISPLAY_PATTERN,pattern_id=3,0x148,P1
2026-06-02T21:17:54.242+02:00,1,SCREEN_RIGHT,DISPLAY_PATTERN,pattern_id=7,0x158,P1
2026-06-02T21:17:56.747+02:00,1,SCREEN_LEFT,TOUCH_EVENT,touch=1,0x24D,P2
2026-06-02T21:17:56.777+02:00,1,FEEDER,REQUEST_REWARD,,0x129,P1
2026-06-02T21:17:57.171+02:00,1,FEEDER,REWARD_DELIVERED,,0x32D,P3
2026-06-02T21:17:59.487+02:00,1,IR_BARRIER,BARRIER_EVENT,barrier=1,0x27D,P2
2026-06-02T21:18:47.692+02:00,3,NOSEPOKE,BEAM_EVENT,beam=1,0x23D,P2
2026-06-02T21:18:47.754+02:00,3,SCREEN_LEFT,DISPLAY_PATTERN,pattern_id=3,0x148,P1
2026-06-02T21:18:47.759+02:00,3,SCREEN_RIGHT,DISPLAY_PATTERN,pattern_id=7,0x158,P1
2026-06-02T21:18:51.134+02:00,3,SCREEN_LEFT,TOUCH_EVENT,touch=1,0x24D,P2
2026-06-02T21:18:51.164+02:00,3,FEEDER,REQUEST_REWARD,,0x129,P1
2026-06-02T21:18:51.484+02:00,3,FEEDER,REWARD_DELIVERED,,0x32D,P3
2026-06-02T21:18:56.304+02:00,3,IR_BARRIER,BARRIER_EVENT,barrier=1,0x27D,P2
2026-06-02T21:19:46.418+02:00,2,NOSEPOKE,BEAM_EVENT,beam=1,0x23D,P2
2026-06-02T21:19:46.472+02:00,2,SCREEN_LEFT,DISPLAY_PATTERN,pattern_id=7,0x148,P1
2026-06-02T21:19:46.477+02:00,2,SCREEN_RIGHT,DISPLAY_PATTERN,pattern_id=3,0x158,P1
2026-06-02T21:19:50.092+02:00,2,SCREEN_RIGHT,TOUCH_EVENT,touch=1,0x25D,P2
2026-06-02T21:19:50.122+02:00,2,FEEDER,REQUEST_REWARD,,0x129,P1
2026-06-02T21:19:50.525+02:00,2,FEEDER,REWARD_DELIVERED,,0x32D,P3
2026-06-02T21:19:55.912+02:00,2,IR_BARRIER,BARRIER_EVENT,barrier=1,0x27D,P2
2026-06-02T21:20:43.327+02:00,2,NOSEPOKE,BEAM_EVENT,beam=1,0x23D,P2
2026-06-02T21:20:43.386+02:00,2,SCREEN_LEFT,DISPLAY_PATTERN,pattern_id=7,0x148,P1
2026-06-02T21:20:43.391+02:00,2,SCREEN_RIGHT,DISPLAY_PATTERN,pattern_id=3,0x158,P1
2026-06-02T21:20:47.336+02:00,2,SCREEN_RIGHT,TOUCH_EVENT,touch=1,0x25D,P2
2026-06-02T21:20:47.366+02:00,2,FEEDER,REQUEST_REWARD,,0x129,P1
2026-06-02T21:20:48.005+02:00,2,FEEDER,REWARD_DELIVERED,,0x32D,P3
2026-06-02T21:20:51.136+02:00,2,IR_BARRIER,BARRIER_EVENT,barrier=1,0x27D,P2
2026-06-02T21:21:41.718+02:00,4,NOSEPOKE,BEAM_EVENT,beam=1,0x23D,P2
2026-06-02T21:21:41.787+02:00,4,SCREEN_LEFT,DISPLAY_PATTERN,pattern_id=7,0x148,P1
2026-06-02T21:21:41.792+02:00,4,SCREEN_RIGHT,DISPLAY_PATTERN,pattern_id=3,0x158,P1
2026-06-02T21:21:42.297+02:00,4,SCREEN_RIGHT,TOUCH_EVENT,touch=1,0x25D,P2
2026-06-02T21:21:42.327+02:00,4,FEEDER,REQUEST_REWARD,,0x129,P1
2026-06-02T21:21:42.623+02:00,4,FEEDER,REWARD_DELIVERED,,0x32D,P3
2026-06-02T21:21:45.877+02:00,4,IR_BARRIER,BARRIER_EVENT,barrier=1,0x27D,P2
2026-06-02T21:22:34.844+02:00,3,NOSEPOKE,BEAM_EVENT,beam=1,0x23D,P2
2026-06-02T21:22:34.892+02:00,3,SCREEN_LEFT,DISPLAY_PATTERN,pattern_id=3,0x148,P1
2026-06-02T21:22:34.897+02:00,3,SCREEN_RIGHT,DISPLAY_PATTERN,pattern_id=7,0x158,P1
2026-06-02T21:22:37.282+02:00,3,SCREEN_LEFT,TOUCH_EVENT,touch=1,0x24D,P2
2026-06-02T21:22:37.312+02:00,3,FEEDER,REQUEST_REWARD,,0x129,P1
2026-06-02T21:22:37.823+02:00,3,FEEDER,REWARD_DELIVERED,,0x32D,P3
2026-06-02T21:22:40.602+02:00,3,IR_BARRIER,BARRIER_EVENT,barrier=1,0x27D,P2
2026-06-02T21:23:43.189+02:00,1,NOSEPOKE,BEAM_EVENT,beam=1,0x23D,P2
2026-06-02T21:23:43.260+02:00,1,SCREEN_LEFT,DISPLAY_PATTERN,pattern_id=3,0x148,P1
2026-06-02T21:23:43.265+02:00,1,SCREEN_RIGHT,DISPLAY_PATTERN,pattern_id=7,0x158,P1
2026-06-02T21:23:49.890+02:00,1,SCREEN_LEFT,TOUCH_EVENT,touch=1,0x24D,P2
2026-06-02T21:23:49.920+02:00,1,FEEDER,REQUEST_REWARD,,0x129,P1
2026-06-02T21:23:50.552+02:00,1,FEEDER,REWARD_DELIVERED,,0x32D,P3
2026-06-02T21:23:53.200+02:00,1,IR_BARRIER,BARRIER_EVENT,barrier=1,0x27D,P2
2026-06-02T21:24:34.569+02:00,1,NOSEPOKE,BEAM_EVENT,beam=1,0x23D,P2
2026-06-02T21:24:34.615+02:00,1,SCREEN_LEFT,DISPLAY_PATTERN,pattern_id=3,0x148,P1
2026-06-02T21:24:34.620+02:00,1,SCREEN_RIGHT,DISPLAY_PATTERN,pattern_id=7,0x158,P1
2026-06-02T21:24:39.215+02:00,1,SCREEN_LEFT,TOUCH_EVENT,touch=1,0x24D,P2
2026-06-02T21:24:39.245+02:00,1,FEEDER,REQUEST_REWARD,,0x129,P1
2026-06-02T21:24:39.548+02:00,1,FEEDER,REWARD_DELIVERED,,0x32D,P3
2026-06-02T21:24:44.865+02:00,1,IR_BARRIER,BARRIER_EVENT,barrier=1,0x27D,P2
2026-06-02T21:24:56.973+02:00,4,NOSEPOKE,BEAM_EVENT,beam=1,0x23D,P2
2026-06-02T21:24:57.020+02:00,4,SCREEN_LEFT,DISPLAY_PATTERN,pattern_id=7,0x148,P1
2026-06-02T21:24:57.025+02:00,4,SCREEN_RIGHT,DISPLAY_PATTERN,pattern_id=3,0x158,P1
2026-06-02T21:24:59.400+02:00,4,SCREEN_RIGHT,TOUCH_EVENT,touch=1,0x25D,P2
2026-06-02T21:24:59.430+02:00,4,FEEDER,REQUEST_REWARD,,0x129,P1
2026-06-02T21:24:59.903+02:00,4,FEEDER,REWARD_DELIVERED,,0x32D,P3
2026-06-02T21:25:01.020+02:00,4,IR_BARRIER,BARRIER_EVENT,barrier=1,0x27D,P2
2026-06-02T21:25:22.018+02:00,2,NOSEPOKE,BEAM_EVENT,beam=1,0x23D,P2
2026-06-02T21:25:22.074+02:00,2,SCREEN_LEFT,DISPLAY_PATTERN,pattern_id=7,0x148,P1
2026-06-02T21:25:22.079+02:00,2,SCREEN_RIGHT,DISPLAY_PATTERN,pattern_id=3,0x158,P1
2026-06-02T21:25:25.464+02:00,2,SCREEN_RIGHT,TOUCH_EVENT,touch=1,0x25D,P2
2026-06-02T21:25:25.494+02:00,2,FEEDER,REQUEST_REWARD,,0x129,P1
2026-06-02T21:25:25.806+02:00,2,FEEDER,REWARD_DELIVERED,,0x32D,P3
2026-06-02T21:25:31.174+02:00,2,IR_BARRIER,BARRIER_EVENT,barrier=1,0x27D,P2
2026-06-02T21:26:32.083+02:00,1,NOSEPOKE,BEAM_EVENT,beam=1,0x23D,P2
2026-06-02T21:26:32.161+02:00,1,SCREEN_LEFT,DISPLAY_PATTERN,pattern_id=3,0x148,P1
2026-06-02T21:26:32.166+02:00,1,SCREEN_RIGHT,DISPLAY_PATTERN,pattern_id=7,0x158,P1
2026-06-02T21:26:37.721+02:00,1,SCREEN_LEFT,TOUCH_EVENT,touch=1,0x24D,P2
2026-06-02T21:26:37.751+02:00,1,FEEDER,REQUEST_REWARD,,0x129,P1
2026-06-02T21:26:38.383+02:00,1,FEEDER,REWARD_DELIVERED,,0x32D,P3
2026-06-02T21:26:39.571+02:00,1,IR_BARRIER,BARRIER_EVENT,barrier=1,0x27D,P2
2026-06-02T21:28:22.759+02:00,3,NOSEPOKE,BEAM_EVENT,beam=1,0x23D,P2
2026-06-02T21:28:22.847+02:00,3,SCREEN_LEFT,DISPLAY_PATTERN,pattern_id=3,0x148,P1
2026-06-02T21:28:22.852+02:00,3,SCREEN_RIGHT,DISPLAY_PATTERN,pattern_id=7,0x158,P1
2026-06-02T21:28:25.490+02:00,4,NOSEPOKE,BEAM_EVENT,beam=1,0x23D,P2
2026-06-02T21:28:25.565+02:00,4,SCREEN_LEFT,DISPLAY_PATTERN,pattern_id=7,0x148,P1
2026-06-02T21:28:25.570+02:00,4,SCREEN_RIGHT,DISPLAY_PATTERN,pattern_id=3,0x158,P1
2026-06-02T21:28:28.087+02:00,3,SCREEN_LEFT,TOUCH_EVENT,touch=1,0x24D,P2
2026-06-02T21:28:28.117+02:00,3,FEEDER,REQUEST_REWARD,,0x129,P1
2026-06-02T21:28:28.608+02:00,3,FEEDER,REWARD_DELIVERED,,0x32D,P3
2026-06-02T21:28:30.625+02:00,4,SCREEN_RIGHT,TOUCH_EVENT,touch=1,0x25D,P2
2026-06-02T21:28:30.655+02:00,4,FEEDER,REQUEST_REWARD,,0x129,P1
2026-06-02T21:28:30.984+02:00,4,FEEDER,REWARD_DELIVERED,,0x32D,P3
2026-06-02T21:28:32.487+02:00,3,IR_BARRIER,BARRIER_EVENT,barrier=1,0x27D,P2
2026-06-02T21:28:34.005+02:00,4,IR_BARRIER,BARRIER_EVENT,barrier=1,0x27D,P2
2026-06-02T21:29:27.672+02:00,3,NOSEPOKE,BEAM_EVENT,beam=1,0x23D,P2
2026-06-02T21:29:27.715+02:00,3,SCREEN_LEFT,DISPLAY_PATTERN,pattern_id=3,0x148,P1
2026-06-02T21:29:27.720+02:00,3,SCREEN_RIGHT,DISPLAY_PATTERN,pattern_id=7,0x158,P1
2026-06-02T21:29:34.295+02:00,3,SCREEN_RIGHT,TOUCH_EVENT,touch=1,0x25D,P2
2026-06-02T21:31:06.460+02:00,3,NOSEPOKE,BEAM_EVENT,beam=1,0x23D,P2
2026-06-02T21:31:06.546+02:00,3,SCREEN_LEFT,DISPLAY_PATTERN,pattern_id=3,0x148,P1
2026-06-02T21:31:06.551+02:00,3,SCREEN_RIGHT,DISPLAY_PATTERN,pattern_id=7,0x158,P1
2026-06-02T21:31:09.136+02:00,3,SCREEN_RIGHT,TOUCH_EVENT,touch=1,0x25D,P2
2026-06-02T21:32:03.610+02:00,2,NOSEPOKE,BEAM_EVENT,beam=1,0x23D,P2
2026-06-02T21:32:03.659+02:00,2,SCREEN_LEFT,DISPLAY_PATTERN,pattern_id=7,0x148,P1
2026-06-02T21:32:03.664+02:00,2,SCREEN_RIGHT,DISPLAY_PATTERN,pattern_id=3,0x158,P1
2026-06-02T21:32:07.289+02:00,2,SCREEN_RIGHT,TOUCH_EVENT,touch=1,0x25D,P2
2026-06-02T21:32:07.319+02:00,2,FEEDER,REQUEST_REWARD,,0x129,P1
2026-06-02T21:32:07.949+02:00,2,FEEDER,REWARD_DELIVERED,,0x32D,P3
2026-06-02T21:32:11.419+02:00,2,IR_BARRIER,BARRIER_EVENT,barrier=1,0x27D,P2
2026-06-02T21:33:21.112+02:00,4,NOSEPOKE,BEAM_EVENT,beam=1,0x23D,P2
2026-06-02T21:33:21.196+02:00,4,SCREEN_LEFT,DISPLAY_PATTERN,pattern_id=7,0x148,P1
2026-06-02T21:33:21.201+02:00,4,SCREEN_RIGHT,DISPLAY_PATTERN,pattern_id=3,0x158,P1
2026-06-02T21:33:26.376+02:00,4,SCREEN_RIGHT,TOUCH_EVENT,touch=1,0x25D,P2
2026-06-02T21:33:26.406+02:00,4,FEEDER,REQUEST_REWARD,,0x129,P1
2026-06-02T21:33:26.958+02:00,4,FEEDER,REWARD_DELIVERED,,0x32D,P3
2026-06-02T21:33:29.176+02:00,4,IR_BARRIER,BARRIER_EVENT,barrier=1,0x27D,P2
2026-06-02T21:33:58.584+02:00,1,NOSEPOKE,BEAM_EVENT,beam=1,0x23D,P2
2026-06-02T21:33:58.661+02:00,1,SCREEN_LEFT,DISPLAY_PATTERN,pattern_id=3,0x148,P1
2026-06-02T21:33:58.666+02:00,1,SCREEN_RIGHT,DISPLAY_PATTERN,pattern_id=7,0x158,P1
2026-06-02T21:34:02.711+02:00,1,SCREEN_LEFT,TOUCH_EVENT,touch=1,0x24D,P2
2026-06-02T21:34:02.741+02:00,1,FEEDER,REQUEST_REWARD,,0x129,P1
2026-06-02T21:34:03.061+02:00,1,FEEDER,REWARD_DELIVERED,,0x32D,P3
2026-06-02T21:34:05.131+02:00,1,IR_BARRIER,BARRIER_EVENT,barrier=1,0x27D,P2
2026-06-02T21:34:52.526+02:00,3,NOSEPOKE,BEAM_EVENT,beam=1,0x23D,P2
2026-06-02T21:34:52.579+02:00,3,SCREEN_LEFT,DISPLAY_PATTERN,pattern_id=3,0x148,P1
2026-06-02T21:34:52.584+02:00,3,SCREEN_RIGHT,DISPLAY_PATTERN,pattern_id=7,0x158,P1
2026-06-02T21:34:55.679+02:00,3,SCREEN_RIGHT,TOUCH_EVENT,touch=1,0x25D,P2
2026-06-02T21:34:57.646+02:00,1,NOSEPOKE,BEAM_EVENT,beam=1,0x23D,P2
2026-06-02T21:34:57.726+02:00,1,SCREEN_LEFT,DISPLAY_PATTERN,pattern_id=3,0x148,P1
2026-06-02T21:34:57.731+02:00,1,SCREEN_RIGHT,DISPLAY_PATTERN,pattern_id=7,0x158,P1
2026-06-02T21:35:03.536+02:00,1,SCREEN_LEFT,TOUCH_EVENT,touch=1,0x24D,P2
2026-06-02T21:35:03.566+02:00,1,FEEDER,REQUEST_REWARD,,0x129,P1
2026-06-02T21:35:04.078+02:00,1,FEEDER,REWARD_DELIVERED,,0x32D,P3
2026-06-02T21:35:09.336+02:00,1,IR_BARRIER,BARRIER_EVENT,barrier=1,0x27D,P2
2026-06-02T21:36:47.348+02:00,2,NOSEPOKE,BEAM_EVENT,beam=1,0x23D,P2
2026-06-02T21:36:47.417+02:00,2,SCREEN_LEFT,DISPLAY_PATTERN,pattern_id=7,0x148,P1
2026-06-02T21:36:47.422+02:00,2,SCREEN_RIGHT,DISPLAY_PATTERN,pattern_id=3,0x158,P1
2026-06-02T21:36:51.397+02:00,2,SCREEN_RIGHT,TOUCH_EVENT,touch=1,0x25D,P2
2026-06-02T21:36:51.427+02:00,2,FEEDER,REQUEST_REWARD,,0x129,P1
2026-06-02T21:36:51.852+02:00,2,FEEDER,REWARD_DELIVERED,,0x32D,P3
2026-06-02T21:36:57.187+02:00,2,IR_BARRIER,BARRIER_EVENT,barrier=1,0x27D,P2
2026-06-02T21:38:03.861+02:00,3,NOSEPOKE,BEAM_EVENT,beam=1,0x23D,P2
2026-06-02T21:38:03.908+02:00,3,SCREEN_LEFT,DISPLAY_PATTERN,pattern_id=3,0x148,P1
2026-06-02T21:38:03.913+02:00,3,SCREEN_RIGHT,DISPLAY_PATTERN,pattern_id=7,0x158,P1
2026-06-02T21:38:07.868+02:00,3,SCREEN_LEFT,TOUCH_EVENT,touch=1,0x24D,P2
2026-06-02T21:38:07.898+02:00,3,FEEDER,REQUEST_REWARD,,0x129,P1
2026-06-02T21:38:08.423+02:00,3,FEEDER,REWARD_DELIVERED,,0x32D,P3
2026-06-02T21:38:11.338+02:00,3,IR_BARRIER,BARRIER_EVENT,barrier=1,0x27D,P2
2026-06-02T21:38:23.272+02:00,4,NOSEPOKE,BEAM_EVENT,beam=1,0x23D,P2
2026-06-02T21:38:23.333+02:00,4,SCREEN_LEFT,DISPLAY_PATTERN,pattern_id=7,0x148,P1
2026-06-02T21:38:23.338+02:00,4,SCREEN_RIGHT,DISPLAY_PATTERN,pattern_id=3,0x158,P1
2026-06-02T21:38:28.723+02:00,4,SCREEN_RIGHT,TOUCH_EVENT,touch=1,0x25D,P2
2026-06-02T21:38:28.753+02:00,4,FEEDER,REQUEST_REWARD,,0x129,P1
2026-06-02T21:38:29.089+02:00,4,FEEDER,REWARD_DELIVERED,,0x32D,P3
2026-06-02T21:38:32.353+02:00,4,IR_BARRIER,BARRIER_EVENT,barrier=1,0x27D,P2
2026-06-02T21:38:40.986+02:00,1,NOSEPOKE,BEAM_EVENT,beam=1,0x23D,P2
2026-06-02T21:38:41.067+02:00,1,SCREEN_LEFT,DISPLAY_PATTERN,pattern_id=3,0x148,P1
2026-06-02T21:38:41.072+02:00,1,SCREEN_RIGHT,DISPLAY_PATTERN,pattern_id=7,0x158,P1
2026-06-02T21:38:44.167+02:00,1,SCREEN_LEFT,TOUCH_EVENT,touch=1,0x24D,P2
2026-06-02T21:38:44.197+02:00,1,FEEDER,REQUEST_REWARD,,0x129,P1
2026-06-02T21:38:44.786+02:00,1,FEEDER,REWARD_DELIVERED,,0x32D,P3
2026-06-02T21:38:45.537+02:00,1,IR_BARRIER,BARRIER_EVENT,barrier=1,0x27D,P2
2026-06-02T21:39:48.313+02:00,3,NOSEPOKE,BEAM_EVENT,beam=1,0x23D,P2
2026-06-02T21:39:48.393+02:00,3,SCREEN_LEFT,DISPLAY_PATTERN,pattern_id=3,0x148,P1
2026-06-02T21:39:48.398+02:00,3,SCREEN_RIGHT,DISPLAY_PATTERN,pattern_id=7,0x158,P1
2026-06-02T21:39:51.883+02:00,3,SCREEN_RIGHT,TOUCH_EVENT,touch=1,0x25D,P2
2026-06-02T21:42:33.591+02:00,2,NOSEPOKE,BEAM_EVENT,beam=1,0x23D,P2
2026-06-02T21:42:33.676+02:00,2,SCREEN_LEFT,DISPLAY_PATTERN,pattern_id=7,0x148,P1
2026-06-02T21:42:33.681+02:00,2,SCREEN_RIGHT,DISPLAY_PATTERN,pattern_id=3,0x158,P1
2026-06-02T21:42:35.976+02:00,2,SCREEN_RIGHT,TOUCH_EVENT,touch=1,0x25D,P2
2026-06-02T21:42:36.006+02:00,2,FEEDER,REQUEST_REWARD,,0x129,P1
2026-06-02T21:42:36.672+02:00,2,FEEDER,REWARD_DELIVERED,,0x32D,P3
2026-06-02T21:42:41.826+02:00,2,IR_BARRIER,BARRIER_EVENT,barrier=1,0x27D,P2
2026-06-02T21:43:59.978+02:00,1,NOSEPOKE,BEAM_EVENT,beam=1,0x23D,P2
2026-06-02T21:44:00.019+02:00,1,SCREEN_LEFT,DISPLAY_PATTERN,pattern_id=3,0x148,P1
2026-06-02T21:44:00.024+02:00,1,SCREEN_RIGHT,DISPLAY_PATTERN,pattern_id=7,0x158,P1
2026-06-02T21:44:03.979+02:00,1,SCREEN_RIGHT,TOUCH_EVENT,touch=1,0x25D,P2
2026-06-02T21:44:37.736+02:00,3,NOSEPOKE,BEAM_EVENT,beam=1,0x23D,P2
2026-06-02T21:44:37.797+02:00,3,SCREEN_LEFT,DISPLAY_PATTERN,pattern_id=3,0x148,P1
2026-06-02T21:44:37.802+02:00,3,SCREEN_RIGHT,DISPLAY_PATTERN,pattern_id=7,0x158,P1
2026-06-02T21:44:43.957+02:00,3,SCREEN_LEFT,TOUCH_EVENT,touch=1,0x24D,P2
2026-06-02T21:44:43.987+02:00,3,FEEDER,REQUEST_REWARD,,0x129,P1
2026-06-02T21:44:44.363+02:00,3,FEEDER,REWARD_DELIVERED,,0x32D,P3
2026-06-02T21:44:49.027+02:00,3,IR_BARRIER,BARRIER_EVENT,barrier=1,0x27D,P2
2026-06-02T21:45:02.453+02:00,4,NOSEPOKE,BEAM_EVENT,beam=1,0x23D,P2
2026-06-02T21:45:02.521+02:00,4,SCREEN_LEFT,DISPLAY_PATTERN,pattern_id=7,0x148,P1
2026-06-02T21:45:02.526+02:00,4,SCREEN_RIGHT,DISPLAY_PATTERN,pattern_id=3,0x158,P1
2026-06-02T21:45:05.291+02:00,4,SCREEN_RIGHT,TOUCH_EVENT,touch=1,0x25D,P2
2026-06-02T21:45:05.321+02:00,4,FEEDER,REQUEST_REWARD,,0x129,P1
2026-06-02T21:45:05.713+02:00,4,FEEDER,REWARD_DELIVERED,,0x32D,P3
2026-06-02T21:45:07.951+02:00,4,IR_BARRIER,BARRIER_EVENT,barrier=1,0x27D,P2
2026-06-02T21:45:10.194+02:00,2,NOSEPOKE,BEAM_EVENT,beam=1,0x23D,P2
2026-06-02T21:45:10.271+02:00,2,SCREEN_LEFT,DISPLAY_PATTERN,pattern_id=7,0x148,P1
2026-06-02T21:45:10.276+02:00,2,SCREEN_RIGHT,DISPLAY_PATTERN,pattern_id=3,0x158,P1
2026-06-02T21:45:12.041+02:00,2,SCREEN_RIGHT,TOUCH_EVENT,touch=1,0x25D,P2
2026-06-02T21:45:12.071+02:00,2,FEEDER,REQUEST_REWARD,,0x129,P1
2026-06-02T21:45:12.545+02:00,2,FEEDER,REWARD_DELIVERED,,0x32D,P3
2026-06-02T21:45:14.951+02:00,2,IR_BARRIER,BARRIER_EVENT,barrier=1,0x27D,P2
2026-06-02T21:45:20.164+02:00,3,NOSEPOKE,BEAM_EVENT,beam=1,0x23D,P2
2026-06-02T21:45:20.239+02:00,3,SCREEN_LEFT,DISPLAY_PATTERN,pattern_id=3,0x148,P1
2026-06-02T21:45:20.244+02:00,3,SCREEN_RIGHT,DISPLAY_PATTERN,pattern_id=7,0x158,P1
2026-06-02T21:45:24.619+02:00,3,SCREEN_LEFT,TOUCH_EVENT,touch=1,0x24D,P2
2026-06-02T21:45:24.649+02:00,3,FEEDER,REQUEST_REWARD,,0x129,P1
2026-06-02T21:45:25.262+02:00,3,FEEDER,REWARD_DELIVERED,,0x32D,P3
2026-06-02T21:45:29.099+02:00,3,IR_BARRIER,BARRIER_EVENT,barrier=1,0x27D,P2
2026-06-02T21:47:39.187+02:00,4,NOSEPOKE,BEAM_EVENT,beam=1,0x23D,P2
2026-06-02T21:47:39.253+02:00,4,SCREEN_LEFT,DISPLAY_PATTERN,pattern_id=7,0x148,P1
2026-06-02T21:47:39.258+02:00,4,SCREEN_RIGHT,DISPLAY_PATTERN,pattern_id=3,0x158,P1
2026-06-02T21:47:40.683+02:00,4,SCREEN_LEFT,TOUCH_EVENT,touch=1,0x24D,P2
2026-06-02T21:49:18.451+02:00,1,NOSEPOKE,BEAM_EVENT,beam=1,0x23D,P2
2026-06-02T21:49:18.534+02:00,1,SCREEN_LEFT,DISPLAY_PATTERN,pattern_id=3,0x148,P1
2026-06-02T21:49:18.539+02:00,1,SCREEN_RIGHT,DISPLAY_PATTERN,pattern_id=7,0x158,P1
2026-06-02T21:49:24.574+02:00,1,SCREEN_LEFT,TOUCH_EVENT,touch=1,0x24D,P2
2026-06-02T21:49:24.604+02:00,1,FEEDER,REQUEST_REWARD,,0x129,P1
2026-06-02T21:49:24.881+02:00,1,FEEDER,REWARD_DELIVERED,,0x32D,P3
2026-06-02T21:49:26.584+02:00,1,IR_BARRIER,BARRIER_EVENT,barrier=1,0x27D,P2
2026-06-02T21:50:56.607+02:00,4,NOSEPOKE,BEAM_EVENT,beam=1,0x23D,P2
2026-06-02T21:50:56.667+02:00,4,SCREEN_LEFT,DISPLAY_PATTERN,pattern_id=7,0x148,P1
2026-06-02T21:50:56.672+02:00,4,SCREEN_RIGHT,DISPLAY_PATTERN,pattern_id=3,0x158,P1
2026-06-02T21:51:03.257+02:00,4,SCREEN_RIGHT,TOUCH_EVENT,touch=1,0x25D,P2
2026-06-02T21:51:03.287+02:00,4,FEEDER,REQUEST_REWARD,,0x129,P1
2026-06-02T21:51:03.578+02:00,4,FEEDER,REWARD_DELIVERED,,0x32D,P3
2026-06-02T21:51:05.247+02:00,4,IR_BARRIER,BARRIER_EVENT,barrier=1,0x27D,P2
2026-06-02T21:51:51.524+02:00,2,NOSEPOKE,BEAM_EVENT,beam=1,0x23D,P2
2026-06-02T21:51:51.598+02:00,2,SCREEN_LEFT,DISPLAY_PATTERN,pattern_id=7,0x148,P1
2026-06-02T21:51:51.603+02:00,2,SCREEN_RIGHT,DISPLAY_PATTERN,pattern_id=3,0x158,P1
2026-06-02T21:51:52.448+02:00,2,SCREEN_LEFT,TOUCH_EVENT,touch=1,0x24D,P2
2026-06-02T21:52:40.238+02:00,3,NOSEPOKE,BEAM_EVENT,beam=1,0x23D,P2
2026-06-02T21:52:40.320+02:00,3,SCREEN_LEFT,DISPLAY_PATTERN,pattern_id=3,0x148,P1
2026-06-02T21:52:40.325+02:00,3,SCREEN_RIGHT,DISPLAY_PATTERN,pattern_id=7,0x158,P1
2026-06-02T21:52:42.670+02:00,3,SCREEN_LEFT,TOUCH_EVENT,touch=1,0x24D,P2
2026-06-02T21:52:42.700+02:00,3,FEEDER,REQUEST_REWARD,,0x129,P1
2026-06-02T21:52:42.992+02:00,3,FEEDER,REWARD_DELIVERED,,0x32D,P3
2026-06-02T21:52:46.210+02:00,3,IR_BARRIER,BARRIER_EVENT,barrier=1,0x27D,P2
2026-06-02T21:54:32.198+02:00,1,NOSEPOKE,BEAM_EVENT,beam=1,0x23D,P2
2026-06-02T21:54:32.275+02:00,1,SCREEN_LEFT,DISPLAY_PATTERN,pattern_id=3,0x148,P1
2026-06-02T21:54:32.280+02:00,1,SCREEN_RIGHT,DISPLAY_PATTERN,pattern_id=7,0x158,P1
2026-06-02T21:54:34.005+02:00,1,SCREEN_RIGHT,TOUCH_EVENT,touch=1,0x25D,P2
2026-06-02T21:55:29.964+02:00,1,NOSEPOKE,BEAM_EVENT,beam=1,0x23D,P2
2026-06-02T21:55:30.054+02:00,1,SCREEN_LEFT,DISPLAY_PATTERN,pattern_id=3,0x148,P1
2026-06-02T21:55:30.059+02:00,1,SCREEN_RIGHT,DISPLAY_PATTERN,pattern_id=7,0x158,P1
2026-06-02T21:55:35.124+02:00,1,SCREEN_LEFT,TOUCH_EVENT,touch=1,0x24D,P2
2026-06-02T21:55:35.154+02:00,1,FEEDER,REQUEST_REWARD,,0x129,P1
2026-06-02T21:55:35.813+02:00,1,FEEDER,REWARD_DELIVERED,,0x32D,P3
2026-06-02T21:55:40.334+02:00,1,IR_BARRIER,BARRIER_EVENT,barrier=1,0x27D,P2
2026-06-02T21:56:09.241+02:00,3,NOSEPOKE,BEAM_EVENT,beam=1,0x23D,P2
2026-06-02T21:56:09.315+02:00,3,SCREEN_LEFT,DISPLAY_PATTERN,pattern_id=3,0x148,P1
2026-06-02T21:56:09.320+02:00,3,SCREEN_RIGHT,DISPLAY_PATTERN,pattern_id=7,0x158,P1
2026-06-02T21:56:13.155+02:00,3,SCREEN_LEFT,TOUCH_EVENT,touch=1,0x24D,P2
2026-06-02T21:56:13.185+02:00,3,FEEDER,REQUEST_REWARD,,0x129,P1
2026-06-02T21:56:13.551+02:00,3,FEEDER,REWARD_DELIVERED,,0x32D,P3
2026-06-02T21:56:15.375+02:00,3,IR_BARRIER,BARRIER_EVENT,barrier=1,0x27D,P2
2026-06-02T21:56:34.594+02:00,4,NOSEPOKE,BEAM_EVENT,beam=1,0x23D,P2
2026-06-02T21:56:34.680+02:00,4,SCREEN_LEFT,DISPLAY_PATTERN,pattern_id=7,0x148,P1
2026-06-02T21:56:34.685+02:00,4,SCREEN_RIGHT,DISPLAY_PATTERN,pattern_id=3,0x158,P1
2026-06-02T21:56:40.070+02:00,4,SCREEN_RIGHT,TOUCH_EVENT,touch=1,0x25D,P2
2026-06-02T21:56:40.100+02:00,4,FEEDER,REQUEST_REWARD,,0x129,P1
2026-06-02T21:56:40.550+02:00,4,FEEDER,REWARD_DELIVERED,,0x32D,P3
2026-06-02T21:56:45.280+02:00,4,IR_BARRIER,BARRIER_EVENT,barrier=1,0x27D,P2
2026-06-02T21:56:46.486+02:00,2,NOSEPOKE,BEAM_EVENT,beam=1,0x23D,P2
2026-06-02T21:56:46.561+02:00,2,SCREEN_LEFT,DISPLAY_PATTERN,pattern_id=7,0x148,P1
2026-06-02T21:56:46.566+02:00,2,SCREEN_RIGHT,DISPLAY_PATTERN,pattern_id=3,0x158,P1
2026-06-02T21:56:50.201+02:00,2,SCREEN_RIGHT,TOUCH_EVENT,touch=1,0x25D,P2
2026-06-02T21:56:50.231+02:00,2,FEEDER,REQUEST_REWARD,,0x129,P1
2026-06-02T21:56:50.760+02:00,2,FEEDER,REWARD_DELIVERED,,0x32D,P3
2026-06-02T21:56:55.941+02:00,2,IR_BARRIER,BARRIER_EVENT,barrier=1,0x27D,P2
2026-06-02T21:57:50.648+02:00,3,NOSEPOKE,BEAM_EVENT,beam=1,0x23D,P2
2026-06-02T21:57:50.709+02:00,3,SCREEN_LEFT,DISPLAY_PATTERN,pattern_id=3,0x148,P1
2026-06-02T21:57:50.714+02:00,3,SCREEN_RIGHT,DISPLAY_PATTERN,pattern_id=7,0x158,P1
2026-06-02T21:57:54.129+02:00,3,SCREEN_RIGHT,TOUCH_EVENT,touch=1,0x25D,P2
2026-06-02T21:57:58.899+02:00,2,NOSEPOKE,BEAM_EVENT,beam=1,0x23D,P2
2026-06-02T21:57:58.947+02:00,2,SCREEN_LEFT,DISPLAY_PATTERN,pattern_id=7,0x148,P1
2026-06-02T21:57:58.952+02:00,2,SCREEN_RIGHT,DISPLAY_PATTERN,pattern_id=3,0x158,P1
2026-06-02T21:58:02.037+02:00,2,SCREEN_RIGHT,TOUCH_EVENT,touch=1,0x25D,P2
2026-06-02T21:58:02.067+02:00,2,FEEDER,REQUEST_REWARD,,0x129,P1
2026-06-02T21:58:02.455+02:00,2,FEEDER,REWARD_DELIVERED,,0x32D,P3
2026-06-02T21:58:04.767+02:00,2,IR_BARRIER,BARRIER_EVENT,barrier=1,0x27D,P2
2026-06-02T22:01:40.108+02:00,4,NOSEPOKE,BEAM_EVENT,beam=1,0x23D,P2
2026-06-02T22:01:40.179+02:00,4,SCREEN_LEFT,DISPLAY_PATTERN,pattern_id=7,0x148,P1
2026-06-02T22:01:40.184+02:00,4,SCREEN_RIGHT,DISPLAY_PATTERN,pattern_id=3,0x158,P1
2026-06-02T22:01:42.709+02:00,4,SCREEN_RIGHT,TOUCH_EVENT,touch=1,0x25D,P2
2026-06-02T22:01:42.739+02:00,4,FEEDER,REQUEST_REWARD,,0x129,P1
2026-06-02T22:01:43.019+02:00,4,FEEDER,REWARD_DELIVERED,,0x32D,P3
2026-06-02T22:01:48.469+02:00,4,IR_BARRIER,BARRIER_EVENT,barrier=1,0x27D,P2
2026-06-02T22:02:22.456+02:00,1,NOSEPOKE,BEAM_EVENT,beam=1,0x23D,P2
2026-06-02T22:02:22.530+02:00,1,SCREEN_LEFT,DISPLAY_PATTERN,pattern_id=3,0x148,P1
2026-06-02T22:02:22.535+02:00,1,SCREEN_RIGHT,DISPLAY_PATTERN,pattern_id=7,0x158,P1
2026-06-02T22:02:28.710+02:00,1,SCREEN_LEFT,TOUCH_EVENT,touch=1,0x24D,P2
2026-06-02T22:02:28.740+02:00,1,FEEDER,REQUEST_REWARD,,0x129,P1
2026-06-02T22:02:29.261+02:00,1,FEEDER,REWARD_DELIVERED,,0x32D,P3
2026-06-02T22:02:31.740+02:00,1,IR_BARRIER,BARRIER_EVENT,barrier=1,0x27D,P2
2026-06-02T22:03:12.917+02:00,1,NOSEPOKE,BEAM_EVENT,beam=1,0x23D,P2
2026-06-02T22:03:13.003+02:00,1,SCREEN_LEFT,DISPLAY_PATTERN,pattern_id=3,0x148,P1
2026-06-02T22:03:13.008+02:00,1,SCREEN_RIGHT,DISPLAY_PATTERN,pattern_id=7,0x158,P1
2026-06-02T22:03:15.303+02:00,1,SCREEN_LEFT,TOUCH_EVENT,touch=1,0x24D,P2
2026-06-02T22:03:15.333+02:00,1,FEEDER,REQUEST_REWARD,,0x129,P1
2026-06-02T22:03:15.973+02:00,1,FEEDER,REWARD_DELIVERED,,0x32D,P3
2026-06-02T22:03:16.973+02:00,1,IR_BARRIER,BARRIER_EVENT,barrier=1,0x27D,P2
2026-06-02T22:03:55.498+02:00,4,NOSEPOKE,BEAM_EVENT,beam=1,0x23D,P2
2026-06-02T22:03:55.564+02:00,4,SCREEN_LEFT,DISPLAY_PATTERN,pattern_id=7,0x148,P1
2026-06-02T22:03:55.569+02:00,4,SCREEN_RIGHT,DISPLAY_PATTERN,pattern_id=3,0x158,P1
2026-06-02T22:03:59.364+02:00,4,SCREEN_RIGHT,TOUCH_EVENT,touch=1,0x25D,P2
2026-06-02T22:03:59.394+02:00,4,FEEDER,REQUEST_REWARD,,0x129,P1
2026-06-02T22:03:59.908+02:00,4,FEEDER,REWARD_DELIVERED,,0x32D,P3
2026-06-02T22:04:00.884+02:00,4,IR_BARRIER,BARRIER_EVENT,barrier=1,0x27D,P2
2026-06-02T22:04:04.266+02:00,3,NOSEPOKE,BEAM_EVENT,beam=1,0x23D,P2
2026-06-02T22:04:04.354+02:00,3,SCREEN_LEFT,DISPLAY_PATTERN,pattern_id=3,0x148,P1
2026-06-02T22:04:04.359+02:00,3,SCREEN_RIGHT,DISPLAY_PATTERN,pattern_id=7,0x158,P1
2026-06-02T22:04:06.854+02:00,3,SCREEN_LEFT,TOUCH_EVENT,touch=1,0x24D,P2
2026-06-02T22:04:06.884+02:00,3,FEEDER,REQUEST_REWARD,,0x129,P1
2026-06-02T22:04:07.549+02:00,3,FEEDER,REWARD_DELIVERED,,0x32D,P3
2026-06-02T22:04:08.324+02:00,3,IR_BARRIER,BARRIER_EVENT,barrier=1,0x27D,P2
2026-06-02T22:04:10.390+02:00,2,NOSEPOKE,BEAM_EVENT,beam=1,0x23D,P2
2026-06-02T22:04:10.436+02:00,2,SCREEN_LEFT,DISPLAY_PATTERN,pattern_id=7,0x148,P1
2026-06-02T22:04:10.441+02:00,2,SCREEN_RIGHT,DISPLAY_PATTERN,pattern_id=3,0x158,P1
2026-06-02T22:04:13.436+02:00,2,SCREEN_LEFT,TOUCH_EVENT,touch=1,0x24D,P2
2026-06-02T22:05:03.961+02:00,2,NOSEPOKE,BEAM_EVENT,beam=1,0x23D,P2
2026-06-02T22:05:04.025+02:00,2,SCREEN_LEFT,DISPLAY_PATTERN,pattern_id=7,0x148,P1
2026-06-02T22:05:04.030+02:00,2,SCREEN_RIGHT,DISPLAY_PATTERN,pattern_id=3,0x158,P1
2026-06-02T22:05:08.145+02:00,2,SCREEN_LEFT,TOUCH_EVENT,touch=1,0x24D,P2
2026-06-02T22:06:36.051+02:00,4,NOSEPOKE,BEAM_EVENT,beam=1,0x23D,P2
2026-06-02T22:06:36.115+02:00,4,SCREEN_LEFT,DISPLAY_PATTERN,pattern_id=7,0x148,P1
2026-06-02T22:06:36.120+02:00,4,SCREEN_RIGHT,DISPLAY_PATTERN,pattern_id=3,0x158,P1
2026-06-02T22:06:39.735+02:00,4,SCREEN_RIGHT,TOUCH_EVENT,touch=1,0x25D,P2
2026-06-02T22:06:39.765+02:00,4,FEEDER,REQUEST_REWARD,,0x129,P1
2026-06-02T22:06:40.194+02:00,4,FEEDER,REWARD_DELIVERED,,0x32D,P3
2026-06-02T22:06:45.695+02:00,4,IR_BARRIER,BARRIER_EVENT,barrier=1,0x27D,P2
2026-06-02T22:06:58.415+02:00,1,NOSEPOKE,BEAM_EVENT,beam=1,0x23D,P2
2026-06-02T22:06:58.480+02:00,1,SCREEN_LEFT,DISPLAY_PATTERN,pattern_id=3,0x148,P1
2026-06-02T22:06:58.485+02:00,1,SCREEN_RIGHT,DISPLAY_PATTERN,pattern_id=7,0x158,P1
2026-06-02T22:06:59.180+02:00,1,SCREEN_LEFT,TOUCH_EVENT,touch=1,0x24D,P2
2026-06-02T22:06:59.210+02:00,1,FEEDER,REQUEST_REWARD,,0x129,P1
2026-06-02T22:06:59.552+02:00,1,FEEDER,REWARD_DELIVERED,,0x32D,P3
2026-06-02T22:07:04.880+02:00,1,IR_BARRIER,BARRIER_EVENT,barrier=1,0x27D,P2
2026-06-02T22:07:17.231+02:00,2,NOSEPOKE,BEAM_EVENT,beam=1,0x23D,P2
2026-06-02T22:07:17.315+02:00,2,SCREEN_LEFT,DISPLAY_PATTERN,pattern_id=7,0x148,P1
2026-06-02T22:07:17.320+02:00,2,SCREEN_RIGHT,DISPLAY_PATTERN,pattern_id=3,0x158,P1
2026-06-02T22:07:20.215+02:00,2,SCREEN_LEFT,TOUCH_EVENT,touch=1,0x24D,P2
2026-06-02T22:09:03.125+02:00,1,NOSEPOKE,BEAM_EVENT,beam=1,0x23D,P2
2026-06-02T22:09:03.199+02:00,1,SCREEN_LEFT,DISPLAY_PATTERN,pattern_id=3,0x148,P1
2026-06-02T22:09:03.204+02:00,1,SCREEN_RIGHT,DISPLAY_PATTERN,pattern_id=7,0x158,P1
2026-06-02T22:09:03.939+02:00,1,SCREEN_LEFT,TOUCH_EVENT,touch=1,0x24D,P2
2026-06-02T22:09:03.969+02:00,1,FEEDER,REQUEST_REWARD,,0x129,P1
2026-06-02T22:09:04.424+02:00,1,FEEDER,REWARD_DELIVERED,,0x32D,P3
2026-06-02T22:09:06.239+02:00,1,IR_BARRIER,BARRIER_EVENT,barrier=1,0x27D,P2
2026-06-02T22:09:42.956+02:00,3,NOSEPOKE,BEAM_EVENT,beam=1,0x23D,P2
2026-06-02T22:09:43.031+02:00,3,SCREEN_LEFT,DISPLAY_PATTERN,pattern_id=3,0x148,P1
2026-06-02T22:09:43.036+02:00,3,SCREEN_RIGHT,DISPLAY_PATTERN,pattern_id=7,0x158,P1
2026-06-02T22:09:43.841+02:00,3,SCREEN_LEFT,TOUCH_EVENT,touch=1,0x24D,P2
2026-06-02T22:09:43.871+02:00,3,FEEDER,REQUEST_REWARD,,0x129,P1
2026-06-02T22:09:44.438+02:00,3,FEEDER,REWARD_DELIVERED,,0x32D,P3
2026-06-02T22:09:47.151+02:00,3,IR_BARRIER,BARRIER_EVENT,barrier=1,0x27D,P2
2026-06-02T22:10:18.694+02:00,4,NOSEPOKE,BEAM_EVENT,beam=1,0x23D,P2
2026-06-02T22:10:18.779+02:00,4,SCREEN_LEFT,DISPLAY_PATTERN,pattern_id=7,0x148,P1
2026-06-02T22:10:18.784+02:00,4,SCREEN_RIGHT,DISPLAY_PATTERN,pattern_id=3,0x158,P1
2026-06-02T22:10:22.939+02:00,4,SCREEN_RIGHT,TOUCH_EVENT,touch=1,0x25D,P2
2026-06-02T22:10:22.969+02:00,4,FEEDER,REQUEST_REWARD,,0x129,P1
2026-06-02T22:10:23.536+02:00,4,FEEDER,REWARD_DELIVERED,,0x32D,P3
2026-06-02T22:10:24.419+02:00,4,IR_BARRIER,BARRIER_EVENT,barrier=1,0x27D,P2
2026-06-02T22:10:55.971+02:00,2,NOSEPOKE,BEAM_EVENT,beam=1,0x23D,P2
2026-06-02T22:10:56.017+02:00,2,SCREEN_LEFT,DISPLAY_PATTERN,pattern_id=7,0x148,P1
2026-06-02T22:10:56.022+02:00,2,SCREEN_RIGHT,DISPLAY_PATTERN,pattern_id=3,0x158,P1
2026-06-02T22:11:02.447+02:00,2,SCREEN_RIGHT,TOUCH_EVENT,touch=1,0x25D,P2
2026-06-02T22:11:02.477+02:00,2,FEEDER,REQUEST_REWARD,,0x129,P1
2026-06-02T22:11:03.027+02:00,2,FEEDER,REWARD_DELIVERED,,0x32D,P3
2026-06-02T22:11:06.267+02:00,2,IR_BARRIER,BARRIER_EVENT,barrier=1,0x27D,P2
2026-06-02T22:12:10.537+02:00,1,NOSEPOKE,BEAM_EVENT,beam=1,0x23D,P2
2026-06-02T22:12:10.602+02:00,1,SCREEN_LEFT,DISPLAY_PATTERN,pattern_id=3,0x148,P1
2026-06-02T22:12:10.607+02:00,1,SCREEN_RIGHT,DISPLAY_PATTERN,pattern_id=7,0x158,P1
2026-06-02T22:12:12.172+02:00,1,SCREEN_LEFT,TOUCH_EVENT,touch=1,0x24D,P2
2026-06-02T22:12:12.202+02:00,1,FEEDER,REQUEST_REWARD,,0x129,P1
2026-06-02T22:12:12.828+02:00,1,FEEDER,REWARD_DELIVERED,,0x32D,P3
2026-06-02T22:12:13.872+02:00,1,IR_BARRIER,BARRIER_EVENT,barrier=1,0x27D,P2
2026-06-02T22:12:19.542+02:00,2,NOSEPOKE,BEAM_EVENT,beam=1,0x23D,P2
2026-06-02T22:12:19.602+02:00,2,SCREEN_LEFT,DISPLAY_PATTERN,pattern_id=7,0x148,P1
2026-06-02T22:12:19.607+02:00,2,SCREEN_RIGHT,DISPLAY_PATTERN,pattern_id=3,0x158,P1
2026-06-02T22:12:24.142+02:00,2,SCREEN_LEFT,TOUCH_EVENT,touch=1,0x24D,P2
2026-06-02T22:13:02.138+02:00,2,NOSEPOKE,BEAM_EVENT,beam=1,0x23D,P2
2026-06-02T22:13:02.198+02:00,2,SCREEN_LEFT,DISPLAY_PATTERN,pattern_id=7,0x148,P1
2026-06-02T22:13:02.203+02:00,2,SCREEN_RIGHT,DISPLAY_PATTERN,pattern_id=3,0x158,P1
2026-06-02T22:13:05.498+02:00,2,SCREEN_LEFT,TOUCH_EVENT,touch=1,0x24D,P2
2026-06-02T22:13:55.506+02:00,1,NOSEPOKE,BEAM_EVENT,beam=1,0x23D,P2
2026-06-02T22:13:55.551+02:00,1,SCREEN_LEFT,DISPLAY_PATTERN,pattern_id=3,0x148,P1
2026-06-02T22:13:55.556+02:00,1,SCREEN_RIGHT,DISPLAY_PATTERN,pattern_id=7,0x158,P1
2026-06-02T22:13:59.531+02:00,1,SCREEN_LEFT,TOUCH_EVENT,touch=1,0x24D,P2
2026-06-02T22:13:59.561+02:00,1,FEEDER,REQUEST_REWARD,,0x129,P1
2026-06-02T22:13:59.872+02:00,1,FEEDER,REWARD_DELIVERED,,0x32D,P3
2026-06-02T22:14:00.771+02:00,1,IR_BARRIER,BARRIER_EVENT,barrier=1,0x27D,P2
2026-06-02T22:15:09.849+02:00,3,NOSEPOKE,BEAM_EVENT,beam=1,0x23D,P2
2026-06-02T22:15:09.907+02:00,3,SCREEN_LEFT,DISPLAY_PATTERN,pattern_id=3,0x148,P1
2026-06-02T22:15:09.912+02:00,3,SCREEN_RIGHT,DISPLAY_PATTERN,pattern_id=7,0x158,P1
2026-06-02T22:15:11.007+02:00,3,SCREEN_LEFT,TOUCH_EVENT,touch=1,0x24D,P2
2026-06-02T22:15:11.037+02:00,3,FEEDER,REQUEST_REWARD,,0x129,P1
2026-06-02T22:15:11.481+02:00,3,FEEDER,REWARD_DELIVERED,,0x32D,P3
2026-06-02T22:15:16.147+02:00,3,IR_BARRIER,BARRIER_EVENT,barrier=1,0x27D,P2
2026-06-02T22:16:20.049+02:00,1,NOSEPOKE,BEAM_EVENT,beam=1,0x23D,P2
2026-06-02T22:16:20.136+02:00,1,SCREEN_LEFT,DISPLAY_PATTERN,pattern_id=3,0x148,P1
2026-06-02T22:16:20.141+02:00,1,SCREEN_RIGHT,DISPLAY_PATTERN,pattern_id=7,0x158,P1
2026-06-02T22:16:22.396+02:00,1,SCREEN_LEFT,TOUCH_EVENT,touch=1,0x24D,P2
2026-06-02T22:16:22.426+02:00,1,FEEDER,REQUEST_REWARD,,0x129,P1
2026-06-02T22:16:22.709+02:00,1,FEEDER,REWARD_DELIVERED,,0x32D,P3
2026-06-02T22:16:23.836+02:00,1,IR_BARRIER,BARRIER_EVENT,barrier=1,0x27D,P2
2026-06-02T22:17:18.338+02:00,4,NOSEPOKE,BEAM_EVENT,beam=1,0x23D,P2
2026-06-02T22:17:18.412+02:00,4,SCREEN_LEFT,DISPLAY_PATTERN,pattern_id=7,0x148,P1
2026-06-02T22:17:18.417+02:00,4,SCREEN_RIGHT,DISPLAY_PATTERN,pattern_id=3,0x158,P1
2026-06-02T22:17:24.922+02:00,4,SCREEN_RIGHT,TOUCH_EVENT,touch=1,0x25D,P2
2026-06-02T22:17:24.952+02:00,4,FEEDER,REQUEST_REWARD,,0x129,P1
2026-06-02T22:17:25.476+02:00,4,FEEDER,REWARD_DELIVERED,,0x32D,P3
2026-06-02T22:17:29.302+02:00,4,IR_BARRIER,BARRIER_EVENT,barrier=1,0x27D,P2
2026-06-02T22:17:33.294+02:00,2,NOSEPOKE,BEAM_EVENT,beam=1,0x23D,P2
2026-06-02T22:17:33.335+02:00,2,SCREEN_LEFT,DISPLAY_PATTERN,pattern_id=7,0x148,P1
2026-06-02T22:17:33.340+02:00,2,SCREEN_RIGHT,DISPLAY_PATTERN,pattern_id=3,0x158,P1
2026-06-02T22:17:38.185+02:00,2,SCREEN_RIGHT,TOUCH_EVENT,touch=1,0x25D,P2
2026-06-02T22:17:38.215+02:00,2,FEEDER,REQUEST_REWARD,,0x129,P1
2026-06-02T22:17:38.528+02:00,2,FEEDER,REWARD_DELIVERED,,0x32D,P3
2026-06-02T22:17:42.685+02:00,2,IR_BARRIER,BARRIER_EVENT,barrier=1,0x27D,P2
2026-06-02T22:17:58.193+02:00,1,NOSEPOKE,BEAM_EVENT,beam=1,0x23D,P2
2026-06-02T22:17:58.239+02:00,1,SCREEN_LEFT,DISPLAY_PATTERN,pattern_id=3,0x148,P1
2026-06-02T22:17:58.244+02:00,1,SCREEN_RIGHT,DISPLAY_PATTERN,pattern_id=7,0x158,P1
2026-06-02T22:18:03.479+02:00,1,SCREEN_LEFT,TOUCH_EVENT,touch=1,0x24D,P2
2026-06-02T22:18:03.509+02:00,1,FEEDER,REQUEST_REWARD,,0x129,P1
2026-06-02T22:18:03.958+02:00,1,FEEDER,REWARD_DELIVERED,,0x32D,P3
2026-06-02T22:18:07.619+02:00,1,IR_BARRIER,BARRIER_EVENT,barrier=1,0x27D,P2
2026-06-02T22:19:18.197+02:00,3,NOSEPOKE,BEAM_EVENT,beam=1,0x23D,P2
2026-06-02T22:19:18.265+02:00,3,SCREEN_LEFT,DISPLAY_PATTERN,pattern_id=3,0x148,P1
2026-06-02T22:19:18.270+02:00,3,SCREEN_RIGHT,DISPLAY_PATTERN,pattern_id=7,0x158,P1
2026-06-02T22:19:21.955+02:00,3,SCREEN_LEFT,TOUCH_EVENT,touch=1,0x24D,P2
2026-06-02T22:19:21.985+02:00,3,FEEDER,REQUEST_REWARD,,0x129,P1
2026-06-02T22:19:22.475+02:00,3,FEEDER,REWARD_DELIVERED,,0x32D,P3
2026-06-02T22:19:26.835+02:00,3,IR_BARRIER,BARRIER_EVENT,barrier=1,0x27D,P2
2026-06-02T22:21:44.619+02:00,3,NOSEPOKE,BEAM_EVENT,beam=1,0x23D,P2
2026-06-02T22:21:44.686+02:00,3,SCREEN_LEFT,DISPLAY_PATTERN,pattern_id=3,0x148,P1
2026-06-02T22:21:44.691+02:00,3,SCREEN_RIGHT,DISPLAY_PATTERN,pattern_id=7,0x158,P1
2026-06-02T22:21:46.506+02:00,3,SCREEN_LEFT,TOUCH_EVENT,touch=1,0x24D,P2
2026-06-02T22:21:46.536+02:00,3,FEEDER,REQUEST_REWARD,,0x129,P1
2026-06-02T22:21:46.828+02:00,3,FEEDER,REWARD_DELIVERED,,0x32D,P3
2026-06-02T22:21:50.046+02:00,3,IR_BARRIER,BARRIER_EVENT,barrier=1,0x27D,P2
2026-06-02T22:22:19.192+02:00,1,NOSEPOKE,BEAM_EVENT,beam=1,0x23D,P2
2026-06-02T22:22:19.265+02:00,1,SCREEN_LEFT,DISPLAY_PATTERN,pattern_id=3,0x148,P1
2026-06-02T22:22:19.270+02:00,1,SCREEN_RIGHT,DISPLAY_PATTERN,pattern_id=7,0x158,P1
2026-06-02T22:22:21.561+02:00,2,NOSEPOKE,BEAM_EVENT,beam=1,0x23D,P2
2026-06-02T22:22:21.650+02:00,2,SCREEN_LEFT,DISPLAY_PATTERN,pattern_id=7,0x148,P1
2026-06-02T22:22:21.655+02:00,2,SCREEN_RIGHT,DISPLAY_PATTERN,pattern_id=3,0x158,P1
2026-06-02T22:22:25.255+02:00,1,SCREEN_RIGHT,TOUCH_EVENT,touch=1,0x25D,P2
2026-06-02T22:22:27.150+02:00,2,SCREEN_LEFT,TOUCH_EVENT,touch=1,0x24D,P2
2026-06-02T22:22:40.181+02:00,3,NOSEPOKE,BEAM_EVENT,beam=1,0x23D,P2
2026-06-02T22:22:40.261+02:00,3,SCREEN_LEFT,DISPLAY_PATTERN,pattern_id=3,0x148,P1
2026-06-02T22:22:40.266+02:00,3,SCREEN_RIGHT,DISPLAY_PATTERN,pattern_id=7,0x158,P1
2026-06-02T22:22:41.871+02:00,3,SCREEN_RIGHT,TOUCH_EVENT,touch=1,0x25D,P2
2026-06-02T22:23:18.882+02:00,4,NOSEPOKE,BEAM_EVENT,beam=1,0x23D,P2
2026-06-02T22:23:18.933+02:00,4,SCREEN_LEFT,DISPLAY_PATTERN,pattern_id=7,0x148,P1
2026-06-02T22:23:18.938+02:00,4,SCREEN_RIGHT,DISPLAY_PATTERN,pattern_id=3,0x158,P1
2026-06-02T22:23:20.663+02:00,4,SCREEN_RIGHT,TOUCH_EVENT,touch=1,0x25D,P2
2026-06-02T22:23:20.693+02:00,4,FEEDER,REQUEST_REWARD,,0x129,P1
2026-06-02T22:23:21.292+02:00,4,FEEDER,REWARD_DELIVERED,,0x32D,P3
2026-06-02T22:23:24.153+02:00,4,IR_BARRIER,BARRIER_EVENT,barrier=1,0x27D,P2
2026-06-02T22:27:05.573+02:00,4,NOSEPOKE,BEAM_EVENT,beam=1,0x23D,P2
2026-06-02T22:27:05.647+02:00,4,SCREEN_LEFT,DISPLAY_PATTERN,pattern_id=7,0x148,P1
2026-06-02T22:27:05.652+02:00,4,SCREEN_RIGHT,DISPLAY_PATTERN,pattern_id=3,0x158,P1
2026-06-02T22:27:06.407+02:00,4,SCREEN_RIGHT,TOUCH_EVENT,touch=1,0x25D,P2
2026-06-02T22:27:06.437+02:00,4,FEEDER,REQUEST_REWARD,,0x129,P1
2026-06-02T22:27:06.878+02:00,4,FEEDER,REWARD_DELIVERED,,0x32D,P3
2026-06-02T22:27:11.047+02:00,4,IR_BARRIER,BARRIER_EVENT,barrier=1,0x27D,P2
2026-06-02T22:27:19.846+02:00,3,NOSEPOKE,BEAM_EVENT,beam=1,0x23D,P2
2026-06-02T22:27:19.897+02:00,3,SCREEN_LEFT,DISPLAY_PATTERN,pattern_id=3,0x148,P1
2026-06-02T22:27:19.902+02:00,3,SCREEN_RIGHT,DISPLAY_PATTERN,pattern_id=7,0x158,P1
2026-06-02T22:27:21.427+02:00,3,SCREEN_LEFT,TOUCH_EVENT,touch=1,0x24D,P2
2026-06-02T22:27:21.457+02:00,3,FEEDER,REQUEST_REWARD,,0x129,P1
2026-06-02T22:27:21.699+02:00,2,NOSEPOKE,BEAM_EVENT,beam=1,0x23D,P2
2026-06-02T22:27:21.787+02:00,2,SCREEN_LEFT,DISPLAY_PATTERN,pattern_id=7,0x148,P1
2026-06-02T22:27:21.792+02:00,2,SCREEN_RIGHT,DISPLAY_PATTERN,pattern_id=3,0x158,P1
2026-06-02T22:27:22.017+02:00,3,FEEDER,REWARD_DELIVERED,,0x32D,P3
2026-06-02T22:27:26.137+02:00,3,IR_BARRIER,BARRIER_EVENT,barrier=1,0x27D,P2
2026-06-02T22:27:26.757+02:00,2,SCREEN_RIGHT,TOUCH_EVENT,touch=1,0x25D,P2
2026-06-02T22:27:26.787+02:00,2,FEEDER,REQUEST_REWARD,,0x129,P1
2026-06-02T22:27:27.435+02:00,2,FEEDER,REWARD_DELIVERED,,0x32D,P3
2026-06-02T22:27:29.287+02:00,2,IR_BARRIER,BARRIER_EVENT,barrier=1,0x27D,P2
2026-06-02T22:28:03.006+02:00,4,NOSEPOKE,BEAM_EVENT,beam=1,0x23D,P2
2026-06-02T22:28:03.082+02:00,4,SCREEN_LEFT,DISPLAY_PATTERN,pattern_id=7,0x148,P1
2026-06-02T22:28:03.087+02:00,4,SCREEN_RIGHT,DISPLAY_PATTERN,pattern_id=3,0x158,P1
2026-06-02T22:28:03.962+02:00,4,SCREEN_LEFT,TOUCH_EVENT,touch=1,0x24D,P2
2026-06-02T22:28:48.938+02:00,1,NOSEPOKE,BEAM_EVENT,beam=1,0x23D,P2
2026-06-02T22:28:48.991+02:00,1,SCREEN_LEFT,DISPLAY_PATTERN,pattern_id=3,0x148,P1
2026-06-02T22:28:48.996+02:00,1,SCREEN_RIGHT,DISPLAY_PATTERN,pattern_id=7,0x158,P1
2026-06-02T22:28:54.521+02:00,1,SCREEN_LEFT,TOUCH_EVENT,touch=1,0x24D,P2
2026-06-02T22:28:54.551+02:00,1,FEEDER,REQUEST_REWARD,,0x129,P1
2026-06-02T22:28:54.869+02:00,1,FEEDER,REWARD_DELIVERED,,0x32D,P3
2026-06-02T22:28:55.941+02:00,1,IR_BARRIER,BARRIER_EVENT,barrier=1,0x27D,P2
2026-06-02T22:32:34.968+02:00,2,NOSEPOKE,BEAM_EVENT,beam=1,0x23D,P2
2026-06-02T22:32:35.049+02:00,2,SCREEN_LEFT,DISPLAY_PATTERN,pattern_id=7,0x148,P1
2026-06-02T22:32:35.054+02:00,2,SCREEN_RIGHT,DISPLAY_PATTERN,pattern_id=3,0x158,P1
2026-06-02T22:32:40.399+02:00,2,SCREEN_RIGHT,TOUCH_EVENT,touch=1,0x25D,P2
2026-06-02T22:32:40.429+02:00,2,FEEDER,REQUEST_REWARD,,0x129,P1
2026-06-02T22:32:41.019+02:00,2,FEEDER,REWARD_DELIVERED,,0x32D,P3
2026-06-02T22:32:41.479+02:00,2,IR_BARRIER,BARRIER_EVENT,barrier=1,0x27D,P2
2026-06-02T22:32:46.244+02:00,1,NOSEPOKE,BEAM_EVENT,beam=1,0x23D,P2
2026-06-02T22:32:46.286+02:00,1,SCREEN_LEFT,DISPLAY_PATTERN,pattern_id=3,0x148,P1
2026-06-02T22:32:46.291+02:00,1,SCREEN_RIGHT,DISPLAY_PATTERN,pattern_id=7,0x158,P1
2026-06-02T22:32:50.816+02:00,1,SCREEN_LEFT,TOUCH_EVENT,touch=1,0x24D,P2
2026-06-02T22:32:50.846+02:00,1,FEEDER,REQUEST_REWARD,,0x129,P1
2026-06-02T22:32:51.395+02:00,1,FEEDER,REWARD_DELIVERED,,0x32D,P3
2026-06-02T22:32:56.566+02:00,1,IR_BARRIER,BARRIER_EVENT,barrier=1,0x27D,P2
2026-06-02T22:34:04.175+02:00,1,NOSEPOKE,BEAM_EVENT,beam=1,0x23D,P2
2026-06-02T22:34:04.254+02:00,1,SCREEN_LEFT,DISPLAY_PATTERN,pattern_id=3,0x148,P1
2026-06-02T22:34:04.259+02:00,1,SCREEN_RIGHT,DISPLAY_PATTERN,pattern_id=7,0x158,P1
2026-06-02T22:34:10.834+02:00,1,SCREEN_RIGHT,TOUCH_EVENT,touch=1,0x25D,P2
2026-06-02T22:34:39.018+02:00,4,NOSEPOKE,BEAM_EVENT,beam=1,0x23D,P2
2026-06-02T22:34:39.087+02:00,4,SCREEN_LEFT,DISPLAY_PATTERN,pattern_id=7,0x148,P1
2026-06-02T22:34:39.092+02:00,4,SCREEN_RIGHT,DISPLAY_PATTERN,pattern_id=3,0x158,P1
2026-06-02T22:34:42.297+02:00,4,SCREEN_LEFT,TOUCH_EVENT,touch=1,0x24D,P2
2026-06-02T22:34:49.000+02:00,3,NOSEPOKE,BEAM_EVENT,beam=1,0x23D,P2
2026-06-02T22:34:49.084+02:00,3,SCREEN_LEFT,DISPLAY_PATTERN,pattern_id=3,0x148,P1
2026-06-02T22:34:49.089+02:00,3,SCREEN_RIGHT,DISPLAY_PATTERN,pattern_id=7,0x158,P1
2026-06-02T22:34:52.204+02:00,3,SCREEN_LEFT,TOUCH_EVENT,touch=1,0x24D,P2
2026-06-02T22:34:52.234+02:00,3,FEEDER,REQUEST_REWARD,,0x129,P1
2026-06-02T22:34:52.636+02:00,3,FEEDER,REWARD_DELIVERED,,0x32D,P3
2026-06-02T22:34:57.614+02:00,3,IR_BARRIER,BARRIER_EVENT,barrier=1,0x27D,P2
2026-06-02T22:35:22.314+02:00,4,NOSEPOKE,BEAM_EVENT,beam=1,0x23D,P2
2026-06-02T22:35:22.367+02:00,4,SCREEN_LEFT,DISPLAY_PATTERN,pattern_id=7,0x148,P1
2026-06-02T22:35:22.372+02:00,4,SCREEN_RIGHT,DISPLAY_PATTERN,pattern_id=3,0x158,P1
2026-06-02T22:35:23.177+02:00,4,SCREEN_LEFT,TOUCH_EVENT,touch=1,0x24D,P2
2026-06-02T22:35:50.818+02:00,3,NOSEPOKE,BEAM_EVENT,beam=1,0x23D,P2
2026-06-02T22:35:50.904+02:00,3,SCREEN_LEFT,DISPLAY_PATTERN,pattern_id=3,0x148,P1
2026-06-02T22:35:50.909+02:00,3,SCREEN_RIGHT,DISPLAY_PATTERN,pattern_id=7,0x158,P1
2026-06-02T22:35:54.864+02:00,3,SCREEN_LEFT,TOUCH_EVENT,touch=1,0x24D,P2
2026-06-02T22:35:54.894+02:00,3,FEEDER,REQUEST_REWARD,,0x129,P1
2026-06-02T22:35:55.249+02:00,3,FEEDER,REWARD_DELIVERED,,0x32D,P3
2026-06-02T22:35:58.714+02:00,3,IR_BARRIER,BARRIER_EVENT,barrier=1,0x27D,P2
2026-06-02T22:37:05.151+02:00,3,NOSEPOKE,BEAM_EVENT,beam=1,0x23D,P2
2026-06-02T22:37:05.191+02:00,3,SCREEN_LEFT,DISPLAY_PATTERN,pattern_id=3,0x148,P1
2026-06-02T22:37:05.196+02:00,3,SCREEN_RIGHT,DISPLAY_PATTERN,pattern_id=7,0x158,P1
2026-06-02T22:37:09.081+02:00,3,SCREEN_RIGHT,TOUCH_EVENT,touch=1,0x25D,P2
2026-06-02T22:37:09.363+02:00,4,NOSEPOKE,BEAM_EVENT,beam=1,0x23D,P2
2026-06-02T22:37:09.430+02:00,4,SCREEN_LEFT,DISPLAY_PATTERN,pattern_id=7,0x148,P1
2026-06-02T22:37:09.435+02:00,4,SCREEN_RIGHT,DISPLAY_PATTERN,pattern_id=3,0x158,P1
2026-06-02T22:37:12.210+02:00,4,SCREEN_LEFT,TOUCH_EVENT,touch=1,0x24D,P2
2026-06-02T22:37:14.681+02:00,1,NOSEPOKE,BEAM_EVENT,beam=1,0x23D,P2
2026-06-02T22:37:14.740+02:00,1,SCREEN_LEFT,DISPLAY_PATTERN,pattern_id=3,0x148,P1
2026-06-02T22:37:14.745+02:00,1,SCREEN_RIGHT,DISPLAY_PATTERN,pattern_id=7,0x158,P1
2026-06-02T22:37:20.300+02:00,1,SCREEN_LEFT,TOUCH_EVENT,touch=1,0x24D,P2
2026-06-02T22:37:20.330+02:00,1,FEEDER,REQUEST_REWARD,,0x129,P1
2026-06-02T22:37:20.758+02:00,1,FEEDER,REWARD_DELIVERED,,0x32D,P3
2026-06-02T22:37:24.910+02:00,1,IR_BARRIER,BARRIER_EVENT,barrier=1,0x27D,P2
2026-06-02T22:37:38.948+02:00,2,NOSEPOKE,BEAM_EVENT,beam=1,0x23D,P2
2026-06-02T22:37:38.989+02:00,2,SCREEN_LEFT,DISPLAY_PATTERN,pattern_id=7,0x148,P1
2026-06-02T22:37:38.994+02:00,2,SCREEN_RIGHT,DISPLAY_PATTERN,pattern_id=3,0x158,P1
2026-06-02T22:37:41.979+02:00,2,SCREEN_LEFT,TOUCH_EVENT,touch=1,0x24D,P2
2026-06-02T22:38:06.424+02:00,3,NOSEPOKE,BEAM_EVENT,beam=1,0x23D,P2
2026-06-02T22:38:06.506+02:00,3,SCREEN_LEFT,DISPLAY_PATTERN,pattern_id=3,0x148,P1
2026-06-02T22:38:06.511+02:00,3,SCREEN_RIGHT,DISPLAY_PATTERN,pattern_id=7,0x158,P1
2026-06-02T22:38:12.706+02:00,3,SCREEN_RIGHT,TOUCH_EVENT,touch=1,0x25D,P2
2026-06-02T22:39:59.410+02:00,4,NOSEPOKE,BEAM_EVENT,beam=1,0x23D,P2
2026-06-02T22:39:59.458+02:00,4,SCREEN_LEFT,DISPLAY_PATTERN,pattern_id=7,0x148,P1
2026-06-02T22:39:59.463+02:00,4,SCREEN_RIGHT,DISPLAY_PATTERN,pattern_id=3,0x158,P1
2026-06-02T22:40:04.168+02:00,4,SCREEN_RIGHT,TOUCH_EVENT,touch=1,0x25D,P2
2026-06-02T22:40:04.198+02:00,4,FEEDER,REQUEST_REWARD,,0x129,P1
2026-06-02T22:40:04.740+02:00,4,FEEDER,REWARD_DELIVERED,,0x32D,P3
2026-06-02T22:40:09.378+02:00,4,IR_BARRIER,BARRIER_EVENT,barrier=1,0x27D,P2
2026-06-02T22:41:42.175+02:00,4,NOSEPOKE,BEAM_EVENT,beam=1,0x23D,P2
2026-06-02T22:41:42.215+02:00,4,SCREEN_LEFT,DISPLAY_PATTERN,pattern_id=7,0x148,P1
2026-06-02T22:41:42.220+02:00,4,SCREEN_RIGHT,DISPLAY_PATTERN,pattern_id=3,0x158,P1
2026-06-02T22:41:45.305+02:00,4,SCREEN_RIGHT,TOUCH_EVENT,touch=1,0x25D,P2
2026-06-02T22:41:45.335+02:00,4,FEEDER,REQUEST_REWARD,,0x129,P1
2026-06-02T22:41:45.607+02:00,4,FEEDER,REWARD_DELIVERED,,0x32D,P3
2026-06-02T22:41:50.485+02:00,4,IR_BARRIER,BARRIER_EVENT,barrier=1,0x27D,P2
2026-06-02T22:42:56.290+02:00,4,NOSEPOKE,BEAM_EVENT,beam=1,0x23D,P2
2026-06-02T22:42:56.354+02:00,4,SCREEN_LEFT,DISPLAY_PATTERN,pattern_id=7,0x148,P1
2026-06-02T22:42:56.359+02:00,4,SCREEN_RIGHT,DISPLAY_PATTERN,pattern_id=3,0x158,P1
2026-06-02T22:43:00.594+02:00,4,SCREEN_RIGHT,TOUCH_EVENT,touch=1,0x25D,P2
2026-06-02T22:43:00.624+02:00,4,FEEDER,REQUEST_REWARD,,0x129,P1
2026-06-02T22:43:01.032+02:00,4,FEEDER,REWARD_DELIVERED,,0x32D,P3
2026-06-02T22:43:02.614+02:00,4,IR_BARRIER,BARRIER_EVENT,barrier=1,0x27D,P2
2026-06-02T22:43:56.130+02:00,2,NOSEPOKE,BEAM_EVENT,beam=1,0x23D,P2
2026-06-02T22:43:56.215+02:00,2,SCREEN_LEFT,DISPLAY_PATTERN,pattern_id=7,0x148,P1
2026-06-02T22:43:56.220+02:00,2,SCREEN_RIGHT,DISPLAY_PATTERN,pattern_id=3,0x158,P1
2026-06-02T22:44:00.151+02:00,1,NOSEPOKE,BEAM_EVENT,beam=1,0x23D,P2
2026-06-02T22:44:00.211+02:00,1,SCREEN_LEFT,DISPLAY_PATTERN,pattern_id=3,0x148,P1
2026-06-02T22:44:00.216+02:00,1,SCREEN_RIGHT,DISPLAY_PATTERN,pattern_id=7,0x158,P1
2026-06-02T22:44:01.095+02:00,2,SCREEN_LEFT,TOUCH_EVENT,touch=1,0x24D,P2
2026-06-02T22:44:06.831+02:00,1,SCREEN_LEFT,TOUCH_EVENT,touch=1,0x24D,P2
2026-06-02T22:44:06.861+02:00,1,FEEDER,REQUEST_REWARD,,0x129,P1
2026-06-02T22:44:07.144+02:00,1,FEEDER,REWARD_DELIVERED,,0x32D,P3
2026-06-02T22:44:12.511+02:00,1,IR_BARRIER,BARRIER_EVENT,barrier=1,0x27D,P2
2026-06-02T22:45:35.374+02:00,3,NOSEPOKE,BEAM_EVENT,beam=1,0x23D,P2
2026-06-02T22:45:35.458+02:00,3,SCREEN_LEFT,DISPLAY_PATTERN,pattern_id=3,0x148,P1
2026-06-02T22:45:35.463+02:00,3,SCREEN_RIGHT,DISPLAY_PATTERN,pattern_id=7,0x158,P1
2026-06-02T22:45:38.128+02:00,3,SCREEN_RIGHT,TOUCH_EVENT,touch=1,0x25D,P2
2026-06-02T22:45:56.645+02:00,4,NOSEPOKE,BEAM_EVENT,beam=1,0x23D,P2
2026-06-02T22:45:56.699+02:00,4,SCREEN_LEFT,DISPLAY_PATTERN,pattern_id=7,0x148,P1
2026-06-02T22:45:56.704+02:00,4,SCREEN_RIGHT,DISPLAY_PATTERN,pattern_id=3,0x158,P1
2026-06-02T22:46:01.609+02:00,4,SCREEN_LEFT,TOUCH_EVENT,touch=1,0x24D,P2
2026-06-02T22:46:09.695+02:00,2,NOSEPOKE,BEAM_EVENT,beam=1,0x23D,P2
2026-06-02T22:46:09.758+02:00,2,SCREEN_LEFT,DISPLAY_PATTERN,pattern_id=7,0x148,P1
2026-06-02T22:46:09.763+02:00,2,SCREEN_RIGHT,DISPLAY_PATTERN,pattern_id=3,0x158,P1
2026-06-02T22:46:10.648+02:00,2,SCREEN_RIGHT,TOUCH_EVENT,touch=1,0x25D,P2
2026-06-02T22:46:10.678+02:00,2,FEEDER,REQUEST_REWARD,,0x129,P1
2026-06-02T22:46:11.018+02:00,2,FEEDER,REWARD_DELIVERED,,0x32D,P3
2026-06-02T22:46:13.258+02:00,2,IR_BARRIER,BARRIER_EVENT,barrier=1,0x27D,P2
2026-06-02T22:49:46.864+02:00,3,NOSEPOKE,BEAM_EVENT,beam=1,0x23D,P2
2026-06-02T22:49:46.925+02:00,3,SCREEN_LEFT,DISPLAY_PATTERN,pattern_id=3,0x148,P1
2026-06-02T22:49:46.930+02:00,3,SCREEN_RIGHT,DISPLAY_PATTERN,pattern_id=7,0x158,P1
2026-06-02T22:49:49.615+02:00,3,SCREEN_RIGHT,TOUCH_EVENT,touch=1,0x25D,P2
2026-06-02T22:50:18.233+02:00,1,NOSEPOKE,BEAM_EVENT,beam=1,0x23D,P2
2026-06-02T22:50:18.297+02:00,1,SCREEN_LEFT,DISPLAY_PATTERN,pattern_id=3,0x148,P1
2026-06-02T22:50:18.302+02:00,1,SCREEN_RIGHT,DISPLAY_PATTERN,pattern_id=7,0x158,P1
2026-06-02T22:50:23.067+02:00,1,SCREEN_LEFT,TOUCH_EVENT,touch=1,0x24D,P2
2026-06-02T22:50:23.097+02:00,1,FEEDER,REQUEST_REWARD,,0x129,P1
2026-06-02T22:50:23.423+02:00,1,FEEDER,REWARD_DELIVERED,,0x32D,P3
2026-06-02T22:50:25.957+02:00,1,IR_BARRIER,BARRIER_EVENT,barrier=1,0x27D,P2
2026-06-02T22:51:55.271+02:00,1,NOSEPOKE,BEAM_EVENT,beam=1,0x23D,P2
2026-06-02T22:51:55.338+02:00,1,SCREEN_LEFT,DISPLAY_PATTERN,pattern_id=3,0x148,P1
2026-06-02T22:51:55.343+02:00,1,SCREEN_RIGHT,DISPLAY_PATTERN,pattern_id=7,0x158,P1
2026-06-02T22:52:01.668+02:00,1,SCREEN_LEFT,TOUCH_EVENT,touch=1,0x24D,P2
2026-06-02T22:52:01.698+02:00,1,FEEDER,REQUEST_REWARD,,0x129,P1
2026-06-02T22:52:02.365+02:00,1,FEEDER,REWARD_DELIVERED,,0x32D,P3
2026-06-02T22:52:05.418+02:00,1,IR_BARRIER,BARRIER_EVENT,barrier=1,0x27D,P2
2026-06-02T22:53:17.829+02:00,4,NOSEPOKE,BEAM_EVENT,beam=1,0x23D,P2
2026-06-02T22:53:17.878+02:00,4,SCREEN_LEFT,DISPLAY_PATTERN,pattern_id=7,0x148,P1
2026-06-02T22:53:17.883+02:00,4,SCREEN_RIGHT,DISPLAY_PATTERN,pattern_id=3,0x158,P1
2026-06-02T22:53:18.648+02:00,4,SCREEN_RIGHT,TOUCH_EVENT,touch=1,0x25D,P2
2026-06-02T22:53:18.678+02:00,4,FEEDER,REQUEST_REWARD,,0x129,P1
2026-06-02T22:53:19.017+02:00,4,FEEDER,REWARD_DELIVERED,,0x32D,P3
2026-06-02T22:53:22.758+02:00,4,IR_BARRIER,BARRIER_EVENT,barrier=1,0x27D,P2
2026-06-02T22:53:25.467+02:00,2,NOSEPOKE,BEAM_EVENT,beam=1,0x23D,P2
2026-06-02T22:53:25.512+02:00,2,SCREEN_LEFT,DISPLAY_PATTERN,pattern_id=7,0x148,P1
2026-06-02T22:53:25.517+02:00,2,SCREEN_RIGHT,DISPLAY_PATTERN,pattern_id=3,0x158,P1
2026-06-02T22:53:31.722+02:00,2,SCREEN_RIGHT,TOUCH_EVENT,touch=1,0x25D,P2
2026-06-02T22:53:31.752+02:00,2,FEEDER,REQUEST_REWARD,,0x129,P1
2026-06-02T22:53:32.170+02:00,2,FEEDER,REWARD_DELIVERED,,0x32D,P3
2026-06-02T22:53:34.712+02:00,2,IR_BARRIER,BARRIER_EVENT,barrier=1,0x27D,P2
2026-06-02T22:56:23.960+02:00,3,NOSEPOKE,BEAM_EVENT,beam=1,0x23D,P2
2026-06-02T22:56:24.031+02:00,3,SCREEN_LEFT,DISPLAY_PATTERN,pattern_id=3,0x148,P1
2026-06-02T22:56:24.036+02:00,3,SCREEN_RIGHT,DISPLAY_PATTERN,pattern_id=7,0x158,P1
2026-06-02T22:56:29.421+02:00,3,SCREEN_LEFT,TOUCH_EVENT,touch=1,0x24D,P2
2026-06-02T22:56:29.451+02:00,3,FEEDER,REQUEST_REWARD,,0x129,P1
2026-06-02T22:56:30.062+02:00,3,FEEDER,REWARD_DELIVERED,,0x32D,P3
2026-06-02T22:56:33.391+02:00,3,IR_BARRIER,BARRIER_EVENT,barrier=1,0x27D,P2
2026-06-02T22:56:58.032+02:00,1,NOSEPOKE,BEAM_EVENT,beam=1,0x23D,P2
2026-06-02T22:56:58.115+02:00,1,SCREEN_LEFT,DISPLAY_PATTERN,pattern_id=3,0x148,P1
2026-06-02T22:56:58.120+02:00,1,SCREEN_RIGHT,DISPLAY_PATTERN,pattern_id=7,0x158,P1
2026-06-02T22:57:02.945+02:00,1,SCREEN_LEFT,TOUCH_EVENT,touch=1,0x24D,P2
2026-06-02T22:57:02.975+02:00,1,FEEDER,REQUEST_REWARD,,0x129,P1
2026-06-02T22:57:03.441+02:00,1,FEEDER,REWARD_DELIVERED,,0x32D,P3
2026-06-02T22:57:08.005+02:00,1,IR_BARRIER,BARRIER_EVENT,barrier=1,0x27D,P2
2026-06-02T22:58:41.921+02:00,2,NOSEPOKE,BEAM_EVENT,beam=1,0x23D,P2
2026-06-02T22:58:42.010+02:00,2,SCREEN_LEFT,DISPLAY_PATTERN,pattern_id=7,0x148,P1
2026-06-02T22:58:42.015+02:00,2,SCREEN_RIGHT,DISPLAY_PATTERN,pattern_id=3,0x158,P1
2026-06-02T22:58:45.860+02:00,2,SCREEN_RIGHT,TOUCH_EVENT,touch=1,0x25D,P2
2026-06-02T22:58:45.890+02:00,2,FEEDER,REQUEST_REWARD,,0x129,P1
2026-06-02T22:58:46.513+02:00,2,FEEDER,REWARD_DELIVERED,,0x32D,P3
2026-06-02T22:58:51.430+02:00,2,IR_BARRIER,BARRIER_EVENT,barrier=1,0x27D,P2
