FRAMENUMBER,TIMESTAMP,PAUSED,NUMPARTICLE,TEMPERATURE,HUMIDITY,SOUND,LIGHTVISIBLE,LIGHTVISIBLEANDIR
1,1780419300000,0,4,22.6,48.1,35.1,205.1,327.0
2,1780419300033,0,4,22.4,53.3,26.2,196.8,323.1
3,1780419300067,0,4,22.7,53.9,28.3,215.1,312.3
4,1780419300100,0,4,22.6,53.5,34.2,219.1,333.8
5,1780419300133,0,4,22.6,48.0,22.8,190.1,313.1
6,1780419300167,0,4,22.6,50.1,54.5,184.6,307.9
7,1780419300200,0,4,22.3,50.0,39.5,183.1,312.8
8,1780419300233,0,4,22.3,51.2,32.2,215.8,306.3
9,1780419300267,0,4,22.6,50.7,50.4,219.1,304.1
10,1780419300300,0,4,22.4,52.5,40.0,189.9,321.5
11,1780419300333,0,4,22.3,53.2,50.6,215.5,338.4
12,1780419300367,0,4,22.7,52.5,27.2,212.1,333.9
13,1780419300400,0,4,22.4,50.4,38.8,219.2,306.9
14,1780419300433,0,4,22.7,53.1,28.6,187.8,334.5
15,1780419300467,0,4,22.3,53.2,21.0,200.4,308.2
16,1780419300500,0,4,22.7,53.4,50.4,218.9,319.7
17,1780419300533,0,4,22.8,50.8,28.0,199.9,337.5
18,1780419300567,0,4,22.6,48.9,46.0,215.9,322.6
19,1780419300600,0,4,22.8,50.1,28.1,211.2,332.8
20,1780419300633,0,4,22.6,51.8,46.0,186.8,301.8
21,1780419300667,0,4,22.4,50.7,30.9,214.3,306.6
22,1780419300700,0,4,22.4,53.2,35.2,192.0,327.7
23,1780419300733,0,4,22.8,48.5,23.4,216.1,326.0
24,1780419300767,0,4,22.5,51.5,54.6,199.1,309.1
25,1780419300800,0,4,22.4,50.4,55.2,201.7,318.3
26,1780419300833,0,4,22.2,50.3,37.7,195.9,329.4
27,1780419300867,0,4,22.3,51.4,56.4,209.2,319.9
28,1780419300900,0,4,22.8,48.5,45.3,186.8,316.9
29,1780419300933,0,4,22.5,51.2,32.2,211.6,323.2
30,1780419300967,0,4,22.8,52.6,59.5,214.8,305.5
31,1780419301000,0,4,22.2,51.8,46.9,190.5,317.0
32,1780419301033,0,4,22.2,51.5,41.4,213.1,320.9
33,1780419301067,0,4,22.3,51.2,41.4,204.2,306.0
34,1780419301100,0,4,22.3,52.1,55.0,195.4,334.0
35,1780419301133,0,4,22.6,53.2,59.1,182.7,305.1
36,1780419301167,0,4,22.3,49.5,41.8,203.8,320.7
37,1780419301200,0,4,22.6,49.4,43.8,210.5,333.1
38,1780419301233,0,4,22.5,48.8,27.1,180.7,319.4
39,1780419301267,0,4,22.2,51.0,41.4,197.7,319.7
40,1780419301300,0,4,22.5,49.7,27.5,199.3,300.3
41,1780419301333,0,4,22.5,53.2,41.0,186.7,317.2
42,1780419301367,0,4,22.4,53.8,35.1,202.7,307.4
43,1780419301400,0,4,22.6,52.2,57.3,215.6,315.5
44,1780419301433,0,4,22.5,49.4,41.8,186.9,309.6
45,1780419301467,0,4,22.8,53.0,41.8,212.1,307.7
46,1780419301500,0,4,22.6,51.1,31.9,191.8,321.3
47,1780419301533,0,4,22.3,48.7,37.8,188.5,308.3
48,1780419301567,0,4,22.7,52.1,46.8,188.5,304.6
49,1780419301600,0,4,22.8,53.4,35.8,183.2,330.3
50,1780419301633,0,4,22.4,53.8,32.3,203.0,329.1
51,1780419301667,0,4,22.6,48.3,47.0,189.1,325.6
52,1780419301700,0,4,22.7,51.2,55.4,191.0,323.4
53,1780419301733,0,4,22.5,52.7,35.4,205.4,313.6
54,1780419301767,0,4,22.6,52.4,50.0,210.3,333.9
55,1780419301800,0,4,22.5,50.2,21.6,219.1,310.2
56,1780419301833,0,4,22.7,48.1,28.4,210.9,327.9
57,1780419301867,0,4,22.6,50.4,48.8,217.3,338.7
58,1780419301900,0,4,22.6,49.6,36.7,180.7,337.4
59,1780419301933,0,4,22.8,49.0,31.1,204.1,325.7
60,1780419301967,0,4,22.4,48.5,48.9,183.4,328.7
61,1780419302000,0,4,22.7,50.1,22.2,181.7,330.7
62,1780419302033,0,4,22.8,49.0,51.9,200.9,324.3
63,1780419302067,0,4,22.5,48.9,57.2,203.4,334.6
64,1780419302100,0,4,22.6,49.5,31.1,191.9,309.5
65,1780419302133,0,4,22.6,49.8,50.5,199.1,311.2
66,1780419302167,0,4,22.7,52.6,42.8,193.7,318.8
67,1780419302200,0,4,22.2,49.6,49.9,213.5,333.7
68,1780419302233,0,4,22.4,49.4,49.1,188.3,314.1
69,1780419302267,0,4,22.3,53.2,38.2,217.7,330.4
70,1780419302300,0,4,22.3,52.4,45.1,180.6,304.3
71,1780419302333,0,4,22.4,50.9,42.7,205.6,320.3
72,1780419302367,0,4,22.4,51.1,57.2,193.0,309.2
73,1780419302400,0,4,22.7,51.5,37.2,207.0,317.8
74,1780419302433,0,4,22.3,51.0,48.8,200.1,324.2
75,1780419302467,0,4,22.7,50.3,38.3,190.5,314.7
76,1780419302500,0,4,22.5,53.5,21.7,181.1,329.5
77,1780419302533,0,4,22.6,53.6,43.1,218.2,319.2
78,1780419302567,0,4,22.4,52.3,53.7,207.4,329.0
79,1780419302600,0,4,22.4,50.0,23.4,192.3,301.3
80,1780419302633,0,4,22.3,53.1,44.3,208.1,322.4
81,1780419302667,0,4,22.3,49.0,48.1,193.7,322.9
82,1780419302700,0,4,22.4,49.2,36.1,196.8,306.5
83,1780419302733,0,4,22.6,51.3,28.7,196.4,314.1
84,1780419302767,0,4,22.6,48.1,38.3,205.0,304.1
85,1780419302800,0,4,22.8,51.9,37.2,191.2,301.0
86,1780419302833,0,4,22.7,54.0,44.1,214.0,315.1
87,1780419302867,0,4,22.5,50.6,59.1,209.5,307.7
88,1780419302900,0,4,22.2,51.1,24.7,200.2,328.1
89,1780419302933,0,4,22.3,48.9,27.1,181.6,333.6
90,1780419302967,0,4,22.6,52.8,28.8,197.0,327.2
91,1780419303000,0,4,22.4,51.2,57.3,210.3,306.2
92,1780419303033,0,4,22.6,53.7,56.6,182.3,312.3
93,1780419303067,0,4,22.2,53.1,36.7,187.8,313.1
94,1780419303100,0,4,22.7,49.5,31.7,196.6,331.2
95,1780419303133,0,4,22.8,51.9,53.5,188.7,319.8
96,1780419303167,0,4,22.3,51.9,47.6,193.6,322.1
97,1780419303200,0,4,22.3,51.9,27.5,187.1,317.0
98,1780419303233,0,4,22.2,50.4,55.7,214.0,338.0
99,1780419303267,0,4,22.8,53.7,29.3,186.0,322.5
100,1780419303300,0,4,22.2,49.0,33.1,188.6,333.5
101,1780419303333,0,4,22.4,53.6,48.3,213.3,311.2
102,1780419303367,0,4,22.3,53.4,31.6,202.1,334.0
103,1780419303400,0,4,22.5,49.0,55.0,194.4,329.2
104,1780419303433,0,4,22.3,51.2,41.4,200.0,334.9
105,1780419303467,0,4,22.5,52.1,37.6,198.2,325.9
106,1780419303500,0,4,22.3,51.9,29.0,196.6,301.0
107,1780419303533,0,4,22.5,49.8,26.6,219.9,304.0
108,1780419303567,0,4,22.5,49.3,57.6,215.3,321.3
109,1780419303600,0,4,22.3,53.0,33.8,187.4,300.0
110,1780419303633,0,4,22.4,48.0,41.3,186.1,336.0
111,1780419303667,0,4,22.5,53.5,43.9,187.1,306.9
112,1780419303700,0,4,22.4,51.6,47.3,196.3,332.7
113,1780419303733,0,4,22.4,53.8,45.0,180.5,329.1
114,1780419303767,0,4,22.2,53.7,28.4,204.5,310.8
115,1780419303800,0,4,22.7,51.3,35.2,190.5,326.8
116,1780419303833,0,4,22.6,50.3,59.7,208.6,313.1
117,1780419303867,0,4,22.4,52.6,46.1,216.6,322.5
118,1780419303900,0,4,22.7,52.0,51.1,195.9,313.1
119,1780419303933,0,4,22.6,48.4,37.0,213.8,331.6
120,1780419303967,0,4,22.4,53.1,41.5,182.5,313.9
121,1780419304000,0,4,22.3,53.9,53.0,192.7,330.3
122,1780419304033,0,4,22.4,53.1,58.0,188.7,335.6
123,1780419304067,0,4,22.3,53.5,28.5,191.2,329.5
124,1780419304100,0,4,22.4,50.5,46.8,218.2,329.8
125,1780419304133,0,4,22.2,53.2,48.0,218.8,302.3
126,1780419304167,0,4,22.6,48.8,48.3,195.5,334.8
127,1780419304200,0,4,22.3,53.6,35.2,182.4,316.7
128,1780419304233,0,4,22.8,52.4,43.6,205.7,321.0
129,1780419304267,0,4,22.4,49.4,54.6,209.1,315.6
130,1780419304300,0,4,22.4,51.6,36.4,200.6,313.1
131,1780419304333,0,4,22.3,52.7,58.3,202.3,307.6
132,1780419304367,0,4,22.5,53.5,56.8,193.3,317.5
133,1780419304400,0,4,22.4,49.4,24.0,212.7,326.0
134,1780419304433,0,4,22.7,50.2,45.0,183.0,333.4
135,1780419304467,0,4,22.3,52.0,37.2,186.5,338.0
136,1780419304500,0,4,22.3,52.6,49.1,199.5,329.3
137,1780419304533,0,4,22.6,53.6,22.4,180.6,317.1
138,1780419304567,0,4,22.4,48.7,45.3,211.2,325.9
139,1780419304600,0,4,22.4,52.7,53.9,202.4,320.9
140,1780419304633,0,4,22.5,48.1,30.9,216.6,328.8
141,1780419304667,0,4,22.5,48.4,23.2,186.0,301.5
142,1780419304700,0,4,22.5,52.3,41.4,219.5,331.5
143,1780419304733,0,4,22.8,52.3,36.2,195.7,318.3
144,1780419304767,0,4,22.7,52.9,44.4,197.1,312.3
145,1780419304800,0,4,22.2,52.9,25.0,213.8,314.8
146,1780419304833,0,4,22.5,53.9,32.9,185.5,325.8
147,1780419304867,0,4,22.4,49.3,59.8,194.7,324.1
148,1780419304900,0,4,22.6,49.0,21.5,216.1,339.5
149,1780419304933,0,4,22.7,52.0,38.0,193.9,312.4
150,1780419304967,0,4,22.7,49.9,44.3,184.5,308.3
151,1780419305000,0,4,22.3,53.2,25.3,189.6,322.5
152,1780419305033,0,4,22.2,53.4,40.2,204.5,310.8
153,1780419305067,0,4,22.5,51.2,28.6,210.5,304.8
154,1780419305100,0,4,22.4,53.5,40.7,207.3,319.9
155,1780419305133,0,4,22.4,48.1,54.6,210.7,309.2
156,1780419305167,0,4,22.4,49.2,52.0,189.9,330.7
157,1780419305200,0,4,22.6,49.8,26.4,207.8,308.6
158,1780419305233,0,4,22.4,48.7,41.0,209.6,305.3
159,1780419305267,0,4,22.4,49.1,55.7,213.6,302.9
160,1780419305300,0,4,22.3,48.6,55.8,213.6,331.0
161,1780419305333,0,4,22.3,51.3,31.3,184.7,329.7
162,1780419305367,0,4,22.6,48.4,53.9,195.0,300.3
163,1780419305400,0,4,22.6,49.3,33.3,190.3,337.6
164,1780419305433,0,4,22.7,49.2,53.7,219.5,338.5
165,1780419305467,0,4,22.7,48.4,30.7,195.6,326.5
166,1780419305500,0,4,22.2,50.2,36.5,180.7,304.0
167,1780419305533,0,4,22.6,50.8,25.0,215.5,319.5
168,1780419305567,0,4,22.6,50.4,22.1,217.8,301.5
169,1780419305600,0,4,22.7,50.5,39.7,196.0,304.1
170,1780419305633,0,4,22.6,51.4,41.6,183.5,319.9
171,1780419305667,0,4,22.7,49.3,46.7,210.3,310.9
172,1780419305700,0,4,22.6,51.7,53.3,211.4,302.1
173,1780419305733,0,4,22.6,50.2,22.7,208.0,323.4
174,1780419305767,0,4,22.7,49.2,44.7,197.4,335.8
175,1780419305800,0,4,22.6,50.8,35.3,215.6,301.9
176,1780419305833,0,4,22.5,53.0,32.1,187.6,330.2
177,1780419305867,0,4,22.6,50.5,32.0,193.8,329.2
178,1780419305900,0,4,22.6,53.9,34.9,207.4,325.7
179,1780419305933,0,4,22.3,51.9,22.0,198.4,314.5
180,1780419305967,0,4,22.5,52.6,52.1,189.5,311.1
181,1780419306000,0,4,22.7,51.3,50.2,194.0,321.8
182,1780419306033,0,4,22.8,50.1,30.0,205.9,303.5
183,1780419306067,0,4,22.8,48.9,22.6,206.4,331.3
184,1780419306100,0,4,22.4,48.5,56.9,211.2,315.7
185,1780419306133,0,4,22.8,53.7,40.4,205.0,322.4
186,1780419306167,0,4,22.5,49.1,32.7,208.6,318.1
187,1780419306200,0,4,22.3,50.6,33.8,218.7,330.3
188,1780419306233,0,4,22.3,52.7,33.5,197.1,322.7
189,1780419306267,0,4,22.5,51.7,51.6,187.1,300.3
190,1780419306300,0,4,22.3,48.1,28.7,218.8,300.0
191,1780419306333,0,4,22.7,50.9,21.3,215.1,310.6
192,1780419306367,0,4,22.8,50.0,35.3,184.9,310.3
193,1780419306400,0,4,22.8,49.9,32.7,189.1,334.6
194,1780419306433,0,4,22.6,53.8,58.9,215.2,315.5
195,1780419306467,0,4,22.2,50.5,24.2,199.2,300.7
196,1780419306500,0,4,22.4,49.0,31.3,185.2,339.3
197,1780419306533,0,4,22.6,49.6,35.1,202.7,337.8
198,1780419306567,0,4,22.5,49.0,50.9,210.5,338.7
199,1780419306600,0,4,22.3,48.4,52.7,187.9,322.4
200,1780419306633,0,4,22.8,51.8,50.6,213.3,331.2
201,1780419306667,0,4,22.6,53.2,59.3,187.3,304.8
202,1780419306700,0,4,22.6,49.1,35.9,188.7,320.1
203,1780419306733,0,4,22.7,53.9,29.4,219.7,327.8
204,1780419306767,0,4,22.4,50.2,43.9,210.5,318.8
205,1780419306800,0,4,22.4,53.4,37.3,190.3,336.6
206,1780419306833,0,4,22.3,48.6,21.4,189.1,339.1
207,1780419306867,0,4,22.5,48.3,26.1,200.9,308.6
208,1780419306900,0,4,22.3,48.1,51.9,212.7,316.3
209,1780419306933,0,4,22.2,48.6,39.4,209.8,322.6
210,1780419306967,0,4,22.4,48.9,20.1,199.8,321.6
211,1780419307000,0,4,22.3,50.0,32.9,182.8,323.5
212,1780419307033,0,4,22.5,48.2,46.9,213.2,303.0
213,1780419307067,0,4,22.7,50.7,26.7,186.3,303.9
214,1780419307100,0,4,22.7,51.6,24.0,192.3,312.9
215,1780419307133,0,4,22.4,49.5,57.5,190.0,325.1
216,1780419307167,0,4,22.4,52.3,26.0,180.5,302.8
217,1780419307200,0,4,22.6,49.6,52.1,183.0,337.1
218,1780419307233,0,4,22.7,49.9,48.3,198.0,306.7
219,1780419307267,0,4,22.5,53.5,32.0,219.8,338.6
220,1780419307300,0,4,22.2,48.2,54.1,207.4,318.9
221,1780419307333,0,4,22.2,49.9,48.9,190.3,310.5
222,1780419307367,0,4,22.8,51.7,44.1,191.3,329.8
223,1780419307400,0,4,22.3,51.3,32.2,199.6,318.1
224,1780419307433,0,4,22.8,50.6,33.5,215.0,307.1
225,1780419307467,0,4,22.5,51.5,52.2,196.2,317.6
226,1780419307500,0,4,22.6,53.1,20.1,199.3,307.1
227,1780419307533,0,4,22.4,52.2,45.9,197.6,305.1
228,1780419307567,0,4,22.7,53.2,41.4,217.6,336.7
229,1780419307600,0,4,22.8,48.4,45.4,215.4,300.9
230,1780419307633,0,4,22.4,53.8,50.8,214.6,319.8
231,1780419307667,0,4,22.2,50.7,30.6,217.9,336.9
232,1780419307700,0,4,22.5,52.9,31.1,212.0,323.6
233,1780419307733,0,4,22.7,48.2,36.1,219.4,331.5
234,1780419307767,0,4,22.3,50.4,56.9,187.8,303.5
235,1780419307800,0,4,22.3,51.7,41.9,206.3,332.0
236,1780419307833,0,4,22.3,48.6,59.3,209.7,323.7
237,1780419307867,0,4,22.4,50.7,24.6,211.5,313.0
238,1780419307900,0,4,22.3,51.2,34.1,216.6,319.9
239,1780419307933,0,4,22.5,52.5,39.2,204.6,332.0
240,1780419307967,0,4,22.7,53.4,36.7,204.9,336.9
241,1780419308000,0,4,22.4,51.6,36.7,182.8,321.6
242,1780419308033,0,4,22.6,51.5,53.3,194.8,300.3
243,1780419308067,0,4,22.6,48.4,20.3,219.1,306.8
244,1780419308100,0,4,22.6,53.3,24.6,215.1,319.2
245,1780419308133,0,4,22.7,50.6,59.9,194.1,323.2
246,1780419308167,0,4,22.2,52.9,53.7,207.2,318.3
247,1780419308200,0,4,22.5,53.4,31.0,184.1,307.6
248,1780419308233,0,4,22.3,49.5,41.9,212.7,335.3
249,1780419308267,0,4,22.5,52.2,44.6,219.7,318.3
250,1780419308300,0,4,22.5,50.5,58.8,182.6,303.7
251,1780419308333,0,4,22.4,53.1,48.3,183.3,318.2
252,1780419308367,0,4,22.5,48.6,36.8,191.5,306.7
253,1780419308400,0,4,22.7,51.4,49.3,187.6,316.0
254,1780419308433,0,4,22.6,52.3,24.7,219.0,301.0
255,1780419308467,0,4,22.3,48.0,24.5,193.0,325.6
256,1780419308500,0,4,22.4,52.4,22.3,199.2,303.7
257,1780419308533,0,4,22.5,53.8,43.6,191.4,313.3
258,1780419308567,0,4,22.5,52.3,28.2,188.8,301.7
259,1780419308600,0,4,22.2,53.0,29.0,208.3,339.7
260,1780419308633,0,4,22.6,54.0,27.4,183.6,334.9
261,1780419308667,0,4,22.5,48.7,53.3,196.7,331.9
262,1780419308700,0,4,22.4,52.7,57.4,185.7,331.8
263,1780419308733,0,4,22.7,48.0,44.3,215.7,312.3
264,1780419308767,0,4,22.6,50.5,47.5,191.3,318.6
265,1780419308800,0,4,22.7,51.5,54.6,181.6,315.1
266,1780419308833,0,4,22.4,48.5,30.8,199.6,309.7
267,1780419308867,0,4,22.4,52.9,36.0,216.0,338.3
268,1780419308900,0,4,22.8,51.7,59.3,189.8,305.8
269,1780419308933,0,4,22.4,52.1,49.8,200.1,328.4
270,1780419308967,0,4,22.7,52.4,42.5,214.9,315.9
271,1780419309000,0,4,22.4,49.6,52.1,198.3,316.4
272,1780419309033,0,4,22.2,51.8,35.8,200.4,313.2
273,1780419309067,0,4,22.5,50.7,22.4,210.7,339.6
274,1780419309100,0,4,22.3,51.5,34.3,184.2,300.1
275,1780419309133,0,4,22.7,51.9,43.0,199.4,339.8
276,1780419309167,0,4,22.4,53.0,22.8,186.6,327.7
277,1780419309200,0,4,22.8,49.0,27.6,185.1,337.4
278,1780419309233,0,4,22.3,50.7,51.3,191.2,306.5
279,1780419309267,0,4,22.8,52.4,54.5,195.4,318.1
280,1780419309300,0,4,22.4,50.1,24.3,190.1,308.9
281,1780419309333,0,4,22.6,51.4,55.5,186.1,302.4
282,1780419309367,0,4,22.6,51.8,22.5,200.6,331.3
283,1780419309400,0,4,22.3,51.3,58.5,214.1,302.0
284,1780419309433,0,4,22.6,51.1,21.4,200.5,318.2
285,1780419309467,0,4,22.4,50.0,59.8,208.9,311.6
286,1780419309500,0,4,22.8,49.9,45.0,184.2,314.0
287,1780419309533,0,4,22.5,48.5,46.8,184.3,325.3
288,1780419309567,0,4,22.6,49.0,48.1,188.3,320.4
289,1780419309600,0,4,22.5,49.0,56.3,184.4,317.1
290,1780419309633,0,4,22.3,50.4,20.8,206.6,325.6
291,1780419309667,0,4,22.2,50.3,26.0,186.6,327.3
292,1780419309700,0,4,22.5,53.2,34.7,212.8,315.3
293,1780419309733,0,4,22.4,53.2,47.3,196.5,331.5
294,1780419309767,0,4,22.4,53.6,52.9,213.3,337.6
295,1780419309800,0,4,22.4,50.2,32.4,192.0,303.9
296,1780419309833,0,4,22.8,48.4,43.2,201.6,330.4
297,1780419309867,0,4,22.4,50.2,22.1,182.1,335.0
298,1780419309900,0,4,22.7,50.6,27.0,199.3,338.0
299,1780419309933,0,4,22.2,51.4,49.2,192.4,332.4
300,1780419309967,0,4,22.7,52.7,41.3,218.5,318.5
301,1780419310000,0,4,22.6,48.5,20.8,217.4,328.0
302,1780419310033,0,4,22.3,49.0,32.2,219.5,328.4
303,1780419310067,0,4,22.6,48.1,35.0,216.5,328.0
304,1780419310100,0,4,22.8,51.6,50.3,193.0,330.7
305,1780419310133,0,4,22.3,49.2,38.1,187.6,323.8
306,1780419310167,0,4,22.3,53.5,22.4,216.5,334.8
307,1780419310200,0,4,22.8,48.1,31.4,188.0,301.8
308,1780419310233,0,4,22.6,49.8,42.4,201.9,302.1
309,1780419310267,0,4,22.6,48.9,25.3,190.7,314.1
310,1780419310300,0,4,22.5,53.8,53.7,182.8,321.4
311,1780419310333,0,4,22.6,50.7,47.8,201.0,313.7
312,1780419310367,0,4,22.4,51.1,42.7,202.9,326.9
313,1780419310400,0,4,22.3,50.8,46.1,196.8,301.6
314,1780419310433,0,4,22.6,53.5,35.9,183.5,305.4
315,1780419310467,0,4,22.8,53.1,50.7,219.1,309.2
316,1780419310500,0,4,22.3,53.1,23.3,204.3,324.6
317,1780419310533,0,4,22.2,49.6,46.2,217.1,336.1
318,1780419310567,0,4,22.2,48.2,44.2,187.1,332.0
319,1780419310600,0,4,22.7,54.0,57.5,219.2,303.7
320,1780419310633,0,4,22.6,52.6,55.4,203.7,320.5
321,1780419310667,0,4,22.5,48.9,36.5,202.8,306.6
322,1780419310700,0,4,22.4,50.0,26.1,205.4,306.0
323,1780419310733,0,4,22.8,49.3,38.5,193.5,331.4
324,1780419310767,0,4,22.6,50.5,56.2,212.5,319.8
325,1780419310800,0,4,22.6,50.6,20.4,182.2,328.4
326,1780419310833,0,4,22.8,50.2,34.2,200.9,315.5
327,1780419310867,0,4,22.7,51.9,25.5,201.9,307.8
328,1780419310900,0,4,22.7,52.2,44.0,191.5,306.2
329,1780419310933,0,4,22.7,50.3,35.2,214.7,331.0
330,1780419310967,0,4,22.4,49.0,56.6,198.5,334.9
331,1780419311000,0,4,22.8,50.4,49.6,202.8,319.0
332,1780419311033,0,4,22.7,48.4,40.3,184.6,319.8
333,1780419311067,0,4,22.3,53.1,46.1,218.1,310.8
334,1780419311100,0,4,22.4,52.1,53.6,180.2,320.0
335,1780419311133,0,4,22.3,48.5,35.1,191.4,316.5
336,1780419311167,0,4,22.3,51.2,40.6,201.0,338.7
337,1780419311200,0,4,22.2,52.3,39.6,219.3,300.1
338,1780419311233,0,4,22.6,52.5,55.7,182.0,325.9
339,1780419311267,0,4,22.4,52.5,22.6,195.9,335.6
340,1780419311300,0,4,22.5,50.6,39.4,190.6,315.6
341,1780419311333,0,4,22.2,49.9,25.4,198.5,307.9
342,1780419311367,0,4,22.2,54.0,32.9,195.9,329.3
343,1780419311400,0,4,22.7,49.2,36.0,182.0,320.4
344,1780419311433,0,4,22.6,52.5,44.0,187.6,303.7
345,1780419311467,0,4,22.6,52.5,42.1,218.1,314.9
346,1780419311500,0,4,22.6,50.7,23.9,217.6,333.8
347,1780419311533,0,4,22.3,49.8,50.4,213.9,307.8
348,1780419311567,0,4,22.3,50.6,26.8,207.3,302.6
349,1780419311600,0,4,22.2,50.3,47.6,209.4,318.3
350,1780419311633,0,4,22.6,49.6,59.2,191.0,310.2
351,1780419311667,0,4,22.6,49.6,50.2,213.1,335.9
352,1780419311700,0,4,22.7,51.4,22.7,212.8,305.9
353,1780419311733,0,4,22.7,51.0,24.8,206.1,308.3
354,1780419311767,0,4,22.3,52.7,49.4,198.1,303.2
355,1780419311800,0,4,22.6,53.1,52.3,190.1,327.1
356,1780419311833,0,4,22.6,51.1,42.1,183.7,328.6
357,1780419311867,0,4,22.7,48.1,53.3,216.2,321.5
358,1780419311900,0,4,22.6,48.7,20.7,213.3,320.2
359,1780419311933,0,4,22.6,53.4,37.5,191.3,302.5
360,1780419311967,0,4,22.6,52.7,50.4,197.4,309.8
361,1780419312000,0,4,22.5,52.1,43.1,184.7,338.3
362,1780419312033,0,4,22.6,50.6,26.4,206.5,315.4
363,1780419312067,0,4,22.5,51.4,53.2,212.6,302.5
364,1780419312100,0,4,22.6,53.0,55.0,193.2,331.8
365,1780419312133,0,4,22.5,52.2,43.0,195.8,319.0
366,1780419312167,0,4,22.4,48.0,46.3,210.7,325.1
367,1780419312200,0,4,22.5,53.5,25.8,180.9,301.0
368,1780419312233,0,4,22.8,49.9,57.6,195.1,312.2
369,1780419312267,0,4,22.6,51.8,26.1,202.7,328.0
370,1780419312300,0,4,22.5,51.2,37.5,200.0,306.6
371,1780419312333,0,4,22.5,48.0,57.0,201.2,339.4
372,1780419312367,0,4,22.3,54.0,58.6,211.1,316.6
373,1780419312400,0,4,22.4,48.5,57.3,219.3,334.9
374,1780419312433,0,4,22.2,49.7,50.2,194.0,337.8
375,1780419312467,0,4,22.3,53.1,56.9,184.8,329.0
376,1780419312500,0,4,22.4,50.0,41.2,203.3,338.8
377,1780419312533,0,4,22.7,50.3,23.0,219.1,301.1
378,1780419312567,0,4,22.4,49.7,27.5,185.7,326.5
379,1780419312600,0,4,22.4,49.9,37.0,213.6,325.6
380,1780419312633,0,4,22.4,50.4,37.9,187.7,320.7
381,1780419312667,0,4,22.8,49.0,46.1,216.3,315.6
382,1780419312700,0,4,22.7,51.6,20.0,213.5,322.9
383,1780419312733,0,4,22.7,53.1,41.9,208.0,303.1
384,1780419312767,0,4,22.3,52.8,22.4,216.3,304.0
385,1780419312800,0,4,22.3,52.3,47.2,204.6,305.7
386,1780419312833,0,4,22.5,53.1,53.7,199.7,312.6
387,1780419312867,0,4,22.6,51.2,44.9,202.5,303.1
388,1780419312900,0,4,22.4,50.2,31.1,208.7,322.9
389,1780419312933,0,4,22.5,49.3,46.2,192.8,332.6
390,1780419312967,0,4,22.2,49.3,26.1,190.3,325.5
391,1780419313000,0,4,22.3,51.8,24.2,181.3,300.3
392,1780419313033,0,4,22.3,51.7,58.2,183.7,330.0
393,1780419313067,0,4,22.3,52.8,25.2,210.1,331.0
394,1780419313100,0,4,22.3,49.1,50.6,182.3,327.3
395,1780419313133,0,4,22.4,54.0,40.1,193.4,328.5
396,1780419313167,0,4,22.6,48.6,57.0,215.2,303.1
397,1780419313200,0,4,22.8,48.6,25.1,184.9,320.6
398,1780419313233,0,4,22.4,48.4,30.6,191.0,328.9
399,1780419313267,0,4,22.4,50.9,39.2,218.4,303.5
400,1780419313300,0,4,22.5,49.1,58.3,210.6,331.2
401,1780419313333,0,4,22.7,50.8,46.5,199.0,305.7
402,1780419313367,0,4,22.4,49.7,35.1,212.9,325.1
403,1780419313400,0,4,22.8,52.1,48.8,205.6,321.0
404,1780419313433,0,4,22.3,52.9,41.0,209.9,333.7
405,1780419313467,0,4,22.4,49.2,26.7,181.8,313.6
406,1780419313500,0,4,22.5,52.3,40.0,201.0,336.9
407,1780419313533,0,4,22.4,53.2,46.0,199.2,315.5
408,1780419313567,0,4,22.4,49.2,55.8,206.7,314.2
409,1780419313600,0,4,22.3,51.5,49.0,194.4,336.6
410,1780419313633,0,4,22.5,50.2,35.8,199.5,301.5
411,1780419313667,0,4,22.4,49.7,49.7,183.1,312.2
412,1780419313700,0,4,22.8,52.1,55.7,209.9,308.2
413,1780419313733,0,4,22.6,52.8,52.5,193.4,312.6
414,1780419313767,0,4,22.5,51.6,27.5,216.3,332.8
415,1780419313800,0,4,22.7,48.9,29.6,206.6,306.3
416,1780419313833,0,4,22.3,53.0,26.6,182.1,305.4
417,1780419313867,0,4,22.5,49.9,59.7,205.4,322.5
418,1780419313900,0,4,22.7,48.7,26.8,194.1,314.3
419,1780419313933,0,4,22.5,49.9,35.4,187.0,318.2
420,1780419313967,0,4,22.3,51.7,47.5,190.6,304.4
421,1780419314000,0,4,22.2,49.0,44.6,214.1,306.8
422,1780419314033,0,4,22.7,50.4,30.4,218.6,317.5
423,1780419314067,0,4,22.7,49.5,48.0,215.8,306.7
424,1780419314100,0,4,22.7,49.3,42.3,195.5,333.4
425,1780419314133,0,4,22.3,51.7,58.7,182.1,323.6
426,1780419314167,0,4,22.4,48.8,21.4,185.4,306.7
427,1780419314200,0,4,22.4,49.3,38.7,209.9,302.0
428,1780419314233,0,4,22.5,49.5,49.7,181.8,301.5
429,1780419314267,0,4,22.4,51.3,39.2,210.1,322.9
430,1780419314300,0,4,22.8,49.6,47.1,188.1,327.3
431,1780419314333,0,4,22.7,50.1,21.4,194.0,314.3
432,1780419314367,0,4,22.7,49.7,37.5,217.0,329.9
433,1780419314400,0,4,22.4,48.5,25.5,198.8,313.2
434,1780419314433,0,4,22.6,49.0,51.7,209.2,336.3
435,1780419314467,0,4,22.7,51.5,40.2,216.9,311.3
436,1780419314500,0,4,22.5,48.3,34.4,202.6,318.7
437,1780419314533,0,4,22.8,53.2,43.1,196.6,320.1
438,1780419314567,0,4,22.6,53.8,53.7,219.5,301.2
439,1780419314600,0,4,22.7,53.7,51.2,205.1,319.5
440,1780419314633,0,4,22.7,48.2,45.3,187.3,327.0
441,1780419314667,0,4,22.4,53.4,27.7,218.1,303.8
442,1780419314700,0,4,22.2,53.9,41.3,212.6,334.5
443,1780419314733,0,4,22.5,50.4,55.8,180.7,326.1
444,1780419314767,0,4,22.3,52.6,24.9,216.5,323.3
445,1780419314800,0,4,22.6,49.5,48.0,195.8,323.3
446,1780419314833,0,4,22.6,51.8,36.9,204.4,338.8
447,1780419314867,0,4,22.4,48.4,38.0,187.1,338.4
448,1780419314900,0,4,22.3,51.3,23.3,196.4,306.8
449,1780419314933,0,4,22.6,50.7,23.6,185.7,301.5
450,1780419314967,0,4,22.3,49.4,37.9,193.4,332.4
451,1780419315000,0,4,22.3,53.6,35.1,216.5,303.6
452,1780419315033,0,4,22.7,48.5,49.2,208.9,306.1
453,1780419315067,0,4,22.8,50.1,59.8,208.0,315.5
454,1780419315100,0,4,22.8,49.5,38.5,218.1,306.0
455,1780419315133,0,4,22.7,53.6,45.8,186.4,332.9
456,1780419315167,0,4,22.4,50.1,29.9,205.9,300.4
457,1780419315200,0,4,22.2,48.2,46.4,187.4,311.0
458,1780419315233,0,4,22.6,48.9,26.3,183.0,308.5
459,1780419315267,0,4,22.6,50.9,58.2,211.7,304.8
460,1780419315300,0,4,22.4,48.7,52.6,206.2,311.0
461,1780419315333,0,4,22.7,49.9,51.4,181.0,321.9
462,1780419315367,0,4,22.3,50.4,58.7,217.3,305.8
463,1780419315400,0,4,22.4,50.3,52.1,195.0,334.9
464,1780419315433,0,4,22.3,50.3,22.4,211.0,318.1
465,1780419315467,0,4,22.8,53.8,47.6,201.0,316.0
466,1780419315500,0,4,22.7,48.7,41.1,210.2,330.7
467,1780419315533,0,4,22.7,48.3,25.8,195.6,302.9
468,1780419315567,0,4,22.7,50.6,59.9,212.0,319.8
469,1780419315600,0,4,22.3,49.9,41.9,195.4,322.0
470,1780419315633,0,4,22.5,52.9,35.4,213.4,322.8
471,1780419315667,0,4,22.5,50.1,29.2,205.7,308.3
472,1780419315700,0,4,22.4,52.7,52.0,182.4,306.9
473,1780419315733,0,4,22.6,51.6,49.5,189.5,335.2
474,1780419315767,0,4,22.4,51.2,52.2,199.2,336.8
475,1780419315800,0,4,22.6,51.5,47.3,204.9,333.9
476,1780419315833,0,4,22.5,49.5,33.0,194.9,305.1
477,1780419315867,0,4,22.7,50.7,39.8,195.2,323.1
478,1780419315900,0,4,22.7,52.4,55.3,214.5,313.3
479,1780419315933,0,4,22.4,53.2,58.6,206.9,302.0
480,1780419315967,0,4,22.2,52.6,59.7,217.6,304.0
481,1780419316000,0,4,22.8,49.1,40.6,212.6,339.3
482,1780419316033,0,4,22.5,53.0,54.9,185.4,323.1
483,1780419316067,0,4,22.3,52.5,36.9,203.2,333.3
484,1780419316100,0,4,22.6,48.0,41.8,190.9,330.0
485,1780419316133,0,4,22.2,49.6,38.6,191.6,325.0
486,1780419316167,0,4,22.7,53.2,25.9,205.0,302.6
487,1780419316200,0,4,22.4,52.0,52.9,196.9,327.5
488,1780419316233,0,4,22.6,48.7,33.7,210.1,316.5
489,1780419316267,0,4,22.6,50.3,40.4,183.6,316.3
490,1780419316300,0,4,22.8,52.8,28.9,196.2,329.6
491,1780419316333,0,4,22.3,53.7,42.0,195.8,305.0
492,1780419316367,0,4,22.3,53.6,50.3,210.6,329.5
493,1780419316400,0,4,22.4,52.9,57.0,205.6,305.4
494,1780419316433,0,4,22.7,49.3,53.2,218.7,339.9
495,1780419316467,0,4,22.4,48.2,39.4,190.3,303.0
496,1780419316500,0,4,22.4,48.6,39.9,194.7,334.1
497,1780419316533,0,4,22.8,53.7,24.4,216.8,330.5
498,1780419316567,0,4,22.6,53.8,57.7,209.3,305.0
499,1780419316600,0,4,22.5,48.7,30.2,215.4,322.2
500,1780419316633,0,4,22.3,49.9,41.2,209.7,331.2
501,1780419316667,0,4,22.6,53.0,25.4,191.4,325.4
502,1780419316700,0,4,22.6,53.8,38.0,195.9,305.1
503,1780419316733,0,4,22.2,51.8,40.7,218.2,320.7
504,1780419316767,0,4,22.8,54.0,25.7,210.7,307.2
505,1780419316800,0,4,22.5,52.5,29.1,213.5,317.6
506,1780419316833,0,4,22.7,51.0,33.6,200.4,322.1
507,1780419316867,0,4,22.6,52.4,45.6,197.8,312.7
508,1780419316900,0,4,22.7,53.2,56.8,218.8,337.3
509,1780419316933,0,4,22.6,49.9,21.7,182.2,305.9
510,1780419316967,0,4,22.7,52.5,56.8,181.9,331.2
511,1780419317000,0,4,22.7,49.9,37.0,200.9,312.6
512,1780419317033,0,4,22.2,49.8,41.5,210.5,318.9
513,1780419317067,0,4,22.4,48.5,42.5,202.9,300.9
514,1780419317100,0,4,22.4,53.0,51.8,195.8,312.4
515,1780419317133,0,4,22.2,53.2,56.8,182.4,319.6
516,1780419317167,0,4,22.4,53.0,23.2,189.0,301.2
517,1780419317200,0,4,22.6,52.1,36.0,213.2,322.1
518,1780419317233,0,4,22.5,52.2,27.2,181.9,308.1
519,1780419317267,0,4,22.4,52.2,58.6,200.4,319.6
520,1780419317300,0,4,22.5,53.2,23.8,183.0,323.5
521,1780419317333,0,4,22.7,53.7,48.7,206.2,316.2
522,1780419317367,0,4,22.4,48.7,32.3,219.7,316.2
523,1780419317400,0,4,22.6,49.9,47.9,210.3,307.5
524,1780419317433,0,4,22.3,50.6,37.3,219.4,327.1
525,1780419317467,0,4,22.2,53.5,21.4,207.9,331.7
526,1780419317500,0,4,22.5,51.3,54.4,207.9,332.3
527,1780419317533,0,4,22.8,51.2,38.0,183.1,339.7
528,1780419317567,0,4,22.7,49.2,52.5,190.1,338.5
529,1780419317600,0,4,22.7,50.0,59.2,185.0,328.7
530,1780419317633,0,4,22.7,50.8,34.0,181.6,332.3
531,1780419317667,0,4,22.8,51.5,21.9,219.3,308.2
532,1780419317700,0,4,22.5,51.6,29.1,214.7,322.3
533,1780419317733,0,4,22.6,53.5,51.9,207.1,323.3
534,1780419317767,0,4,22.5,50.4,45.3,208.5,328.3
535,1780419317800,0,4,22.5,51.7,45.8,204.0,314.5
536,1780419317833,0,4,22.3,50.7,34.7,191.8,308.4
537,1780419317867,0,4,22.7,49.5,59.7,183.6,308.8
538,1780419317900,0,4,22.4,53.3,56.2,216.3,319.8
539,1780419317933,0,4,22.5,50.3,24.8,186.6,339.5
540,1780419317967,0,4,22.3,50.9,51.6,210.9,318.6
541,1780419318000,0,4,22.8,51.7,49.0,218.5,300.8
542,1780419318033,0,4,22.4,49.1,55.7,192.8,333.2
543,1780419318067,0,4,22.6,48.5,32.5,199.5,326.6
544,1780419318100,0,4,22.4,50.6,42.7,203.3,318.9
545,1780419318133,0,4,22.6,48.1,31.4,209.5,303.0
546,1780419318167,0,4,22.8,50.5,20.4,201.6,302.6
547,1780419318200,0,4,22.4,48.1,44.8,206.1,301.2
548,1780419318233,0,4,22.6,51.0,30.6,204.7,319.6
549,1780419318267,0,4,22.4,48.1,38.4,187.2,300.6
550,1780419318300,0,4,22.2,54.0,54.3,207.6,331.7
551,1780419318333,0,4,22.6,52.1,26.7,211.6,313.0
552,1780419318367,0,4,22.4,51.5,46.3,217.7,314.7
553,1780419318400,0,4,22.7,49.1,41.1,213.4,335.8
554,1780419318433,0,4,22.4,49.4,59.1,211.0,300.2
555,1780419318467,0,4,22.4,49.3,37.6,202.1,332.3
556,1780419318500,0,4,22.6,53.7,51.2,195.5,336.1
557,1780419318533,0,4,22.5,51.3,49.6,214.0,339.1
558,1780419318567,0,4,22.4,52.6,28.2,189.3,329.9
559,1780419318600,0,4,22.6,48.8,50.6,192.2,330.8
560,1780419318633,0,4,22.3,49.7,55.3,209.7,310.8
561,1780419318667,0,4,22.4,52.3,29.1,183.9,311.3
562,1780419318700,0,4,22.5,50.7,55.4,219.4,318.9
563,1780419318733,0,4,22.2,49.3,55.4,216.9,308.2
564,1780419318767,0,4,22.4,48.7,47.3,196.0,315.4
565,1780419318800,0,4,22.6,49.2,26.4,184.1,335.0
566,1780419318833,0,4,22.6,49.2,42.5,189.8,330.1
567,1780419318867,0,4,22.3,51.3,52.5,202.4,311.9
568,1780419318900,0,4,22.3,48.7,21.7,196.2,303.2
569,1780419318933,0,4,22.7,48.2,39.0,195.2,308.7
570,1780419318967,0,4,22.2,51.0,33.4,205.9,315.7
571,1780419319000,0,4,22.4,52.9,23.5,195.1,330.2
572,1780419319033,0,4,22.8,50.2,57.2,190.5,326.1
573,1780419319067,0,4,22.6,48.9,45.3,211.5,303.3
574,1780419319100,0,4,22.4,48.4,43.9,218.8,306.3
575,1780419319133,0,4,22.3,51.5,42.8,217.6,319.6
576,1780419319167,0,4,22.2,49.2,20.0,201.1,323.5
577,1780419319200,0,4,22.8,52.8,50.5,197.0,330.0
578,1780419319233,0,4,22.7,49.9,27.6,190.1,340.0
579,1780419319267,0,4,22.2,49.2,53.6,217.8,338.4
580,1780419319300,0,4,22.2,48.4,52.1,219.6,328.8
581,1780419319333,0,4,22.2,50.0,26.6,206.9,330.1
582,1780419319367,0,4,22.6,52.7,45.7,200.7,306.1
583,1780419319400,0,4,22.8,51.0,59.3,215.6,307.4
584,1780419319433,0,4,22.6,48.7,36.2,216.7,311.4
585,1780419319467,0,4,22.6,50.0,49.7,204.6,312.0
586,1780419319500,0,4,22.3,48.9,49.3,184.2,308.9
587,1780419319533,0,4,22.7,50.4,42.8,218.2,305.7
588,1780419319567,0,4,22.6,49.0,41.1,202.7,306.5
589,1780419319600,0,4,22.4,53.0,25.1,183.9,328.6
590,1780419319633,0,4,22.7,52.7,27.1,204.6,329.7
591,1780419319667,0,4,22.3,51.5,45.6,184.3,316.0
592,1780419319700,0,4,22.5,48.5,23.7,182.5,314.4
593,1780419319733,0,4,22.5,53.6,23.5,186.4,306.4
594,1780419319767,0,4,22.6,52.6,47.6,206.9,315.9
595,1780419319800,0,4,22.8,52.3,23.3,209.0,307.6
596,1780419319833,0,4,22.4,50.2,21.8,208.7,332.6
597,1780419319867,0,4,22.8,52.6,55.2,207.8,333.2
598,1780419319900,0,4,22.4,50.5,41.0,213.8,308.5
599,1780419319933,0,4,22.3,49.4,59.6,214.5,318.9
600,1780419319967,0,4,22.8,51.0,41.8,218.3,325.0
601,1780419320000,0,4,22.6,50.2,35.9,204.0,337.5
602,1780419320033,0,4,22.7,52.3,56.7,205.8,323.9
603,1780419320067,0,4,22.5,52.6,25.2,214.3,327.9
604,1780419320100,0,4,22.7,53.3,50.9,208.6,315.0
605,1780419320133,0,4,22.3,48.6,22.3,203.5,316.7
606,1780419320167,0,4,22.5,49.9,29.9,192.7,313.0
607,1780419320200,0,4,22.7,49.9,21.7,204.9,309.4
608,1780419320233,0,4,22.5,49.2,55.5,210.2,331.8
609,1780419320267,0,4,22.4,48.8,24.0,216.8,321.1
610,1780419320300,0,4,22.7,52.4,52.0,207.3,320.6
611,1780419320333,0,4,22.8,48.1,20.4,187.0,331.1
612,1780419320367,0,4,22.7,52.1,26.5,180.4,305.2
613,1780419320400,0,4,22.4,48.6,39.9,205.9,338.4
614,1780419320433,0,4,22.6,48.5,54.5,214.5,318.1
615,1780419320467,0,4,22.4,51.4,44.8,185.4,314.1
616,1780419320500,0,4,22.4,49.2,43.5,203.2,322.3
617,1780419320533,0,4,22.6,49.1,20.7,184.8,302.5
618,1780419320567,0,4,22.3,50.4,29.5,189.7,310.5
619,1780419320600,0,4,22.3,50.9,39.3,186.0,320.0
620,1780419320633,0,4,22.2,49.1,30.4,194.6,321.9
621,1780419320667,0,4,22.8,49.2,44.3,202.6,305.7
622,1780419320700,0,4,22.5,53.7,27.2,200.4,323.9
623,1780419320733,0,4,22.2,49.4,50.8,184.5,318.5
624,1780419320767,0,4,22.2,51.7,25.9,190.3,313.1
625,1780419320800,0,4,22.4,53.0,59.1,182.6,305.8
626,1780419320833,0,4,22.6,50.0,37.3,218.3,303.1
627,1780419320867,0,4,22.6,49.9,53.8,219.6,305.6
628,1780419320900,0,4,22.3,51.1,29.6,206.3,310.0
629,1780419320933,0,4,22.6,50.2,52.7,219.9,316.5
630,1780419320967,0,4,22.7,53.0,28.6,217.8,318.8
631,1780419321000,0,4,22.4,49.8,51.0,181.0,317.0
632,1780419321033,0,4,22.7,49.8,39.9,186.0,314.2
633,1780419321067,0,4,22.3,53.2,29.0,216.0,307.3
634,1780419321100,0,4,22.6,53.2,48.7,191.2,301.7
635,1780419321133,0,4,22.5,50.6,26.3,197.9,322.0
636,1780419321167,0,4,22.3,49.0,28.2,214.8,318.9
637,1780419321200,0,4,22.8,49.8,59.3,189.4,315.4
638,1780419321233,0,4,22.3,49.7,45.1,181.5,334.9
639,1780419321267,0,4,22.5,53.8,34.1,189.2,329.3
640,1780419321300,0,4,22.5,49.1,29.5,200.0,331.0
641,1780419321333,0,4,22.7,53.0,28.8,194.7,330.9
642,1780419321367,0,4,22.7,51.7,29.4,210.7,333.6
643,1780419321400,0,4,22.8,52.4,46.5,186.1,339.6
644,1780419321433,0,4,22.6,51.1,34.2,214.8,312.2
645,1780419321467,0,4,22.7,48.4,58.6,202.5,317.5
646,1780419321500,0,4,22.4,53.2,50.8,215.9,332.8
647,1780419321533,0,4,22.8,51.6,27.9,190.5,324.4
648,1780419321567,0,4,22.8,53.2,41.9,190.9,322.6
649,1780419321600,0,4,22.2,53.6,37.5,200.8,311.5
650,1780419321633,0,4,22.7,54.0,50.8,213.9,304.4
651,1780419321667,0,4,22.3,51.9,33.0,214.7,307.6
652,1780419321700,0,4,22.4,49.0,33.0,197.2,324.5
653,1780419321733,0,4,22.3,49.0,26.2,215.9,304.9
654,1780419321767,0,4,22.7,53.4,50.1,217.1,327.6
655,1780419321800,0,4,22.7,52.0,32.0,213.7,313.0
656,1780419321833,0,4,22.4,50.5,31.0,210.5,333.1
657,1780419321867,0,4,22.4,50.8,53.4,186.1,311.0
658,1780419321900,0,4,22.3,53.7,51.1,193.5,321.3
659,1780419321933,0,4,22.7,48.4,45.7,193.1,309.4
660,1780419321967,0,4,22.6,51.5,24.0,216.0,302.2
661,1780419322000,0,4,22.6,48.7,27.8,205.5,339.7
662,1780419322033,0,4,22.7,51.3,37.1,186.6,309.3
663,1780419322067,0,4,22.7,53.0,51.2,219.6,302.0
664,1780419322100,0,4,22.3,48.8,29.4,215.6,339.3
665,1780419322133,0,4,22.4,48.8,56.4,216.7,333.1
666,1780419322167,0,4,22.6,53.7,54.1,189.1,318.7
667,1780419322200,0,4,22.7,48.2,34.5,193.5,319.0
668,1780419322233,0,4,22.3,52.5,56.7,190.3,324.9
669,1780419322267,0,4,22.4,52.0,35.0,216.2,306.6
670,1780419322300,0,4,22.2,52.3,59.1,184.2,330.8
671,1780419322333,0,4,22.7,51.8,44.0,197.4,323.2
672,1780419322367,0,4,22.3,52.9,30.5,204.0,320.7
673,1780419322400,0,4,22.3,52.6,33.5,203.6,321.4
674,1780419322433,0,4,22.7,49.7,36.9,200.1,325.5
675,1780419322467,0,4,22.3,50.9,45.7,185.8,315.6
676,1780419322500,0,4,22.7,48.7,21.4,218.2,307.9
677,1780419322533,0,4,22.8,49.1,32.1,199.3,339.1
678,1780419322567,0,4,22.8,51.5,23.3,200.5,323.2
679,1780419322600,0,4,22.4,53.8,36.9,192.0,330.1
680,1780419322633,0,4,22.4,51.6,22.6,188.4,332.3
681,1780419322667,0,4,22.6,50.3,58.5,210.0,319.9
682,1780419322700,0,4,22.7,52.4,46.6,191.5,307.3
683,1780419322733,0,4,22.5,49.2,49.3,186.1,324.9
684,1780419322767,0,4,22.5,51.4,59.4,217.0,301.2
685,1780419322800,0,4,22.6,51.3,32.0,195.6,333.3
686,1780419322833,0,4,22.4,53.4,51.2,200.8,314.0
687,1780419322867,0,4,22.6,52.2,21.4,185.2,339.6
688,1780419322900,0,4,22.3,53.4,43.8,189.4,339.4
689,1780419322933,0,4,22.4,50.3,22.7,187.5,334.6
690,1780419322967,0,4,22.8,48.7,38.3,205.8,305.2
691,1780419323000,0,4,22.3,50.6,21.1,205.7,307.6
692,1780419323033,0,4,22.5,53.7,29.8,213.7,326.2
693,1780419323067,0,4,22.7,54.0,40.0,190.4,336.5
694,1780419323100,0,4,22.4,49.1,29.0,208.5,325.2
695,1780419323133,0,4,22.6,50.6,51.7,194.6,300.2
696,1780419323167,0,4,22.5,48.5,30.5,206.1,331.1
697,1780419323200,0,4,22.4,53.6,35.4,180.2,321.5
698,1780419323233,0,4,22.4,50.0,42.6,196.7,305.8
699,1780419323267,0,4,22.5,51.6,53.1,209.5,301.4
700,1780419323300,0,4,22.4,52.2,30.4,215.6,333.2
701,1780419323333,0,4,22.3,51.7,50.9,200.0,328.7
702,1780419323367,0,4,22.8,49.5,47.3,199.5,331.5
703,1780419323400,0,4,22.6,48.1,21.8,190.3,324.5
704,1780419323433,0,4,22.5,50.4,49.3,196.5,316.1
705,1780419323467,0,4,22.3,52.3,38.9,207.2,324.9
706,1780419323500,0,4,22.5,53.8,41.3,190.4,308.3
707,1780419323533,0,4,22.7,49.3,41.2,182.0,321.5
708,1780419323567,0,4,22.3,52.9,36.9,211.2,313.4
709,1780419323600,0,4,22.5,53.2,23.3,198.8,325.8
710,1780419323633,0,4,22.5,49.2,40.7,185.7,307.6
711,1780419323667,0,4,22.5,48.0,40.3,218.1,314.0
712,1780419323700,0,4,22.3,51.0,48.4,181.6,317.4
713,1780419323733,0,4,22.6,54.0,57.0,205.0,302.2
714,1780419323767,0,4,22.3,53.3,24.4,197.5,323.3
715,1780419323800,0,4,22.6,48.5,56.1,182.0,304.0
716,1780419323833,0,4,22.6,52.4,22.0,211.2,323.0
717,1780419323867,0,4,22.5,48.9,29.0,183.5,332.7
718,1780419323900,0,4,22.3,52.2,20.5,216.6,301.2
719,1780419323933,0,4,22.3,48.7,33.3,196.7,324.7
720,1780419323967,0,4,22.8,53.8,43.1,204.3,324.2
721,1780419324000,0,4,22.2,52.1,24.8,219.9,303.6
722,1780419324033,0,4,22.5,49.5,39.5,212.3,304.1
723,1780419324067,0,4,22.5,48.7,29.8,195.6,306.5
724,1780419324100,0,4,22.6,51.0,38.3,199.7,307.3
725,1780419324133,0,4,22.8,50.0,48.3,182.1,306.5
726,1780419324167,0,4,22.6,49.3,50.0,202.9,317.4
727,1780419324200,0,4,22.6,48.8,29.4,205.7,307.3
728,1780419324233,0,4,22.7,50.4,45.7,197.8,316.0
729,1780419324267,0,4,22.7,53.2,34.6,199.2,338.5
730,1780419324300,0,4,22.4,53.2,38.9,194.9,316.1
731,1780419324333,0,4,22.3,53.1,35.9,200.0,310.4
732,1780419324367,0,4,22.2,51.0,26.9,201.1,304.0
733,1780419324400,0,4,22.6,49.2,27.6,219.9,314.0
734,1780419324433,0,4,22.6,54.0,23.7,215.8,317.4
735,1780419324467,0,4,22.4,52.3,27.7,210.8,303.5
736,1780419324500,0,4,22.4,48.3,45.5,188.8,310.3
737,1780419324533,0,4,22.4,50.7,35.3,184.0,331.7
738,1780419324567,0,4,22.7,49.7,49.2,189.6,305.2
739,1780419324600,0,4,22.5,52.8,58.1,189.4,332.7
740,1780419324633,0,4,22.3,49.5,35.3,195.2,330.3
741,1780419324667,0,4,22.4,51.3,57.4,205.4,305.7
742,1780419324700,0,4,22.7,53.6,43.5,216.9,300.5
743,1780419324733,0,4,22.8,49.0,28.9,189.4,328.1
744,1780419324767,0,4,22.3,52.3,41.3,214.3,301.8
745,1780419324800,0,4,22.2,52.9,56.6,211.2,310.7
746,1780419324833,0,4,22.6,53.7,45.8,200.5,314.6
747,1780419324867,0,4,22.8,53.5,58.7,219.5,311.4
748,1780419324900,0,4,22.5,53.1,47.3,194.7,326.1
749,1780419324933,0,4,22.2,52.5,38.9,216.9,338.4
750,1780419324967,0,4,22.5,48.9,39.9,215.3,308.3
751,1780419325000,0,4,22.4,48.7,46.9,206.2,303.5
752,1780419325033,0,4,22.7,52.8,20.2,184.6,338.4
753,1780419325067,0,4,22.6,50.8,41.3,197.5,313.2
754,1780419325100,0,4,22.5,48.1,47.2,210.8,315.8
755,1780419325133,0,4,22.2,51.5,59.5,204.3,335.1
756,1780419325167,0,4,22.5,52.4,41.2,207.0,302.1
757,1780419325200,0,4,22.5,50.6,21.6,198.0,308.5
758,1780419325233,0,4,22.4,50.1,56.7,206.8,332.0
759,1780419325267,0,4,22.7,50.8,32.2,187.9,332.6
760,1780419325300,0,4,22.5,52.6,57.1,219.3,339.5
761,1780419325333,0,4,22.5,50.3,29.0,212.0,306.2
762,1780419325367,0,4,22.3,49.6,46.2,193.8,317.1
763,1780419325400,0,4,22.3,53.5,29.7,181.5,318.2
764,1780419325433,0,4,22.7,48.5,30.9,216.9,300.5
765,1780419325467,0,4,22.6,49.4,39.3,191.4,337.9
766,1780419325500,0,4,22.3,52.5,35.5,187.9,306.7
767,1780419325533,0,4,22.2,50.3,50.8,216.5,301.0
768,1780419325567,0,4,22.3,49.4,54.3,188.6,324.3
769,1780419325600,0,4,22.5,53.5,45.4,192.1,300.6
770,1780419325633,0,4,22.7,53.8,55.0,206.1,333.0
771,1780419325667,0,4,22.6,48.4,23.8,202.3,323.7
772,1780419325700,0,4,22.4,52.1,51.8,183.8,311.6
773,1780419325733,0,4,22.4,53.4,52.9,198.6,334.2
774,1780419325767,0,4,22.8,53.3,35.1,204.1,314.7
775,1780419325800,0,4,22.6,53.3,40.9,217.1,321.6
776,1780419325833,0,4,22.8,49.3,33.6,192.1,337.0
777,1780419325867,0,4,22.7,51.8,23.4,196.4,322.4
778,1780419325900,0,4,22.3,51.2,42.3,214.2,320.8
779,1780419325933,0,4,22.5,50.1,42.4,183.2,306.3
780,1780419325967,0,4,22.6,48.1,55.1,181.2,314.2
781,1780419326000,0,4,22.3,49.5,55.8,213.0,327.3
782,1780419326033,0,4,22.5,52.7,26.7,215.9,337.2
783,1780419326067,0,4,22.5,53.8,20.1,215.8,329.5
784,1780419326100,0,4,22.2,53.2,58.1,182.5,339.6
785,1780419326133,0,4,22.8,50.6,34.5,214.3,338.0
786,1780419326167,0,4,22.5,51.9,45.9,185.8,303.6
787,1780419326200,0,4,22.7,51.6,25.7,201.7,303.7
788,1780419326233,0,4,22.3,53.6,21.8,193.7,321.7
789,1780419326267,0,4,22.6,50.3,47.5,200.1,337.9
790,1780419326300,0,4,22.3,53.6,47.3,180.0,333.7
791,1780419326333,0,4,22.6,53.7,51.5,180.4,334.7
792,1780419326367,0,4,22.7,51.6,26.0,203.3,325.7
793,1780419326400,0,4,22.6,53.1,47.6,210.4,305.1
794,1780419326433,0,4,22.8,50.3,58.0,211.6,330.6
795,1780419326467,0,4,22.6,52.5,40.3,184.9,338.3
796,1780419326500,0,4,22.5,49.2,21.3,218.4,339.7
797,1780419326533,0,4,22.8,50.1,30.2,219.0,312.4
798,1780419326567,0,4,22.4,49.8,55.4,204.7,306.0
799,1780419326600,0,4,22.8,50.7,33.4,186.7,320.9
800,1780419326633,0,4,22.5,48.9,55.5,198.4,333.0
801,1780419326667,0,4,22.7,48.4,22.9,217.2,328.7
802,1780419326700,0,4,22.4,51.7,31.9,193.8,331.7
803,1780419326733,0,4,22.5,50.8,25.9,215.9,330.6
804,1780419326767,0,4,22.2,51.9,45.4,182.8,328.4
805,1780419326800,0,4,22.5,53.1,35.1,208.9,327.1
806,1780419326833,0,4,22.8,53.0,37.3,204.4,303.6
807,1780419326867,0,4,22.3,52.5,41.1,206.5,301.1
808,1780419326900,0,4,22.4,51.4,36.0,209.2,314.6
809,1780419326933,0,4,22.7,50.2,39.2,190.2,326.2
810,1780419326967,0,4,22.5,53.8,54.9,183.5,311.2
811,1780419327000,0,4,22.2,48.1,52.0,199.2,329.1
812,1780419327033,0,4,22.7,48.9,21.1,193.5,322.8
813,1780419327067,0,4,22.8,49.5,24.0,218.5,319.4
814,1780419327100,0,4,22.3,49.9,50.6,218.8,300.9
815,1780419327133,0,4,22.3,48.9,43.8,181.3,305.3
816,1780419327167,0,4,22.2,49.1,56.6,188.7,327.9
817,1780419327200,0,4,22.5,51.4,31.6,183.0,308.4
818,1780419327233,0,4,22.5,52.9,30.8,185.5,302.1
819,1780419327267,0,4,22.5,48.5,43.9,184.5,332.8
820,1780419327300,0,4,22.8,49.0,42.4,209.6,328.6
821,1780419327333,0,4,22.4,53.1,48.8,190.4,311.7
822,1780419327367,0,4,22.8,52.3,20.8,214.5,325.2
823,1780419327400,0,4,22.5,52.4,28.2,195.8,338.6
824,1780419327433,0,4,22.6,51.0,58.0,195.9,309.3
825,1780419327467,0,4,22.5,49.4,33.3,187.8,330.1
826,1780419327500,0,4,22.3,52.5,57.7,215.2,305.2
827,1780419327533,0,4,22.7,53.7,47.0,181.4,315.7
828,1780419327567,0,4,22.6,48.6,28.9,217.0,320.4
829,1780419327600,0,4,22.4,51.4,27.1,193.9,321.6
830,1780419327633,0,4,22.8,50.2,37.4,205.8,313.0
831,1780419327667,0,4,22.4,48.4,29.8,183.1,313.2
832,1780419327700,0,4,22.4,48.3,28.5,209.9,312.1
833,1780419327733,0,4,22.5,51.1,46.4,208.3,334.2
834,1780419327767,0,4,22.3,53.5,25.5,211.4,314.4
835,1780419327800,0,4,22.3,50.9,38.6,192.7,310.3
836,1780419327833,0,4,22.8,53.5,51.7,180.3,314.2
837,1780419327867,0,4,22.7,48.7,42.0,212.6,309.7
838,1780419327900,0,4,22.7,48.3,38.1,180.4,332.8
839,1780419327933,0,4,22.5,50.6,52.7,196.3,324.1
840,1780419327967,0,4,22.2,49.5,49.9,187.0,324.3
841,1780419328000,0,4,22.4,51.9,47.3,192.6,339.7
842,1780419328033,0,4,22.6,48.4,38.5,184.2,308.2
843,1780419328067,0,4,22.7,53.0,32.2,205.8,339.6
844,1780419328100,0,4,22.4,48.9,23.1,180.7,300.5
845,1780419328133,0,4,22.4,49.9,20.5,218.0,333.7
846,1780419328167,0,4,22.3,51.6,44.6,212.4,311.6
847,1780419328200,0,4,22.2,49.7,57.6,193.5,331.7
848,1780419328233,0,4,22.7,49.8,47.7,182.3,313.3
849,1780419328267,0,4,22.7,52.2,56.8,198.0,328.1
850,1780419328300,0,4,22.7,53.7,53.2,187.5,323.1
851,1780419328333,0,4,22.4,52.7,29.5,192.4,305.9
852,1780419328367,0,4,22.5,48.5,51.0,195.7,304.2
853,1780419328400,0,4,22.3,48.3,36.9,187.1,305.9
854,1780419328433,0,4,22.6,49.0,28.3,187.3,301.1
855,1780419328467,0,4,22.7,51.2,49.0,211.8,304.9
856,1780419328500,0,4,22.3,48.6,34.7,180.5,308.8
857,1780419328533,0,4,22.3,49.2,23.8,201.1,335.2
858,1780419328567,0,4,22.5,53.6,21.9,216.5,315.3
859,1780419328600,0,4,22.3,51.3,56.3,214.1,334.3
860,1780419328633,0,4,22.3,51.6,39.9,217.3,308.2
861,1780419328667,0,4,22.7,52.6,56.9,216.9,305.6
862,1780419328700,0,4,22.6,53.2,33.3,213.6,314.5
863,1780419328733,0,4,22.5,51.0,29.4,194.4,338.1
864,1780419328767,0,4,22.2,48.8,48.2,214.3,320.2
865,1780419328800,0,4,22.4,48.7,39.3,186.7,320.3
866,1780419328833,0,4,22.7,49.8,40.6,188.4,304.6
867,1780419328867,0,4,22.7,53.3,58.9,205.1,318.6
868,1780419328900,0,4,22.3,48.3,38.4,185.5,305.3
869,1780419328933,0,4,22.4,51.9,53.1,202.9,339.4
870,1780419328967,0,4,22.5,49.7,34.8,205.0,335.3
871,1780419329000,0,4,22.8,53.0,50.5,203.9,337.1
872,1780419329033,0,4,22.6,52.1,24.9,192.7,323.3
873,1780419329067,0,4,22.5,49.8,46.9,183.3,300.4
874,1780419329100,0,4,22.4,50.0,51.9,205.0,303.1
875,1780419329133,0,4,22.7,48.7,43.0,203.8,321.7
876,1780419329167,0,4,22.7,53.7,48.3,191.6,329.8
877,1780419329200,0,4,22.7,50.4,41.7,198.6,307.9
878,1780419329233,0,4,22.6,49.7,32.6,190.2,327.7
879,1780419329267,0,4,22.7,52.7,48.6,206.4,336.2
880,1780419329300,0,4,22.7,51.4,26.2,190.2,335.2
881,1780419329333,0,4,22.4,48.8,55.7,204.4,306.1
882,1780419329367,0,4,22.6,53.8,23.7,188.7,327.6
883,1780419329400,0,4,22.4,53.3,38.0,194.0,317.0
884,1780419329433,0,4,22.3,51.2,55.1,213.7,308.5
885,1780419329467,0,4,22.3,51.3,49.3,213.2,329.6
886,1780419329500,0,4,22.4,51.9,44.0,217.7,329.0
887,1780419329533,0,4,22.3,53.3,33.4,204.6,336.8
888,1780419329567,0,4,22.5,51.8,51.2,203.7,323.7
889,1780419329600,0,4,22.5,50.6,53.6,212.3,325.5
890,1780419329633,0,4,22.5,48.6,56.5,215.9,319.1
891,1780419329667,0,4,22.8,51.1,42.6,211.1,318.8
892,1780419329700,0,4,22.6,51.9,31.8,181.0,315.0
893,1780419329733,0,4,22.5,48.8,55.9,202.7,305.8
894,1780419329767,0,4,22.3,50.5,31.0,182.7,318.8
895,1780419329800,0,4,22.4,53.8,29.5,199.6,339.4
896,1780419329833,0,4,22.2,53.3,58.7,206.4,339.3
897,1780419329867,0,4,22.6,48.3,52.8,192.2,327.9
898,1780419329900,0,4,22.4,52.0,46.2,192.1,328.2
899,1780419329933,0,4,22.4,51.0,55.5,189.0,313.7
900,1780419329967,0,4,22.6,51.1,30.7,189.9,305.8
901,1780419330000,0,4,22.6,52.3,24.5,191.1,339.9
902,1780419330033,0,4,22.2,52.3,59.8,214.7,324.7
903,1780419330067,0,4,22.7,52.3,21.1,211.9,321.3
904,1780419330100,0,4,22.5,53.3,21.3,215.9,303.5
905,1780419330133,0,4,22.2,49.1,28.7,187.4,302.9
906,1780419330167,0,4,22.5,49.5,34.1,205.1,303.7
907,1780419330200,0,4,22.4,49.9,27.9,217.2,303.4
908,1780419330233,0,4,22.4,50.5,49.1,202.2,310.0
909,1780419330267,0,4,22.3,49.3,58.8,187.3,322.2
910,1780419330300,0,4,22.3,53.0,32.7,219.6,327.1
911,1780419330333,0,4,22.5,50.5,36.2,205.1,318.3
912,1780419330367,0,4,22.6,50.4,52.5,197.7,326.9
913,1780419330400,0,4,22.2,49.5,59.8,189.0,311.7
914,1780419330433,0,4,22.8,48.8,44.2,188.6,305.1
915,1780419330467,0,4,22.5,48.9,57.4,203.0,325.7
916,1780419330500,0,4,22.5,49.8,42.5,183.0,337.2
917,1780419330533,0,4,22.3,50.7,34.3,181.2,323.6
918,1780419330567,0,4,22.2,51.1,27.1,207.8,315.2
919,1780419330600,0,4,22.8,53.4,55.8,202.9,333.6
920,1780419330633,0,4,22.2,50.0,41.2,218.7,321.8
921,1780419330667,0,4,22.3,49.3,21.8,209.6,313.0
922,1780419330700,0,4,22.8,48.3,23.1,209.2,303.1
923,1780419330733,0,4,22.5,52.1,57.0,190.0,316.5
924,1780419330767,0,4,22.6,48.9,41.7,184.6,316.6
925,1780419330800,0,4,22.3,50.2,22.8,205.5,304.8
926,1780419330833,0,4,22.7,50.2,58.9,210.6,301.6
927,1780419330867,0,4,22.5,48.3,36.0,184.9,309.8
928,1780419330900,0,4,22.3,51.9,22.5,204.2,310.1
929,1780419330933,0,4,22.3,51.1,32.1,185.1,313.2
930,1780419330967,0,4,22.6,50.4,56.2,189.5,310.2
931,1780419331000,0,4,22.4,52.1,57.8,191.5,319.3
932,1780419331033,0,4,22.2,49.4,57.3,207.7,300.0
933,1780419331067,0,4,22.6,49.2,32.4,183.3,309.2
934,1780419331100,0,4,22.5,53.9,40.7,210.7,310.3
935,1780419331133,0,4,22.4,50.4,37.1,190.0,325.7
936,1780419331167,0,4,22.4,49.8,58.4,190.6,310.8
937,1780419331200,0,4,22.5,53.0,54.1,208.4,323.4
938,1780419331233,0,4,22.5,50.9,39.7,180.3,337.9
939,1780419331267,0,4,22.7,52.0,35.9,183.4,327.0
940,1780419331300,0,4,22.4,49.4,24.8,193.9,332.3
941,1780419331333,0,4,22.7,48.8,31.8,211.0,339.3
942,1780419331367,0,4,22.5,49.9,57.3,185.1,329.9
943,1780419331400,0,4,22.2,51.3,42.3,217.7,333.7
944,1780419331433,0,4,22.3,51.9,23.7,218.5,300.3
945,1780419331467,0,4,22.3,50.4,30.3,203.2,302.8
946,1780419331500,0,4,22.4,51.8,37.7,190.2,338.0
947,1780419331533,0,4,22.5,51.6,39.9,182.4,306.0
948,1780419331567,0,4,22.5,51.2,39.1,218.5,321.9
949,1780419331600,0,4,22.4,50.4,57.9,185.9,308.7
950,1780419331633,0,4,22.6,53.2,27.4,203.8,301.2
951,1780419331667,0,4,22.5,50.1,33.7,188.1,307.2
952,1780419331700,0,4,22.6,53.5,51.7,183.5,326.7
953,1780419331733,0,4,22.8,48.3,37.1,216.1,312.5
954,1780419331767,0,4,22.6,48.2,22.8,215.9,323.6
955,1780419331800,0,4,22.4,51.1,27.9,194.5,316.2
956,1780419331833,0,4,22.2,51.6,20.7,209.0,321.9
957,1780419331867,0,4,22.3,51.1,30.0,187.8,318.1
958,1780419331900,0,4,22.4,52.4,22.5,198.7,325.1
959,1780419331933,0,4,22.3,49.6,50.7,211.6,321.4
960,1780419331967,0,4,22.7,50.7,52.6,197.3,318.0
961,1780419332000,0,4,22.8,53.5,20.9,211.4,302.1
962,1780419332033,0,4,22.5,48.8,22.6,197.7,327.6
963,1780419332067,0,4,22.6,52.0,45.3,214.3,303.2
964,1780419332100,0,4,22.5,51.5,53.4,192.4,330.7
965,1780419332133,0,4,22.4,52.6,22.6,208.4,313.2
966,1780419332167,0,4,22.6,52.8,53.7,198.6,316.7
967,1780419332200,0,4,22.7,48.4,51.6,188.6,319.4
968,1780419332233,0,4,22.8,50.1,29.2,203.6,336.1
969,1780419332267,0,4,22.7,48.8,36.9,206.4,316.2
970,1780419332300,0,4,22.7,51.3,59.2,202.1,317.2
971,1780419332333,0,4,22.8,52.3,57.1,195.9,303.7
972,1780419332367,0,4,22.6,53.9,47.3,211.5,329.8
973,1780419332400,0,4,22.2,51.5,55.9,200.2,331.5
974,1780419332433,0,4,22.3,51.2,58.5,209.5,316.3
975,1780419332467,0,4,22.4,48.5,23.1,207.4,333.6
976,1780419332500,0,4,22.3,54.0,54.9,217.3,335.1
977,1780419332533,0,4,22.8,49.6,26.9,192.2,316.0
978,1780419332567,0,4,22.6,48.0,21.2,216.7,324.9
979,1780419332600,0,4,22.8,51.1,55.1,183.3,317.5
980,1780419332633,0,4,22.3,52.6,52.2,217.1,305.1
981,1780419332667,0,4,22.8,50.0,44.0,213.8,311.9
982,1780419332700,0,4,22.8,52.5,43.8,188.5,310.3
983,1780419332733,0,4,22.3,52.7,20.7,206.7,307.9
984,1780419332767,0,4,22.3,51.6,26.8,188.4,306.1
985,1780419332800,0,4,22.5,49.4,53.7,181.3,301.8
986,1780419332833,0,4,22.7,49.5,49.1,209.8,336.2
987,1780419332867,0,4,22.4,51.5,49.4,204.2,320.8
988,1780419332900,0,4,22.5,48.2,58.3,184.0,321.4
989,1780419332933,0,4,22.4,48.2,34.1,185.8,301.7
990,1780419332967,0,4,22.3,49.4,46.4,207.0,315.8
991,1780419333000,0,4,22.7,50.8,40.5,180.6,316.6
992,1780419333033,0,4,22.4,50.5,45.4,201.8,338.7
993,1780419333067,0,4,22.6,51.2,36.4,203.2,322.7
994,1780419333100,0,4,22.2,51.5,26.7,204.3,322.0
995,1780419333133,0,4,22.6,52.9,32.9,214.2,331.9
996,1780419333167,0,4,22.5,48.4,55.1,197.9,329.8
997,1780419333200,0,4,22.2,48.5,43.1,190.6,337.7
998,1780419333233,0,4,22.3,50.9,21.7,186.5,336.2
999,1780419333267,0,4,22.3,50.5,33.9,182.3,316.4
1000,1780419333300,0,4,22.7,48.3,22.8,197.5,337.7
1001,1780419333333,0,4,22.8,51.9,43.4,184.5,314.4
1002,1780419333367,0,4,22.4,51.1,47.6,214.8,306.8
1003,1780419333400,0,4,22.6,52.1,29.9,197.5,321.5
1004,1780419333433,0,4,22.3,53.7,21.5,203.9,302.8
1005,1780419333467,0,4,22.3,52.5,34.7,182.3,337.1
1006,1780419333500,0,4,22.4,51.4,55.7,203.5,326.9
1007,1780419333533,0,4,22.4,49.9,41.4,188.4,312.4
1008,1780419333567,0,4,22.6,48.0,26.6,208.2,306.0
1009,1780419333600,0,4,22.5,52.9,49.8,182.2,312.7
1010,1780419333633,0,4,22.5,49.5,33.2,192.8,335.7
1011,1780419333667,0,4,22.7,52.8,48.5,201.7,305.6
1012,1780419333700,0,4,22.6,50.5,35.0,183.8,301.4
1013,1780419333733,0,4,22.6,51.5,58.0,207.4,331.5
1014,1780419333767,0,4,22.2,53.0,29.3,186.8,330.7
1015,1780419333800,0,4,22.7,48.3,41.4,214.4,306.8
1016,1780419333833,0,4,22.8,49.1,30.7,186.6,300.1
1017,1780419333867,0,4,22.5,49.1,23.3,212.8,320.2
1018,1780419333900,0,4,22.4,53.1,30.5,196.0,327.7
1019,1780419333933,0,4,22.4,48.2,29.6,204.5,308.2
1020,1780419333967,0,4,22.3,53.7,53.2,183.9,331.9
1021,1780419334000,0,4,22.4,50.4,48.0,213.4,327.8
1022,1780419334033,0,4,22.6,53.3,30.2,186.6,322.5
1023,1780419334067,0,4,22.2,48.5,45.2,206.2,329.3
1024,1780419334100,0,4,22.5,53.9,40.1,216.1,325.7
1025,1780419334133,0,4,22.3,52.4,25.9,191.6,305.6
1026,1780419334167,0,4,22.6,53.2,35.0,192.7,300.7
1027,1780419334200,0,4,22.7,50.0,20.7,213.3,324.9
1028,1780419334233,0,4,22.3,51.6,43.3,181.5,309.6
1029,1780419334267,0,4,22.3,48.8,28.6,190.0,327.8
1030,1780419334300,0,4,22.4,50.0,54.8,198.1,336.7
1031,1780419334333,0,4,22.4,50.0,27.5,215.1,329.1
1032,1780419334367,0,4,22.8,48.2,48.8,194.4,302.4
1033,1780419334400,0,4,22.3,53.2,20.8,219.0,333.2
1034,1780419334433,0,4,22.3,50.4,49.9,205.9,324.2
1035,1780419334467,0,4,22.8,50.6,56.3,187.4,318.4
1036,1780419334500,0,4,22.4,48.3,55.9,210.3,324.3
1037,1780419334533,0,4,22.3,52.5,24.7,207.9,311.0
1038,1780419334567,0,4,22.6,53.4,45.8,192.1,328.8
1039,1780419334600,0,4,22.7,49.4,38.0,205.9,319.8
1040,1780419334633,0,4,22.6,50.2,32.9,184.0,326.8
1041,1780419334667,0,4,22.6,51.7,45.2,187.7,318.6
1042,1780419334700,0,4,22.6,52.1,49.7,205.7,309.2
1043,1780419334733,0,4,22.6,52.7,39.0,206.0,337.4
1044,1780419334767,0,4,22.4,51.2,23.7,196.8,337.4
1045,1780419334800,0,4,22.8,51.6,44.9,208.0,311.6
1046,1780419334833,0,4,22.4,51.3,26.8,192.6,317.0
1047,1780419334867,0,4,22.6,49.7,55.3,211.0,313.2
1048,1780419334900,0,4,22.6,53.3,44.2,207.0,300.8
1049,1780419334933,0,4,22.7,49.4,29.5,187.1,309.9
1050,1780419334967,0,4,22.3,49.7,36.6,206.7,314.3
1051,1780419335000,0,4,22.4,48.1,41.2,201.4,312.2
1052,1780419335033,0,4,22.4,50.8,37.3,204.3,320.2
1053,1780419335067,0,4,22.4,52.2,23.0,195.6,325.7
1054,1780419335100,0,4,22.8,51.2,54.4,216.4,307.1
1055,1780419335133,0,4,22.3,48.7,26.6,203.8,313.1
1056,1780419335167,0,4,22.5,49.8,37.2,208.6,317.0
1057,1780419335200,0,4,22.7,48.8,43.6,216.3,339.0
1058,1780419335233,0,4,22.4,49.3,45.8,200.4,306.2
1059,1780419335267,0,4,22.8,48.3,37.4,193.2,302.5
1060,1780419335300,0,4,22.6,52.9,21.0,198.7,333.1
1061,1780419335333,0,4,22.6,49.4,31.4,201.6,317.2
1062,1780419335367,0,4,22.6,53.6,50.8,185.0,304.3
1063,1780419335400,0,4,22.5,48.2,27.7,205.3,326.0
1064,1780419335433,0,4,22.4,50.4,49.3,218.0,339.8
1065,1780419335467,0,4,22.7,49.6,36.4,189.5,337.6
1066,1780419335500,0,4,22.7,49.6,34.5,199.4,309.2
1067,1780419335533,0,4,22.6,53.7,59.0,187.8,312.9
1068,1780419335567,0,4,22.7,51.4,30.9,184.0,307.4
1069,1780419335600,0,4,22.6,52.2,55.1,198.1,320.0
1070,1780419335633,0,4,22.3,50.6,35.3,203.4,337.7
1071,1780419335667,0,4,22.3,48.2,25.6,196.2,316.8
1072,1780419335700,0,4,22.7,51.5,41.8,211.3,305.6
1073,1780419335733,0,4,22.6,49.8,22.9,204.1,304.9
1074,1780419335767,0,4,22.3,51.7,57.1,213.5,323.6
1075,1780419335800,0,4,22.4,50.4,54.7,210.0,307.6
1076,1780419335833,0,4,22.6,50.0,29.7,206.3,328.2
1077,1780419335867,0,4,22.8,52.8,39.5,200.8,322.3
1078,1780419335900,0,4,22.7,53.9,50.8,196.0,323.3
1079,1780419335933,0,4,22.7,52.8,38.5,203.0,333.1
1080,1780419335967,0,4,22.5,48.9,26.1,185.6,300.9
1081,1780419336000,0,4,22.7,49.2,30.7,217.9,319.8
1082,1780419336033,0,4,22.6,49.5,41.5,192.0,316.6
1083,1780419336067,0,4,22.3,50.0,52.2,186.8,310.6
1084,1780419336100,0,4,22.4,48.8,36.8,190.4,337.5
1085,1780419336133,0,4,22.3,51.5,40.1,211.4,337.1
1086,1780419336167,0,4,22.3,52.6,48.8,184.3,305.2
1087,1780419336200,0,4,22.3,49.8,41.4,212.9,306.8
1088,1780419336233,0,4,22.8,51.3,32.0,194.8,334.7
1089,1780419336267,0,4,22.4,53.9,46.3,182.1,304.4
1090,1780419336300,0,4,22.7,53.2,21.1,193.7,303.2
1091,1780419336333,0,4,22.2,51.6,49.5,200.3,306.3
1092,1780419336367,0,4,22.8,51.5,54.9,214.9,331.1
1093,1780419336400,0,4,22.5,48.8,29.6,214.7,321.8
1094,1780419336433,0,4,22.6,50.3,38.2,191.7,318.8
1095,1780419336467,0,4,22.5,53.7,37.2,218.4,322.3
1096,1780419336500,0,4,22.4,52.3,50.7,204.6,328.2
1097,1780419336533,0,4,22.4,48.6,57.1,205.9,330.0
1098,1780419336567,0,4,22.5,48.3,26.7,215.6,327.7
1099,1780419336600,0,4,22.6,54.0,36.0,214.5,328.3
1100,1780419336633,0,4,22.6,50.6,39.6,182.6,337.6
1101,1780419336667,0,4,22.5,52.2,57.2,188.6,301.3
1102,1780419336700,0,4,22.7,48.1,33.7,182.1,313.4
1103,1780419336733,0,4,22.8,52.0,59.0,218.6,310.0
1104,1780419336767,0,4,22.6,50.2,22.3,194.8,304.5
1105,1780419336800,0,4,22.5,51.9,41.3,189.5,317.6
1106,1780419336833,0,4,22.4,49.8,55.4,184.3,304.2
1107,1780419336867,0,4,22.7,50.8,31.5,211.9,327.1
1108,1780419336900,0,4,22.6,51.7,56.8,216.3,315.2
1109,1780419336933,0,4,22.7,51.5,55.8,188.5,301.6
1110,1780419336967,0,4,22.6,50.5,21.6,187.6,314.7
1111,1780419337000,0,4,22.6,51.0,45.7,197.8,316.4
1112,1780419337033,0,4,22.5,53.3,23.8,205.7,315.5
1113,1780419337067,0,4,22.2,49.0,28.1,214.3,311.1
1114,1780419337100,0,4,22.3,50.8,34.0,183.6,323.0
1115,1780419337133,0,4,22.3,50.6,53.2,217.5,338.6
1116,1780419337167,0,4,22.7,50.0,48.0,219.6,320.9
1117,1780419337200,0,4,22.2,49.0,49.3,189.5,305.5
1118,1780419337233,0,4,22.3,48.5,36.8,203.1,312.5
1119,1780419337267,0,4,22.7,50.7,55.4,191.2,311.1
1120,1780419337300,0,4,22.5,50.9,41.8,210.3,322.8
1121,1780419337333,0,4,22.5,52.9,27.1,207.8,331.3
1122,1780419337367,0,4,22.8,53.7,53.3,212.5,311.8
1123,1780419337400,0,4,22.2,48.9,44.5,187.8,308.1
1124,1780419337433,0,4,22.5,53.1,36.2,181.5,337.7
1125,1780419337467,0,4,22.4,49.6,29.1,209.7,309.2
1126,1780419337500,0,4,22.6,48.3,20.1,197.5,313.3
1127,1780419337533,0,4,22.6,48.3,30.5,212.3,326.4
1128,1780419337567,0,4,22.4,51.2,48.7,183.0,340.0
1129,1780419337600,0,4,22.3,50.6,54.9,212.1,323.5
1130,1780419337633,0,4,22.5,50.2,28.3,193.2,329.6
1131,1780419337667,0,4,22.4,51.4,26.7,183.9,303.2
1132,1780419337700,0,4,22.2,48.3,24.6,191.6,325.5
1133,1780419337733,0,4,22.3,53.3,53.6,194.1,336.7
1134,1780419337767,0,4,22.4,51.6,29.7,186.8,310.5
1135,1780419337800,0,4,22.4,51.3,46.9,210.8,325.0
1136,1780419337833,0,4,22.5,48.6,59.8,203.8,318.0
1137,1780419337867,0,4,22.4,52.6,44.9,207.6,301.4
1138,1780419337900,0,4,22.8,52.6,55.9,198.5,321.0
1139,1780419337933,0,4,22.4,52.2,49.4,181.0,339.0
1140,1780419337967,0,4,22.5,50.7,47.1,192.6,303.6
1141,1780419338000,0,4,22.3,53.2,48.7,190.6,322.1
1142,1780419338033,0,4,22.4,52.0,52.6,218.3,322.9
1143,1780419338067,0,4,22.4,52.8,45.1,208.6,319.5
1144,1780419338100,0,4,22.8,49.2,56.8,217.7,306.7
1145,1780419338133,0,4,22.7,54.0,28.6,209.1,328.3
1146,1780419338167,0,4,22.8,48.6,24.0,195.7,314.3
1147,1780419338200,0,4,22.8,48.7,35.1,193.5,300.4
1148,1780419338233,0,4,22.5,52.6,20.0,202.0,323.1
1149,1780419338267,0,4,22.8,50.7,56.6,211.0,306.3
1150,1780419338300,0,4,22.3,52.1,52.7,218.3,316.1
1151,1780419338333,0,4,22.5,52.7,31.1,218.6,319.4
1152,1780419338367,0,4,22.7,49.5,34.1,212.7,325.1
1153,1780419338400,0,4,22.2,48.7,35.9,219.9,322.8
1154,1780419338433,0,4,22.5,51.4,35.7,214.7,328.7
1155,1780419338467,0,4,22.3,52.4,45.5,194.4,309.5
1156,1780419338500,0,4,22.5,52.1,52.3,219.3,323.4
1157,1780419338533,0,4,22.7,52.6,26.4,219.3,339.6
1158,1780419338567,0,4,22.8,51.9,56.6,194.0,311.3
1159,1780419338600,0,4,22.4,50.9,49.1,187.0,332.7
1160,1780419338633,0,4,22.6,48.4,23.4,205.6,332.4
1161,1780419338667,0,4,22.5,49.1,45.0,199.7,320.1
1162,1780419338700,0,4,22.6,50.1,52.5,195.9,307.5
1163,1780419338733,0,4,22.3,51.7,32.8,196.9,302.7
1164,1780419338767,0,4,22.3,48.6,31.6,193.9,316.6
1165,1780419338800,0,4,22.4,51.0,41.7,181.8,301.0
1166,1780419338833,0,4,22.8,48.8,24.1,216.5,336.4
1167,1780419338867,0,4,22.5,50.6,25.6,219.0,300.6
1168,1780419338900,0,4,22.4,51.1,24.8,195.4,324.1
1169,1780419338933,0,4,22.7,53.0,24.4,181.1,301.3
1170,1780419338967,0,4,22.4,50.1,24.2,195.5,339.9
1171,1780419339000,0,4,22.6,48.4,36.7,183.5,319.2
1172,1780419339033,0,4,22.7,53.3,44.2,203.0,301.6
1173,1780419339067,0,4,22.4,49.6,28.5,184.2,316.8
1174,1780419339100,0,4,22.7,51.7,30.0,195.8,334.6
1175,1780419339133,0,4,22.4,53.0,53.6,213.7,312.0
1176,1780419339167,0,4,22.5,50.8,53.8,210.6,333.5
1177,1780419339200,0,4,22.4,48.7,24.7,197.7,307.5
1178,1780419339233,0,4,22.4,50.0,26.4,211.9,324.2
1179,1780419339267,0,4,22.8,50.2,36.2,204.8,325.3
1180,1780419339300,0,4,22.3,50.7,47.4,197.4,302.5
1181,1780419339333,0,4,22.5,49.7,38.6,204.4,325.1
1182,1780419339367,0,4,22.2,48.5,36.8,202.6,337.8
1183,1780419339400,0,4,22.3,49.6,50.9,201.0,306.0
1184,1780419339433,0,4,22.7,48.2,30.8,209.3,339.6
1185,1780419339467,0,4,22.4,51.5,52.6,187.1,333.1
1186,1780419339500,0,4,22.2,49.0,53.4,212.2,317.1
1187,1780419339533,0,4,22.6,52.3,40.4,181.1,315.8
1188,1780419339567,0,4,22.4,51.9,52.4,185.3,322.0
1189,1780419339600,0,4,22.8,50.8,48.2,206.6,308.0
1190,1780419339633,0,4,22.5,49.2,20.5,194.5,321.6
1191,1780419339667,0,4,22.2,49.7,42.0,180.6,303.4
1192,1780419339700,0,4,22.6,53.8,45.1,187.1,325.1
1193,1780419339733,0,4,22.8,50.8,25.8,208.1,304.1
1194,1780419339767,0,4,22.2,48.1,55.3,197.8,337.7
1195,1780419339800,0,4,22.6,50.6,40.6,184.0,322.4
1196,1780419339833,0,4,22.5,49.9,30.1,203.5,312.8
1197,1780419339867,0,4,22.5,53.9,30.6,214.3,338.2
1198,1780419339900,0,4,22.6,53.8,24.2,183.8,318.3
1199,1780419339933,0,4,22.2,51.8,45.7,183.4,314.0
1200,1780419339967,0,4,22.4,50.6,44.2,197.8,321.8
1201,1780419340000,0,4,22.4,48.7,45.1,199.9,317.8
1202,1780419340033,0,4,22.6,50.0,50.5,216.2,325.0
1203,1780419340067,0,4,22.5,51.1,34.3,187.8,302.1
1204,1780419340100,0,4,22.7,50.1,41.3,195.0,305.2
1205,1780419340133,0,4,22.5,48.2,53.5,216.0,318.4
1206,1780419340167,0,4,22.7,53.9,48.6,213.1,331.2
1207,1780419340200,0,4,22.4,50.3,29.6,214.1,332.1
1208,1780419340233,0,4,22.4,49.8,54.3,204.7,333.0
1209,1780419340267,0,4,22.8,50.3,54.7,219.9,334.6
1210,1780419340300,0,4,22.4,49.6,51.8,214.4,325.1
1211,1780419340333,0,4,22.4,48.7,45.1,206.1,337.0
1212,1780419340367,0,4,22.4,49.5,55.8,181.9,317.0
1213,1780419340400,0,4,22.7,53.8,48.0,195.7,327.5
1214,1780419340433,0,4,22.5,48.5,41.9,184.7,303.3
1215,1780419340467,0,4,22.5,49.7,54.8,187.1,302.1
1216,1780419340500,0,4,22.3,52.5,23.4,206.1,329.4
1217,1780419340533,0,4,22.6,49.2,25.5,195.8,304.6
1218,1780419340567,0,4,22.6,51.9,45.7,205.4,307.9
1219,1780419340600,0,4,22.3,50.0,34.0,211.2,305.9
1220,1780419340633,0,4,22.5,52.1,25.9,215.3,311.8
1221,1780419340667,0,4,22.3,53.9,28.2,217.2,301.0
1222,1780419340700,0,4,22.7,52.7,29.9,206.7,315.4
1223,1780419340733,0,4,22.7,49.8,40.5,200.1,332.4
1224,1780419340767,0,4,22.6,52.2,29.1,202.2,330.3
1225,1780419340800,0,4,22.6,53.9,26.3,213.4,310.1
1226,1780419340833,0,4,22.2,54.0,28.9,187.0,331.3
1227,1780419340867,0,4,22.8,52.6,34.3,195.0,326.6
1228,1780419340900,0,4,22.7,52.8,21.9,205.2,332.9
1229,1780419340933,0,4,22.8,52.3,37.7,200.9,319.2
1230,1780419340967,0,4,22.8,50.9,59.1,194.2,334.0
1231,1780419341000,0,4,22.4,53.4,52.8,207.5,332.5
1232,1780419341033,0,4,22.6,52.5,35.8,211.7,314.3
1233,1780419341067,0,4,22.4,51.5,38.5,185.2,326.0
1234,1780419341100,0,4,22.6,51.6,31.0,181.1,334.7
1235,1780419341133,0,4,22.8,49.6,50.0,192.3,308.9
1236,1780419341167,0,4,22.5,49.3,32.6,187.4,317.1
1237,1780419341200,0,4,22.3,48.6,20.3,187.5,310.8
1238,1780419341233,0,4,22.5,53.9,29.7,204.5,305.8
1239,1780419341267,0,4,22.5,51.4,20.5,208.6,326.9
1240,1780419341300,0,4,22.4,50.7,47.4,193.4,329.5
1241,1780419341333,0,4,22.7,51.7,34.3,184.2,309.0
1242,1780419341367,0,4,22.8,49.0,28.2,181.0,332.0
1243,1780419341400,0,4,22.6,53.9,27.6,188.4,305.3
1244,1780419341433,0,4,22.4,51.9,39.7,211.2,303.1
1245,1780419341467,0,4,22.6,50.2,22.4,191.0,328.5
1246,1780419341500,0,4,22.4,50.8,29.6,215.9,330.1
1247,1780419341533,0,4,22.5,48.0,21.4,187.2,301.8
1248,1780419341567,0,4,22.7,50.5,36.1,205.3,333.6
1249,1780419341600,0,4,22.6,50.2,30.9,191.7,305.6
1250,1780419341633,0,4,22.3,51.8,49.0,190.3,313.1
1251,1780419341667,0,4,22.8,53.0,57.0,191.5,301.7
1252,1780419341700,0,4,22.3,53.8,47.5,215.7,312.0
1253,1780419341733,0,4,22.3,50.3,22.8,196.5,325.0
1254,1780419341767,0,4,22.2,51.7,41.0,209.0,332.6
1255,1780419341800,0,4,22.6,50.2,43.7,203.5,332.8
1256,1780419341833,0,4,22.8,53.8,25.8,182.4,330.1
1257,1780419341867,0,4,22.5,48.3,36.1,213.2,323.5
1258,1780419341900,0,4,22.7,51.0,57.0,203.5,313.6
1259,1780419341933,0,4,22.4,50.3,24.5,201.2,305.5
1260,1780419341967,0,4,22.8,50.1,56.9,199.0,320.5
1261,1780419342000,0,4,22.4,49.9,23.6,184.7,304.9
1262,1780419342033,0,4,22.3,53.0,20.6,193.8,336.0
1263,1780419342067,0,4,22.6,51.1,21.5,185.5,315.0
1264,1780419342100,0,4,22.5,52.6,46.0,216.9,311.6
1265,1780419342133,0,4,22.4,52.0,33.5,215.5,301.1
1266,1780419342167,0,4,22.8,51.9,52.6,213.6,306.5
1267,1780419342200,0,4,22.3,49.0,26.9,202.3,319.0
1268,1780419342233,0,4,22.3,49.6,57.6,218.6,338.4
1269,1780419342267,0,4,22.7,53.0,32.0,191.6,305.7
1270,1780419342300,0,4,22.4,51.8,36.6,204.7,338.4
1271,1780419342333,0,4,22.8,52.7,45.8,202.3,304.0
1272,1780419342367,0,4,22.2,51.2,22.5,199.8,317.7
1273,1780419342400,0,4,22.6,50.4,51.5,185.9,325.1
1274,1780419342433,0,4,22.6,51.8,48.5,215.9,323.7
1275,1780419342467,0,4,22.6,48.2,26.3,216.9,303.9
1276,1780419342500,0,4,22.7,51.1,40.6,192.4,305.2
1277,1780419342533,0,4,22.6,53.8,20.4,197.0,310.4
1278,1780419342567,0,4,22.7,50.1,58.1,202.9,313.5
1279,1780419342600,0,4,22.3,51.7,50.7,209.5,318.6
1280,1780419342633,0,4,22.8,52.2,27.4,195.6,327.0
1281,1780419342667,0,4,22.2,49.9,52.6,188.9,302.9
1282,1780419342700,0,4,22.7,50.2,45.3,213.5,302.3
1283,1780419342733,0,4,22.7,50.8,42.5,194.9,323.9
1284,1780419342767,0,4,22.7,50.4,23.0,217.8,315.5
1285,1780419342800,0,4,22.6,50.4,45.9,214.7,318.8
1286,1780419342833,0,4,22.5,52.1,40.5,213.8,313.1
1287,1780419342867,0,4,22.2,53.2,50.5,189.6,302.7
1288,1780419342900,0,4,22.5,52.3,20.5,200.1,303.3
1289,1780419342933,0,4,22.6,51.4,25.1,205.9,312.9
1290,1780419342967,0,4,22.5,53.4,51.1,199.3,313.9
1291,1780419343000,0,4,22.3,51.9,57.0,190.8,301.9
1292,1780419343033,0,4,22.6,51.8,34.6,211.0,308.9
1293,1780419343067,0,4,22.5,52.4,46.0,191.8,308.4
1294,1780419343100,0,4,22.3,49.9,20.9,181.8,319.5
1295,1780419343133,0,4,22.5,53.1,29.2,191.4,320.7
1296,1780419343167,0,4,22.8,49.8,26.4,208.5,336.7
1297,1780419343200,0,4,22.3,49.6,48.6,208.1,325.6
1298,1780419343233,0,4,22.4,49.6,42.2,210.3,319.9
1299,1780419343267,0,4,22.4,50.2,26.3,204.7,327.5
1300,1780419343300,0,4,22.3,52.3,52.7,202.8,318.4
1301,1780419343333,0,4,22.3,52.1,52.9,216.8,327.6
1302,1780419343367,0,4,22.6,51.6,55.2,192.9,309.1
1303,1780419343400,0,4,22.5,51.8,34.8,183.8,310.8
1304,1780419343433,0,4,22.4,50.9,25.7,203.3,308.2
1305,1780419343467,0,4,22.3,53.2,38.5,197.6,336.1
1306,1780419343500,0,4,22.3,52.2,47.7,204.1,333.8
1307,1780419343533,0,4,22.4,53.1,37.4,205.0,312.0
1308,1780419343567,0,4,22.2,50.6,58.9,207.0,330.9
1309,1780419343600,0,4,22.7,49.7,54.7,195.6,320.3
1310,1780419343633,0,4,22.5,53.5,47.9,210.4,300.2
1311,1780419343667,0,4,22.2,50.5,45.8,200.8,311.5
1312,1780419343700,0,4,22.7,53.6,42.1,193.8,302.9
1313,1780419343733,0,4,22.6,48.6,47.0,186.1,331.0
1314,1780419343767,0,4,22.4,51.6,34.2,184.0,317.6
1315,1780419343800,0,4,22.7,49.3,35.3,217.5,321.6
1316,1780419343833,0,4,22.7,49.9,23.0,212.2,308.2
1317,1780419343867,0,4,22.3,53.5,50.2,193.8,326.5
1318,1780419343900,0,4,22.7,53.0,34.3,216.8,330.9
1319,1780419343933,0,4,22.6,53.9,39.8,187.5,334.6
1320,1780419343967,0,4,22.4,53.8,54.8,217.5,305.8
1321,1780419344000,0,4,22.4,49.9,25.0,205.9,325.7
1322,1780419344033,0,4,22.5,52.6,23.8,202.9,308.5
1323,1780419344067,0,4,22.7,49.1,27.3,185.8,304.2
1324,1780419344100,0,4,22.4,51.4,30.6,183.6,310.3
1325,1780419344133,0,4,22.2,53.9,36.9,218.9,327.6
1326,1780419344167,0,4,22.2,52.2,29.5,194.9,337.4
1327,1780419344200,0,4,22.8,52.5,39.6,185.4,302.3
1328,1780419344233,0,4,22.2,51.7,41.2,203.9,339.0
1329,1780419344267,0,4,22.6,51.0,53.7,205.9,337.2
1330,1780419344300,0,4,22.4,48.1,31.0,215.0,314.7
1331,1780419344333,0,4,22.4,49.4,52.0,197.0,329.6
1332,1780419344367,0,4,22.7,51.4,30.7,209.9,316.6
1333,1780419344400,0,4,22.7,50.2,39.4,210.1,326.3
1334,1780419344433,0,4,22.6,53.2,38.6,195.1,332.5
1335,1780419344467,0,4,22.4,51.9,33.2,192.6,300.1
1336,1780419344500,0,4,22.7,53.4,55.3,180.6,333.8
1337,1780419344533,0,4,22.3,48.3,55.1,186.5,319.4
1338,1780419344567,0,4,22.8,53.2,22.5,183.3,320.2
1339,1780419344600,0,4,22.3,52.1,57.3,194.5,327.3
1340,1780419344633,0,4,22.3,50.1,53.4,182.1,338.0
1341,1780419344667,0,4,22.3,52.4,28.3,186.1,325.1
1342,1780419344700,0,4,22.5,51.1,21.1,206.1,302.9
1343,1780419344733,0,4,22.5,53.9,33.4,183.3,339.0
1344,1780419344767,0,4,22.2,49.7,32.2,197.5,309.3
1345,1780419344800,0,4,22.6,50.9,50.0,195.0,323.7
1346,1780419344833,0,4,22.7,53.6,45.1,184.6,315.6
1347,1780419344867,0,4,22.7,52.9,57.6,190.6,305.8
1348,1780419344900,0,4,22.3,49.3,56.6,187.3,313.6
1349,1780419344933,0,4,22.3,50.7,25.2,190.1,333.3
1350,1780419344967,0,4,22.7,51.5,59.2,191.0,313.9
1351,1780419345000,0,4,22.4,50.0,22.6,208.8,324.4
1352,1780419345033,0,4,22.2,52.9,50.8,198.8,338.7
1353,1780419345067,0,4,22.6,53.1,39.9,213.9,308.8
1354,1780419345100,0,4,22.2,51.3,38.4,191.2,313.8
1355,1780419345133,0,4,22.8,48.4,40.2,197.8,329.9
1356,1780419345167,0,4,22.7,48.2,21.3,190.4,310.8
1357,1780419345200,0,4,22.4,52.0,22.4,211.9,339.8
1358,1780419345233,0,4,22.3,52.6,22.2,182.2,327.6
1359,1780419345267,0,4,22.5,53.0,24.7,208.5,331.4
1360,1780419345300,0,4,22.7,50.1,30.8,190.9,309.6
1361,1780419345333,0,4,22.6,50.5,59.6,211.1,331.7
1362,1780419345367,0,4,22.3,53.7,21.2,197.6,300.5
1363,1780419345400,0,4,22.4,53.2,47.6,189.8,325.9
1364,1780419345433,0,4,22.2,49.5,29.8,194.2,314.9
1365,1780419345467,0,4,22.5,51.3,55.7,213.6,338.1
1366,1780419345500,0,4,22.7,52.3,34.2,197.5,332.2
1367,1780419345533,0,4,22.7,52.8,24.3,185.9,308.9
1368,1780419345567,0,4,22.7,50.9,38.9,183.6,304.5
1369,1780419345600,0,4,22.3,53.2,34.4,194.3,314.6
1370,1780419345633,0,4,22.3,49.5,33.1,191.4,335.2
1371,1780419345667,0,4,22.8,48.3,27.2,185.0,318.6
1372,1780419345700,0,4,22.3,50.0,43.7,212.4,317.9
1373,1780419345733,0,4,22.8,50.3,24.3,203.1,335.0
1374,1780419345767,0,4,22.8,49.7,31.9,208.8,314.1
1375,1780419345800,0,4,22.3,53.6,32.8,206.1,318.7
1376,1780419345833,0,4,22.2,51.3,52.4,205.6,324.9
1377,1780419345867,0,4,22.7,53.2,33.5,204.6,339.9
1378,1780419345900,0,4,22.3,50.2,52.7,208.7,307.2
1379,1780419345933,0,4,22.5,49.7,20.0,184.5,322.6
1380,1780419345967,0,4,22.6,52.2,33.2,199.2,332.7
1381,1780419346000,0,4,22.7,51.0,30.2,196.8,310.5
1382,1780419346033,0,4,22.2,52.2,58.6,201.6,332.1
1383,1780419346067,0,4,22.7,53.2,32.4,196.4,335.9
1384,1780419346100,0,4,22.5,50.9,38.9,208.0,310.1
1385,1780419346133,0,4,22.4,48.9,29.1,205.6,319.3
1386,1780419346167,0,4,22.3,52.9,37.6,211.1,338.1
1387,1780419346200,0,4,22.3,50.3,38.6,189.0,306.5
1388,1780419346233,0,4,22.2,49.2,50.7,183.7,316.4
1389,1780419346267,0,4,22.3,52.8,38.2,206.6,314.0
1390,1780419346300,0,4,22.4,49.5,47.4,208.0,306.2
1391,1780419346333,0,4,22.7,52.5,34.4,205.2,323.9
1392,1780419346367,0,4,22.2,51.9,24.8,216.9,334.8
1393,1780419346400,0,4,22.4,49.2,22.0,196.7,337.6
1394,1780419346433,0,4,22.6,49.4,43.4,201.3,315.6
1395,1780419346467,0,4,22.8,52.2,21.5,211.4,337.8
1396,1780419346500,0,4,22.7,50.8,48.2,186.4,337.1
1397,1780419346533,0,4,22.7,48.7,26.6,215.5,315.6
1398,1780419346567,0,4,22.2,48.2,24.6,214.0,321.2
1399,1780419346600,0,4,22.5,49.7,25.7,188.9,323.2
1400,1780419346633,0,4,22.5,51.6,38.8,201.1,318.0
1401,1780419346667,0,4,22.2,49.2,26.9,218.3,339.4
1402,1780419346700,0,4,22.2,51.0,33.0,186.1,335.4
1403,1780419346733,0,4,22.6,51.4,23.0,190.1,319.3
1404,1780419346767,0,4,22.6,51.1,30.0,189.0,322.6
1405,1780419346800,0,4,22.7,51.9,34.7,197.2,317.2
1406,1780419346833,0,4,22.2,53.7,25.3,186.2,326.1
1407,1780419346867,0,4,22.7,48.4,57.3,210.5,318.2
1408,1780419346900,0,4,22.6,51.7,22.2,184.7,308.1
1409,1780419346933,0,4,22.4,49.8,57.8,206.9,309.9
1410,1780419346967,0,4,22.4,53.4,41.1,212.6,308.5
1411,1780419347000,0,4,22.3,51.6,40.8,185.0,308.5
1412,1780419347033,0,4,22.5,51.5,45.8,186.0,302.4
1413,1780419347067,0,4,22.5,52.2,49.1,200.4,338.9
1414,1780419347100,0,4,22.6,53.5,40.8,214.0,304.1
1415,1780419347133,0,4,22.3,52.0,48.5,209.2,318.2
1416,1780419347167,0,4,22.6,51.8,47.9,180.5,315.7
1417,1780419347200,0,4,22.4,53.9,59.1,208.2,317.4
1418,1780419347233,0,4,22.7,51.6,47.5,196.9,338.7
1419,1780419347267,0,4,22.3,50.8,24.1,184.8,321.2
1420,1780419347300,0,4,22.8,50.6,41.8,201.5,319.3
1421,1780419347333,0,4,22.7,50.3,41.0,201.6,334.3
1422,1780419347367,0,4,22.2,49.2,30.6,217.7,311.9
1423,1780419347400,0,4,22.8,48.5,42.1,204.4,310.8
1424,1780419347433,0,4,22.3,52.9,59.0,200.8,325.6
1425,1780419347467,0,4,22.7,48.9,44.6,196.7,331.8
1426,1780419347500,0,4,22.2,53.6,41.8,190.2,304.0
1427,1780419347533,0,4,22.3,53.4,46.8,193.6,313.2
1428,1780419347567,0,4,22.6,51.0,40.9,216.8,316.2
1429,1780419347600,0,4,22.6,52.0,40.4,209.3,330.2
1430,1780419347633,0,4,22.6,53.1,35.5,185.7,325.7
1431,1780419347667,0,4,22.6,48.3,54.8,209.2,313.2
1432,1780419347700,0,4,22.8,52.3,54.2,188.4,317.6
1433,1780419347733,0,4,22.8,51.4,27.1,189.6,310.9
1434,1780419347767,0,4,22.5,53.0,25.3,210.4,321.1
1435,1780419347800,0,4,22.2,49.4,58.4,219.7,327.7
1436,1780419347833,0,4,22.3,49.6,45.4,195.6,334.3
1437,1780419347867,0,4,22.6,53.1,39.9,185.0,332.9
1438,1780419347900,0,4,22.6,53.7,39.5,189.7,323.7
1439,1780419347933,0,4,22.5,51.4,36.3,184.3,327.0
1440,1780419347967,0,4,22.5,53.9,23.0,209.0,324.9
1441,1780419348000,0,4,22.3,48.3,37.4,198.7,320.1
1442,1780419348033,0,4,22.3,53.9,34.1,219.8,333.5
1443,1780419348067,0,4,22.5,49.0,52.0,184.9,316.0
1444,1780419348100,0,4,22.4,51.2,36.3,200.9,316.9
1445,1780419348133,0,4,22.4,49.4,26.6,192.2,320.5
1446,1780419348167,0,4,22.2,49.0,21.1,214.6,327.9
1447,1780419348200,0,4,22.3,50.5,43.5,203.7,304.6
1448,1780419348233,0,4,22.8,49.9,35.6,182.7,323.1
1449,1780419348267,0,4,22.7,49.6,54.5,193.0,319.1
1450,1780419348300,0,4,22.4,52.0,56.9,209.4,309.0
1451,1780419348333,0,4,22.7,48.8,39.7,182.9,339.4
1452,1780419348367,0,4,22.3,52.4,44.2,184.5,301.8
1453,1780419348400,0,4,22.2,51.3,34.8,193.8,339.9
1454,1780419348433,0,4,22.7,52.4,56.9,215.8,309.8
1455,1780419348467,0,4,22.6,53.0,41.5,197.6,323.3
1456,1780419348500,0,4,22.6,48.4,24.6,202.2,336.2
1457,1780419348533,0,4,22.7,48.4,58.8,194.8,303.4
1458,1780419348567,0,4,22.5,53.3,28.0,201.0,332.1
1459,1780419348600,0,4,22.8,50.0,40.7,188.8,321.4
1460,1780419348633,0,4,22.7,53.7,37.5,198.3,322.2
1461,1780419348667,0,4,22.6,53.1,22.7,199.3,328.8
1462,1780419348700,0,4,22.7,48.8,43.3,194.6,339.5
1463,1780419348733,0,4,22.8,48.5,39.1,186.7,305.0
1464,1780419348767,0,4,22.5,50.6,43.4,206.8,324.8
1465,1780419348800,0,4,22.4,50.1,24.8,210.8,339.3
1466,1780419348833,0,4,22.7,52.2,28.5,184.9,323.6
1467,1780419348867,0,4,22.7,51.9,21.2,215.4,328.9
1468,1780419348900,0,4,22.7,52.3,29.6,216.4,327.4
1469,1780419348933,0,4,22.3,51.6,47.1,211.0,335.6
1470,1780419348967,0,4,22.5,53.5,56.9,207.9,338.5
1471,1780419349000,0,4,22.8,51.0,34.1,203.1,332.0
1472,1780419349033,0,4,22.6,50.5,44.8,193.3,304.2
1473,1780419349067,0,4,22.2,49.0,46.5,218.4,326.0
1474,1780419349100,0,4,22.7,49.1,24.4,202.8,332.7
1475,1780419349133,0,4,22.3,52.1,27.0,217.7,316.8
1476,1780419349167,0,4,22.7,48.8,36.4,205.2,327.6
1477,1780419349200,0,4,22.3,52.4,44.4,216.9,336.2
1478,1780419349233,0,4,22.4,48.4,57.3,213.9,307.4
1479,1780419349267,0,4,22.3,48.7,37.4,196.8,324.0
1480,1780419349300,0,4,22.7,53.3,54.6,215.1,327.0
1481,1780419349333,0,4,22.4,51.0,50.1,211.7,318.2
1482,1780419349367,0,4,22.4,49.7,30.1,199.3,320.0
1483,1780419349400,0,4,22.8,52.9,48.5,211.7,313.9
1484,1780419349433,0,4,22.3,52.0,39.7,213.2,337.0
1485,1780419349467,0,4,22.6,48.1,38.5,197.3,328.3
1486,1780419349500,0,4,22.7,53.8,28.5,195.9,308.4
1487,1780419349533,0,4,22.2,53.7,25.0,182.9,313.7
1488,1780419349567,0,4,22.2,49.9,48.8,216.2,301.2
1489,1780419349600,0,4,22.8,52.1,58.1,216.5,320.2
1490,1780419349633,0,4,22.2,51.0,40.3,218.5,311.9
1491,1780419349667,0,4,22.4,53.1,23.5,219.2,338.6
1492,1780419349700,0,4,22.4,53.0,57.8,190.3,320.1
1493,1780419349733,0,4,22.4,49.0,49.9,214.3,329.1
1494,1780419349767,0,4,22.6,52.4,26.7,212.8,328.7
1495,1780419349800,0,4,22.7,52.5,31.7,209.6,301.2
1496,1780419349833,0,4,22.8,51.9,29.7,218.9,335.8
1497,1780419349867,0,4,22.3,50.4,36.5,216.1,324.1
1498,1780419349900,0,4,22.6,50.8,58.2,215.2,312.6
1499,1780419349933,0,4,22.2,53.4,25.3,208.4,332.3
1500,1780419349967,0,4,22.6,49.1,55.6,206.2,321.6
1501,1780419350000,0,4,22.6,53.7,57.2,215.7,332.8
1502,1780419350033,0,4,22.2,49.3,54.8,209.1,301.5
1503,1780419350067,0,4,22.3,51.1,32.5,201.4,321.2
1504,1780419350100,0,4,22.3,50.3,40.8,212.7,311.2
1505,1780419350133,0,4,22.5,49.9,49.6,216.9,322.4
1506,1780419350167,0,4,22.5,50.5,53.1,219.3,319.6
1507,1780419350200,0,4,22.8,48.9,24.4,181.1,301.8
1508,1780419350233,0,4,22.2,49.3,49.7,199.8,321.9
1509,1780419350267,0,4,22.4,49.0,30.6,188.4,313.7
1510,1780419350300,0,4,22.4,48.9,44.0,193.3,300.5
1511,1780419350333,0,4,22.5,49.4,54.0,180.9,330.6
1512,1780419350367,0,4,22.3,52.3,46.7,214.8,316.1
1513,1780419350400,0,4,22.3,50.8,56.9,211.7,303.7
1514,1780419350433,0,4,22.5,50.0,58.4,187.7,319.5
1515,1780419350467,0,4,22.7,51.2,26.8,183.1,325.5
1516,1780419350500,0,4,22.8,54.0,46.4,183.5,302.8
1517,1780419350533,0,4,22.6,49.4,34.2,213.6,331.4
1518,1780419350567,0,4,22.8,50.5,53.5,183.9,325.7
1519,1780419350600,0,4,22.4,49.3,43.9,189.9,331.2
1520,1780419350633,0,4,22.5,49.2,30.3,189.8,339.8
1521,1780419350667,0,4,22.2,48.9,27.1,180.8,319.6
1522,1780419350700,0,4,22.4,50.7,46.0,206.5,301.1
1523,1780419350733,0,4,22.5,53.6,38.0,211.7,305.3
1524,1780419350767,0,4,22.5,48.2,21.7,183.5,339.9
1525,1780419350800,0,4,22.5,48.2,21.8,202.4,312.8
1526,1780419350833,0,4,22.4,52.0,25.4,214.9,313.0
1527,1780419350867,0,4,22.8,52.2,30.5,183.0,315.3
1528,1780419350900,0,4,22.6,48.6,43.8,182.3,304.3
1529,1780419350933,0,4,22.3,49.1,23.6,211.4,326.8
1530,1780419350967,0,4,22.5,52.8,58.5,186.7,323.4
1531,1780419351000,0,4,22.6,50.7,56.4,203.9,327.6
1532,1780419351033,0,4,22.7,50.8,29.2,191.4,302.5
1533,1780419351067,0,4,22.2,49.5,47.2,185.9,300.1
1534,1780419351100,0,4,22.3,48.2,41.3,196.7,322.0
1535,1780419351133,0,4,22.7,50.8,49.6,217.1,315.7
1536,1780419351167,0,4,22.2,53.6,47.5,187.7,306.7
1537,1780419351200,0,4,22.3,48.6,46.9,209.3,305.5
1538,1780419351233,0,4,22.6,52.7,46.0,185.9,301.2
1539,1780419351267,0,4,22.3,53.9,41.9,201.0,335.7
1540,1780419351300,0,4,22.8,50.6,40.6,194.3,331.6
1541,1780419351333,0,4,22.6,49.6,25.7,197.4,308.9
1542,1780419351367,0,4,22.7,53.1,24.8,209.3,320.8
1543,1780419351400,0,4,22.4,50.0,33.9,214.1,335.7
1544,1780419351433,0,4,22.5,49.0,23.1,195.7,321.5
1545,1780419351467,0,4,22.4,49.1,37.7,184.1,312.5
1546,1780419351500,0,4,22.7,49.4,45.9,184.2,336.0
1547,1780419351533,0,4,22.6,49.3,53.4,182.7,338.6
1548,1780419351567,0,4,22.4,50.0,36.7,203.0,324.8
1549,1780419351600,0,4,22.7,48.7,28.8,214.3,304.6
1550,1780419351633,0,4,22.2,48.0,44.4,185.5,331.2
1551,1780419351667,0,4,22.5,52.2,55.6,194.2,335.2
1552,1780419351700,0,4,22.4,49.6,24.5,183.3,317.9
1553,1780419351733,0,4,22.5,52.9,49.6,211.2,339.1
1554,1780419351767,0,4,22.4,50.0,49.1,212.2,316.5
1555,1780419351800,0,4,22.5,51.0,40.1,191.5,331.0
1556,1780419351833,0,4,22.7,49.9,54.4,203.0,320.3
1557,1780419351867,0,4,22.8,53.6,45.7,188.4,323.1
1558,1780419351900,0,4,22.6,48.3,52.5,215.5,333.3
1559,1780419351933,0,4,22.7,51.4,43.0,199.8,304.1
1560,1780419351967,0,4,22.7,48.5,43.9,207.1,325.9
1561,1780419352000,0,4,22.4,49.0,50.9,203.8,301.2
1562,1780419352033,0,4,22.8,49.2,37.0,197.7,337.2
1563,1780419352067,0,4,22.2,52.9,23.3,215.5,316.0
1564,1780419352100,0,4,22.7,53.5,26.2,195.2,335.0
1565,1780419352133,0,4,22.4,48.8,28.9,211.5,314.4
1566,1780419352167,0,4,22.4,49.8,30.4,203.4,311.0
1567,1780419352200,0,4,22.4,52.6,34.5,204.0,320.8
1568,1780419352233,0,4,22.4,48.9,47.0,185.5,331.1
1569,1780419352267,0,4,22.3,48.1,54.4,199.3,309.6
1570,1780419352300,0,4,22.2,48.8,58.4,205.9,320.3
1571,1780419352333,0,4,22.7,50.8,59.6,193.1,307.9
1572,1780419352367,0,4,22.5,50.4,26.6,205.8,328.7
1573,1780419352400,0,4,22.4,49.9,40.5,183.0,330.5
1574,1780419352433,0,4,22.5,52.0,50.7,210.9,331.6
1575,1780419352467,0,4,22.8,50.7,46.6,185.9,320.4
1576,1780419352500,0,4,22.5,50.1,30.7,197.7,319.0
1577,1780419352533,0,4,22.4,52.7,24.6,195.6,318.6
1578,1780419352567,0,4,22.3,53.2,33.2,189.1,316.8
1579,1780419352600,0,4,22.4,51.8,27.4,214.8,337.6
1580,1780419352633,0,4,22.6,49.0,46.1,185.5,311.4
1581,1780419352667,0,4,22.6,53.5,59.3,184.7,307.6
1582,1780419352700,0,4,22.2,52.4,35.9,181.1,319.4
1583,1780419352733,0,4,22.8,52.5,56.5,202.6,332.9
1584,1780419352767,0,4,22.7,51.1,25.4,181.8,302.3
1585,1780419352800,0,4,22.5,53.8,59.3,187.2,329.8
1586,1780419352833,0,4,22.6,50.8,48.5,217.3,315.7
1587,1780419352867,0,4,22.7,53.9,36.9,198.6,328.1
1588,1780419352900,0,4,22.8,51.5,50.4,212.4,337.9
1589,1780419352933,0,4,22.6,52.3,26.9,206.9,300.5
1590,1780419352967,0,4,22.2,50.4,36.4,210.7,327.9
1591,1780419353000,0,4,22.2,53.2,56.8,190.9,316.8
1592,1780419353033,0,4,22.4,52.5,59.5,211.0,313.4
1593,1780419353067,0,4,22.7,48.8,53.4,183.4,321.0
1594,1780419353100,0,4,22.6,49.5,52.6,182.0,328.1
1595,1780419353133,0,4,22.4,50.1,39.5,212.2,306.0
1596,1780419353167,0,4,22.7,48.1,59.7,189.7,315.7
1597,1780419353200,0,4,22.7,48.5,33.8,181.5,316.9
1598,1780419353233,0,4,22.3,49.3,21.7,203.5,301.4
1599,1780419353267,0,4,22.6,48.9,53.0,217.3,321.7
1600,1780419353300,0,4,22.4,48.5,59.8,212.7,316.1
1601,1780419353333,0,4,22.7,51.2,54.2,183.0,300.5
1602,1780419353367,0,4,22.5,50.2,58.1,204.8,319.6
1603,1780419353400,0,4,22.5,51.2,38.7,211.6,309.6
1604,1780419353433,0,4,22.8,53.2,29.5,203.8,301.5
1605,1780419353467,0,4,22.3,51.7,39.6,188.1,304.8
1606,1780419353500,0,4,22.3,50.5,59.4,196.4,304.1
1607,1780419353533,0,4,22.7,52.2,52.1,200.7,303.1
1608,1780419353567,0,4,22.7,49.0,56.7,219.1,329.0
1609,1780419353600,0,4,22.4,50.3,47.5,183.3,330.2
1610,1780419353633,0,4,22.8,50.1,52.7,209.9,330.9
1611,1780419353667,0,4,22.7,53.8,22.6,213.6,315.5
1612,1780419353700,0,4,22.5,53.3,50.3,205.6,300.9
1613,1780419353733,0,4,22.2,53.7,30.6,218.1,327.4
1614,1780419353767,0,4,22.4,48.2,41.3,181.0,322.8
1615,1780419353800,0,4,22.5,49.4,58.5,212.3,339.3
1616,1780419353833,0,4,22.7,52.0,29.4,207.8,315.2
1617,1780419353867,0,4,22.5,49.7,57.0,207.3,323.3
1618,1780419353900,0,4,22.7,52.4,26.1,199.9,307.3
1619,1780419353933,0,4,22.4,52.5,39.7,181.4,337.0
1620,1780419353967,0,4,22.8,48.8,50.1,201.0,329.1
1621,1780419354000,0,4,22.5,53.0,39.2,183.2,316.5
1622,1780419354033,0,4,22.5,51.7,28.5,209.2,325.3
1623,1780419354067,0,4,22.7,49.2,54.6,207.5,321.9
1624,1780419354100,0,4,22.5,52.0,36.5,218.3,321.8
1625,1780419354133,0,4,22.3,48.0,45.5,182.5,305.0
1626,1780419354167,0,4,22.2,51.4,52.4,189.5,315.3
1627,1780419354200,0,4,22.4,52.6,47.8,205.7,332.1
1628,1780419354233,0,4,22.6,51.4,39.3,195.8,321.8
1629,1780419354267,0,4,22.6,51.3,37.7,209.8,336.6
1630,1780419354300,0,4,22.5,48.8,28.1,214.1,318.9
1631,1780419354333,0,4,22.2,51.8,36.5,197.7,326.2
1632,1780419354367,0,4,22.4,50.2,38.9,195.1,306.3
1633,1780419354400,0,4,22.6,50.9,46.0,213.1,300.1
1634,1780419354433,0,4,22.7,52.0,39.7,191.3,320.0
1635,1780419354467,0,4,22.5,50.9,50.5,211.8,337.6
1636,1780419354500,0,4,22.3,50.7,23.8,203.0,338.9
1637,1780419354533,0,4,22.3,49.8,29.7,190.8,332.2
1638,1780419354567,0,4,22.5,53.3,43.0,197.7,335.8
1639,1780419354600,0,4,22.3,54.0,32.0,202.2,307.7
1640,1780419354633,0,4,22.7,49.1,39.4,185.3,327.5
1641,1780419354667,0,4,22.4,51.1,45.2,196.1,328.4
1642,1780419354700,0,4,22.7,54.0,28.9,180.9,312.9
1643,1780419354733,0,4,22.3,53.9,38.0,186.2,322.9
1644,1780419354767,0,4,22.3,50.6,40.9,214.2,328.5
1645,1780419354800,0,4,22.3,48.7,44.4,206.7,321.2
1646,1780419354833,0,4,22.6,50.7,40.5,200.9,303.5
1647,1780419354867,0,4,22.2,48.8,35.5,215.2,311.5
1648,1780419354900,0,4,22.7,53.2,51.6,180.1,317.3
1649,1780419354933,0,4,22.7,52.9,28.9,191.7,331.2
1650,1780419354967,0,4,22.3,53.9,31.0,212.3,332.6
1651,1780419355000,0,4,22.4,48.3,39.2,209.3,311.3
1652,1780419355033,0,4,22.4,50.7,56.5,199.9,307.6
1653,1780419355067,0,4,22.3,51.0,27.2,187.4,304.8
1654,1780419355100,0,4,22.7,52.8,58.7,187.3,315.5
1655,1780419355133,0,4,22.2,48.2,45.5,213.8,335.0
1656,1780419355167,0,4,22.7,49.9,54.4,204.3,317.7
1657,1780419355200,0,4,22.4,49.0,41.8,186.2,320.2
1658,1780419355233,0,4,22.6,53.5,32.0,213.8,322.4
1659,1780419355267,0,4,22.7,48.8,45.0,201.3,317.9
1660,1780419355300,0,4,22.3,50.2,47.8,205.2,332.3
1661,1780419355333,0,4,22.6,51.1,24.1,186.6,309.8
1662,1780419355367,0,4,22.5,52.9,35.6,180.6,323.5
1663,1780419355400,0,4,22.3,52.5,52.1,193.6,317.3
1664,1780419355433,0,4,22.5,53.9,46.1,199.2,336.4
1665,1780419355467,0,4,22.7,53.2,34.2,192.5,334.4
1666,1780419355500,0,4,22.4,53.7,37.3,191.6,334.2
1667,1780419355533,0,4,22.7,51.6,55.5,204.1,314.8
1668,1780419355567,0,4,22.6,50.5,41.2,218.1,310.2
1669,1780419355600,0,4,22.5,49.6,21.2,206.8,304.2
1670,1780419355633,0,4,22.2,53.3,37.6,183.9,301.8
1671,1780419355667,0,4,22.3,50.8,42.1,188.5,335.5
1672,1780419355700,0,4,22.5,50.8,53.9,193.1,302.4
1673,1780419355733,0,4,22.3,53.8,41.0,190.2,323.6
1674,1780419355767,0,4,22.7,52.1,47.5,216.2,327.2
1675,1780419355800,0,4,22.7,50.2,21.4,195.3,321.5
1676,1780419355833,0,4,22.5,48.0,27.4,216.6,322.2
1677,1780419355867,0,4,22.7,48.1,52.1,191.5,328.5
1678,1780419355900,0,4,22.6,53.9,37.4,217.8,310.2
1679,1780419355933,0,4,22.5,52.2,48.1,189.8,321.9
1680,1780419355967,0,4,22.6,52.9,23.2,187.0,332.5
1681,1780419356000,0,4,22.6,51.4,50.8,182.0,324.5
1682,1780419356033,0,4,22.5,50.8,51.0,182.9,301.7
1683,1780419356067,0,4,22.8,53.7,49.7,203.0,326.9
1684,1780419356100,0,4,22.8,50.3,33.1,183.6,338.4
1685,1780419356133,0,4,22.6,48.2,39.1,193.6,336.1
1686,1780419356167,0,4,22.3,53.3,47.9,189.0,302.6
1687,1780419356200,0,4,22.4,51.8,50.5,182.1,313.9
1688,1780419356233,0,4,22.6,50.8,48.3,218.9,331.3
1689,1780419356267,0,4,22.2,51.0,40.1,205.9,303.3
1690,1780419356300,0,4,22.3,48.8,40.9,195.0,337.3
1691,1780419356333,0,4,22.5,48.6,53.0,186.3,318.4
1692,1780419356367,0,4,22.3,49.9,31.4,193.4,336.7
1693,1780419356400,0,4,22.6,48.3,32.0,194.6,305.5
1694,1780419356433,0,4,22.6,53.0,39.7,194.9,310.0
1695,1780419356467,0,4,22.4,50.0,21.8,187.6,337.8
1696,1780419356500,0,4,22.3,48.7,47.3,207.4,323.2
1697,1780419356533,0,4,22.6,51.1,40.5,190.0,327.2
1698,1780419356567,0,4,22.7,51.4,21.0,199.4,324.6
1699,1780419356600,0,4,22.7,50.7,31.5,195.4,309.6
1700,1780419356633,0,4,22.7,48.7,51.1,210.2,317.0
1701,1780419356667,0,4,22.6,48.4,42.7,210.6,302.3
1702,1780419356700,0,4,22.7,53.0,55.2,184.3,323.3
1703,1780419356733,0,4,22.4,51.8,37.9,180.3,310.1
1704,1780419356767,0,4,22.5,51.0,46.5,180.5,329.9
1705,1780419356800,0,4,22.5,50.7,47.6,191.1,300.2
1706,1780419356833,0,4,22.7,50.9,58.5,200.7,325.8
1707,1780419356867,0,4,22.6,51.3,54.7,181.4,307.5
1708,1780419356900,0,4,22.8,51.5,33.7,218.7,301.6
1709,1780419356933,0,4,22.5,50.6,39.7,190.4,331.0
1710,1780419356967,0,4,22.7,52.5,25.5,183.9,321.8
1711,1780419357000,0,4,22.5,52.4,45.5,218.1,317.5
1712,1780419357033,0,4,22.3,51.4,29.9,202.1,312.8
1713,1780419357067,0,4,22.7,52.3,42.0,209.1,327.8
1714,1780419357100,0,4,22.4,51.0,32.7,216.8,332.5
1715,1780419357133,0,4,22.6,52.5,21.3,200.5,328.7
1716,1780419357167,0,4,22.3,52.9,30.7,218.1,333.2
1717,1780419357200,0,4,22.7,49.1,49.6,219.4,330.2
1718,1780419357233,0,4,22.2,51.8,27.6,205.1,310.9
1719,1780419357267,0,4,22.5,52.4,31.0,185.3,314.3
1720,1780419357300,0,4,22.7,52.7,54.2,195.5,316.5
1721,1780419357333,0,4,22.7,50.2,41.3,209.2,317.1
1722,1780419357367,0,4,22.6,51.8,29.1,207.2,339.6
1723,1780419357400,0,4,22.2,52.8,47.9,218.4,326.8
1724,1780419357433,0,4,22.7,51.0,42.7,205.0,327.8
1725,1780419357467,0,4,22.3,48.3,37.3,215.7,339.8
1726,1780419357500,0,4,22.7,48.6,49.6,207.8,337.9
1727,1780419357533,0,4,22.7,49.4,24.0,203.2,327.7
1728,1780419357567,0,4,22.2,52.5,55.1,180.0,317.7
1729,1780419357600,0,4,22.6,50.9,38.7,184.0,337.6
1730,1780419357633,0,4,22.3,54.0,49.7,214.7,336.5
1731,1780419357667,0,4,22.6,48.5,57.9,195.1,339.4
1732,1780419357700,0,4,22.2,52.6,42.6,205.4,306.5
1733,1780419357733,0,4,22.4,53.1,51.0,196.9,329.7
1734,1780419357767,0,4,22.8,49.3,54.6,202.0,313.0
1735,1780419357800,0,4,22.5,51.4,41.5,216.7,309.2
1736,1780419357833,0,4,22.8,50.4,57.6,181.3,339.8
1737,1780419357867,0,4,22.2,51.7,51.8,219.0,311.6
1738,1780419357900,0,4,22.5,48.5,59.2,181.2,306.5
1739,1780419357933,0,4,22.3,50.1,41.8,196.9,339.2
1740,1780419357967,0,4,22.4,52.2,30.6,203.1,314.0
1741,1780419358000,0,4,22.5,48.1,29.0,208.2,306.4
1742,1780419358033,0,4,22.7,50.7,26.6,193.6,305.4
1743,1780419358067,0,4,22.4,51.3,33.6,186.1,338.3
1744,1780419358100,0,4,22.2,50.5,30.3,180.1,321.6
1745,1780419358133,0,4,22.4,48.1,46.5,213.1,325.1
1746,1780419358167,0,4,22.3,49.7,55.2,191.8,336.4
1747,1780419358200,0,4,22.7,49.9,32.2,218.5,324.4
1748,1780419358233,0,4,22.5,51.0,21.5,189.3,312.1
1749,1780419358267,0,4,22.2,53.3,47.6,206.1,308.1
1750,1780419358300,0,4,22.6,50.2,51.0,181.6,309.7
1751,1780419358333,0,4,22.6,49.8,51.4,182.3,315.8
1752,1780419358367,0,4,22.5,51.2,41.7,196.5,320.5
1753,1780419358400,0,4,22.2,48.2,36.5,186.5,306.7
1754,1780419358433,0,4,22.7,51.1,41.9,211.2,327.1
1755,1780419358467,0,4,22.4,53.9,26.5,190.2,307.9
1756,1780419358500,0,4,22.7,50.3,30.4,198.7,301.4
1757,1780419358533,0,4,22.3,49.0,25.1,210.5,307.9
1758,1780419358567,0,4,22.7,52.9,21.2,218.5,305.8
1759,1780419358600,0,4,22.7,49.0,22.1,199.4,327.7
1760,1780419358633,0,4,22.3,49.9,31.2,193.7,307.1
1761,1780419358667,0,4,22.3,50.9,20.8,216.6,316.9
1762,1780419358700,0,4,22.8,49.0,29.2,194.2,337.5
1763,1780419358733,0,4,22.7,51.8,56.5,210.4,301.8
1764,1780419358767,0,4,22.8,53.4,21.7,187.6,309.0
1765,1780419358800,0,4,22.8,48.6,44.4,194.4,328.9
1766,1780419358833,0,4,22.2,50.0,44.0,215.1,308.2
1767,1780419358867,0,4,22.7,53.3,40.0,201.0,311.4
1768,1780419358900,0,4,22.3,52.3,47.2,182.7,321.4
1769,1780419358933,0,4,22.8,53.7,44.4,185.2,338.9
1770,1780419358967,0,4,22.7,49.9,24.9,217.5,311.5
1771,1780419359000,0,4,22.4,50.9,26.2,182.1,335.5
1772,1780419359033,0,4,22.6,53.5,44.7,192.2,330.5
1773,1780419359067,0,4,22.3,50.4,22.7,210.6,333.3
1774,1780419359100,0,4,22.6,52.5,26.1,199.7,312.5
1775,1780419359133,0,4,22.5,49.8,53.6,196.5,339.1
1776,1780419359167,0,4,22.7,48.1,31.0,198.0,321.7
1777,1780419359200,0,4,22.4,52.7,56.0,203.9,312.1
1778,1780419359233,0,4,22.6,51.7,33.5,216.3,322.2
1779,1780419359267,0,4,22.3,49.5,35.4,205.6,308.7
1780,1780419359300,0,4,22.3,48.9,36.9,190.1,339.2
1781,1780419359333,0,4,22.4,53.5,57.8,208.0,309.5
1782,1780419359367,0,4,22.3,50.2,50.0,182.2,334.2
1783,1780419359400,0,4,22.4,50.4,51.7,207.8,323.7
1784,1780419359433,0,4,22.6,50.6,28.2,217.1,312.3
1785,1780419359467,0,4,22.7,50.2,55.1,218.2,306.2
1786,1780419359500,0,4,22.4,52.8,46.1,211.8,311.9
1787,1780419359533,0,4,22.4,53.7,39.1,181.2,313.6
1788,1780419359567,0,4,22.3,49.7,33.6,192.2,327.0
1789,1780419359600,0,4,22.6,50.5,41.5,215.9,336.2
1790,1780419359633,0,4,22.7,53.4,23.5,181.7,329.8
1791,1780419359667,0,4,22.4,48.9,57.9,202.3,319.1
1792,1780419359700,0,4,22.2,51.4,32.5,196.5,338.0
1793,1780419359733,0,4,22.8,50.8,40.1,191.6,316.2
1794,1780419359767,0,4,22.4,48.7,32.8,207.5,302.2
1795,1780419359800,0,4,22.7,52.4,47.4,217.3,318.4
1796,1780419359833,0,4,22.8,52.5,40.2,181.6,319.0
1797,1780419359867,0,4,22.3,52.1,25.4,188.9,325.4
1798,1780419359900,0,4,22.4,51.8,23.7,187.3,302.9
1799,1780419359933,0,4,22.5,53.1,46.4,209.2,333.6
1800,1780419359967,0,4,22.7,48.7,43.4,202.0,304.0
1801,1780419360000,0,4,22.6,49.3,47.6,182.0,336.8
1802,1780419360033,0,4,22.3,48.3,39.1,195.6,326.2
1803,1780419360067,0,4,22.8,50.7,29.8,212.6,337.8
1804,1780419360100,0,4,22.4,50.7,41.0,193.4,322.1
1805,1780419360133,0,4,22.7,51.4,20.9,192.9,305.7
1806,1780419360167,0,4,22.6,48.2,45.9,181.2,320.0
1807,1780419360200,0,4,22.6,53.0,38.0,199.8,321.9
1808,1780419360233,0,4,22.4,49.0,37.5,218.2,336.9
1809,1780419360267,0,4,22.2,53.2,46.5,217.9,302.5
1810,1780419360300,0,4,22.6,53.2,46.4,217.1,316.1
1811,1780419360333,0,4,22.5,50.2,59.3,204.4,333.5
1812,1780419360367,0,4,22.5,48.8,33.3,183.9,304.6
1813,1780419360400,0,4,22.5,48.8,41.7,185.3,314.5
1814,1780419360433,0,4,22.6,48.7,44.2,200.1,323.6
1815,1780419360467,0,4,22.3,49.0,28.2,198.5,336.0
1816,1780419360500,0,4,22.5,52.3,21.3,193.5,325.7
1817,1780419360533,0,4,22.3,52.3,25.1,210.5,315.2
1818,1780419360567,0,4,22.6,50.8,37.2,184.8,325.9
1819,1780419360600,0,4,22.2,50.2,29.1,217.9,317.0
1820,1780419360633,0,4,22.4,48.2,44.3,198.7,312.6
1821,1780419360667,0,4,22.5,51.7,25.8,196.6,334.8
1822,1780419360700,0,4,22.4,49.0,34.5,192.9,339.9
1823,1780419360733,0,4,22.4,53.5,33.7,189.7,317.2
1824,1780419360767,0,4,22.5,48.3,57.7,201.2,330.5
1825,1780419360800,0,4,22.6,53.1,22.7,200.9,335.2
1826,1780419360833,0,4,22.7,53.9,21.6,187.0,324.1
1827,1780419360867,0,4,22.7,53.7,21.6,208.0,306.0
1828,1780419360900,0,4,22.6,53.6,28.4,212.2,308.8
1829,1780419360933,0,4,22.3,52.3,51.2,188.4,331.7
1830,1780419360967,0,4,22.7,50.0,24.2,211.6,309.3
1831,1780419361000,0,4,22.7,53.5,53.2,210.3,300.7
1832,1780419361033,0,4,22.3,48.7,44.9,197.7,327.6
1833,1780419361067,0,4,22.5,51.8,48.9,192.9,313.6
1834,1780419361100,0,4,22.8,50.9,25.2,196.8,336.2
1835,1780419361133,0,4,22.4,53.0,40.9,208.4,317.0
1836,1780419361167,0,4,22.2,50.7,37.5,214.6,309.8
1837,1780419361200,0,4,22.7,50.1,26.9,196.8,316.6
1838,1780419361233,0,4,22.6,53.6,59.1,198.8,309.8
1839,1780419361267,0,4,22.3,50.8,58.3,198.0,315.0
1840,1780419361300,0,4,22.6,49.3,28.6,189.4,326.0
1841,1780419361333,0,4,22.7,49.0,27.9,204.7,320.7
1842,1780419361367,0,4,22.8,50.9,34.1,190.2,319.5
1843,1780419361400,0,4,22.3,49.5,53.3,196.1,316.8
1844,1780419361433,0,4,22.5,52.0,22.6,190.8,324.0
1845,1780419361467,0,4,22.5,51.7,31.9,211.1,312.6
1846,1780419361500,0,4,22.3,53.4,54.6,204.3,334.3
1847,1780419361533,0,4,22.6,52.2,57.6,189.5,313.1
1848,1780419361567,0,4,22.7,52.3,57.9,219.2,339.0
1849,1780419361600,0,4,22.3,50.8,43.0,211.8,321.9
1850,1780419361633,0,4,22.6,52.8,53.3,201.7,327.9
1851,1780419361667,0,4,22.8,49.1,40.4,187.8,308.3
1852,1780419361700,0,4,22.4,53.1,58.9,186.5,313.5
1853,1780419361733,0,4,22.8,50.0,59.3,201.6,337.5
1854,1780419361767,0,4,22.7,53.2,56.8,186.3,304.9
1855,1780419361800,0,4,22.7,52.0,34.6,187.8,330.4
1856,1780419361833,0,4,22.8,50.0,28.9,186.0,327.8
1857,1780419361867,0,4,22.7,52.9,56.6,219.5,331.8
1858,1780419361900,0,4,22.3,53.8,45.3,216.6,335.3
1859,1780419361933,0,4,22.7,53.0,51.8,214.3,318.7
1860,1780419361967,0,4,22.7,51.3,29.5,199.8,307.4
1861,1780419362000,0,4,22.4,51.8,42.8,207.4,334.5
1862,1780419362033,0,4,22.8,52.0,37.5,187.9,336.6
1863,1780419362067,0,4,22.6,52.5,23.0,212.6,316.0
1864,1780419362100,0,4,22.4,53.0,53.8,193.7,325.4
1865,1780419362133,0,4,22.4,49.6,26.3,183.8,307.7
1866,1780419362167,0,4,22.6,52.8,42.8,182.9,331.7
1867,1780419362200,0,4,22.3,51.9,54.7,192.3,338.7
1868,1780419362233,0,4,22.3,51.4,53.7,212.1,328.5
1869,1780419362267,0,4,22.3,52.2,53.8,205.7,322.5
1870,1780419362300,0,4,22.6,49.9,54.0,203.4,311.8
1871,1780419362333,0,4,22.5,49.1,57.1,208.3,328.6
1872,1780419362367,0,4,22.5,49.3,20.7,199.6,323.0
1873,1780419362400,0,4,22.5,51.6,31.0,195.4,331.2
1874,1780419362433,0,4,22.7,53.1,39.0,191.3,326.4
1875,1780419362467,0,4,22.3,48.3,29.2,196.0,300.5
1876,1780419362500,0,4,22.8,50.6,43.4,211.4,337.3
1877,1780419362533,0,4,22.5,48.3,37.2,205.3,306.6
1878,1780419362567,0,4,22.3,53.6,31.6,215.2,324.2
1879,1780419362600,0,4,22.8,50.0,44.1,199.9,317.0
1880,1780419362633,0,4,22.7,52.4,35.3,218.3,304.3
1881,1780419362667,0,4,22.6,48.3,38.4,192.4,323.2
1882,1780419362700,0,4,22.4,50.6,50.0,195.1,312.4
1883,1780419362733,0,4,22.5,48.1,44.4,209.0,337.2
1884,1780419362767,0,4,22.6,50.8,55.4,191.9,309.7
1885,1780419362800,0,4,22.4,53.5,51.2,211.5,301.3
1886,1780419362833,0,4,22.8,48.8,41.2,216.0,329.5
1887,1780419362867,0,4,22.4,48.2,38.4,196.4,319.1
1888,1780419362900,0,4,22.3,50.7,25.5,218.0,337.0
1889,1780419362933,0,4,22.4,50.4,36.9,219.5,316.0
1890,1780419362967,0,4,22.2,52.6,51.9,197.1,308.9
1891,1780419363000,0,4,22.5,53.9,28.8,216.3,322.2
1892,1780419363033,0,4,22.3,48.7,26.7,205.5,335.6
1893,1780419363067,0,4,22.7,49.0,27.5,189.3,328.2
1894,1780419363100,0,4,22.5,49.1,46.2,193.5,336.3
1895,1780419363133,0,4,22.7,51.6,40.1,191.2,339.9
1896,1780419363167,0,4,22.3,49.9,42.2,191.2,313.8
1897,1780419363200,0,4,22.4,49.9,47.1,212.7,332.5
1898,1780419363233,0,4,22.4,51.5,20.5,211.2,301.6
1899,1780419363267,0,4,22.5,49.2,47.1,202.0,330.2
1900,1780419363300,0,4,22.5,49.7,45.0,190.5,325.0
1901,1780419363333,0,4,22.3,50.9,34.1,207.0,300.1
1902,1780419363367,0,4,22.7,49.5,47.2,198.2,308.2
1903,1780419363400,0,4,22.6,51.5,21.4,185.6,312.3
1904,1780419363433,0,4,22.4,52.4,39.0,211.7,301.9
1905,1780419363467,0,4,22.5,51.4,51.4,217.9,309.3
1906,1780419363500,0,4,22.3,49.8,24.3,210.9,301.0
1907,1780419363533,0,4,22.5,48.7,39.1,199.1,331.4
1908,1780419363567,0,4,22.3,50.9,30.3,196.1,300.8
1909,1780419363600,0,4,22.4,51.8,43.9,209.4,310.6
1910,1780419363633,0,4,22.6,53.1,35.9,212.5,339.7
1911,1780419363667,0,4,22.7,48.2,42.5,204.4,336.1
1912,1780419363700,0,4,22.4,50.8,53.5,212.9,331.3
1913,1780419363733,0,4,22.2,48.8,26.0,181.0,319.9
1914,1780419363767,0,4,22.5,50.3,53.9,210.1,304.3
1915,1780419363800,0,4,22.3,49.4,56.6,198.1,304.5
1916,1780419363833,0,4,22.7,53.9,41.1,200.0,326.9
1917,1780419363867,0,4,22.3,50.1,35.4,207.8,334.3
1918,1780419363900,0,4,22.8,49.8,39.8,203.5,324.5
1919,1780419363933,0,4,22.2,49.7,28.2,208.3,339.2
1920,1780419363967,0,4,22.6,51.2,51.1,197.2,335.0
1921,1780419364000,0,4,22.3,53.3,29.9,180.0,329.7
1922,1780419364033,0,4,22.4,48.6,21.3,211.0,337.9
1923,1780419364067,0,4,22.4,51.9,59.5,195.3,303.5
1924,1780419364100,0,4,22.3,53.9,31.3,183.2,334.8
1925,1780419364133,0,4,22.7,53.3,43.2,182.7,313.1
1926,1780419364167,0,4,22.5,53.8,54.1,201.5,338.7
1927,1780419364200,0,4,22.4,53.2,20.1,205.0,303.3
1928,1780419364233,0,4,22.4,51.7,20.6,207.2,337.6
1929,1780419364267,0,4,22.6,49.0,25.5,218.0,324.3
1930,1780419364300,0,4,22.8,50.8,35.5,217.7,330.0
1931,1780419364333,0,4,22.3,53.2,27.9,208.6,301.5
1932,1780419364367,0,4,22.7,53.8,29.8,214.3,305.0
1933,1780419364400,0,4,22.2,50.3,50.0,216.8,338.9
1934,1780419364433,0,4,22.7,50.2,30.2,206.2,316.6
1935,1780419364467,0,4,22.4,51.5,36.7,208.8,320.7
1936,1780419364500,0,4,22.5,53.1,29.6,183.2,307.1
1937,1780419364533,0,4,22.4,49.7,30.9,195.0,334.3
1938,1780419364567,0,4,22.2,49.5,58.6,216.8,322.5
1939,1780419364600,0,4,22.7,53.1,30.7,208.1,301.0
1940,1780419364633,0,4,22.5,52.1,24.4,189.1,323.8
1941,1780419364667,0,4,22.5,52.0,28.4,203.9,306.8
1942,1780419364700,0,4,22.5,52.5,28.6,192.2,321.2
1943,1780419364733,0,4,22.3,49.6,56.4,201.5,329.5
1944,1780419364767,0,4,22.6,48.6,53.1,218.9,317.3
1945,1780419364800,0,4,22.2,53.4,45.7,183.4,327.5
1946,1780419364833,0,4,22.3,49.2,32.7,199.2,329.7
1947,1780419364867,0,4,22.7,51.4,21.7,198.4,323.8
1948,1780419364900,0,4,22.7,53.7,23.2,196.7,328.3
1949,1780419364933,0,4,22.4,53.0,28.0,204.2,308.7
1950,1780419364967,0,4,22.7,51.9,33.6,196.6,333.9
1951,1780419365000,0,4,22.6,49.7,40.0,216.0,302.3
1952,1780419365033,0,4,22.7,50.1,31.1,181.4,311.5
1953,1780419365067,0,4,22.7,52.7,44.8,214.7,327.2
1954,1780419365100,0,4,22.2,52.7,25.5,196.2,318.9
1955,1780419365133,0,4,22.7,51.0,35.4,219.8,313.2
1956,1780419365167,0,4,22.5,52.6,23.9,195.9,335.1
1957,1780419365200,0,4,22.4,53.4,46.2,217.4,320.9
1958,1780419365233,0,4,22.7,53.3,53.1,184.0,329.7
1959,1780419365267,0,4,22.2,50.2,43.2,205.7,306.0
1960,1780419365300,0,4,22.3,49.9,51.3,203.8,328.0
1961,1780419365333,0,4,22.5,50.2,43.3,209.8,333.0
1962,1780419365367,0,4,22.8,49.9,59.3,198.1,331.5
1963,1780419365400,0,4,22.3,50.6,44.9,198.2,327.7
1964,1780419365433,0,4,22.7,51.9,39.8,187.6,305.1
1965,1780419365467,0,4,22.8,49.0,30.1,208.5,304.6
1966,1780419365500,0,4,22.3,50.3,55.1,181.6,314.0
1967,1780419365533,0,4,22.6,50.8,32.3,213.4,314.7
1968,1780419365567,0,4,22.5,52.7,23.4,216.4,302.3
1969,1780419365600,0,4,22.6,52.4,45.2,210.8,302.2
1970,1780419365633,0,4,22.7,51.2,22.9,186.4,333.8
1971,1780419365667,0,4,22.3,52.2,38.9,206.4,337.1
1972,1780419365700,0,4,22.5,50.2,21.5,204.2,331.3
1973,1780419365733,0,4,22.2,51.9,38.8,202.4,313.2
1974,1780419365767,0,4,22.4,51.5,21.1,217.9,335.5
1975,1780419365800,0,4,22.7,51.5,46.6,191.5,339.6
1976,1780419365833,0,4,22.4,49.3,42.0,181.7,312.6
1977,1780419365867,0,4,22.3,49.8,56.3,185.8,316.7
1978,1780419365900,0,4,22.4,50.1,50.1,182.4,331.2
1979,1780419365933,0,4,22.5,52.2,30.3,219.9,310.7
1980,1780419365967,0,4,22.6,52.9,55.4,212.2,331.5
1981,1780419366000,0,4,22.3,49.7,21.1,195.1,332.6
1982,1780419366033,0,4,22.7,51.9,58.9,185.0,335.6
1983,1780419366067,0,4,22.7,52.6,38.3,185.0,310.1
1984,1780419366100,0,4,22.4,48.9,38.2,183.7,305.9
1985,1780419366133,0,4,22.3,48.9,56.9,185.8,328.9
1986,1780419366167,0,4,22.5,51.9,58.9,211.5,329.3
1987,1780419366200,0,4,22.7,50.1,26.9,193.0,322.8
1988,1780419366233,0,4,22.5,48.5,36.9,200.5,326.4
1989,1780419366267,0,4,22.3,51.7,58.5,209.4,314.3
1990,1780419366300,0,4,22.2,49.3,23.3,200.3,326.3
1991,1780419366333,0,4,22.5,49.2,22.6,199.6,315.6
1992,1780419366367,0,4,22.3,50.7,56.0,193.0,335.7
1993,1780419366400,0,4,22.4,52.2,57.6,219.7,321.8
1994,1780419366433,0,4,22.6,48.4,38.4,196.5,313.9
1995,1780419366467,0,4,22.3,50.4,45.4,210.6,318.8
1996,1780419366500,0,4,22.3,53.9,24.1,207.5,325.4
1997,1780419366533,0,4,22.4,50.5,23.6,195.3,314.2
1998,1780419366567,0,4,22.2,50.8,33.2,207.6,325.6
1999,1780419366600,0,4,22.5,48.3,24.7,188.6,336.8
2000,1780419366633,0,4,22.3,50.0,56.4,218.3,331.0
2001,1780419366667,0,4,22.4,53.2,49.7,199.9,321.9
2002,1780419366700,0,4,22.6,49.5,31.4,210.9,324.2
2003,1780419366733,0,4,22.3,51.4,36.5,194.1,325.6
2004,1780419366767,0,4,22.7,48.8,44.5,203.0,319.4
2005,1780419366800,0,4,22.2,52.5,22.4,215.5,314.2
2006,1780419366833,0,4,22.7,50.6,56.5,186.1,321.6
2007,1780419366867,0,4,22.4,53.4,43.8,180.3,301.7
2008,1780419366900,0,4,22.4,50.0,44.1,203.6,333.5
2009,1780419366933,0,4,22.6,48.9,57.9,185.2,335.0
2010,1780419366967,0,4,22.4,50.6,56.8,200.2,321.4
2011,1780419367000,0,4,22.8,50.8,58.8,212.1,304.3
2012,1780419367033,0,4,22.7,50.5,21.1,187.4,309.6
2013,1780419367067,0,4,22.5,53.3,36.5,198.6,325.4
2014,1780419367100,0,4,22.7,48.2,57.3,213.8,311.8
2015,1780419367133,0,4,22.4,50.7,35.4,218.2,332.1
2016,1780419367167,0,4,22.6,52.9,33.3,192.2,309.4
2017,1780419367200,0,4,22.4,48.9,38.0,200.7,300.1
2018,1780419367233,0,4,22.6,49.3,35.7,195.4,316.8
2019,1780419367267,0,4,22.8,50.5,31.5,199.5,336.0
2020,1780419367300,0,4,22.5,53.6,26.2,192.7,336.2
2021,1780419367333,0,4,22.7,48.1,38.3,208.4,304.0
2022,1780419367367,0,4,22.6,48.5,53.6,202.7,309.1
2023,1780419367400,0,4,22.3,51.8,39.9,208.2,314.2
2024,1780419367433,0,4,22.4,53.6,32.9,182.0,339.7
2025,1780419367467,0,4,22.4,50.0,39.2,186.7,312.7
2026,1780419367500,0,4,22.5,49.4,32.5,218.8,300.4
2027,1780419367533,0,4,22.8,49.7,31.8,217.0,306.1
2028,1780419367567,0,4,22.5,51.1,58.5,205.7,304.3
2029,1780419367600,0,4,22.5,51.6,33.3,207.6,318.9
2030,1780419367633,0,4,22.8,51.4,51.3,201.9,308.5
2031,1780419367667,0,4,22.7,52.4,22.5,208.8,328.0
2032,1780419367700,0,4,22.4,53.2,25.3,193.6,310.4
2033,1780419367733,0,4,22.6,50.1,43.4,197.2,337.7
2034,1780419367767,0,4,22.3,48.7,52.7,203.5,326.3
2035,1780419367800,0,4,22.8,52.4,20.2,218.4,321.5
2036,1780419367833,0,4,22.7,52.2,44.6,195.8,338.3
2037,1780419367867,0,4,22.5,52.2,30.4,207.8,308.2
2038,1780419367900,0,4,22.7,51.7,21.9,219.3,325.9
2039,1780419367933,0,4,22.3,53.7,35.6,208.8,306.5
2040,1780419367967,0,4,22.5,53.6,58.8,184.0,332.5
2041,1780419368000,0,4,22.5,51.4,30.8,209.7,331.2
2042,1780419368033,0,4,22.6,50.4,49.8,219.2,319.5
2043,1780419368067,0,4,22.5,53.8,51.6,217.8,308.4
2044,1780419368100,0,4,22.6,53.4,36.3,215.6,337.5
2045,1780419368133,0,4,22.4,51.6,29.9,205.3,334.1
2046,1780419368167,0,4,22.4,48.3,23.0,197.8,337.5
2047,1780419368200,0,4,22.5,53.6,56.9,217.6,315.6
2048,1780419368233,0,4,22.6,48.2,20.3,201.0,308.0
2049,1780419368267,0,4,22.4,48.4,26.9,202.6,302.2
2050,1780419368300,0,4,22.5,53.5,22.5,215.0,310.6
2051,1780419368333,0,4,22.4,52.8,48.6,194.5,323.2
2052,1780419368367,0,4,22.6,49.4,25.5,197.1,319.2
2053,1780419368400,0,4,22.3,51.9,47.2,205.4,338.0
2054,1780419368433,0,4,22.4,50.2,33.3,209.1,325.6
2055,1780419368467,0,4,22.2,50.8,49.0,197.6,321.1
2056,1780419368500,0,4,22.6,53.4,28.8,186.2,330.1
2057,1780419368533,0,4,22.7,52.5,40.2,212.0,306.3
2058,1780419368567,0,4,22.7,50.5,34.7,205.4,324.6
2059,1780419368600,0,4,22.4,48.7,24.6,205.4,304.4
2060,1780419368633,0,4,22.6,48.2,39.7,211.7,322.9
2061,1780419368667,0,4,22.4,53.1,28.6,180.5,339.1
2062,1780419368700,0,4,22.3,49.0,29.5,213.1,315.6
2063,1780419368733,0,4,22.4,53.1,43.7,201.9,314.8
2064,1780419368767,0,4,22.3,49.8,32.0,202.6,328.0
2065,1780419368800,0,4,22.6,52.0,30.8,190.2,336.4
2066,1780419368833,0,4,22.7,53.7,43.7,211.9,326.8
2067,1780419368867,0,4,22.2,50.6,56.6,191.7,300.3
2068,1780419368900,0,4,22.7,50.5,47.1,189.7,313.3
2069,1780419368933,0,4,22.5,51.8,22.3,197.5,304.1
2070,1780419368967,0,4,22.5,50.3,45.4,198.6,307.1
2071,1780419369000,0,4,22.4,48.2,45.3,214.1,318.6
2072,1780419369033,0,4,22.7,49.1,49.4,200.7,325.9
2073,1780419369067,0,4,22.5,50.9,53.7,206.8,331.9
2074,1780419369100,0,4,22.7,50.0,53.6,181.6,334.2
2075,1780419369133,0,4,22.7,51.8,37.6,193.9,304.9
2076,1780419369167,0,4,22.6,53.9,40.7,186.9,303.3
2077,1780419369200,0,4,22.3,49.8,50.1,204.0,322.2
2078,1780419369233,0,4,22.2,53.4,43.9,187.5,310.8
2079,1780419369267,0,4,22.4,51.7,22.9,187.2,329.6
2080,1780419369300,0,4,22.7,53.8,48.4,190.1,320.0
2081,1780419369333,0,4,22.4,52.6,50.5,185.7,312.7
2082,1780419369367,0,4,22.7,50.6,33.7,219.9,313.6
2083,1780419369400,0,4,22.4,49.7,44.2,206.3,338.3
2084,1780419369433,0,4,22.5,50.4,33.4,200.7,320.5
2085,1780419369467,0,4,22.8,51.2,36.6,195.3,328.7
2086,1780419369500,0,4,22.5,53.1,51.3,181.7,314.5
2087,1780419369533,0,4,22.3,49.5,55.2,200.4,305.5
2088,1780419369567,0,4,22.3,53.3,34.5,207.4,328.5
2089,1780419369600,0,4,22.3,50.5,20.3,197.8,328.6
2090,1780419369633,0,4,22.2,48.8,51.0,198.1,312.6
2091,1780419369667,0,4,22.8,51.2,43.0,193.0,314.4
2092,1780419369700,0,4,22.5,52.7,57.6,203.0,338.5
2093,1780419369733,0,4,22.4,52.9,33.5,195.5,301.6
2094,1780419369767,0,4,22.8,52.6,39.5,195.4,328.2
2095,1780419369800,0,4,22.5,50.7,30.5,184.6,332.7
2096,1780419369833,0,4,22.2,50.4,38.5,182.3,321.3
2097,1780419369867,0,4,22.6,52.1,37.1,184.6,335.6
2098,1780419369900,0,4,22.5,48.3,21.4,198.2,331.4
2099,1780419369933,0,4,22.5,50.4,28.8,211.4,323.2
2100,1780419369967,0,4,22.8,51.0,49.3,219.4,315.8
2101,1780419370000,0,4,22.2,48.8,41.1,189.5,316.4
2102,1780419370033,0,4,22.3,52.2,37.5,211.4,311.1
2103,1780419370067,0,4,22.3,53.5,39.3,183.9,328.4
2104,1780419370100,0,4,22.5,53.9,21.0,182.3,319.0
2105,1780419370133,0,4,22.7,52.5,51.9,199.5,322.0
2106,1780419370167,0,4,22.4,51.7,37.6,185.7,337.4
2107,1780419370200,0,4,22.5,49.9,33.1,197.1,305.7
2108,1780419370233,0,4,22.4,52.8,20.0,200.9,327.6
2109,1780419370267,0,4,22.5,52.1,58.4,196.5,312.0
2110,1780419370300,0,4,22.7,50.9,45.1,217.0,318.5
2111,1780419370333,0,4,22.6,51.9,59.5,193.3,334.8
2112,1780419370367,0,4,22.4,52.3,54.6,197.7,337.9
2113,1780419370400,0,4,22.8,50.6,37.2,211.2,318.9
2114,1780419370433,0,4,22.3,53.2,49.1,195.4,327.0
2115,1780419370467,0,4,22.7,49.8,22.6,214.9,303.3
2116,1780419370500,0,4,22.3,48.1,24.4,198.4,313.2
2117,1780419370533,0,4,22.8,49.2,22.1,207.2,306.4
2118,1780419370567,0,4,22.7,51.7,55.6,210.1,318.9
2119,1780419370600,0,4,22.8,49.5,59.4,182.0,304.2
2120,1780419370633,0,4,22.6,49.4,58.2,207.1,337.4
2121,1780419370667,0,4,22.5,53.9,26.2,205.3,333.0
2122,1780419370700,0,4,22.4,52.1,39.3,204.6,312.2
2123,1780419370733,0,4,22.5,50.9,55.2,212.4,308.3
2124,1780419370767,0,4,22.6,53.7,28.4,186.8,322.0
2125,1780419370800,0,4,22.2,49.5,39.6,216.0,339.0
2126,1780419370833,0,4,22.6,48.4,21.5,197.8,334.4
2127,1780419370867,0,4,22.5,50.8,44.9,180.6,325.6
2128,1780419370900,0,4,22.6,51.4,20.6,202.2,337.0
2129,1780419370933,0,4,22.4,53.6,30.0,196.8,335.5
2130,1780419370967,0,4,22.7,51.4,20.6,202.4,313.2
2131,1780419371000,0,4,22.2,52.5,32.9,206.4,308.5
2132,1780419371033,0,4,22.8,50.4,39.9,186.0,324.1
2133,1780419371067,0,4,22.5,53.4,49.3,198.1,300.8
2134,1780419371100,0,4,22.7,51.3,46.5,213.9,322.7
2135,1780419371133,0,4,22.7,48.8,49.3,182.4,305.5
2136,1780419371167,0,4,22.3,48.3,42.3,181.4,314.1
2137,1780419371200,0,4,22.5,49.2,30.7,210.7,311.2
2138,1780419371233,0,4,22.7,52.2,33.1,180.8,331.0
2139,1780419371267,0,4,22.6,53.1,27.1,194.4,338.9
2140,1780419371300,0,4,22.5,50.5,32.1,180.8,335.8
2141,1780419371333,0,4,22.5,51.9,26.4,210.2,321.1
2142,1780419371367,0,4,22.7,52.5,46.3,190.7,324.6
2143,1780419371400,0,4,22.3,51.6,41.1,193.2,303.7
2144,1780419371433,0,4,22.7,48.5,59.6,204.0,335.4
2145,1780419371467,0,4,22.2,52.6,42.2,216.4,327.9
2146,1780419371500,0,4,22.7,49.6,50.3,197.1,316.4
2147,1780419371533,0,4,22.5,50.1,57.1,217.7,337.8
2148,1780419371567,0,4,22.6,52.6,24.6,200.5,302.9
2149,1780419371600,0,4,22.8,50.7,45.5,186.8,325.9
2150,1780419371633,0,4,22.6,52.6,57.8,182.0,334.2
2151,1780419371667,0,4,22.6,49.3,24.2,197.5,320.1
2152,1780419371700,0,4,22.3,53.9,38.7,203.8,335.0
2153,1780419371733,0,4,22.4,49.0,51.5,203.8,315.6
2154,1780419371767,0,4,22.6,53.2,26.1,185.4,318.1
2155,1780419371800,0,4,22.5,52.6,48.8,189.4,321.4
2156,1780419371833,0,4,22.3,49.1,55.5,183.5,304.1
2157,1780419371867,0,4,22.7,49.4,34.6,218.7,305.6
2158,1780419371900,0,4,22.3,48.7,24.0,209.6,310.9
2159,1780419371933,0,4,22.6,50.6,22.9,202.2,331.7
2160,1780419371967,0,4,22.6,50.7,30.3,219.4,315.8
2161,1780419372000,0,4,22.6,50.2,33.2,214.1,326.6
2162,1780419372033,0,4,22.7,49.3,23.3,215.0,319.2
2163,1780419372067,0,4,22.8,51.7,23.6,187.3,300.2
2164,1780419372100,0,4,22.7,48.3,26.6,209.0,319.2
2165,1780419372133,0,4,22.7,48.2,57.3,217.0,331.2
2166,1780419372167,0,4,22.5,48.4,58.6,195.7,336.9
2167,1780419372200,0,4,22.6,53.7,44.1,182.0,304.0
2168,1780419372233,0,4,22.2,48.8,48.8,195.9,310.6
2169,1780419372267,0,4,22.7,49.5,48.1,201.4,327.7
2170,1780419372300,0,4,22.6,50.5,42.3,219.8,318.6
2171,1780419372333,0,4,22.5,50.8,50.7,200.7,318.7
2172,1780419372367,0,4,22.8,49.9,33.0,194.6,305.9
2173,1780419372400,0,4,22.4,50.5,43.0,197.3,332.3
2174,1780419372433,0,4,22.6,51.9,44.5,198.4,339.5
2175,1780419372467,0,4,22.4,48.3,55.6,180.9,303.7
2176,1780419372500,0,4,22.5,52.0,28.5,209.5,302.6
2177,1780419372533,0,4,22.2,49.4,27.3,215.1,308.7
2178,1780419372567,0,4,22.7,50.8,56.5,197.3,306.5
2179,1780419372600,0,4,22.5,52.2,55.1,191.2,325.1
2180,1780419372633,0,4,22.7,48.2,26.1,189.7,320.7
2181,1780419372667,0,4,22.6,49.3,49.4,183.9,317.2
2182,1780419372700,0,4,22.5,53.2,49.5,201.5,338.3
2183,1780419372733,0,4,22.5,52.2,30.3,204.4,337.7
2184,1780419372767,0,4,22.3,52.4,54.2,209.4,306.4
2185,1780419372800,0,4,22.7,52.6,52.0,187.4,319.2
2186,1780419372833,0,4,22.6,49.3,36.9,193.1,302.8
2187,1780419372867,0,4,22.3,48.5,49.8,207.4,339.4
2188,1780419372900,0,4,22.7,50.4,46.3,181.4,334.3
2189,1780419372933,0,4,22.5,53.6,41.1,214.5,324.7
2190,1780419372967,0,4,22.5,53.0,26.1,183.7,337.4
2191,1780419373000,0,4,22.5,52.2,53.3,186.6,300.7
2192,1780419373033,0,4,22.6,49.9,50.8,194.7,326.1
2193,1780419373067,0,4,22.3,54.0,54.3,190.3,328.9
2194,1780419373100,0,4,22.7,50.2,28.5,216.2,327.3
2195,1780419373133,0,4,22.3,48.3,32.8,217.8,313.8
2196,1780419373167,0,4,22.7,53.4,39.9,194.5,330.0
2197,1780419373200,0,4,22.4,48.6,25.1,211.9,326.9
2198,1780419373233,0,4,22.3,51.3,48.9,200.8,319.2
2199,1780419373267,0,4,22.7,53.7,33.0,199.1,311.5
2200,1780419373300,0,4,22.6,48.9,43.3,183.5,302.4
2201,1780419373333,0,4,22.8,51.2,51.4,181.2,332.5
2202,1780419373367,0,4,22.5,49.2,53.3,196.7,302.4
2203,1780419373400,0,4,22.8,51.3,22.9,209.4,333.5
2204,1780419373433,0,4,22.7,48.8,57.1,195.5,308.4
2205,1780419373467,0,4,22.4,52.7,55.6,185.7,332.7
2206,1780419373500,0,4,22.3,53.9,59.6,194.9,318.6
2207,1780419373533,0,4,22.2,52.6,51.1,189.2,327.8
2208,1780419373567,0,4,22.3,51.1,59.5,184.2,324.9
2209,1780419373600,0,4,22.7,48.3,36.6,192.4,333.5
2210,1780419373633,0,4,22.5,48.8,57.4,188.5,320.1
2211,1780419373667,0,4,22.7,52.9,28.8,189.6,323.5
2212,1780419373700,0,4,22.6,53.5,46.5,194.5,328.5
2213,1780419373733,0,4,22.2,51.5,46.1,211.1,310.4
2214,1780419373767,0,4,22.3,49.5,52.6,202.7,329.4
2215,1780419373800,0,4,22.6,52.5,44.8,181.2,327.3
2216,1780419373833,0,4,22.4,52.3,29.5,207.0,337.4
2217,1780419373867,0,4,22.3,51.2,31.7,184.4,318.7
2218,1780419373900,0,4,22.8,53.0,52.2,193.3,303.0
2219,1780419373933,0,4,22.5,52.9,21.1,215.7,327.1
2220,1780419373967,0,4,22.3,53.8,56.7,192.4,306.4
2221,1780419374000,0,4,22.7,50.1,48.9,196.2,334.8
2222,1780419374033,0,4,22.7,50.4,26.2,194.1,319.7
2223,1780419374067,0,4,22.2,51.1,33.1,207.1,303.3
2224,1780419374100,0,4,22.5,52.5,23.2,185.8,311.8
2225,1780419374133,0,4,22.8,49.5,45.5,200.7,304.0
2226,1780419374167,0,4,22.7,49.9,24.1,203.0,312.5
2227,1780419374200,0,4,22.3,49.7,55.1,199.1,328.0
2228,1780419374233,0,4,22.2,53.7,47.1,192.2,306.5
2229,1780419374267,0,4,22.3,50.4,55.9,195.0,310.0
2230,1780419374300,0,4,22.6,53.1,26.7,219.2,330.6
2231,1780419374333,0,4,22.6,50.5,50.3,182.4,312.7
2232,1780419374367,0,4,22.4,49.4,57.0,182.2,330.0
2233,1780419374400,0,4,22.7,52.1,34.7,197.5,306.9
2234,1780419374433,0,4,22.4,51.6,58.9,198.8,332.7
2235,1780419374467,0,4,22.8,51.1,50.9,202.8,333.2
2236,1780419374500,0,4,22.7,51.3,33.3,187.1,316.8
2237,1780419374533,0,4,22.5,48.6,46.0,192.5,305.0
2238,1780419374567,0,4,22.6,48.8,55.9,218.9,309.4
2239,1780419374600,0,4,22.3,51.5,39.9,190.2,315.1
2240,1780419374633,0,4,22.2,48.5,50.0,202.6,313.9
2241,1780419374667,0,4,22.8,52.3,35.4,187.8,300.1
2242,1780419374700,0,4,22.3,49.4,47.9,180.6,314.3
2243,1780419374733,0,4,22.2,53.3,57.6,217.4,324.8
2244,1780419374767,0,4,22.3,52.6,37.7,183.2,328.9
2245,1780419374800,0,4,22.3,49.3,51.2,200.1,315.4
2246,1780419374833,0,4,22.5,48.1,20.4,201.0,318.3
2247,1780419374867,0,4,22.7,49.7,21.8,196.5,327.4
2248,1780419374900,0,4,22.4,48.7,20.7,215.0,316.1
2249,1780419374933,0,4,22.8,48.9,44.7,205.6,321.5
2250,1780419374967,0,4,22.4,48.4,47.1,207.8,316.0
2251,1780419375000,0,4,22.8,53.8,37.5,187.7,312.8
2252,1780419375033,0,4,22.7,52.4,41.2,196.5,317.5
2253,1780419375067,0,4,22.3,49.8,52.2,216.9,330.0
2254,1780419375100,0,4,22.4,51.2,22.3,198.7,323.7
2255,1780419375133,0,4,22.3,48.3,44.7,212.3,330.3
2256,1780419375167,0,4,22.5,49.6,57.6,185.2,308.7
2257,1780419375200,0,4,22.6,48.4,50.7,205.9,322.6
2258,1780419375233,0,4,22.7,49.6,44.5,211.7,315.8
2259,1780419375267,0,4,22.8,49.7,57.9,206.6,328.9
2260,1780419375300,0,4,22.6,49.3,33.6,188.5,308.0
2261,1780419375333,0,4,22.8,48.1,25.2,207.4,311.0
2262,1780419375367,0,4,22.3,50.4,54.9,184.4,334.9
2263,1780419375400,0,4,22.3,53.3,59.6,211.6,300.8
2264,1780419375433,0,4,22.8,48.1,44.5,211.0,325.4
2265,1780419375467,0,4,22.4,53.7,36.4,197.6,311.2
2266,1780419375500,0,4,22.6,50.4,21.0,219.1,333.6
2267,1780419375533,0,4,22.3,50.6,25.9,187.0,301.2
2268,1780419375567,0,4,22.7,50.1,40.7,214.1,303.1
2269,1780419375600,0,4,22.6,52.4,49.4,187.4,302.0
2270,1780419375633,0,4,22.7,48.5,30.4,186.1,316.9
2271,1780419375667,0,4,22.5,48.3,26.1,210.3,328.8
2272,1780419375700,0,4,22.5,53.3,29.5,197.8,302.4
2273,1780419375733,0,4,22.7,49.1,38.0,218.8,332.3
2274,1780419375767,0,4,22.6,52.5,43.6,189.0,333.7
2275,1780419375800,0,4,22.7,52.1,27.2,184.5,338.3
2276,1780419375833,0,4,22.3,49.0,48.9,182.4,329.0
2277,1780419375867,0,4,22.5,51.2,34.7,196.6,302.4
2278,1780419375900,0,4,22.5,50.4,35.8,212.6,325.4
2279,1780419375933,0,4,22.2,53.5,34.1,182.4,308.2
2280,1780419375967,0,4,22.6,49.6,26.9,192.3,328.3
2281,1780419376000,0,4,22.2,51.7,52.7,188.6,313.6
2282,1780419376033,0,4,22.4,51.3,49.3,203.4,318.7
2283,1780419376067,0,4,22.3,53.9,28.8,212.0,320.6
2284,1780419376100,0,4,22.6,49.9,45.3,208.8,315.5
2285,1780419376133,0,4,22.7,53.0,43.9,191.1,318.9
2286,1780419376167,0,4,22.2,48.3,32.1,193.0,320.5
2287,1780419376200,0,4,22.5,51.5,35.4,215.6,314.7
2288,1780419376233,0,4,22.3,52.0,51.4,210.4,313.8
2289,1780419376267,0,4,22.5,48.4,41.4,218.3,310.6
2290,1780419376300,0,4,22.4,48.6,29.5,193.4,319.4
2291,1780419376333,0,4,22.4,52.2,29.2,182.3,310.3
2292,1780419376367,0,4,22.4,48.4,48.0,182.9,317.1
2293,1780419376400,0,4,22.5,52.6,32.7,187.2,313.4
2294,1780419376433,0,4,22.4,53.8,39.2,212.9,313.3
2295,1780419376467,0,4,22.2,49.1,30.1,194.3,329.6
2296,1780419376500,0,4,22.8,48.9,38.1,202.6,336.7
2297,1780419376533,0,4,22.6,53.9,37.0,182.0,335.6
2298,1780419376567,0,4,22.6,49.9,30.1,214.3,329.3
2299,1780419376600,0,4,22.7,49.0,40.9,182.1,323.1
2300,1780419376633,0,4,22.4,49.3,46.7,196.9,327.1
2301,1780419376667,0,4,22.7,49.4,48.6,218.0,327.1
2302,1780419376700,0,4,22.4,48.5,46.7,182.4,322.0
2303,1780419376733,0,4,22.3,48.5,52.9,180.7,317.4
2304,1780419376767,0,4,22.2,53.6,57.8,189.0,300.2
2305,1780419376800,0,4,22.4,48.3,53.4,213.4,312.5
2306,1780419376833,0,4,22.5,50.5,43.8,190.4,311.1
2307,1780419376867,0,4,22.3,48.9,28.1,195.0,314.5
2308,1780419376900,0,4,22.3,51.7,54.3,193.9,302.4
2309,1780419376933,0,4,22.7,52.8,53.0,197.4,315.5
2310,1780419376967,0,4,22.5,52.9,44.5,193.5,329.1
2311,1780419377000,0,4,22.6,52.0,21.4,219.7,334.0
2312,1780419377033,0,4,22.6,49.1,32.7,193.8,328.1
2313,1780419377067,0,4,22.6,48.6,33.9,202.6,300.6
2314,1780419377100,0,4,22.4,53.1,51.4,182.6,326.4
2315,1780419377133,0,4,22.3,53.6,44.9,190.3,319.1
2316,1780419377167,0,4,22.4,49.3,57.7,199.2,300.5
2317,1780419377200,0,4,22.6,50.2,28.2,213.0,316.0
2318,1780419377233,0,4,22.6,53.0,45.9,186.3,321.5
2319,1780419377267,0,4,22.7,53.7,47.9,204.0,313.1
2320,1780419377300,0,4,22.2,49.9,57.5,190.0,333.0
2321,1780419377333,0,4,22.5,53.6,43.5,195.3,327.3
2322,1780419377367,0,4,22.4,49.3,39.5,195.8,318.7
2323,1780419377400,0,4,22.7,52.4,45.5,217.6,333.0
2324,1780419377433,0,4,22.5,50.9,24.5,219.8,324.8
2325,1780419377467,0,4,22.6,51.7,22.9,209.3,303.7
2326,1780419377500,0,4,22.3,50.7,51.9,216.0,322.6
2327,1780419377533,0,4,22.3,49.5,36.7,218.2,329.7
2328,1780419377567,0,4,22.3,52.3,50.4,206.6,321.2
2329,1780419377600,0,4,22.5,52.9,56.9,185.0,323.1
2330,1780419377633,0,4,22.7,52.1,47.4,202.7,304.3
2331,1780419377667,0,4,22.6,52.9,35.2,188.9,313.0
2332,1780419377700,0,4,22.6,53.7,42.2,206.3,322.2
2333,1780419377733,0,4,22.6,51.7,47.9,213.0,337.7
2334,1780419377767,0,4,22.2,48.2,58.3,198.5,309.7
2335,1780419377800,0,4,22.3,51.1,44.2,189.4,318.6
2336,1780419377833,0,4,22.6,49.2,27.8,215.1,331.8
2337,1780419377867,0,4,22.3,50.1,41.8,184.6,317.6
2338,1780419377900,0,4,22.7,48.0,34.4,214.3,325.6
2339,1780419377933,0,4,22.6,53.4,49.9,193.3,301.7
2340,1780419377967,0,4,22.3,50.0,53.1,193.8,331.3
2341,1780419378000,0,4,22.5,53.2,47.0,193.8,333.8
2342,1780419378033,0,4,22.5,52.4,27.3,190.1,339.6
2343,1780419378067,0,4,22.6,49.3,22.6,209.3,339.5
2344,1780419378100,0,4,22.5,52.5,53.5,194.5,339.9
2345,1780419378133,0,4,22.3,51.3,22.7,180.2,334.2
2346,1780419378167,0,4,22.3,51.3,40.0,209.7,320.6
2347,1780419378200,0,4,22.8,53.8,54.8,207.4,334.7
2348,1780419378233,0,4,22.8,52.8,50.3,219.3,332.6
2349,1780419378267,0,4,22.8,49.2,38.1,201.8,319.7
2350,1780419378300,0,4,22.6,52.3,46.8,205.4,302.1
2351,1780419378333,0,4,22.6,52.6,44.7,214.3,313.9
2352,1780419378367,0,4,22.4,52.9,50.9,184.6,333.8
2353,1780419378400,0,4,22.5,49.4,48.4,186.1,305.9
2354,1780419378433,0,4,22.4,48.9,54.9,186.9,332.5
2355,1780419378467,0,4,22.6,51.8,32.6,188.5,301.0
2356,1780419378500,0,4,22.6,49.9,36.9,218.8,322.6
2357,1780419378533,0,4,22.4,49.2,55.7,200.7,337.5
2358,1780419378567,0,4,22.3,49.4,49.7,210.1,306.2
2359,1780419378600,0,4,22.5,51.4,46.4,205.6,324.0
2360,1780419378633,0,4,22.5,48.8,47.4,203.6,317.1
2361,1780419378667,0,4,22.7,49.8,23.8,219.6,323.6
2362,1780419378700,0,4,22.5,48.4,24.4,206.9,323.7
2363,1780419378733,0,4,22.5,49.3,38.3,203.6,328.8
2364,1780419378767,0,4,22.6,53.0,54.8,206.5,328.8
2365,1780419378800,0,4,22.6,52.5,58.1,197.5,337.6
2366,1780419378833,0,4,22.4,48.1,45.9,217.1,312.5
2367,1780419378867,0,4,22.2,50.9,49.3,198.4,339.7
2368,1780419378900,0,4,22.7,50.5,49.3,218.5,308.6
2369,1780419378933,0,4,22.2,48.5,43.2,194.3,306.5
2370,1780419378967,0,4,22.8,49.4,54.0,203.9,300.5
2371,1780419379000,0,4,22.6,51.5,21.3,183.8,316.8
2372,1780419379033,0,4,22.6,49.5,30.1,184.2,325.0
2373,1780419379067,0,4,22.7,52.8,55.6,197.9,303.2
2374,1780419379100,0,4,22.7,52.9,21.4,185.3,312.6
2375,1780419379133,0,4,22.7,51.0,44.8,194.3,337.4
2376,1780419379167,0,4,22.6,52.0,41.0,218.9,305.2
2377,1780419379200,0,4,22.4,54.0,35.9,201.9,306.6
2378,1780419379233,0,4,22.8,48.6,30.5,213.6,321.1
2379,1780419379267,0,4,22.3,53.2,26.3,191.0,331.3
2380,1780419379300,0,4,22.2,49.3,49.7,219.9,326.6
2381,1780419379333,0,4,22.5,50.3,33.0,195.5,323.1
2382,1780419379367,0,4,22.7,48.2,52.7,195.9,336.7
2383,1780419379400,0,4,22.6,52.6,35.6,213.9,324.1
2384,1780419379433,0,4,22.2,51.5,26.2,210.3,301.0
2385,1780419379467,0,4,22.6,53.2,23.6,199.5,315.5
2386,1780419379500,0,4,22.2,52.2,55.3,197.8,313.1
2387,1780419379533,0,4,22.7,49.6,54.5,196.3,330.1
2388,1780419379567,0,4,22.2,50.8,51.7,190.3,315.7
2389,1780419379600,0,4,22.3,48.9,21.3,184.2,332.0
2390,1780419379633,0,4,22.7,49.6,29.6,188.3,322.3
2391,1780419379667,0,4,22.5,53.1,50.7,194.1,305.1
2392,1780419379700,0,4,22.4,48.6,48.2,201.6,311.8
2393,1780419379733,0,4,22.5,53.9,44.0,211.1,319.6
2394,1780419379767,0,4,22.5,51.9,22.9,185.5,313.6
2395,1780419379800,0,4,22.7,49.2,32.6,199.5,329.8
2396,1780419379833,0,4,22.6,53.0,54.9,213.6,320.3
2397,1780419379867,0,4,22.4,52.6,54.4,192.2,329.6
2398,1780419379900,0,4,22.4,48.6,36.4,209.7,322.6
2399,1780419379933,0,4,22.4,51.7,42.6,214.2,306.1
2400,1780419379967,0,4,22.4,53.9,37.0,194.8,303.7
2401,1780419380000,0,4,22.8,51.5,22.0,212.7,310.2
2402,1780419380033,0,4,22.5,53.4,48.5,181.9,324.0
2403,1780419380067,0,4,22.3,51.1,30.3,180.4,315.6
2404,1780419380100,0,4,22.5,49.0,49.6,216.3,301.6
2405,1780419380133,0,4,22.7,51.0,34.4,184.1,305.8
2406,1780419380167,0,4,22.6,48.6,45.6,191.0,338.4
2407,1780419380200,0,4,22.6,51.6,26.8,216.9,333.1
2408,1780419380233,0,4,22.3,52.7,33.5,183.7,320.0
2409,1780419380267,0,4,22.6,48.8,41.7,209.2,306.7
2410,1780419380300,0,4,22.8,48.9,33.5,203.7,336.5
2411,1780419380333,0,4,22.5,49.2,53.0,201.2,327.1
2412,1780419380367,0,4,22.2,50.1,23.2,208.5,334.9
2413,1780419380400,0,4,22.7,48.9,26.0,201.9,318.9
2414,1780419380433,0,4,22.8,49.1,36.6,220.0,318.1
2415,1780419380467,0,4,22.5,54.0,35.5,210.9,304.0
2416,1780419380500,0,4,22.3,52.2,29.3,207.0,315.1
2417,1780419380533,0,4,22.7,51.4,42.0,209.0,316.5
2418,1780419380567,0,4,22.7,50.4,29.1,187.7,335.0
2419,1780419380600,0,4,22.7,50.1,35.9,211.8,339.6
2420,1780419380633,0,4,22.3,49.8,59.9,207.7,333.3
2421,1780419380667,0,4,22.6,51.3,45.3,205.0,338.0
2422,1780419380700,0,4,22.4,48.5,53.6,190.3,311.4
2423,1780419380733,0,4,22.4,53.0,51.1,209.8,334.2
2424,1780419380767,0,4,22.8,48.9,22.0,199.2,334.7
2425,1780419380800,0,4,22.3,49.2,58.7,183.5,316.2
2426,1780419380833,0,4,22.5,51.9,50.0,194.8,326.2
2427,1780419380867,0,4,22.3,49.3,43.1,218.6,337.6
2428,1780419380900,0,4,22.3,48.7,21.0,190.9,303.4
2429,1780419380933,0,4,22.7,48.6,26.7,184.9,311.9
2430,1780419380967,0,4,22.8,50.7,33.1,203.3,301.0
2431,1780419381000,0,4,22.5,52.8,48.1,203.5,339.6
2432,1780419381033,0,4,22.3,51.8,35.2,182.5,327.4
2433,1780419381067,0,4,22.6,50.6,26.4,214.7,334.1
2434,1780419381100,0,4,22.3,53.4,55.2,193.7,337.5
2435,1780419381133,0,4,22.6,53.4,52.0,181.8,322.1
2436,1780419381167,0,4,22.3,53.6,39.7,205.4,309.0
2437,1780419381200,0,4,22.4,48.0,36.0,182.7,315.0
2438,1780419381233,0,4,22.4,48.0,51.7,205.2,309.2
2439,1780419381267,0,4,22.3,52.2,56.6,186.8,334.8
2440,1780419381300,0,4,22.6,50.9,22.1,210.7,338.8
2441,1780419381333,0,4,22.6,51.8,41.7,206.5,320.3
2442,1780419381367,0,4,22.8,51.0,23.7,207.0,313.0
2443,1780419381400,0,4,22.6,53.0,51.8,205.8,323.7
2444,1780419381433,0,4,22.3,51.1,44.3,208.0,314.7
2445,1780419381467,0,4,22.5,54.0,27.8,205.7,301.3
2446,1780419381500,0,4,22.6,52.6,58.0,212.6,324.2
2447,1780419381533,0,4,22.3,53.0,57.8,183.6,326.8
2448,1780419381567,0,4,22.3,48.3,36.7,184.9,315.2
2449,1780419381600,0,4,22.6,51.0,39.5,196.7,312.7
2450,1780419381633,0,4,22.6,49.1,48.6,212.7,301.9
2451,1780419381667,0,4,22.2,49.9,55.4,188.8,305.4
2452,1780419381700,0,4,22.8,52.6,27.6,198.3,322.2
2453,1780419381733,0,4,22.7,52.4,52.3,183.4,335.7
2454,1780419381767,0,4,22.3,48.7,23.6,201.0,315.7
2455,1780419381800,0,4,22.4,48.7,37.1,199.9,318.7
2456,1780419381833,0,4,22.2,53.5,23.0,213.1,325.4
2457,1780419381867,0,4,22.2,51.4,20.8,193.7,332.8
2458,1780419381900,0,4,22.3,49.3,37.3,213.7,333.2
2459,1780419381933,0,4,22.5,51.6,58.7,192.5,313.0
2460,1780419381967,0,4,22.4,49.3,48.3,187.9,320.0
2461,1780419382000,0,4,22.6,51.5,30.9,186.2,325.2
2462,1780419382033,0,4,22.2,51.8,52.1,187.7,339.2
2463,1780419382067,0,4,22.4,50.7,26.4,197.3,311.2
2464,1780419382100,0,4,22.2,50.6,51.4,185.4,310.5
2465,1780419382133,0,4,22.6,48.1,44.1,199.7,308.5
2466,1780419382167,0,4,22.3,51.5,30.1,188.0,302.9
2467,1780419382200,0,4,22.4,49.4,21.8,211.5,319.9
2468,1780419382233,0,4,22.3,53.3,51.6,195.7,306.4
2469,1780419382267,0,4,22.6,53.6,31.5,211.1,338.6
2470,1780419382300,0,4,22.4,53.5,48.8,186.8,319.9
2471,1780419382333,0,4,22.3,50.3,37.0,190.1,303.0
2472,1780419382367,0,4,22.6,50.1,28.5,200.9,333.9
2473,1780419382400,0,4,22.7,52.5,31.7,191.6,313.1
2474,1780419382433,0,4,22.5,52.7,46.3,191.5,319.0
2475,1780419382467,0,4,22.5,53.5,50.0,211.4,310.0
2476,1780419382500,0,4,22.8,49.8,33.6,192.3,322.4
2477,1780419382533,0,4,22.5,48.2,27.8,184.4,316.1
2478,1780419382567,0,4,22.6,48.9,44.5,186.1,301.3
2479,1780419382600,0,4,22.5,49.9,29.5,187.0,326.3
2480,1780419382633,0,4,22.6,49.6,56.2,204.5,325.6
2481,1780419382667,0,4,22.7,48.4,46.6,216.3,320.4
2482,1780419382700,0,4,22.3,49.0,41.5,200.6,309.9
2483,1780419382733,0,4,22.7,52.4,44.8,199.1,323.6
2484,1780419382767,0,4,22.6,50.4,20.3,196.3,317.8
2485,1780419382800,0,4,22.8,49.5,37.7,217.2,305.2
2486,1780419382833,0,4,22.5,53.5,32.2,188.8,320.7
2487,1780419382867,0,4,22.5,49.2,58.7,201.7,300.6
2488,1780419382900,0,4,22.5,51.3,49.9,212.1,322.7
2489,1780419382933,0,4,22.5,51.7,32.0,214.4,310.5
2490,1780419382967,0,4,22.2,52.0,37.3,214.0,301.8
2491,1780419383000,0,4,22.8,48.2,39.5,208.1,325.1
2492,1780419383033,0,4,22.3,49.0,43.4,199.6,322.5
2493,1780419383067,0,4,22.8,49.5,48.5,202.0,321.6
2494,1780419383100,0,4,22.3,49.6,23.9,202.3,317.9
2495,1780419383133,0,4,22.4,50.9,25.8,186.5,318.6
2496,1780419383167,0,4,22.5,52.6,49.8,198.8,336.2
2497,1780419383200,0,4,22.8,50.8,41.0,203.2,325.6
2498,1780419383233,0,4,22.2,51.1,24.6,217.7,338.2
2499,1780419383267,0,4,22.6,53.8,49.7,210.2,323.0
2500,1780419383300,0,4,22.3,48.5,20.3,218.8,311.2
2501,1780419383333,0,4,22.3,49.8,37.2,193.6,337.8
2502,1780419383367,0,4,22.8,48.6,40.4,189.3,304.7
2503,1780419383400,0,4,22.8,52.7,27.1,204.0,305.3
2504,1780419383433,0,4,22.8,52.0,35.2,206.1,309.6
2505,1780419383467,0,4,22.5,53.6,29.5,219.5,303.6
2506,1780419383500,0,4,22.8,52.1,41.6,216.5,319.9
2507,1780419383533,0,4,22.8,49.0,35.3,212.8,323.5
2508,1780419383567,0,4,22.8,52.9,38.8,197.6,338.1
2509,1780419383600,0,4,22.4,51.4,20.5,209.8,331.0
2510,1780419383633,0,4,22.5,52.7,27.5,187.2,314.8
2511,1780419383667,0,4,22.3,52.9,29.0,202.8,308.1
2512,1780419383700,0,4,22.2,51.2,42.8,184.8,322.6
2513,1780419383733,0,4,22.3,50.6,22.8,194.7,300.9
2514,1780419383767,0,4,22.5,51.2,21.4,186.7,306.7
2515,1780419383800,0,4,22.5,51.6,37.3,195.1,305.5
2516,1780419383833,0,4,22.4,49.0,34.5,201.0,312.4
2517,1780419383867,0,4,22.8,50.2,54.6,207.8,320.2
2518,1780419383900,0,4,22.6,51.8,30.1,191.1,311.1
2519,1780419383933,0,4,22.4,48.9,37.4,216.9,311.0
2520,1780419383967,0,4,22.6,50.2,36.2,184.0,323.7
2521,1780419384000,0,4,22.5,52.3,39.6,206.7,332.0
2522,1780419384033,0,4,22.2,49.1,43.7,189.1,337.5
2523,1780419384067,0,4,22.2,51.7,22.3,188.8,307.9
2524,1780419384100,0,4,22.7,50.6,22.8,200.3,314.3
2525,1780419384133,0,4,22.7,48.6,29.5,208.2,322.2
2526,1780419384167,0,4,22.6,52.5,23.7,188.0,326.8
2527,1780419384200,0,4,22.6,51.1,36.5,205.0,323.0
2528,1780419384233,0,4,22.4,51.8,58.9,193.0,321.0
2529,1780419384267,0,4,22.5,53.5,24.2,208.3,306.7
2530,1780419384300,0,4,22.6,52.1,45.7,192.9,303.9
2531,1780419384333,0,4,22.3,53.3,44.9,206.8,325.3
2532,1780419384367,0,4,22.2,49.3,30.6,190.5,318.9
2533,1780419384400,0,4,22.5,51.2,34.6,181.5,316.9
2534,1780419384433,0,4,22.6,51.8,29.2,198.7,325.2
2535,1780419384467,0,4,22.6,50.6,44.0,215.4,332.6
2536,1780419384500,0,4,22.6,48.1,30.5,192.9,319.4
2537,1780419384533,0,4,22.3,49.1,28.2,202.0,326.6
2538,1780419384567,0,4,22.2,52.9,32.1,209.1,324.7
2539,1780419384600,0,4,22.4,52.6,44.7,181.4,325.8
2540,1780419384633,0,4,22.4,51.1,36.9,180.8,322.7
2541,1780419384667,0,4,22.7,52.0,39.8,215.0,323.0
2542,1780419384700,0,4,22.8,53.1,38.8,194.3,323.7
2543,1780419384733,0,4,22.3,53.5,22.9,199.1,334.5
2544,1780419384767,0,4,22.2,49.1,24.8,201.0,301.4
2545,1780419384800,0,4,22.6,49.6,24.8,217.1,304.8
2546,1780419384833,0,4,22.7,50.6,28.5,205.9,333.4
2547,1780419384867,0,4,22.3,51.0,41.6,188.7,328.1
2548,1780419384900,0,4,22.2,51.8,31.3,215.8,329.4
2549,1780419384933,0,4,22.6,52.1,57.4,219.4,311.5
2550,1780419384967,0,4,22.8,53.1,21.6,197.3,316.0
2551,1780419385000,0,4,22.3,52.9,26.8,189.6,303.8
2552,1780419385033,0,4,22.4,50.6,32.2,210.3,327.8
2553,1780419385067,0,4,22.7,48.0,27.8,195.4,306.6
2554,1780419385100,0,4,22.7,48.3,47.7,180.7,316.2
2555,1780419385133,0,4,22.3,52.2,24.7,204.7,326.0
2556,1780419385167,0,4,22.7,48.5,50.7,200.3,318.1
2557,1780419385200,0,4,22.6,48.8,26.6,208.7,317.9
2558,1780419385233,0,4,22.5,52.5,27.8,207.0,314.8
2559,1780419385267,0,4,22.5,53.4,36.7,217.7,309.8
2560,1780419385300,0,4,22.6,50.5,56.0,203.1,307.8
2561,1780419385333,0,4,22.4,52.9,33.1,208.4,312.4
2562,1780419385367,0,4,22.4,51.2,57.7,191.7,318.7
2563,1780419385400,0,4,22.2,51.4,48.6,212.3,339.4
2564,1780419385433,0,4,22.5,50.9,43.3,208.3,328.9
2565,1780419385467,0,4,22.6,52.7,43.1,208.2,338.8
2566,1780419385500,0,4,22.6,50.7,31.7,180.1,308.8
2567,1780419385533,0,4,22.3,51.4,23.2,192.8,320.9
2568,1780419385567,0,4,22.3,50.3,25.2,197.3,320.7
2569,1780419385600,0,4,22.7,49.1,24.1,187.0,329.6
2570,1780419385633,0,4,22.8,50.6,28.1,217.4,318.9
2571,1780419385667,0,4,22.2,49.8,48.5,210.6,327.9
2572,1780419385700,0,4,22.8,51.8,25.4,204.6,305.7
2573,1780419385733,0,4,22.2,52.9,42.8,198.8,314.2
2574,1780419385767,0,4,22.5,51.1,45.3,206.4,309.2
2575,1780419385800,0,4,22.8,49.0,50.7,185.8,328.5
2576,1780419385833,0,4,22.7,51.8,43.5,197.5,300.5
2577,1780419385867,0,4,22.4,52.8,49.1,185.7,337.8
2578,1780419385900,0,4,22.5,53.4,39.3,191.4,333.3
2579,1780419385933,0,4,22.3,52.9,56.8,193.2,308.1
2580,1780419385967,0,4,22.2,53.9,45.9,207.6,332.7
2581,1780419386000,0,4,22.8,50.2,56.0,209.5,331.8
2582,1780419386033,0,4,22.4,54.0,57.1,196.3,335.1
2583,1780419386067,0,4,22.5,51.5,20.5,182.9,313.8
2584,1780419386100,0,4,22.6,49.1,52.3,191.7,315.3
2585,1780419386133,0,4,22.2,51.8,20.4,215.0,335.0
2586,1780419386167,0,4,22.6,50.0,52.6,190.6,306.2
2587,1780419386200,0,4,22.4,50.3,25.7,187.7,317.5
2588,1780419386233,0,4,22.5,48.3,36.8,186.4,328.9
2589,1780419386267,0,4,22.3,51.5,23.9,211.3,317.1
2590,1780419386300,0,4,22.3,49.7,23.6,193.0,339.6
2591,1780419386333,0,4,22.2,48.3,52.5,185.0,328.6
2592,1780419386367,0,4,22.6,51.2,55.2,180.2,321.3
2593,1780419386400,0,4,22.4,49.1,35.8,182.8,302.4
2594,1780419386433,0,4,22.3,51.2,39.5,200.9,303.8
2595,1780419386467,0,4,22.3,50.0,35.2,186.6,306.6
2596,1780419386500,0,4,22.8,49.6,48.4,183.7,302.6
2597,1780419386533,0,4,22.3,53.4,47.3,194.1,306.7
2598,1780419386567,0,4,22.7,50.6,35.1,201.5,309.9
2599,1780419386600,0,4,22.3,49.0,32.9,214.2,317.6
2600,1780419386633,0,4,22.4,51.6,49.0,191.3,338.5
2601,1780419386667,0,4,22.7,53.1,20.6,219.3,319.5
2602,1780419386700,0,4,22.4,51.8,57.0,219.2,320.6
2603,1780419386733,0,4,22.5,48.1,46.7,205.1,310.7
2604,1780419386767,0,4,22.3,53.4,59.4,202.0,333.7
2605,1780419386800,0,4,22.4,52.6,38.3,192.6,336.8
2606,1780419386833,0,4,22.3,48.7,27.4,207.7,302.0
2607,1780419386867,0,4,22.3,53.9,38.4,183.5,304.1
2608,1780419386900,0,4,22.4,51.0,55.1,187.5,309.5
2609,1780419386933,0,4,22.4,48.0,48.8,198.6,311.1
2610,1780419386967,0,4,22.4,48.6,49.0,183.1,315.8
2611,1780419387000,0,4,22.7,52.2,43.0,192.8,330.8
2612,1780419387033,0,4,22.8,48.5,48.4,206.9,300.8
2613,1780419387067,0,4,22.5,49.6,49.4,194.6,339.5
2614,1780419387100,0,4,22.3,51.9,35.9,186.7,330.7
2615,1780419387133,0,4,22.2,52.0,37.3,193.9,318.4
2616,1780419387167,0,4,22.5,49.2,54.9,214.0,301.3
2617,1780419387200,0,4,22.7,49.5,45.0,219.1,330.8
2618,1780419387233,0,4,22.5,48.5,40.2,204.5,330.5
2619,1780419387267,0,4,22.5,52.5,53.8,200.0,312.5
2620,1780419387300,0,4,22.4,53.5,50.2,188.2,309.4
2621,1780419387333,0,4,22.6,53.5,47.8,181.9,311.2
2622,1780419387367,0,4,22.4,53.0,48.3,210.8,309.9
2623,1780419387400,0,4,22.7,50.7,24.8,207.1,312.7
2624,1780419387433,0,4,22.3,51.6,37.1,197.5,318.0
2625,1780419387467,0,4,22.4,52.6,42.9,209.5,328.1
2626,1780419387500,0,4,22.7,53.0,44.6,202.1,324.4
2627,1780419387533,0,4,22.3,51.6,21.0,192.9,324.4
2628,1780419387567,0,4,22.7,52.1,27.3,191.1,338.0
2629,1780419387600,0,4,22.3,49.0,24.7,188.7,319.9
2630,1780419387633,0,4,22.2,53.3,29.1,199.1,322.0
2631,1780419387667,0,4,22.5,49.3,56.4,198.3,305.4
2632,1780419387700,0,4,22.5,48.2,24.1,198.0,331.7
2633,1780419387733,0,4,22.5,52.8,22.1,183.0,333.6
2634,1780419387767,0,4,22.6,53.9,50.6,199.9,319.0
2635,1780419387800,0,4,22.2,51.1,47.5,185.5,326.4
2636,1780419387833,0,4,22.8,52.7,53.0,192.6,307.9
2637,1780419387867,0,4,22.4,53.4,36.8,202.9,335.3
2638,1780419387900,0,4,22.8,49.5,26.2,213.1,303.7
2639,1780419387933,0,4,22.6,50.6,21.2,208.0,308.2
2640,1780419387967,0,4,22.5,51.6,55.2,198.5,335.7
2641,1780419388000,0,4,22.7,51.9,32.2,203.2,303.9
2642,1780419388033,0,4,22.5,49.5,55.6,208.9,330.2
2643,1780419388067,0,4,22.6,51.4,29.1,206.4,322.0
2644,1780419388100,0,4,22.7,51.4,22.0,212.5,307.3
2645,1780419388133,0,4,22.3,49.4,53.0,216.4,302.9
2646,1780419388167,0,4,22.4,51.0,56.0,187.1,330.2
2647,1780419388200,0,4,22.3,50.2,36.5,188.8,333.3
2648,1780419388233,0,4,22.5,53.3,53.7,218.1,305.5
2649,1780419388267,0,4,22.8,51.5,26.9,204.6,322.7
2650,1780419388300,0,4,22.3,50.9,23.0,201.9,331.9
2651,1780419388333,0,4,22.8,51.9,57.7,200.0,316.5
2652,1780419388367,0,4,22.6,48.4,32.9,186.2,313.2
2653,1780419388400,0,4,22.5,50.5,29.8,192.9,338.3
2654,1780419388433,0,4,22.8,50.8,30.0,195.0,331.6
2655,1780419388467,0,4,22.6,52.4,44.1,206.0,335.4
2656,1780419388500,0,4,22.5,50.5,31.0,208.4,304.7
2657,1780419388533,0,4,22.3,49.5,58.3,209.2,335.6
2658,1780419388567,0,4,22.3,51.1,37.3,200.6,304.4
2659,1780419388600,0,4,22.3,51.8,27.1,203.1,303.4
2660,1780419388633,0,4,22.8,48.2,22.1,216.1,325.3
2661,1780419388667,0,4,22.8,51.7,37.3,181.0,303.7
2662,1780419388700,0,4,22.6,52.9,33.6,219.5,320.1
2663,1780419388733,0,4,22.6,52.2,55.7,206.0,326.2
2664,1780419388767,0,4,22.7,52.3,29.3,212.6,315.8
2665,1780419388800,0,4,22.3,53.8,22.7,185.3,312.7
2666,1780419388833,0,4,22.8,51.5,21.5,201.4,334.6
2667,1780419388867,0,4,22.2,49.3,21.2,215.4,311.0
2668,1780419388900,0,4,22.3,51.6,36.6,191.6,320.9
2669,1780419388933,0,4,22.5,52.9,42.0,185.7,308.8
2670,1780419388967,0,4,22.5,52.4,46.9,204.0,329.3
2671,1780419389000,0,4,22.4,49.9,21.6,197.1,327.5
2672,1780419389033,0,4,22.8,48.6,30.2,199.0,322.3
2673,1780419389067,0,4,22.7,48.0,58.0,187.2,327.8
2674,1780419389100,0,4,22.6,48.6,48.2,190.1,309.8
2675,1780419389133,0,4,22.4,52.7,42.7,188.1,334.8
2676,1780419389167,0,4,22.2,49.4,44.3,207.8,317.0
2677,1780419389200,0,4,22.7,48.0,51.7,212.1,300.8
2678,1780419389233,0,4,22.5,52.3,23.8,189.2,312.6
2679,1780419389267,0,4,22.4,51.4,26.2,183.3,320.1
2680,1780419389300,0,4,22.4,48.2,34.7,201.2,316.1
2681,1780419389333,0,4,22.6,52.7,23.8,198.5,332.8
2682,1780419389367,0,4,22.3,50.2,55.9,188.5,325.6
2683,1780419389400,0,4,22.6,48.6,57.8,199.3,336.0
2684,1780419389433,0,4,22.6,48.9,31.5,206.8,325.4
2685,1780419389467,0,4,22.2,49.6,51.3,196.0,301.9
2686,1780419389500,0,4,22.4,49.2,26.5,206.5,304.6
2687,1780419389533,0,4,22.8,53.1,48.7,195.2,304.8
2688,1780419389567,0,4,22.7,53.4,52.5,214.0,338.5
2689,1780419389600,0,4,22.7,50.6,50.5,208.7,322.3
2690,1780419389633,0,4,22.5,53.7,50.7,210.1,321.7
2691,1780419389667,0,4,22.6,48.6,31.3,212.4,333.9
2692,1780419389700,0,4,22.4,52.4,27.2,211.4,323.6
2693,1780419389733,0,4,22.8,52.2,25.5,205.4,337.9
2694,1780419389767,0,4,22.5,51.5,59.6,211.7,324.2
2695,1780419389800,0,4,22.6,51.3,42.8,184.5,301.9
2696,1780419389833,0,4,22.6,52.8,20.3,187.6,321.7
2697,1780419389867,0,4,22.5,53.6,25.2,205.1,305.8
2698,1780419389900,0,4,22.6,48.4,51.3,212.6,304.7
2699,1780419389933,0,4,22.4,49.2,25.3,193.1,329.3
2700,1780419389967,0,4,22.3,49.5,23.8,208.7,307.2
2701,1780419390000,0,4,22.7,51.7,54.7,184.3,318.2
2702,1780419390033,0,4,22.3,48.3,57.5,181.6,302.3
2703,1780419390067,0,4,22.4,52.2,39.8,191.4,339.7
2704,1780419390100,0,4,22.7,51.9,46.6,217.4,328.3
2705,1780419390133,0,4,22.4,50.9,24.4,189.4,322.2
2706,1780419390167,0,4,22.3,50.4,49.4,218.8,304.0
2707,1780419390200,0,4,22.6,49.7,52.2,201.0,332.2
2708,1780419390233,0,4,22.3,53.4,40.5,217.2,328.9
2709,1780419390267,0,4,22.5,51.1,25.9,208.5,336.4
2710,1780419390300,0,4,22.3,53.9,46.4,218.9,308.4
2711,1780419390333,0,4,22.4,52.9,47.5,199.8,328.8
2712,1780419390367,0,4,22.3,52.3,24.8,215.5,319.3
2713,1780419390400,0,4,22.5,48.7,48.6,193.4,327.8
2714,1780419390433,0,4,22.3,53.1,56.5,219.5,336.6
2715,1780419390467,0,4,22.6,52.1,46.7,207.5,323.4
2716,1780419390500,0,4,22.4,52.5,22.7,190.2,303.8
2717,1780419390533,0,4,22.6,48.1,26.3,193.4,326.2
2718,1780419390567,0,4,22.5,53.8,36.0,193.9,331.0
2719,1780419390600,0,4,22.5,50.7,36.7,206.3,325.3
2720,1780419390633,0,4,22.4,50.6,56.8,193.5,318.7
2721,1780419390667,0,4,22.5,49.1,41.5,217.0,335.1
2722,1780419390700,0,4,22.3,53.4,20.1,186.1,322.2
2723,1780419390733,0,4,22.4,51.0,53.9,210.1,315.1
2724,1780419390767,0,4,22.3,52.3,22.4,214.4,311.8
2725,1780419390800,0,4,22.2,52.4,27.0,185.4,306.0
2726,1780419390833,0,4,22.5,50.2,45.6,218.1,328.6
2727,1780419390867,0,4,22.4,48.6,53.0,210.1,307.4
2728,1780419390900,0,4,22.7,49.1,47.6,214.6,301.4
2729,1780419390933,0,4,22.5,49.9,56.6,219.2,332.9
2730,1780419390967,0,4,22.6,48.8,36.0,195.3,304.0
2731,1780419391000,0,4,22.8,50.0,50.3,196.0,321.1
2732,1780419391033,0,4,22.7,51.3,37.8,213.4,323.2
2733,1780419391067,0,4,22.2,50.7,32.2,182.8,300.6
2734,1780419391100,0,4,22.8,51.1,53.1,213.4,319.3
2735,1780419391133,0,4,22.6,53.1,53.2,210.9,324.5
2736,1780419391167,0,4,22.8,49.6,26.0,218.8,312.9
2737,1780419391200,0,4,22.4,51.2,45.4,201.4,310.8
2738,1780419391233,0,4,22.8,50.2,44.7,209.2,302.4
2739,1780419391267,0,4,22.4,51.4,42.8,182.1,312.1
2740,1780419391300,0,4,22.6,53.1,40.0,184.3,304.4
2741,1780419391333,0,4,22.6,50.9,43.5,214.9,326.2
2742,1780419391367,0,4,22.7,49.7,27.7,191.9,332.4
2743,1780419391400,0,4,22.8,51.3,58.5,203.4,317.0
2744,1780419391433,0,4,22.7,53.8,47.7,205.2,322.3
2745,1780419391467,0,4,22.3,51.7,27.3,190.7,309.5
2746,1780419391500,0,4,22.5,50.2,24.2,187.3,309.8
2747,1780419391533,0,4,22.3,53.5,33.4,203.4,301.1
2748,1780419391567,0,4,22.6,52.6,33.5,186.6,314.2
2749,1780419391600,0,4,22.6,53.6,27.1,182.7,301.9
2750,1780419391633,0,4,22.7,53.2,41.9,211.7,331.2
2751,1780419391667,0,4,22.7,52.8,26.8,202.1,316.3
2752,1780419391700,0,4,22.7,52.8,34.0,193.4,301.6
2753,1780419391733,0,4,22.7,48.7,54.3,218.1,327.3
2754,1780419391767,0,4,22.4,49.4,32.5,180.7,311.4
2755,1780419391800,0,4,22.2,52.4,55.2,182.8,306.6
2756,1780419391833,0,4,22.4,49.7,25.4,191.5,335.2
2757,1780419391867,0,4,22.6,53.2,57.3,183.8,321.6
2758,1780419391900,0,4,22.7,49.1,24.7,212.2,313.7
2759,1780419391933,0,4,22.5,48.1,38.2,182.4,318.1
2760,1780419391967,0,4,22.4,50.4,32.6,204.4,340.0
2761,1780419392000,0,4,22.7,52.0,52.8,215.9,315.1
2762,1780419392033,0,4,22.4,48.9,56.0,209.5,315.4
2763,1780419392067,0,4,22.8,52.9,36.2,183.4,309.5
2764,1780419392100,0,4,22.3,53.0,54.0,201.4,338.6
2765,1780419392133,0,4,22.8,53.2,23.9,194.2,305.6
2766,1780419392167,0,4,22.5,50.6,23.3,183.9,313.2
2767,1780419392200,0,4,22.8,50.2,46.1,187.2,327.4
2768,1780419392233,0,4,22.7,51.8,45.9,210.3,305.4
2769,1780419392267,0,4,22.7,48.7,33.3,204.3,326.4
2770,1780419392300,0,4,22.2,51.3,21.3,189.7,309.0
2771,1780419392333,0,4,22.5,51.7,30.9,185.1,334.2
2772,1780419392367,0,4,22.5,53.3,36.9,202.1,334.4
2773,1780419392400,0,4,22.4,53.1,28.0,189.7,325.1
2774,1780419392433,0,4,22.2,49.1,29.7,180.7,308.1
2775,1780419392467,0,4,22.3,51.1,33.4,191.3,336.9
2776,1780419392500,0,4,22.3,51.3,30.6,205.1,335.6
2777,1780419392533,0,4,22.5,49.3,43.3,216.4,325.4
2778,1780419392567,0,4,22.7,52.1,21.4,191.3,337.3
2779,1780419392600,0,4,22.6,48.1,39.7,195.2,319.4
2780,1780419392633,0,4,22.5,51.8,46.3,198.1,337.1
2781,1780419392667,0,4,22.2,50.0,35.0,209.7,325.2
2782,1780419392700,0,4,22.6,53.1,43.4,218.5,313.2
2783,1780419392733,0,4,22.4,51.2,29.1,192.9,335.4
2784,1780419392767,0,4,22.6,49.1,22.6,216.8,333.1
2785,1780419392800,0,4,22.5,48.3,32.9,192.6,333.3
2786,1780419392833,0,4,22.7,48.6,28.0,203.5,331.7
2787,1780419392867,0,4,22.2,50.9,43.2,180.3,302.6
2788,1780419392900,0,4,22.2,51.3,41.9,214.2,318.1
2789,1780419392933,0,4,22.5,48.9,25.8,218.6,334.7
2790,1780419392967,0,4,22.3,52.7,53.9,213.9,337.8
2791,1780419393000,0,4,22.7,51.6,21.0,182.0,305.3
2792,1780419393033,0,4,22.7,51.4,50.7,211.0,316.3
2793,1780419393067,0,4,22.2,51.7,30.6,187.6,303.2
2794,1780419393100,0,4,22.4,51.2,25.3,190.7,310.1
2795,1780419393133,0,4,22.7,51.4,34.0,193.8,310.9
2796,1780419393167,0,4,22.6,50.1,24.5,207.6,324.4
2797,1780419393200,0,4,22.7,48.7,52.2,198.9,330.3
2798,1780419393233,0,4,22.3,52.5,26.4,212.3,302.2
2799,1780419393267,0,4,22.4,50.5,24.3,207.0,314.3
2800,1780419393300,0,4,22.4,53.3,35.3,183.0,308.0
2801,1780419393333,0,4,22.5,49.4,58.5,206.2,336.6
2802,1780419393367,0,4,22.3,53.9,48.8,203.0,300.8
2803,1780419393400,0,4,22.3,51.1,34.3,194.7,313.9
2804,1780419393433,0,4,22.6,53.8,49.8,201.2,308.9
2805,1780419393467,0,4,22.6,50.1,50.1,199.6,334.1
2806,1780419393500,0,4,22.5,53.4,48.8,211.7,306.4
2807,1780419393533,0,4,22.6,49.2,27.4,204.5,312.8
2808,1780419393567,0,4,22.7,53.7,20.6,217.2,323.6
2809,1780419393600,0,4,22.7,48.7,53.5,213.6,306.7
2810,1780419393633,0,4,22.7,51.9,20.4,215.0,330.4
2811,1780419393667,0,4,22.4,51.4,45.4,216.8,301.0
2812,1780419393700,0,4,22.8,48.9,45.1,219.8,326.3
2813,1780419393733,0,4,22.8,52.9,48.2,180.7,336.8
2814,1780419393767,0,4,22.6,51.4,35.0,196.5,313.7
2815,1780419393800,0,4,22.3,52.7,43.1,199.2,335.9
2816,1780419393833,0,4,22.7,48.6,35.7,192.5,327.4
2817,1780419393867,0,4,22.2,53.9,21.0,184.7,321.0
2818,1780419393900,0,4,22.7,53.4,50.2,192.3,301.4
2819,1780419393933,0,4,22.8,49.8,57.9,187.2,328.6
2820,1780419393967,0,4,22.7,52.3,27.6,182.7,312.7
2821,1780419394000,0,4,22.6,52.8,39.2,206.1,323.6
2822,1780419394033,0,4,22.4,50.4,38.4,196.2,301.9
2823,1780419394067,0,4,22.7,49.0,34.5,207.9,305.8
2824,1780419394100,0,4,22.3,50.7,48.6,215.9,301.7
2825,1780419394133,0,4,22.8,48.0,57.0,190.9,313.9
2826,1780419394167,0,4,22.4,53.4,25.5,204.2,325.8
2827,1780419394200,0,4,22.2,49.0,56.6,211.4,304.7
2828,1780419394233,0,4,22.3,52.9,34.1,208.2,330.8
2829,1780419394267,0,4,22.2,53.9,53.9,214.9,300.3
2830,1780419394300,0,4,22.6,53.9,36.7,214.5,330.6
2831,1780419394333,0,4,22.6,51.2,39.5,211.0,339.6
2832,1780419394367,0,4,22.5,52.2,36.3,184.2,314.7
2833,1780419394400,0,4,22.7,53.9,45.8,191.2,331.4
2834,1780419394433,0,4,22.6,53.4,21.9,211.1,322.4
2835,1780419394467,0,4,22.3,49.8,46.7,187.4,328.2
2836,1780419394500,0,4,22.6,48.0,37.3,200.2,319.9
2837,1780419394533,0,4,22.3,53.6,23.1,215.4,311.8
2838,1780419394567,0,4,22.3,53.1,33.6,191.6,305.9
2839,1780419394600,0,4,22.7,54.0,43.6,182.3,337.3
2840,1780419394633,0,4,22.4,51.6,41.4,196.8,301.1
2841,1780419394667,0,4,22.4,51.2,22.0,219.2,322.2
2842,1780419394700,0,4,22.7,50.2,41.1,191.2,325.2
2843,1780419394733,0,4,22.5,49.9,57.7,196.7,301.9
2844,1780419394767,0,4,22.5,51.8,41.6,192.5,318.0
2845,1780419394800,0,4,22.2,49.8,30.2,193.0,314.6
2846,1780419394833,0,4,22.3,51.7,34.0,206.5,318.2
2847,1780419394867,0,4,22.7,51.2,46.5,208.7,325.4
2848,1780419394900,0,4,22.4,51.0,47.9,205.8,329.4
2849,1780419394933,0,4,22.5,48.3,48.4,194.8,325.6
2850,1780419394967,0,4,22.2,49.3,41.2,203.2,312.3
2851,1780419395000,0,4,22.7,48.0,51.6,194.6,318.1
2852,1780419395033,0,4,22.2,52.1,33.8,197.7,300.2
2853,1780419395067,0,4,22.3,52.9,35.1,213.0,318.6
2854,1780419395100,0,4,22.2,48.2,54.3,217.7,323.1
2855,1780419395133,0,4,22.5,51.8,50.7,186.3,331.7
2856,1780419395167,0,4,22.7,53.5,41.3,216.6,315.4
2857,1780419395200,0,4,22.3,51.3,40.9,200.7,305.8
2858,1780419395233,0,4,22.3,50.2,40.3,197.8,326.0
2859,1780419395267,0,4,22.6,50.2,34.6,210.8,334.8
2860,1780419395300,0,4,22.3,49.8,32.2,185.6,337.8
2861,1780419395333,0,4,22.7,49.8,52.0,208.7,309.7
2862,1780419395367,0,4,22.2,53.8,34.9,181.8,337.8
2863,1780419395400,0,4,22.5,53.7,38.2,195.3,302.7
2864,1780419395433,0,4,22.8,50.2,35.3,185.6,300.5
2865,1780419395467,0,4,22.6,48.6,50.2,189.3,306.2
2866,1780419395500,0,4,22.4,48.0,48.4,210.6,326.3
2867,1780419395533,0,4,22.5,53.8,35.0,181.2,303.8
2868,1780419395567,0,4,22.5,51.0,46.6,217.8,329.3
2869,1780419395600,0,4,22.6,50.6,23.2,201.4,327.0
2870,1780419395633,0,4,22.8,48.5,30.8,191.5,324.9
2871,1780419395667,0,4,22.3,49.2,45.8,209.4,317.1
2872,1780419395700,0,4,22.4,51.1,39.2,198.2,316.8
2873,1780419395733,0,4,22.6,48.7,51.9,190.1,316.8
2874,1780419395767,0,4,22.8,53.9,26.8,210.1,322.1
2875,1780419395800,0,4,22.3,51.2,48.5,190.8,305.2
2876,1780419395833,0,4,22.3,51.7,53.4,209.6,314.7
2877,1780419395867,0,4,22.3,51.8,49.6,191.5,312.8
2878,1780419395900,0,4,22.3,51.1,55.4,214.5,328.9
2879,1780419395933,0,4,22.5,51.5,21.9,187.6,314.3
2880,1780419395967,0,4,22.7,50.3,37.8,201.9,324.8
2881,1780419396000,0,4,22.2,49.2,41.7,215.0,335.2
2882,1780419396033,0,4,22.8,50.6,40.7,204.6,319.4
2883,1780419396067,0,4,22.6,48.2,40.6,212.5,300.5
2884,1780419396100,0,4,22.5,50.1,53.0,216.4,336.5
2885,1780419396133,0,4,22.4,50.6,24.3,187.9,329.3
2886,1780419396167,0,4,22.7,51.6,54.3,199.8,337.9
2887,1780419396200,0,4,22.5,49.1,25.6,195.1,316.4
2888,1780419396233,0,4,22.3,50.8,31.8,210.7,335.6
2889,1780419396267,0,4,22.5,48.0,34.3,201.6,300.4
2890,1780419396300,0,4,22.7,50.9,20.6,182.8,315.7
2891,1780419396333,0,4,22.7,51.4,50.0,180.7,333.4
2892,1780419396367,0,4,22.6,53.6,54.1,191.9,324.6
2893,1780419396400,0,4,22.3,53.8,48.4,210.3,338.6
2894,1780419396433,0,4,22.4,48.5,40.0,206.7,327.3
2895,1780419396467,0,4,22.5,49.2,45.8,194.9,305.2
2896,1780419396500,0,4,22.8,49.5,38.3,216.5,325.2
2897,1780419396533,0,4,22.5,48.4,35.3,204.8,305.8
2898,1780419396567,0,4,22.7,48.1,34.4,215.7,329.9
2899,1780419396600,0,4,22.5,50.3,49.0,214.2,338.8
2900,1780419396633,0,4,22.8,53.5,28.2,191.3,317.8
2901,1780419396667,0,4,22.7,48.2,32.1,218.3,330.6
2902,1780419396700,0,4,22.6,49.6,43.5,187.8,316.5
2903,1780419396733,0,4,22.4,49.4,57.7,203.5,311.3
2904,1780419396767,0,4,22.2,52.6,48.3,201.3,332.5
2905,1780419396800,0,4,22.4,48.7,38.1,209.1,308.8
2906,1780419396833,0,4,22.2,49.0,32.7,180.9,322.4
2907,1780419396867,0,4,22.5,48.8,59.4,186.0,305.7
2908,1780419396900,0,4,22.5,48.2,35.3,201.2,308.6
2909,1780419396933,0,4,22.6,50.9,45.3,194.0,332.2
2910,1780419396967,0,4,22.2,48.6,40.8,210.3,327.0
2911,1780419397000,0,4,22.3,51.2,39.3,204.8,311.0
2912,1780419397033,0,4,22.5,53.0,37.6,218.0,301.3
2913,1780419397067,0,4,22.7,48.3,52.4,213.2,338.4
2914,1780419397100,0,4,22.6,51.9,57.9,193.2,334.9
2915,1780419397133,0,4,22.5,48.7,44.1,216.1,331.5
2916,1780419397167,0,4,22.7,53.0,28.8,204.3,327.9
2917,1780419397200,0,4,22.4,52.8,28.8,216.6,309.8
2918,1780419397233,0,4,22.6,49.6,54.9,196.8,336.9
2919,1780419397267,0,4,22.8,50.1,28.2,188.1,325.6
2920,1780419397300,0,4,22.7,50.8,51.5,193.8,339.8
2921,1780419397333,0,4,22.4,49.9,32.5,209.3,311.6
2922,1780419397367,0,4,22.5,53.0,23.6,196.0,317.9
2923,1780419397400,0,4,22.8,52.8,36.8,193.8,319.6
2924,1780419397433,0,4,22.2,49.5,44.9,214.9,331.0
2925,1780419397467,0,4,22.3,51.9,25.0,215.8,305.7
2926,1780419397500,0,4,22.3,49.3,31.1,200.5,300.2
2927,1780419397533,0,4,22.7,53.4,22.8,218.4,317.2
2928,1780419397567,0,4,22.5,50.9,40.7,207.9,334.9
2929,1780419397600,0,4,22.6,53.2,26.1,181.7,313.6
2930,1780419397633,0,4,22.8,48.2,58.7,214.6,330.2
2931,1780419397667,0,4,22.8,53.1,53.6,181.2,335.2
2932,1780419397700,0,4,22.3,52.1,46.9,191.7,319.8
2933,1780419397733,0,4,22.5,50.4,39.6,182.6,306.7
2934,1780419397767,0,4,22.5,48.6,38.0,201.5,339.3
2935,1780419397800,0,4,22.2,52.3,27.2,187.1,304.8
2936,1780419397833,0,4,22.6,50.3,37.9,190.8,308.2
2937,1780419397867,0,4,22.3,50.4,36.9,212.1,302.8
2938,1780419397900,0,4,22.7,48.7,41.2,199.7,326.4
2939,1780419397933,0,4,22.6,52.2,41.2,200.5,319.5
2940,1780419397967,0,4,22.6,53.7,34.2,196.5,311.8
2941,1780419398000,0,4,22.2,50.5,35.8,181.8,319.4
2942,1780419398033,0,4,22.3,51.0,44.5,204.8,330.0
2943,1780419398067,0,4,22.3,52.4,31.7,194.3,300.8
2944,1780419398100,0,4,22.7,51.7,56.9,197.4,325.0
2945,1780419398133,0,4,22.6,50.3,21.2,201.1,339.0
2946,1780419398167,0,4,22.3,48.5,22.6,204.1,325.1
2947,1780419398200,0,4,22.7,50.6,27.9,194.4,306.5
2948,1780419398233,0,4,22.8,50.5,23.8,188.9,320.8
2949,1780419398267,0,4,22.7,49.0,43.1,197.0,338.2
2950,1780419398300,0,4,22.6,52.6,56.9,199.5,304.2
2951,1780419398333,0,4,22.2,49.6,26.8,181.2,312.2
2952,1780419398367,0,4,22.3,53.4,31.0,185.2,331.6
2953,1780419398400,0,4,22.3,48.4,35.8,193.5,307.6
2954,1780419398433,0,4,22.8,48.9,57.7,194.9,311.5
2955,1780419398467,0,4,22.4,51.8,48.9,217.4,327.9
2956,1780419398500,0,4,22.8,52.1,48.1,211.8,327.5
2957,1780419398533,0,4,22.6,51.0,54.8,201.8,314.9
2958,1780419398567,0,4,22.2,49.0,24.6,200.0,335.6
2959,1780419398600,0,4,22.6,52.5,36.5,182.3,327.9
2960,1780419398633,0,4,22.4,52.7,42.6,208.5,313.4
2961,1780419398667,0,4,22.3,49.1,52.2,188.2,338.6
2962,1780419398700,0,4,22.6,48.9,54.7,196.8,339.6
2963,1780419398733,0,4,22.7,52.9,28.4,193.1,322.6
2964,1780419398767,0,4,22.2,51.8,27.6,217.7,339.1
2965,1780419398800,0,4,22.4,53.8,38.4,202.6,307.5
2966,1780419398833,0,4,22.3,49.1,58.1,201.0,335.0
2967,1780419398867,0,4,22.6,48.7,38.1,205.6,332.2
2968,1780419398900,0,4,22.4,51.9,56.1,200.5,320.8
2969,1780419398933,0,4,22.3,51.9,31.3,201.6,331.8
2970,1780419398967,0,4,22.4,51.2,27.2,201.2,337.1
2971,1780419399000,0,4,22.4,52.6,25.5,206.8,334.0
2972,1780419399033,0,4,22.7,50.2,23.3,196.2,326.8
2973,1780419399067,0,4,22.5,48.7,20.2,188.8,327.1
2974,1780419399100,0,4,22.6,51.6,53.6,205.1,334.4
2975,1780419399133,0,4,22.3,48.9,38.7,210.0,324.6
2976,1780419399167,0,4,22.7,50.6,53.8,210.3,319.8
2977,1780419399200,0,4,22.2,52.2,48.9,207.4,303.1
2978,1780419399233,0,4,22.3,51.2,44.4,194.2,335.9
2979,1780419399267,0,4,22.6,53.1,24.3,210.7,330.5
2980,1780419399300,0,4,22.3,52.4,36.1,192.8,306.3
2981,1780419399333,0,4,22.4,49.0,24.0,194.3,339.8
2982,1780419399367,0,4,22.6,52.0,60.0,219.1,338.6
2983,1780419399400,0,4,22.5,52.7,53.7,210.6,328.7
2984,1780419399433,0,4,22.7,54.0,26.8,204.5,324.4
2985,1780419399467,0,4,22.3,49.3,45.2,181.8,325.9
2986,1780419399500,0,4,22.4,49.1,48.9,181.2,315.7
2987,1780419399533,0,4,22.6,48.3,58.3,211.9,324.4
2988,1780419399567,0,4,22.5,49.9,26.6,198.4,323.1
2989,1780419399600,0,4,22.5,50.9,31.1,208.5,327.7
2990,1780419399633,0,4,22.3,54.0,25.1,213.7,339.3
2991,1780419399667,0,4,22.3,53.1,27.5,194.8,332.1
2992,1780419399700,0,4,22.8,48.1,36.2,195.2,336.3
2993,1780419399733,0,4,22.4,53.6,31.9,202.2,322.1
2994,1780419399767,0,4,22.6,51.5,38.2,209.0,327.9
2995,1780419399800,0,4,22.5,48.2,59.1,185.1,313.7
2996,1780419399833,0,4,22.7,51.8,21.8,216.2,326.4
2997,1780419399867,0,4,22.3,49.0,44.5,212.9,327.3
2998,1780419399900,0,4,22.4,48.5,43.0,199.1,304.0
2999,1780419399933,0,4,22.5,53.3,56.6,194.0,319.4
3000,1780419399967,0,4,22.6,50.9,43.7,199.8,333.4
3001,1780419400000,0,4,22.3,48.6,30.8,204.3,316.1
3002,1780419400033,0,4,22.7,50.0,42.7,192.6,318.2
3003,1780419400067,0,4,22.4,53.9,59.4,185.7,311.4
3004,1780419400100,0,4,22.3,52.3,48.3,182.6,316.1
3005,1780419400133,0,4,22.7,53.5,35.9,198.5,307.1
3006,1780419400167,0,4,22.5,48.4,32.2,201.5,313.3
3007,1780419400200,0,4,22.2,53.4,41.8,194.2,311.0
3008,1780419400233,0,4,22.5,50.7,41.8,192.2,320.2
3009,1780419400267,0,4,22.3,51.5,56.2,214.2,318.0
3010,1780419400300,0,4,22.2,50.1,55.4,204.1,337.1
3011,1780419400333,0,4,22.7,50.6,24.2,195.0,334.8
3012,1780419400367,0,4,22.8,49.4,42.6,211.5,322.7
3013,1780419400400,0,4,22.6,48.3,23.9,189.4,320.5
3014,1780419400433,0,4,22.4,51.6,37.2,205.7,306.2
3015,1780419400467,0,4,22.5,51.4,23.8,190.8,329.0
3016,1780419400500,0,4,22.7,52.5,25.5,201.8,300.7
3017,1780419400533,0,4,22.4,52.6,44.7,208.5,339.8
3018,1780419400567,0,4,22.5,50.3,21.9,197.6,319.7
3019,1780419400600,0,4,22.8,48.9,27.7,214.0,334.0
3020,1780419400633,0,4,22.6,48.9,32.2,213.3,309.5
3021,1780419400667,0,4,22.5,50.6,31.0,214.9,312.1
3022,1780419400700,0,4,22.3,52.3,25.1,181.4,321.4
3023,1780419400733,0,4,22.8,50.4,42.3,199.9,325.9
3024,1780419400767,0,4,22.7,53.2,44.8,212.0,323.7
3025,1780419400800,0,4,22.5,52.8,44.2,213.6,302.1
3026,1780419400833,0,4,22.7,53.6,43.9,184.0,325.3
3027,1780419400867,0,4,22.5,49.7,25.2,184.8,316.0
3028,1780419400900,0,4,22.4,51.2,45.0,206.8,323.8
3029,1780419400933,0,4,22.3,52.5,22.6,189.7,306.6
3030,1780419400967,0,4,22.6,48.7,30.7,216.5,320.6
3031,1780419401000,0,4,22.8,52.8,49.9,194.9,324.7
3032,1780419401033,0,4,22.4,52.3,44.6,218.9,328.0
3033,1780419401067,0,4,22.5,49.8,33.8,185.4,312.8
3034,1780419401100,0,4,22.7,49.9,24.5,188.4,305.2
3035,1780419401133,0,4,22.6,53.3,20.7,219.1,305.8
3036,1780419401167,0,4,22.8,53.8,36.7,209.0,302.5
3037,1780419401200,0,4,22.7,53.9,54.4,207.2,309.2
3038,1780419401233,0,4,22.6,51.4,46.2,197.7,328.0
3039,1780419401267,0,4,22.4,50.3,33.4,207.8,325.1
3040,1780419401300,0,4,22.4,49.7,24.3,206.1,317.0
3041,1780419401333,0,4,22.7,50.5,31.1,207.4,323.6
3042,1780419401367,0,4,22.5,50.2,35.3,197.2,312.9
3043,1780419401400,0,4,22.4,51.5,57.7,189.1,305.7
3044,1780419401433,0,4,22.6,51.0,47.3,208.1,325.5
3045,1780419401467,0,4,22.5,51.0,51.9,207.0,306.0
3046,1780419401500,0,4,22.7,51.5,52.8,185.4,336.6
3047,1780419401533,0,4,22.4,48.1,57.1,200.6,326.2
3048,1780419401567,0,4,22.4,49.1,40.6,196.5,335.3
3049,1780419401600,0,4,22.4,49.9,26.2,197.4,316.2
3050,1780419401633,0,4,22.4,49.0,55.9,198.9,331.7
3051,1780419401667,0,4,22.3,51.7,42.2,203.7,318.9
3052,1780419401700,0,4,22.7,53.0,29.0,204.9,328.6
3053,1780419401733,0,4,22.2,50.2,58.0,215.4,309.6
3054,1780419401767,0,4,22.8,50.1,56.0,202.6,307.2
3055,1780419401800,0,4,22.2,50.9,50.5,201.6,312.1
3056,1780419401833,0,4,22.7,52.3,34.3,205.0,317.7
3057,1780419401867,0,4,22.5,53.0,27.4,180.4,331.2
3058,1780419401900,0,4,22.2,48.0,23.5,202.4,329.7
3059,1780419401933,0,4,22.8,52.3,33.0,207.4,306.7
3060,1780419401967,0,4,22.5,48.1,34.1,196.9,306.8
3061,1780419402000,0,4,22.4,49.5,57.1,180.2,338.0
3062,1780419402033,0,4,22.7,52.1,39.0,201.0,318.7
3063,1780419402067,0,4,22.3,49.5,24.2,212.9,309.5
3064,1780419402100,0,4,22.5,48.6,50.1,181.8,324.8
3065,1780419402133,0,4,22.5,53.7,41.6,201.0,308.3
3066,1780419402167,0,4,22.6,50.9,22.6,205.4,330.0
3067,1780419402200,0,4,22.3,51.2,37.0,211.4,315.6
3068,1780419402233,0,4,22.6,53.2,56.0,212.2,327.8
3069,1780419402267,0,4,22.5,48.9,51.4,193.1,312.0
3070,1780419402300,0,4,22.6,51.0,34.1,182.9,305.5
3071,1780419402333,0,4,22.6,51.3,39.3,180.1,315.3
3072,1780419402367,0,4,22.4,52.9,48.8,184.2,329.1
3073,1780419402400,0,4,22.2,49.7,42.9,182.4,337.4
3074,1780419402433,0,4,22.4,48.6,48.7,188.3,333.6
3075,1780419402467,0,4,22.6,49.5,25.0,190.2,333.8
3076,1780419402500,0,4,22.6,48.0,22.0,196.1,327.8
3077,1780419402533,0,4,22.6,49.8,34.2,200.1,331.5
3078,1780419402567,0,4,22.3,49.6,49.2,200.7,323.2
3079,1780419402600,0,4,22.4,49.1,42.5,211.1,300.1
3080,1780419402633,0,4,22.6,51.9,21.0,185.0,316.4
3081,1780419402667,0,4,22.6,50.8,29.4,209.1,324.5
3082,1780419402700,0,4,22.3,51.3,44.7,201.9,339.2
3083,1780419402733,0,4,22.7,49.0,30.6,181.6,305.9
3084,1780419402767,0,4,22.5,53.1,45.5,183.0,320.8
3085,1780419402800,0,4,22.7,50.2,46.7,189.9,318.0
3086,1780419402833,0,4,22.3,50.7,36.2,216.4,329.2
3087,1780419402867,0,4,22.2,49.2,32.7,219.0,301.3
3088,1780419402900,0,4,22.8,50.4,50.9,194.2,306.0
3089,1780419402933,0,4,22.3,49.2,20.6,188.5,309.5
3090,1780419402967,0,4,22.3,51.1,44.3,188.9,335.2
3091,1780419403000,0,4,22.8,53.9,52.8,204.9,322.8
3092,1780419403033,0,4,22.5,52.1,43.2,217.5,339.0
3093,1780419403067,0,4,22.7,48.6,24.3,204.2,317.5
3094,1780419403100,0,4,22.3,49.4,59.9,192.7,307.7
3095,1780419403133,0,4,22.4,53.4,26.7,197.6,326.7
3096,1780419403167,0,4,22.7,51.4,31.0,181.2,326.8
3097,1780419403200,0,4,22.3,49.6,44.7,183.3,307.7
3098,1780419403233,0,4,22.5,51.3,38.5,198.9,322.0
3099,1780419403267,0,4,22.6,48.1,51.3,219.7,309.0
3100,1780419403300,0,4,22.4,49.1,51.3,219.8,318.2
3101,1780419403333,0,4,22.7,52.8,23.1,219.2,311.5
3102,1780419403367,0,4,22.6,53.5,52.7,216.9,328.6
3103,1780419403400,0,4,22.6,50.6,33.9,218.0,332.7
3104,1780419403433,0,4,22.4,51.7,40.9,194.3,333.4
3105,1780419403467,0,4,22.5,49.2,44.1,200.8,318.9
3106,1780419403500,0,4,22.6,49.9,21.4,210.3,325.4
3107,1780419403533,0,4,22.6,53.0,33.0,211.4,304.9
3108,1780419403567,0,4,22.5,50.5,57.3,202.9,327.7
3109,1780419403600,0,4,22.5,49.8,21.7,181.4,307.6
3110,1780419403633,0,4,22.6,51.1,53.8,216.3,308.9
3111,1780419403667,0,4,22.8,49.0,55.3,200.3,324.0
3112,1780419403700,0,4,22.6,50.7,37.8,208.8,309.4
3113,1780419403733,0,4,22.8,50.4,34.6,182.8,328.8
3114,1780419403767,0,4,22.6,51.4,46.2,207.1,332.2
3115,1780419403800,0,4,22.3,51.0,27.1,214.1,316.7
3116,1780419403833,0,4,22.6,48.3,21.0,214.0,336.4
3117,1780419403867,0,4,22.5,51.0,22.0,182.9,321.6
3118,1780419403900,0,4,22.5,51.1,54.5,218.4,322.4
3119,1780419403933,0,4,22.3,51.0,36.9,203.5,312.7
3120,1780419403967,0,4,22.3,51.5,51.0,199.8,301.9
3121,1780419404000,0,4,22.4,49.8,21.1,201.2,339.9
3122,1780419404033,0,4,22.2,52.4,34.3,212.7,303.9
3123,1780419404067,0,4,22.4,48.9,21.2,190.4,301.2
3124,1780419404100,0,4,22.3,53.9,28.2,204.4,333.2
3125,1780419404133,0,4,22.6,51.3,39.3,194.6,312.9
3126,1780419404167,0,4,22.6,49.1,51.8,204.0,300.3
3127,1780419404200,0,4,22.4,48.2,33.8,207.7,315.1
3128,1780419404233,0,4,22.4,48.4,49.9,209.2,334.8
3129,1780419404267,0,4,22.7,49.5,58.4,191.5,308.3
3130,1780419404300,0,4,22.6,51.3,42.5,204.4,338.7
3131,1780419404333,0,4,22.8,51.3,45.1,204.7,339.8
3132,1780419404367,0,4,22.2,51.8,55.1,194.3,337.1
3133,1780419404400,0,4,22.6,48.1,50.2,214.8,317.0
3134,1780419404433,0,4,22.7,53.4,33.4,185.5,331.0
3135,1780419404467,0,4,22.3,53.2,38.8,198.7,335.2
3136,1780419404500,0,4,22.4,49.1,24.1,187.8,318.5
3137,1780419404533,0,4,22.7,51.2,49.1,184.0,320.5
3138,1780419404567,0,4,22.2,48.9,28.1,208.6,319.7
3139,1780419404600,0,4,22.2,52.3,51.2,204.1,320.8
3140,1780419404633,0,4,22.3,52.7,21.4,183.6,302.1
3141,1780419404667,0,4,22.7,53.1,55.8,209.4,316.3
3142,1780419404700,0,4,22.6,51.8,40.5,209.8,305.7
3143,1780419404733,0,4,22.3,49.3,37.4,202.2,331.5
3144,1780419404767,0,4,22.2,52.1,28.7,205.7,327.8
3145,1780419404800,0,4,22.6,49.0,24.7,194.2,330.8
3146,1780419404833,0,4,22.4,52.8,26.8,202.9,335.4
3147,1780419404867,0,4,22.3,53.2,55.9,199.4,330.4
3148,1780419404900,0,4,22.7,52.2,27.7,192.0,317.4
3149,1780419404933,0,4,22.6,49.0,49.2,195.8,313.2
3150,1780419404967,0,4,22.4,51.8,48.2,190.8,326.8
3151,1780419405000,0,4,22.4,53.2,43.4,183.3,320.8
3152,1780419405033,0,4,22.5,51.5,37.0,215.4,300.8
3153,1780419405067,0,4,22.6,48.5,49.0,217.6,339.3
3154,1780419405100,0,4,22.6,51.6,54.7,183.5,335.2
3155,1780419405133,0,4,22.6,53.4,27.7,188.1,318.9
3156,1780419405167,0,4,22.7,52.8,42.0,198.7,322.2
3157,1780419405200,0,4,22.2,50.6,57.1,210.8,308.5
3158,1780419405233,0,4,22.2,51.0,32.0,204.3,339.8
3159,1780419405267,0,4,22.3,51.7,27.5,198.2,316.4
3160,1780419405300,0,4,22.3,50.1,29.0,219.6,303.1
3161,1780419405333,0,4,22.4,50.6,56.9,184.3,331.3
3162,1780419405367,0,4,22.6,50.7,50.3,187.1,313.9
3163,1780419405400,0,4,22.5,49.7,21.2,184.9,323.4
3164,1780419405433,0,4,22.4,48.9,50.4,195.2,321.3
3165,1780419405467,0,4,22.5,49.7,42.4,195.1,324.0
3166,1780419405500,0,4,22.3,48.2,41.3,182.2,307.8
3167,1780419405533,0,4,22.8,52.0,54.3,186.9,305.5
3168,1780419405567,0,4,22.4,48.4,50.5,204.9,322.0
3169,1780419405600,0,4,22.5,49.4,43.7,201.4,334.7
3170,1780419405633,0,4,22.4,53.5,44.8,195.0,307.8
3171,1780419405667,0,4,22.2,48.1,45.1,184.8,327.6
3172,1780419405700,0,4,22.7,53.4,59.7,196.8,304.4
3173,1780419405733,0,4,22.4,52.2,30.3,214.3,310.2
3174,1780419405767,0,4,22.5,52.4,47.9,206.6,339.9
3175,1780419405800,0,4,22.7,49.6,40.3,184.7,326.7
3176,1780419405833,0,4,22.6,51.7,46.6,196.3,339.7
3177,1780419405867,0,4,22.6,51.1,23.8,187.4,301.9
3178,1780419405900,0,4,22.7,48.9,46.4,203.8,336.6
3179,1780419405933,0,4,22.8,48.9,41.3,199.6,311.6
3180,1780419405967,0,4,22.6,49.1,29.2,218.4,336.3
3181,1780419406000,0,4,22.7,50.9,20.4,207.2,313.7
3182,1780419406033,0,4,22.6,49.0,28.5,219.3,302.4
3183,1780419406067,0,4,22.2,49.3,33.0,181.3,319.0
3184,1780419406100,0,4,22.4,53.0,57.2,192.9,320.9
3185,1780419406133,0,4,22.2,49.3,26.1,200.3,321.8
3186,1780419406167,0,4,22.5,50.1,23.6,201.9,314.6
3187,1780419406200,0,4,22.3,51.9,49.9,200.9,318.5
3188,1780419406233,0,4,22.5,48.9,30.5,186.0,330.4
3189,1780419406267,0,4,22.6,54.0,28.3,186.9,308.3
3190,1780419406300,0,4,22.3,48.6,43.9,206.5,334.9
3191,1780419406333,0,4,22.5,50.6,31.8,208.0,327.9
3192,1780419406367,0,4,22.4,53.8,42.4,217.7,338.8
3193,1780419406400,0,4,22.4,53.1,58.4,213.2,308.6
3194,1780419406433,0,4,22.5,51.9,23.7,208.5,320.7
3195,1780419406467,0,4,22.6,51.0,32.8,181.9,333.2
3196,1780419406500,0,4,22.3,52.9,25.8,204.0,307.4
3197,1780419406533,0,4,22.5,51.2,57.1,191.1,331.9
3198,1780419406567,0,4,22.8,52.6,46.9,185.5,307.0
3199,1780419406600,0,4,22.5,49.5,51.5,199.9,309.4
3200,1780419406633,0,4,22.3,48.7,23.6,218.1,319.2
3201,1780419406667,0,4,22.4,48.6,29.9,208.1,327.2
3202,1780419406700,0,4,22.5,50.8,42.8,192.4,333.8
3203,1780419406733,0,4,22.7,50.8,40.4,181.6,324.4
3204,1780419406767,0,4,22.3,50.6,44.8,180.4,310.9
3205,1780419406800,0,4,22.4,50.4,32.5,183.6,318.4
3206,1780419406833,0,4,22.5,49.7,57.8,211.5,321.3
3207,1780419406867,0,4,22.7,51.5,41.6,206.9,322.6
3208,1780419406900,0,4,22.4,52.6,21.7,190.3,302.0
3209,1780419406933,0,4,22.7,51.1,47.1,202.9,331.7
3210,1780419406967,0,4,22.8,51.8,50.7,216.3,329.9
3211,1780419407000,0,4,22.6,48.2,52.0,200.1,330.5
3212,1780419407033,0,4,22.8,52.1,51.0,194.8,302.5
3213,1780419407067,0,4,22.7,50.2,42.5,193.2,314.8
3214,1780419407100,0,4,22.3,50.8,30.6,194.5,339.8
3215,1780419407133,0,4,22.6,50.5,46.5,196.8,331.0
3216,1780419407167,0,4,22.7,51.7,42.1,201.6,301.8
3217,1780419407200,0,4,22.2,53.5,42.5,188.1,312.3
3218,1780419407233,0,4,22.7,52.9,22.9,214.9,327.0
3219,1780419407267,0,4,22.6,50.6,56.2,203.3,324.0
3220,1780419407300,0,4,22.6,52.7,43.5,219.2,314.1
3221,1780419407333,0,4,22.4,48.5,56.3,198.3,301.4
3222,1780419407367,0,4,22.6,53.3,37.0,213.5,322.7
3223,1780419407400,0,4,22.6,51.4,50.4,203.4,329.5
3224,1780419407433,0,4,22.5,51.7,43.7,201.2,326.1
3225,1780419407467,0,4,22.5,52.2,34.1,197.8,316.6
3226,1780419407500,0,4,22.2,53.0,42.1,198.8,329.9
3227,1780419407533,0,4,22.7,50.9,41.8,184.7,301.8
3228,1780419407567,0,4,22.6,50.6,33.1,192.3,335.1
3229,1780419407600,0,4,22.7,51.7,41.8,219.5,332.8
3230,1780419407633,0,4,22.4,50.0,34.4,181.9,310.1
3231,1780419407667,0,4,22.5,50.4,55.5,191.7,310.1
3232,1780419407700,0,4,22.6,52.0,50.1,204.7,304.2
3233,1780419407733,0,4,22.4,50.3,31.2,191.2,308.0
3234,1780419407767,0,4,22.3,51.9,21.2,187.3,322.8
3235,1780419407800,0,4,22.3,53.6,31.5,204.8,310.3
3236,1780419407833,0,4,22.5,48.7,56.6,193.4,308.8
3237,1780419407867,0,4,22.7,51.1,24.8,213.4,320.1
3238,1780419407900,0,4,22.6,51.2,34.5,215.2,316.7
3239,1780419407933,0,4,22.3,51.1,55.7,217.4,334.6
3240,1780419407967,0,4,22.5,52.3,41.7,195.0,317.4
3241,1780419408000,0,4,22.3,49.6,33.3,219.7,335.3
3242,1780419408033,0,4,22.5,53.7,32.3,216.5,302.9
3243,1780419408067,0,4,22.4,51.2,56.9,180.0,310.1
3244,1780419408100,0,4,22.4,52.4,44.9,204.4,319.7
3245,1780419408133,0,4,22.7,48.7,33.5,213.6,311.7
3246,1780419408167,0,4,22.3,48.3,50.5,183.9,316.0
3247,1780419408200,0,4,22.8,52.0,42.0,207.7,320.3
3248,1780419408233,0,4,22.3,48.4,27.6,215.0,331.8
3249,1780419408267,0,4,22.7,50.1,28.2,214.4,300.0
3250,1780419408300,0,4,22.6,51.4,47.4,195.2,313.1
3251,1780419408333,0,4,22.6,53.5,40.6,212.6,309.3
3252,1780419408367,0,4,22.4,49.1,51.7,215.0,319.7
3253,1780419408400,0,4,22.7,49.7,55.8,192.0,302.1
3254,1780419408433,0,4,22.6,49.8,52.2,187.8,324.3
3255,1780419408467,0,4,22.3,50.1,50.3,182.5,307.2
3256,1780419408500,0,4,22.5,51.3,26.7,217.8,317.2
3257,1780419408533,0,4,22.5,48.2,22.1,194.7,317.0
3258,1780419408567,0,4,22.7,53.2,21.5,210.6,308.1
3259,1780419408600,0,4,22.3,53.1,53.9,184.5,308.0
3260,1780419408633,0,4,22.6,51.7,31.9,197.9,324.1
3261,1780419408667,0,4,22.4,52.1,26.5,183.2,304.1
3262,1780419408700,0,4,22.6,52.5,37.1,215.2,314.9
3263,1780419408733,0,4,22.4,51.5,35.0,203.0,335.8
3264,1780419408767,0,4,22.2,49.4,50.5,203.0,325.9
3265,1780419408800,0,4,22.5,48.4,46.3,198.0,310.5
3266,1780419408833,0,4,22.6,51.1,33.7,215.4,339.0
3267,1780419408867,0,4,22.3,52.2,55.2,190.5,319.2
3268,1780419408900,0,4,22.3,50.6,56.7,217.1,303.5
3269,1780419408933,0,4,22.5,48.5,31.2,195.7,313.7
3270,1780419408967,0,4,22.3,50.7,25.7,181.2,337.2
3271,1780419409000,0,4,22.3,48.9,48.8,208.5,333.2
3272,1780419409033,0,4,22.5,50.6,42.7,218.7,321.5
3273,1780419409067,0,4,22.3,49.5,43.9,216.0,300.0
3274,1780419409100,0,4,22.5,53.4,32.6,215.7,333.7
3275,1780419409133,0,4,22.8,51.2,58.5,185.3,306.7
3276,1780419409167,0,4,22.2,51.2,45.2,219.7,331.3
3277,1780419409200,0,4,22.7,49.4,58.9,184.7,305.8
3278,1780419409233,0,4,22.6,50.3,30.2,214.0,318.9
3279,1780419409267,0,4,22.2,49.5,49.2,203.0,313.5
3280,1780419409300,0,4,22.7,49.1,45.5,217.7,303.1
3281,1780419409333,0,4,22.3,52.0,20.7,180.0,331.7
3282,1780419409367,0,4,22.7,52.3,50.4,189.3,321.2
3283,1780419409400,0,4,22.7,52.4,58.8,191.8,332.8
3284,1780419409433,0,4,22.7,50.4,24.7,193.3,309.0
3285,1780419409467,0,4,22.3,53.6,45.6,180.1,309.2
3286,1780419409500,0,4,22.7,48.3,28.9,210.0,314.1
3287,1780419409533,0,4,22.6,49.9,40.5,201.6,339.0
3288,1780419409567,0,4,22.7,48.4,45.4,211.1,323.5
3289,1780419409600,0,4,22.4,51.1,21.4,192.1,339.0
3290,1780419409633,0,4,22.7,50.8,35.2,203.2,313.4
3291,1780419409667,0,4,22.5,52.5,56.6,198.9,306.0
3292,1780419409700,0,4,22.5,52.7,31.7,194.1,315.9
3293,1780419409733,0,4,22.3,51.7,21.1,219.2,328.9
3294,1780419409767,0,4,22.5,48.8,33.4,213.5,331.2
3295,1780419409800,0,4,22.5,49.9,51.9,196.2,329.2
3296,1780419409833,0,4,22.3,49.0,45.2,211.1,318.7
3297,1780419409867,0,4,22.6,54.0,35.3,208.8,319.6
3298,1780419409900,0,4,22.4,53.8,25.2,182.2,300.4
3299,1780419409933,0,4,22.8,54.0,47.2,218.4,311.5
3300,1780419409967,0,4,22.4,51.1,47.5,215.7,307.6
3301,1780419410000,0,4,22.4,49.6,51.4,218.2,325.1
3302,1780419410033,0,4,22.3,48.0,31.3,215.9,311.0
3303,1780419410067,0,4,22.5,52.8,57.2,185.7,301.3
3304,1780419410100,0,4,22.6,52.7,32.4,184.0,327.1
3305,1780419410133,0,4,22.8,50.4,29.2,218.3,309.5
3306,1780419410167,0,4,22.7,50.0,41.0,186.5,320.2
3307,1780419410200,0,4,22.7,52.8,53.6,198.8,312.2
3308,1780419410233,0,4,22.3,50.9,38.7,188.4,337.2
3309,1780419410267,0,4,22.3,53.5,39.8,201.1,313.0
3310,1780419410300,0,4,22.7,53.7,46.9,188.4,323.7
3311,1780419410333,0,4,22.3,53.3,27.6,191.2,312.6
3312,1780419410367,0,4,22.8,49.9,44.1,213.9,307.1
3313,1780419410400,0,4,22.7,49.9,39.5,216.6,301.4
3314,1780419410433,0,4,22.2,51.6,48.2,214.6,335.7
3315,1780419410467,0,4,22.7,51.2,45.4,207.7,315.6
3316,1780419410500,0,4,22.3,48.6,58.9,196.2,300.2
3317,1780419410533,0,4,22.5,49.9,36.3,215.2,333.1
3318,1780419410567,0,4,22.3,49.4,21.6,212.4,326.1
3319,1780419410600,0,4,22.6,48.3,23.4,219.0,330.3
3320,1780419410633,0,4,22.4,51.6,54.5,191.9,301.8
3321,1780419410667,0,4,22.8,49.6,44.4,206.0,337.2
3322,1780419410700,0,4,22.5,48.2,56.5,200.9,301.1
3323,1780419410733,0,4,22.3,53.9,26.8,218.9,301.0
3324,1780419410767,0,4,22.3,51.9,41.7,190.5,312.9
3325,1780419410800,0,4,22.6,52.9,49.4,194.3,324.5
3326,1780419410833,0,4,22.6,52.7,54.4,181.6,331.4
3327,1780419410867,0,4,22.5,53.6,34.4,203.9,314.6
3328,1780419410900,0,4,22.3,52.4,32.1,186.5,317.1
3329,1780419410933,0,4,22.7,50.8,38.2,215.5,333.6
3330,1780419410967,0,4,22.7,49.9,51.5,213.6,330.7
3331,1780419411000,0,4,22.5,53.5,30.5,188.1,320.4
3332,1780419411033,0,4,22.6,53.5,33.9,185.7,327.3
3333,1780419411067,0,4,22.4,51.4,30.0,212.5,328.3
3334,1780419411100,0,4,22.7,53.0,51.5,191.9,334.8
3335,1780419411133,0,4,22.4,51.4,43.7,198.3,331.3
3336,1780419411167,0,4,22.7,54.0,54.9,211.0,317.3
3337,1780419411200,0,4,22.3,48.6,50.5,213.6,326.6
3338,1780419411233,0,4,22.7,49.8,43.0,208.7,314.6
3339,1780419411267,0,4,22.7,51.3,30.9,190.4,337.5
3340,1780419411300,0,4,22.5,49.6,26.8,193.9,306.4
3341,1780419411333,0,4,22.4,52.0,56.3,193.3,337.6
3342,1780419411367,0,4,22.6,50.9,43.0,185.1,332.2
3343,1780419411400,0,4,22.6,50.0,31.8,183.8,311.5
3344,1780419411433,0,4,22.6,48.3,51.9,189.0,328.1
3345,1780419411467,0,4,22.6,51.8,26.3,190.5,337.6
3346,1780419411500,0,4,22.8,53.6,32.4,192.9,300.6
3347,1780419411533,0,4,22.5,49.1,26.9,206.7,315.4
3348,1780419411567,0,4,22.8,51.4,24.0,181.6,336.4
3349,1780419411600,0,4,22.7,49.0,23.1,218.6,327.7
3350,1780419411633,0,4,22.7,53.7,50.7,181.8,321.0
3351,1780419411667,0,4,22.8,51.6,35.9,202.8,323.4
3352,1780419411700,0,4,22.5,49.5,32.1,216.1,308.2
3353,1780419411733,0,4,22.2,51.6,42.5,219.2,339.7
3354,1780419411767,0,4,22.7,53.7,41.7,207.6,318.0
3355,1780419411800,0,4,22.7,50.9,23.7,215.2,307.7
3356,1780419411833,0,4,22.5,51.5,49.1,208.5,301.5
3357,1780419411867,0,4,22.3,51.2,52.9,196.7,335.3
3358,1780419411900,0,4,22.7,53.8,58.1,200.3,323.2
3359,1780419411933,0,4,22.2,51.7,39.0,188.4,317.5
3360,1780419411967,0,4,22.8,49.7,58.9,194.2,311.2
3361,1780419412000,0,4,22.8,49.5,41.9,185.1,320.3
3362,1780419412033,0,4,22.5,49.9,52.1,193.4,302.0
3363,1780419412067,0,4,22.5,49.5,40.2,193.8,308.1
3364,1780419412100,0,4,22.8,53.8,20.4,194.2,312.5
3365,1780419412133,0,4,22.7,51.1,30.1,211.6,334.5
3366,1780419412167,0,4,22.7,53.1,25.5,208.3,309.3
3367,1780419412200,0,4,22.2,48.5,40.1,200.9,331.0
3368,1780419412233,0,4,22.4,51.9,42.6,214.6,314.6
3369,1780419412267,0,4,22.5,51.9,23.3,192.1,300.5
3370,1780419412300,0,4,22.5,52.5,58.0,194.4,310.3
3371,1780419412333,0,4,22.3,50.0,50.9,198.6,309.6
3372,1780419412367,0,4,22.8,50.3,56.1,203.7,321.5
3373,1780419412400,0,4,22.7,48.0,20.7,208.0,307.3
3374,1780419412433,0,4,22.3,50.6,20.1,198.1,338.6
3375,1780419412467,0,4,22.8,52.4,39.5,217.7,334.5
3376,1780419412500,0,4,22.3,49.8,24.1,204.5,319.3
3377,1780419412533,0,4,22.7,51.0,58.6,193.0,328.7
3378,1780419412567,0,4,22.4,52.2,31.9,199.5,337.0
3379,1780419412600,0,4,22.3,53.9,45.2,184.8,327.6
3380,1780419412633,0,4,22.7,53.0,24.6,191.6,336.9
3381,1780419412667,0,4,22.4,48.0,38.9,217.9,336.0
3382,1780419412700,0,4,22.7,52.9,38.7,216.0,306.1
3383,1780419412733,0,4,22.4,49.4,29.4,186.7,311.5
3384,1780419412767,0,4,22.5,50.0,23.3,181.2,333.9
3385,1780419412800,0,4,22.3,51.6,54.5,208.6,306.4
3386,1780419412833,0,4,22.5,53.4,56.0,186.0,309.7
3387,1780419412867,0,4,22.5,51.6,31.7,183.5,311.9
3388,1780419412900,0,4,22.3,51.6,28.0,195.1,308.0
3389,1780419412933,0,4,22.4,52.2,37.2,217.4,311.5
3390,1780419412967,0,4,22.2,51.2,25.1,215.7,310.6
3391,1780419413000,0,4,22.8,52.6,27.1,186.8,315.7
3392,1780419413033,0,4,22.2,51.1,21.5,209.2,318.2
3393,1780419413067,0,4,22.5,49.1,48.5,212.5,321.4
3394,1780419413100,0,4,22.8,53.1,26.3,211.2,301.8
3395,1780419413133,0,4,22.7,49.7,53.9,196.0,310.3
3396,1780419413167,0,4,22.5,48.8,39.1,184.0,325.3
3397,1780419413200,0,4,22.2,49.0,37.7,184.4,327.2
3398,1780419413233,0,4,22.5,49.2,26.4,191.3,331.0
3399,1780419413267,0,4,22.3,53.6,20.5,189.8,311.5
3400,1780419413300,0,4,22.3,49.4,47.7,210.9,308.2
3401,1780419413333,0,4,22.7,52.3,25.2,216.7,336.2
3402,1780419413367,0,4,22.6,48.7,51.1,184.4,303.3
3403,1780419413400,0,4,22.6,52.4,39.7,186.9,331.8
3404,1780419413433,0,4,22.3,50.0,39.0,200.2,313.0
3405,1780419413467,0,4,22.4,51.7,44.6,191.3,311.6
3406,1780419413500,0,4,22.7,48.8,28.0,199.4,324.0
3407,1780419413533,0,4,22.3,52.2,53.8,193.7,327.9
3408,1780419413567,0,4,22.3,50.4,21.0,198.2,309.8
3409,1780419413600,0,4,22.6,48.0,21.8,204.7,316.6
3410,1780419413633,0,4,22.2,50.9,37.1,214.8,319.8
3411,1780419413667,0,4,22.6,51.4,43.0,202.7,301.5
3412,1780419413700,0,4,22.8,48.0,52.2,180.8,310.8
3413,1780419413733,0,4,22.8,53.0,26.6,209.6,310.2
3414,1780419413767,0,4,22.7,48.2,34.2,189.1,319.6
3415,1780419413800,0,4,22.4,50.0,27.9,208.2,302.8
3416,1780419413833,0,4,22.8,52.0,26.6,186.3,330.7
3417,1780419413867,0,4,22.5,53.9,47.2,187.6,328.3
3418,1780419413900,0,4,22.2,48.9,56.4,187.2,303.0
3419,1780419413933,0,4,22.2,50.3,43.8,218.4,323.7
3420,1780419413967,0,4,22.3,48.3,41.0,207.7,332.7
3421,1780419414000,0,4,22.8,53.0,31.0,207.7,327.7
3422,1780419414033,0,4,22.5,49.6,51.0,216.7,325.3
3423,1780419414067,0,4,22.8,51.1,37.2,186.5,314.0
3424,1780419414100,0,4,22.5,49.0,23.4,190.1,339.5
3425,1780419414133,0,4,22.5,50.9,34.7,213.0,331.2
3426,1780419414167,0,4,22.6,48.1,26.2,197.6,308.0
3427,1780419414200,0,4,22.7,52.9,59.3,189.4,321.9
3428,1780419414233,0,4,22.3,48.3,31.0,199.3,300.2
3429,1780419414267,0,4,22.6,53.5,49.4,200.0,331.1
3430,1780419414300,0,4,22.6,48.1,39.2,199.9,300.1
3431,1780419414333,0,4,22.5,53.5,21.5,181.5,317.4
3432,1780419414367,0,4,22.7,51.1,48.6,188.1,338.3
3433,1780419414400,0,4,22.4,50.6,55.1,186.5,326.4
3434,1780419414433,0,4,22.6,52.7,29.9,186.0,311.8
3435,1780419414467,0,4,22.3,51.2,51.6,205.6,301.7
3436,1780419414500,0,4,22.2,48.8,34.6,187.2,301.6
3437,1780419414533,0,4,22.6,49.2,46.9,206.1,301.8
3438,1780419414567,0,4,22.5,50.7,46.6,187.7,314.6
3439,1780419414600,0,4,22.2,48.6,32.4,182.3,303.5
3440,1780419414633,0,4,22.4,48.1,51.4,218.0,303.9
3441,1780419414667,0,4,22.8,53.0,57.7,186.1,320.9
3442,1780419414700,0,4,22.4,50.2,56.2,217.0,308.8
3443,1780419414733,0,4,22.4,51.3,44.0,198.9,329.3
3444,1780419414767,0,4,22.3,53.7,29.0,192.4,315.2
3445,1780419414800,0,4,22.3,51.1,31.6,208.3,306.1
3446,1780419414833,0,4,22.2,48.1,52.5,202.7,310.4
3447,1780419414867,0,4,22.5,51.1,51.9,200.8,328.9
3448,1780419414900,0,4,22.3,48.7,59.0,192.6,318.2
3449,1780419414933,0,4,22.8,48.0,43.8,184.9,322.3
3450,1780419414967,0,4,22.5,48.2,44.4,194.8,320.0
3451,1780419415000,0,4,22.7,53.5,44.4,211.4,325.1
3452,1780419415033,0,4,22.8,48.2,38.3,218.0,338.6
3453,1780419415067,0,4,22.6,50.1,56.3,210.4,317.1
3454,1780419415100,0,4,22.7,51.3,22.2,209.8,332.5
3455,1780419415133,0,4,22.5,53.1,21.4,192.4,335.7
3456,1780419415167,0,4,22.4,48.4,40.4,208.2,322.1
3457,1780419415200,0,4,22.3,49.0,34.3,191.3,334.5
3458,1780419415233,0,4,22.2,53.2,44.5,180.5,319.2
3459,1780419415267,0,4,22.6,53.5,47.2,187.0,339.1
3460,1780419415300,0,4,22.3,48.8,42.0,199.2,314.9
3461,1780419415333,0,4,22.6,52.7,23.8,190.0,311.3
3462,1780419415367,0,4,22.4,52.0,39.8,216.6,307.4
3463,1780419415400,0,4,22.4,49.1,40.1,199.1,321.7
3464,1780419415433,0,4,22.5,53.4,47.5,194.1,314.3
3465,1780419415467,0,4,22.7,48.9,44.1,182.8,310.4
3466,1780419415500,0,4,22.3,51.5,52.4,188.5,333.8
3467,1780419415533,0,4,22.4,48.8,42.5,199.9,335.9
3468,1780419415567,0,4,22.7,49.8,31.7,200.0,322.4
3469,1780419415600,0,4,22.6,51.9,30.5,208.3,335.1
3470,1780419415633,0,4,22.2,53.1,40.9,206.0,324.2
3471,1780419415667,0,4,22.5,52.6,48.9,204.1,337.2
3472,1780419415700,0,4,22.8,48.6,53.9,195.9,334.9
3473,1780419415733,0,4,22.5,50.7,48.8,193.1,328.0
3474,1780419415767,0,4,22.7,52.0,48.5,209.6,328.7
3475,1780419415800,0,4,22.4,52.9,35.6,208.2,322.9
3476,1780419415833,0,4,22.7,49.5,33.7,199.5,301.1
3477,1780419415867,0,4,22.8,53.6,27.5,181.4,304.8
3478,1780419415900,0,4,22.3,51.9,42.8,192.5,336.3
3479,1780419415933,0,4,22.5,52.4,29.7,201.5,327.2
3480,1780419415967,0,4,22.4,51.1,55.7,181.0,323.5
3481,1780419416000,0,4,22.4,50.9,39.2,183.8,312.0
3482,1780419416033,0,4,22.3,53.8,41.1,196.5,303.1
3483,1780419416067,0,4,22.5,53.8,35.6,186.3,340.0
3484,1780419416100,0,4,22.2,54.0,31.3,214.1,302.6
3485,1780419416133,0,4,22.3,52.2,22.5,181.3,311.2
3486,1780419416167,0,4,22.7,48.2,51.0,215.1,311.2
3487,1780419416200,0,4,22.8,49.1,36.8,213.2,316.9
3488,1780419416233,0,4,22.5,51.0,44.0,185.1,301.6
3489,1780419416267,0,4,22.2,49.8,33.6,200.1,323.3
3490,1780419416300,0,4,22.3,52.7,48.9,204.0,322.9
3491,1780419416333,0,4,22.4,52.7,46.9,218.1,307.6
3492,1780419416367,0,4,22.7,52.4,40.3,208.5,311.7
3493,1780419416400,0,4,22.8,52.9,26.3,180.8,310.5
3494,1780419416433,0,4,22.6,52.6,31.5,200.0,315.1
3495,1780419416467,0,4,22.6,51.9,23.6,183.9,301.3
3496,1780419416500,0,4,22.8,50.0,46.0,190.1,322.0
3497,1780419416533,0,4,22.6,53.6,22.2,197.6,332.1
3498,1780419416567,0,4,22.5,52.7,28.2,188.6,332.8
3499,1780419416600,0,4,22.5,53.5,25.4,192.2,301.4
3500,1780419416633,0,4,22.4,52.9,39.8,189.3,335.2
3501,1780419416667,0,4,22.7,53.9,33.5,193.4,323.5
3502,1780419416700,0,4,22.8,50.3,29.2,209.2,330.2
3503,1780419416733,0,4,22.4,48.0,48.9,201.8,300.8
3504,1780419416767,0,4,22.4,49.8,28.2,197.9,330.8
3505,1780419416800,0,4,22.2,52.3,47.8,208.0,334.2
3506,1780419416833,0,4,22.4,53.9,20.9,183.8,336.1
3507,1780419416867,0,4,22.4,53.5,25.8,206.4,339.1
3508,1780419416900,0,4,22.4,48.9,54.2,200.5,336.8
3509,1780419416933,0,4,22.7,50.4,53.0,216.0,300.7
3510,1780419416967,0,4,22.3,51.4,56.1,201.7,335.2
3511,1780419417000,0,4,22.7,52.2,52.6,188.0,332.4
3512,1780419417033,0,4,22.4,50.9,39.4,207.4,319.4
3513,1780419417067,0,4,22.4,50.2,38.9,200.2,334.9
3514,1780419417100,0,4,22.3,50.2,42.9,199.3,316.8
3515,1780419417133,0,4,22.6,49.2,33.7,194.6,300.6
3516,1780419417167,0,4,22.7,52.4,26.0,214.8,306.4
3517,1780419417200,0,4,22.4,49.7,26.1,194.5,309.5
3518,1780419417233,0,4,22.8,49.8,39.4,204.0,302.5
3519,1780419417267,0,4,22.5,51.4,26.4,181.9,339.5
3520,1780419417300,0,4,22.7,50.7,37.7,206.7,308.1
3521,1780419417333,0,4,22.6,53.6,49.2,194.4,332.1
3522,1780419417367,0,4,22.4,50.3,22.3,215.4,333.7
3523,1780419417400,0,4,22.3,52.9,39.2,181.3,311.2
3524,1780419417433,0,4,22.2,49.8,26.5,183.3,329.9
3525,1780419417467,0,4,22.6,48.6,39.3,189.0,338.5
3526,1780419417500,0,4,22.4,51.9,36.0,186.1,334.8
3527,1780419417533,0,4,22.6,52.7,55.7,196.1,309.1
3528,1780419417567,0,4,22.8,48.3,57.0,217.8,329.5
3529,1780419417600,0,4,22.6,50.2,26.2,205.8,300.4
3530,1780419417633,0,4,22.5,50.8,51.7,209.1,332.1
3531,1780419417667,0,4,22.3,48.1,30.5,214.1,302.3
3532,1780419417700,0,4,22.5,48.3,22.4,215.8,328.8
3533,1780419417733,0,4,22.7,51.2,27.0,183.4,319.3
3534,1780419417767,0,4,22.8,51.1,29.2,183.4,337.0
3535,1780419417800,0,4,22.7,53.3,55.7,185.6,336.8
3536,1780419417833,0,4,22.8,48.4,45.7,194.4,304.3
3537,1780419417867,0,4,22.5,51.9,24.9,219.3,319.2
3538,1780419417900,0,4,22.8,48.2,56.4,196.3,309.9
3539,1780419417933,0,4,22.5,52.7,26.9,191.0,330.9
3540,1780419417967,0,4,22.4,52.8,22.5,186.1,313.0
3541,1780419418000,0,4,22.8,53.7,48.3,180.9,326.6
3542,1780419418033,0,4,22.5,51.0,49.2,199.6,308.3
3543,1780419418067,0,4,22.4,48.3,49.7,207.1,305.9
3544,1780419418100,0,4,22.3,48.3,36.6,205.8,325.9
3545,1780419418133,0,4,22.7,48.3,21.8,212.4,330.8
3546,1780419418167,0,4,22.4,52.3,31.4,197.6,307.2
3547,1780419418200,0,4,22.4,50.8,20.2,191.6,325.1
3548,1780419418233,0,4,22.3,52.8,22.3,199.7,333.4
3549,1780419418267,0,4,22.8,51.2,44.8,194.2,317.1
3550,1780419418300,0,4,22.3,50.3,23.7,209.3,312.6
3551,1780419418333,0,4,22.6,48.1,31.1,213.7,300.8
3552,1780419418367,0,4,22.4,53.1,54.2,200.6,328.4
3553,1780419418400,0,4,22.2,52.8,51.3,194.4,337.6
3554,1780419418433,0,4,22.7,53.0,25.2,197.9,322.1
3555,1780419418467,0,4,22.8,48.2,28.5,215.0,315.3
3556,1780419418500,0,4,22.3,53.7,25.9,217.0,304.5
3557,1780419418533,0,4,22.2,50.9,39.3,183.4,332.2
3558,1780419418567,0,4,22.7,48.1,21.0,217.9,327.0
3559,1780419418600,0,4,22.7,49.2,44.1,203.7,330.4
3560,1780419418633,0,4,22.6,48.5,43.1,180.6,307.4
3561,1780419418667,0,4,22.7,50.8,35.9,207.9,320.4
3562,1780419418700,0,4,22.6,51.2,43.8,180.2,300.6
3563,1780419418733,0,4,22.3,50.0,43.6,217.9,300.6
3564,1780419418767,0,4,22.5,49.4,34.2,216.9,320.1
3565,1780419418800,0,4,22.6,51.8,51.8,191.5,336.9
3566,1780419418833,0,4,22.6,51.5,47.5,211.3,312.1
3567,1780419418867,0,4,22.6,51.4,24.5,214.7,323.3
3568,1780419418900,0,4,22.2,53.6,39.7,189.1,313.4
3569,1780419418933,0,4,22.4,52.4,42.7,210.9,315.0
3570,1780419418967,0,4,22.4,52.0,48.6,184.2,321.0
3571,1780419419000,0,4,22.6,52.1,23.3,185.9,320.4
3572,1780419419033,0,4,22.7,51.4,48.0,218.8,331.9
3573,1780419419067,0,4,22.8,53.6,45.5,215.0,313.7
3574,1780419419100,0,4,22.8,50.4,45.8,215.0,314.0
3575,1780419419133,0,4,22.2,50.4,26.0,205.7,302.6
3576,1780419419167,0,4,22.4,49.7,23.0,204.1,337.6
3577,1780419419200,0,4,22.4,48.3,54.6,193.6,338.0
3578,1780419419233,0,4,22.5,52.3,53.2,219.0,330.6
3579,1780419419267,0,4,22.5,50.4,44.1,194.1,315.6
3580,1780419419300,0,4,22.5,48.7,48.8,181.3,307.7
3581,1780419419333,0,4,22.5,50.4,23.8,181.3,304.0
3582,1780419419367,0,4,22.6,48.1,30.2,219.6,302.0
3583,1780419419400,0,4,22.6,48.7,36.7,212.7,320.1
3584,1780419419433,0,4,22.7,48.1,54.3,191.2,337.8
3585,1780419419467,0,4,22.5,52.9,45.7,204.2,336.4
3586,1780419419500,0,4,22.7,48.4,42.0,185.9,302.3
3587,1780419419533,0,4,22.7,50.1,58.7,214.8,300.0
3588,1780419419567,0,4,22.3,51.9,58.1,204.2,306.1
3589,1780419419600,0,4,22.2,50.8,57.6,213.2,314.5
3590,1780419419633,0,4,22.7,51.4,37.4,218.9,332.2
3591,1780419419667,0,4,22.6,48.3,27.1,189.0,338.1
3592,1780419419700,0,4,22.5,52.0,59.9,216.6,337.4
3593,1780419419733,0,4,22.4,50.7,36.6,187.6,316.5
3594,1780419419767,0,4,22.8,48.5,48.8,180.2,333.1
3595,1780419419800,0,4,22.7,49.7,41.9,203.3,319.5
3596,1780419419833,0,4,22.5,48.2,49.7,183.5,301.1
3597,1780419419867,0,4,22.6,48.3,28.6,200.7,311.7
3598,1780419419900,0,4,22.8,50.0,56.5,181.8,301.6
3599,1780419419933,0,4,22.6,50.3,34.3,196.0,317.0
3600,1780419419967,0,4,22.5,49.4,50.7,200.6,305.1
3601,1780419420000,0,4,22.7,48.6,50.2,206.9,319.8
3602,1780419420033,0,4,22.5,50.4,31.6,189.2,325.9
3603,1780419420067,0,4,22.7,51.6,20.7,205.1,319.1
3604,1780419420100,0,4,22.6,51.8,56.9,181.9,305.7
3605,1780419420133,0,4,22.4,51.1,48.9,188.0,331.6
3606,1780419420167,0,4,22.7,48.2,34.1,197.7,320.3
3607,1780419420200,0,4,22.5,49.0,39.6,189.6,336.4
3608,1780419420233,0,4,22.3,50.7,35.7,185.9,328.7
3609,1780419420267,0,4,22.5,51.3,41.2,215.7,320.3
3610,1780419420300,0,4,22.6,52.8,40.0,204.2,324.1
3611,1780419420333,0,4,22.7,50.2,55.9,186.5,302.2
3612,1780419420367,0,4,22.4,48.4,33.4,203.7,335.7
3613,1780419420400,0,4,22.4,52.0,50.2,198.3,320.3
3614,1780419420433,0,4,22.5,52.6,58.0,206.3,315.8
3615,1780419420467,0,4,22.4,49.9,39.9,198.4,334.1
3616,1780419420500,0,4,22.3,53.6,59.9,211.8,318.7
3617,1780419420533,0,4,22.3,48.4,38.3,186.4,328.8
3618,1780419420567,0,4,22.6,53.7,57.6,211.6,329.6
3619,1780419420600,0,4,22.6,50.9,29.6,218.3,335.0
3620,1780419420633,0,4,22.5,53.0,52.8,209.1,335.8
3621,1780419420667,0,4,22.5,49.7,42.2,187.4,330.6
3622,1780419420700,0,4,22.7,49.1,52.6,180.5,326.0
3623,1780419420733,0,4,22.7,50.0,28.0,198.9,312.9
3624,1780419420767,0,4,22.6,52.2,45.5,190.2,301.2
3625,1780419420800,0,4,22.7,52.9,55.1,216.0,316.2
3626,1780419420833,0,4,22.6,52.7,55.8,213.0,335.8
3627,1780419420867,0,4,22.7,50.9,36.6,210.1,303.4
3628,1780419420900,0,4,22.4,53.9,36.6,204.7,332.2
3629,1780419420933,0,4,22.5,50.4,26.1,206.5,331.2
3630,1780419420967,0,4,22.2,50.7,57.7,183.3,325.3
3631,1780419421000,0,4,22.7,51.2,55.4,218.9,303.3
3632,1780419421033,0,4,22.8,52.3,21.4,202.4,311.2
3633,1780419421067,0,4,22.2,51.8,54.2,184.9,334.5
3634,1780419421100,0,4,22.4,52.2,33.7,185.2,322.0
3635,1780419421133,0,4,22.7,50.7,22.4,203.1,328.7
3636,1780419421167,0,4,22.3,52.8,20.5,200.6,312.3
3637,1780419421200,0,4,22.2,50.4,40.8,182.9,338.8
3638,1780419421233,0,4,22.7,52.6,24.4,212.4,311.8
3639,1780419421267,0,4,22.7,49.5,27.8,202.0,330.8
3640,1780419421300,0,4,22.7,48.1,39.6,198.2,320.6
3641,1780419421333,0,4,22.7,51.8,57.3,198.0,312.5
3642,1780419421367,0,4,22.3,53.4,50.4,219.1,330.5
3643,1780419421400,0,4,22.4,53.7,22.4,219.4,322.5
3644,1780419421433,0,4,22.5,50.7,36.1,197.8,334.5
3645,1780419421467,0,4,22.7,49.9,31.8,218.5,326.5
3646,1780419421500,0,4,22.7,50.7,57.2,189.3,320.2
3647,1780419421533,0,4,22.6,52.7,46.9,181.2,300.7
3648,1780419421567,0,4,22.4,48.3,27.5,186.2,329.2
3649,1780419421600,0,4,22.5,48.2,49.7,218.3,335.2
3650,1780419421633,0,4,22.3,52.3,22.6,185.1,338.1
3651,1780419421667,0,4,22.5,50.6,29.7,180.6,315.4
3652,1780419421700,0,4,22.7,50.4,23.0,216.7,323.1
3653,1780419421733,0,4,22.6,49.3,42.8,196.4,319.8
3654,1780419421767,0,4,22.5,49.4,27.3,181.7,306.7
3655,1780419421800,0,4,22.4,53.2,50.0,189.2,302.0
3656,1780419421833,0,4,22.3,53.4,41.5,197.1,327.7
3657,1780419421867,0,4,22.6,50.1,48.8,193.3,325.8
3658,1780419421900,0,4,22.3,51.3,57.7,181.5,322.8
3659,1780419421933,0,4,22.7,49.0,25.5,214.1,334.5
3660,1780419421967,0,4,22.5,48.3,56.0,194.0,331.6
3661,1780419422000,0,4,22.5,48.6,23.4,206.1,324.5
3662,1780419422033,0,4,22.5,48.2,28.4,199.7,318.6
3663,1780419422067,0,4,22.8,52.9,55.9,198.2,324.0
3664,1780419422100,0,4,22.4,50.4,29.4,190.6,335.8
3665,1780419422133,0,4,22.6,53.0,51.4,215.9,326.2
3666,1780419422167,0,4,22.7,52.5,41.4,217.5,312.3
3667,1780419422200,0,4,22.3,50.3,21.5,195.2,311.6
3668,1780419422233,0,4,22.4,53.2,59.0,210.8,329.5
3669,1780419422267,0,4,22.5,49.3,46.7,209.3,320.1
3670,1780419422300,0,4,22.7,50.7,49.3,205.1,314.4
3671,1780419422333,0,4,22.5,50.6,40.2,207.3,309.2
3672,1780419422367,0,4,22.3,51.4,21.6,208.4,329.4
3673,1780419422400,0,4,22.6,48.2,26.3,189.9,310.9
3674,1780419422433,0,4,22.2,48.2,40.8,204.1,325.4
3675,1780419422467,0,4,22.5,49.7,31.8,216.7,303.6
3676,1780419422500,0,4,22.6,53.2,33.2,210.5,316.7
3677,1780419422533,0,4,22.5,52.7,26.7,201.5,333.1
3678,1780419422567,0,4,22.4,51.9,52.0,189.7,315.6
3679,1780419422600,0,4,22.5,53.6,20.7,216.4,326.4
3680,1780419422633,0,4,22.2,52.1,46.0,183.4,313.4
3681,1780419422667,0,4,22.7,51.0,57.4,211.5,322.3
3682,1780419422700,0,4,22.5,49.5,53.5,191.8,332.3
3683,1780419422733,0,4,22.7,51.0,35.0,201.7,318.9
3684,1780419422767,0,4,22.6,49.9,42.4,213.1,332.6
3685,1780419422800,0,4,22.5,53.2,39.6,211.6,315.6
3686,1780419422833,0,4,22.5,52.1,24.0,201.1,324.9
3687,1780419422867,0,4,22.4,48.6,36.0,214.4,311.7
3688,1780419422900,0,4,22.6,48.3,31.9,217.4,321.1
3689,1780419422933,0,4,22.6,50.9,41.9,212.0,328.6
3690,1780419422967,0,4,22.5,49.9,45.1,208.2,316.9
3691,1780419423000,0,4,22.6,53.9,27.6,198.3,323.2
3692,1780419423033,0,4,22.6,49.3,52.8,216.2,319.5
3693,1780419423067,0,4,22.7,48.1,32.0,195.2,302.6
3694,1780419423100,0,4,22.5,51.9,23.6,215.9,336.2
3695,1780419423133,0,4,22.6,49.1,37.4,184.2,311.1
3696,1780419423167,0,4,22.6,53.4,41.7,198.4,331.8
3697,1780419423200,0,4,22.3,50.0,52.0,181.3,323.6
3698,1780419423233,0,4,22.6,53.4,53.2,188.4,316.0
3699,1780419423267,0,4,22.6,51.6,58.0,193.1,323.2
3700,1780419423300,0,4,22.3,52.1,37.2,183.0,327.8
3701,1780419423333,0,4,22.5,51.6,22.7,184.8,316.3
3702,1780419423367,0,4,22.7,48.9,28.2,198.6,334.1
3703,1780419423400,0,4,22.6,48.0,41.6,214.2,327.1
3704,1780419423433,0,4,22.7,52.5,44.9,205.5,312.1
3705,1780419423467,0,4,22.4,48.5,28.2,216.6,311.4
3706,1780419423500,0,4,22.6,52.4,47.1,214.9,303.1
3707,1780419423533,0,4,22.3,50.7,37.3,214.6,316.1
3708,1780419423567,0,4,22.7,49.1,51.1,187.6,330.3
3709,1780419423600,0,4,22.4,52.8,20.2,218.7,335.6
3710,1780419423633,0,4,22.7,53.7,41.2,211.9,319.3
3711,1780419423667,0,4,22.2,50.2,48.8,188.5,331.0
3712,1780419423700,0,4,22.3,53.5,25.3,196.3,323.1
3713,1780419423733,0,4,22.7,50.1,34.4,190.5,336.1
3714,1780419423767,0,4,22.5,50.7,54.3,219.0,313.0
3715,1780419423800,0,4,22.3,50.4,51.1,181.7,322.2
3716,1780419423833,0,4,22.4,48.9,28.7,214.3,334.3
3717,1780419423867,0,4,22.5,53.3,49.8,219.0,327.8
3718,1780419423900,0,4,22.4,48.4,51.5,219.1,323.6
3719,1780419423933,0,4,22.3,52.5,42.2,215.3,305.4
3720,1780419423967,0,4,22.8,48.3,30.0,207.6,315.7
3721,1780419424000,0,4,22.7,51.0,41.9,203.5,333.6
3722,1780419424033,0,4,22.2,49.2,48.7,219.3,333.8
3723,1780419424067,0,4,22.3,49.6,52.8,212.6,305.1
3724,1780419424100,0,4,22.8,53.4,31.9,201.0,308.7
3725,1780419424133,0,4,22.4,51.1,58.6,190.2,309.5
3726,1780419424167,0,4,22.2,51.3,50.9,184.4,320.7
3727,1780419424200,0,4,22.4,48.0,29.5,180.0,316.4
3728,1780419424233,0,4,22.7,49.1,32.8,180.4,312.3
3729,1780419424267,0,4,22.4,53.6,44.4,216.3,323.0
3730,1780419424300,0,4,22.2,52.6,49.4,199.4,303.0
3731,1780419424333,0,4,22.7,48.6,48.6,202.6,322.5
3732,1780419424367,0,4,22.5,52.1,32.0,215.7,339.0
3733,1780419424400,0,4,22.3,50.0,43.7,190.7,328.9
3734,1780419424433,0,4,22.7,52.9,39.2,200.3,324.4
3735,1780419424467,0,4,22.7,50.7,57.4,207.9,338.5
3736,1780419424500,0,4,22.7,49.0,31.5,197.4,337.6
3737,1780419424533,0,4,22.6,53.8,48.8,209.0,338.8
3738,1780419424567,0,4,22.8,48.2,37.5,203.8,335.5
3739,1780419424600,0,4,22.2,48.8,42.6,204.2,318.2
3740,1780419424633,0,4,22.5,48.9,28.1,212.3,326.8
3741,1780419424667,0,4,22.8,48.7,27.1,213.4,312.6
3742,1780419424700,0,4,22.3,49.2,46.7,192.2,321.5
3743,1780419424733,0,4,22.2,53.3,40.4,204.3,318.5
3744,1780419424767,0,4,22.4,53.0,53.1,195.3,339.2
3745,1780419424800,0,4,22.7,50.3,50.8,204.7,323.5
3746,1780419424833,0,4,22.5,50.9,37.6,216.8,338.9
3747,1780419424867,0,4,22.4,50.6,22.5,196.6,300.9
3748,1780419424900,0,4,22.7,51.1,37.8,197.3,313.1
3749,1780419424933,0,4,22.8,52.4,22.6,210.0,311.1
3750,1780419424967,0,4,22.6,53.4,54.9,181.9,331.3
3751,1780419425000,0,4,22.3,52.1,40.1,181.6,316.9
3752,1780419425033,0,4,22.3,52.1,28.1,183.6,337.3
3753,1780419425067,0,4,22.3,53.1,57.4,190.9,309.9
3754,1780419425100,0,4,22.8,52.2,56.0,199.2,308.0
3755,1780419425133,0,4,22.5,49.7,45.8,199.5,330.3
3756,1780419425167,0,4,22.6,53.0,32.4,183.0,318.2
3757,1780419425200,0,4,22.7,51.4,22.3,201.2,332.6
3758,1780419425233,0,4,22.7,53.1,58.3,184.0,315.2
3759,1780419425267,0,4,22.7,52.7,43.6,196.6,332.4
3760,1780419425300,0,4,22.5,50.2,20.5,193.7,326.3
3761,1780419425333,0,4,22.4,50.2,28.2,189.3,318.8
3762,1780419425367,0,4,22.3,50.5,27.9,185.8,309.4
3763,1780419425400,0,4,22.3,51.9,43.1,195.7,301.7
3764,1780419425433,0,4,22.5,52.3,30.9,217.7,307.4
3765,1780419425467,0,4,22.6,53.3,55.6,196.0,319.6
3766,1780419425500,0,4,22.4,53.1,48.5,191.8,306.7
3767,1780419425533,0,4,22.4,49.9,44.1,206.4,335.1
3768,1780419425567,0,4,22.7,48.0,40.0,212.1,337.9
3769,1780419425600,0,4,22.3,49.0,46.0,197.9,322.2
3770,1780419425633,0,4,22.6,50.3,26.6,180.7,339.7
3771,1780419425667,0,4,22.4,50.6,58.5,191.1,330.5
3772,1780419425700,0,4,22.7,49.8,41.8,192.2,324.2
3773,1780419425733,0,4,22.3,51.7,43.5,205.5,302.3
3774,1780419425767,0,4,22.5,50.6,25.9,180.1,319.4
3775,1780419425800,0,4,22.3,50.3,29.2,184.9,301.5
3776,1780419425833,0,4,22.7,48.4,35.4,181.1,314.5
3777,1780419425867,0,4,22.6,54.0,37.7,201.4,300.4
3778,1780419425900,0,4,22.4,51.3,31.7,195.5,318.5
3779,1780419425933,0,4,22.5,50.6,34.5,195.1,330.4
3780,1780419425967,0,4,22.4,53.2,22.2,193.4,334.0
3781,1780419426000,0,4,22.8,51.2,45.6,213.8,332.5
3782,1780419426033,0,4,22.4,51.2,48.3,181.7,322.8
3783,1780419426067,0,4,22.7,53.5,22.0,198.5,316.8
3784,1780419426100,0,4,22.3,52.3,27.6,204.5,305.6
3785,1780419426133,0,4,22.7,53.9,37.0,217.7,306.6
3786,1780419426167,0,4,22.5,52.7,59.2,206.9,326.8
3787,1780419426200,0,4,22.6,48.0,29.8,186.9,317.3
3788,1780419426233,0,4,22.6,49.6,59.7,219.2,302.9
3789,1780419426267,0,4,22.6,48.6,28.1,204.7,331.2
3790,1780419426300,0,4,22.7,50.8,44.4,215.7,314.1
3791,1780419426333,0,4,22.4,51.0,30.7,186.4,304.4
3792,1780419426367,0,4,22.4,48.9,30.1,205.2,335.9
3793,1780419426400,0,4,22.6,48.4,57.7,196.5,330.8
3794,1780419426433,0,4,22.4,51.7,20.5,212.9,306.5
3795,1780419426467,0,4,22.8,52.9,50.1,198.7,326.9
3796,1780419426500,0,4,22.5,49.8,59.0,207.2,314.8
3797,1780419426533,0,4,22.7,50.3,41.0,202.4,312.1
3798,1780419426567,0,4,22.5,51.1,27.9,203.7,336.8
3799,1780419426600,0,4,22.8,53.1,35.2,183.1,325.5
3800,1780419426633,0,4,22.3,49.6,44.0,197.6,318.2
3801,1780419426667,0,4,22.4,50.0,52.0,216.0,315.5
3802,1780419426700,0,4,22.3,49.2,40.4,181.5,324.0
3803,1780419426733,0,4,22.6,49.1,25.9,217.1,307.0
3804,1780419426767,0,4,22.6,48.9,51.8,200.7,339.3
3805,1780419426800,0,4,22.8,52.6,34.9,215.9,317.2
3806,1780419426833,0,4,22.2,52.8,46.8,202.7,331.6
3807,1780419426867,0,4,22.3,50.9,32.0,203.4,335.1
3808,1780419426900,0,4,22.7,51.9,51.6,204.8,307.5
3809,1780419426933,0,4,22.6,53.0,55.3,213.3,317.7
3810,1780419426967,0,4,22.6,49.4,37.8,217.4,316.3
3811,1780419427000,0,4,22.3,52.0,31.7,190.3,318.0
3812,1780419427033,0,4,22.6,52.3,45.7,219.7,337.9
3813,1780419427067,0,4,22.3,49.5,32.3,213.4,322.7
3814,1780419427100,0,4,22.3,50.0,45.1,199.6,312.8
3815,1780419427133,0,4,22.3,52.1,26.0,218.2,329.8
3816,1780419427167,0,4,22.5,52.6,21.7,185.0,308.1
3817,1780419427200,0,4,22.5,48.4,55.7,215.0,322.6
3818,1780419427233,0,4,22.7,48.1,53.8,213.6,319.2
3819,1780419427267,0,4,22.3,50.5,38.9,219.5,319.6
3820,1780419427300,0,4,22.4,48.2,52.6,213.2,326.4
3821,1780419427333,0,4,22.3,50.8,30.7,185.5,309.4
3822,1780419427367,0,4,22.5,51.4,23.6,196.9,328.9
3823,1780419427400,0,4,22.2,52.2,27.2,188.5,320.0
3824,1780419427433,0,4,22.4,49.2,57.9,194.2,302.2
3825,1780419427467,0,4,22.5,49.7,36.6,212.8,334.2
3826,1780419427500,0,4,22.3,53.3,54.0,209.0,321.1
3827,1780419427533,0,4,22.5,49.4,29.3,203.0,310.3
3828,1780419427567,0,4,22.4,50.7,31.2,191.6,331.9
3829,1780419427600,0,4,22.3,49.2,54.5,202.5,309.2
3830,1780419427633,0,4,22.7,52.2,58.8,191.6,306.9
3831,1780419427667,0,4,22.7,50.7,30.2,189.4,328.3
3832,1780419427700,0,4,22.2,51.6,25.8,219.7,306.3
3833,1780419427733,0,4,22.7,53.5,22.4,197.5,329.5
3834,1780419427767,0,4,22.4,51.8,44.1,218.0,328.7
3835,1780419427800,0,4,22.8,52.9,38.7,187.0,303.3
3836,1780419427833,0,4,22.5,51.3,53.2,183.3,300.8
3837,1780419427867,0,4,22.8,50.5,58.2,190.3,326.5
3838,1780419427900,0,4,22.6,49.9,37.2,190.1,328.1
3839,1780419427933,0,4,22.7,52.3,55.5,204.5,324.1
3840,1780419427967,0,4,22.2,51.5,56.6,181.8,335.6
3841,1780419428000,0,4,22.8,49.6,29.1,199.4,327.5
3842,1780419428033,0,4,22.3,49.5,33.3,183.4,333.2
3843,1780419428067,0,4,22.8,48.5,24.4,206.8,328.8
3844,1780419428100,0,4,22.7,48.2,45.1,205.0,314.0
3845,1780419428133,0,4,22.8,50.0,59.2,182.2,320.0
3846,1780419428167,0,4,22.6,48.3,41.1,198.3,313.7
3847,1780419428200,0,4,22.6,52.6,57.2,199.5,338.0
3848,1780419428233,0,4,22.6,49.7,33.5,185.9,315.2
3849,1780419428267,0,4,22.4,51.7,37.2,182.6,315.5
3850,1780419428300,0,4,22.3,53.8,23.1,184.3,316.4
3851,1780419428333,0,4,22.5,51.4,22.9,214.7,338.8
3852,1780419428367,0,4,22.6,50.8,24.8,191.9,320.5
3853,1780419428400,0,4,22.4,53.2,40.3,197.7,327.6
3854,1780419428433,0,4,22.2,48.4,28.7,198.9,308.6
3855,1780419428467,0,4,22.8,49.1,22.4,208.4,313.1
3856,1780419428500,0,4,22.6,51.1,48.2,193.6,322.4
3857,1780419428533,0,4,22.4,48.4,22.6,211.7,316.5
3858,1780419428567,0,4,22.6,53.6,41.8,184.4,305.5
3859,1780419428600,0,4,22.7,53.7,24.7,209.2,324.2
3860,1780419428633,0,4,22.4,51.3,44.1,202.4,337.6
3861,1780419428667,0,4,22.7,53.5,33.1,187.4,310.7
3862,1780419428700,0,4,22.6,50.1,27.5,196.1,332.3
3863,1780419428733,0,4,22.5,50.8,57.3,199.5,301.5
3864,1780419428767,0,4,22.4,48.7,32.7,219.5,321.2
3865,1780419428800,0,4,22.3,50.3,41.2,206.8,317.0
3866,1780419428833,0,4,22.3,51.9,37.0,190.4,326.3
3867,1780419428867,0,4,22.4,52.7,33.0,195.6,320.1
3868,1780419428900,0,4,22.4,49.6,23.8,205.0,307.3
3869,1780419428933,0,4,22.6,49.4,37.4,212.3,303.7
3870,1780419428967,0,4,22.4,49.2,42.7,194.7,338.9
3871,1780419429000,0,4,22.5,53.6,56.2,197.9,319.7
3872,1780419429033,0,4,22.4,52.6,26.6,189.6,301.9
3873,1780419429067,0,4,22.4,52.9,21.3,182.1,316.5
3874,1780419429100,0,4,22.6,51.5,29.5,210.2,327.6
3875,1780419429133,0,4,22.7,52.6,43.7,202.0,305.4
3876,1780419429167,0,4,22.2,49.8,50.8,204.2,333.2
3877,1780419429200,0,4,22.6,48.6,20.2,213.2,339.5
3878,1780419429233,0,4,22.4,48.4,30.9,194.5,320.5
3879,1780419429267,0,4,22.3,49.5,37.5,180.8,300.7
3880,1780419429300,0,4,22.4,53.0,29.2,214.1,332.8
3881,1780419429333,0,4,22.3,49.8,59.5,207.4,306.0
3882,1780419429367,0,4,22.4,50.3,41.1,215.4,301.1
3883,1780419429400,0,4,22.7,52.9,55.6,196.5,323.5
3884,1780419429433,0,4,22.3,49.9,27.5,204.5,307.0
3885,1780419429467,0,4,22.3,51.6,27.0,192.5,315.4
3886,1780419429500,0,4,22.7,48.9,59.9,214.5,309.6
3887,1780419429533,0,4,22.7,51.9,43.4,203.9,326.8
3888,1780419429567,0,4,22.4,48.4,24.9,192.6,333.1
3889,1780419429600,0,4,22.4,48.6,55.3,197.4,329.4
3890,1780419429633,0,4,22.4,52.1,45.8,219.2,323.8
3891,1780419429667,0,4,22.7,48.9,30.4,192.8,316.2
3892,1780419429700,0,4,22.3,50.4,50.5,208.4,301.1
3893,1780419429733,0,4,22.7,53.5,36.5,197.5,308.4
3894,1780419429767,0,4,22.3,51.9,49.3,196.7,328.6
3895,1780419429800,0,4,22.6,48.6,25.0,215.7,302.8
3896,1780419429833,0,4,22.5,51.3,25.6,198.8,301.9
3897,1780419429867,0,4,22.8,49.5,42.5,213.2,327.0
3898,1780419429900,0,4,22.3,50.5,24.2,215.1,304.4
3899,1780419429933,0,4,22.4,48.3,28.7,182.1,327.4
3900,1780419429967,0,4,22.5,48.8,47.5,185.9,328.5
3901,1780419430000,0,4,22.5,51.3,40.9,197.9,313.9
3902,1780419430033,0,4,22.4,51.6,25.6,199.5,318.7
3903,1780419430067,0,4,22.2,49.3,34.8,212.5,338.6
3904,1780419430100,0,4,22.5,51.9,57.0,189.7,304.7
3905,1780419430133,0,4,22.3,48.9,56.0,219.7,336.8
3906,1780419430167,0,4,22.7,51.5,33.6,210.5,313.6
3907,1780419430200,0,4,22.5,52.0,32.3,191.7,319.6
3908,1780419430233,0,4,22.7,50.0,30.4,199.1,330.8
3909,1780419430267,0,4,22.3,48.5,53.7,182.9,334.7
3910,1780419430300,0,4,22.5,50.1,52.9,215.6,311.6
3911,1780419430333,0,4,22.7,52.9,30.1,203.3,303.0
3912,1780419430367,0,4,22.4,52.6,25.5,215.9,335.4
3913,1780419430400,0,4,22.2,52.5,58.9,219.4,314.8
3914,1780419430433,0,4,22.3,51.8,25.8,213.8,313.8
3915,1780419430467,0,4,22.6,52.7,46.6,203.9,300.8
3916,1780419430500,0,4,22.3,53.0,36.4,214.7,316.5
3917,1780419430533,0,4,22.7,49.6,26.5,193.4,335.7
3918,1780419430567,0,4,22.7,53.7,35.0,219.9,337.0
3919,1780419430600,0,4,22.3,48.1,21.8,216.9,340.0
3920,1780419430633,0,4,22.8,52.1,48.8,193.6,330.6
3921,1780419430667,0,4,22.5,52.3,26.0,196.4,332.2
3922,1780419430700,0,4,22.3,51.1,35.6,184.4,333.7
3923,1780419430733,0,4,22.7,49.6,44.6,208.8,301.7
3924,1780419430767,0,4,22.6,50.5,28.7,188.3,335.5
3925,1780419430800,0,4,22.6,52.4,29.7,217.5,316.5
3926,1780419430833,0,4,22.5,49.7,45.7,183.3,306.1
3927,1780419430867,0,4,22.7,48.7,30.2,210.3,326.6
3928,1780419430900,0,4,22.2,52.5,51.0,210.0,311.3
3929,1780419430933,0,4,22.8,48.7,24.6,190.2,330.5
3930,1780419430967,0,4,22.5,48.5,33.1,197.3,302.5
3931,1780419431000,0,4,22.7,49.9,59.2,212.6,327.6
3932,1780419431033,0,4,22.6,53.6,26.5,196.4,309.0
3933,1780419431067,0,4,22.5,52.9,53.3,197.7,323.7
3934,1780419431100,0,4,22.8,50.9,34.3,184.7,301.7
3935,1780419431133,0,4,22.3,53.0,25.5,206.8,307.6
3936,1780419431167,0,4,22.5,53.2,36.7,201.3,317.9
3937,1780419431200,0,4,22.5,53.2,23.7,187.7,329.3
3938,1780419431233,0,4,22.6,50.2,25.6,183.9,319.4
3939,1780419431267,0,4,22.5,48.6,50.2,217.3,330.9
3940,1780419431300,0,4,22.4,49.2,55.7,192.7,337.5
3941,1780419431333,0,4,22.3,49.5,25.9,184.1,307.7
3942,1780419431367,0,4,22.5,50.1,54.4,200.6,305.2
3943,1780419431400,0,4,22.8,50.7,49.4,195.1,317.4
3944,1780419431433,0,4,22.3,51.2,55.7,201.9,314.1
3945,1780419431467,0,4,22.3,52.2,31.7,183.5,304.8
3946,1780419431500,0,4,22.8,51.0,44.6,198.8,320.6
3947,1780419431533,0,4,22.3,51.0,52.5,180.6,332.1
3948,1780419431567,0,4,22.5,53.1,30.6,214.2,317.2
3949,1780419431600,0,4,22.7,48.2,30.1,185.4,301.9
3950,1780419431633,0,4,22.2,50.6,36.3,206.9,332.6
3951,1780419431667,0,4,22.3,52.3,34.1,192.2,339.1
3952,1780419431700,0,4,22.3,51.5,47.9,192.8,329.6
3953,1780419431733,0,4,22.4,50.9,49.0,180.6,336.4
3954,1780419431767,0,4,22.7,54.0,22.9,201.7,307.1
3955,1780419431800,0,4,22.8,51.2,30.1,214.6,319.6
3956,1780419431833,0,4,22.3,48.1,59.0,180.7,327.0
3957,1780419431867,0,4,22.4,48.2,31.9,216.3,308.1
3958,1780419431900,0,4,22.8,51.6,53.0,189.8,305.5
3959,1780419431933,0,4,22.5,53.5,46.2,188.8,316.4
3960,1780419431967,0,4,22.6,48.2,43.9,202.8,302.1
3961,1780419432000,0,4,22.6,51.4,23.0,206.0,307.8
3962,1780419432033,0,4,22.5,48.6,26.0,182.9,339.6
3963,1780419432067,0,4,22.7,49.2,25.0,196.2,324.2
3964,1780419432100,0,4,22.5,49.5,39.4,213.2,334.5
3965,1780419432133,0,4,22.3,51.5,33.4,218.0,327.2
3966,1780419432167,0,4,22.3,53.2,49.2,199.0,318.4
3967,1780419432200,0,4,22.8,51.7,28.3,197.2,309.2
3968,1780419432233,0,4,22.6,51.7,43.2,217.1,333.2
3969,1780419432267,0,4,22.4,49.2,42.6,215.2,311.5
3970,1780419432300,0,4,22.6,50.6,55.5,194.8,335.6
3971,1780419432333,0,4,22.2,51.1,39.0,183.3,336.5
3972,1780419432367,0,4,22.2,48.6,38.5,204.1,319.3
3973,1780419432400,0,4,22.6,48.1,46.7,188.6,316.5
3974,1780419432433,0,4,22.2,51.9,21.9,180.9,335.5
3975,1780419432467,0,4,22.5,53.5,45.8,213.0,315.8
3976,1780419432500,0,4,22.5,53.8,21.1,213.1,331.2
3977,1780419432533,0,4,22.2,53.3,20.3,194.2,315.2
3978,1780419432567,0,4,22.5,51.1,28.0,219.1,310.1
3979,1780419432600,0,4,22.5,48.2,39.8,196.3,319.0
3980,1780419432633,0,4,22.6,53.1,25.5,218.3,337.5
3981,1780419432667,0,4,22.5,50.5,30.5,202.1,314.9
3982,1780419432700,0,4,22.4,48.6,45.8,213.9,328.2
3983,1780419432733,0,4,22.8,48.3,21.9,214.0,316.3
3984,1780419432767,0,4,22.6,51.7,45.2,204.5,314.7
3985,1780419432800,0,4,22.3,53.1,42.9,207.7,333.5
3986,1780419432833,0,4,22.5,53.7,31.3,203.3,337.1
3987,1780419432867,0,4,22.8,51.6,30.6,183.6,315.7
3988,1780419432900,0,4,22.6,53.9,48.3,202.2,303.6
3989,1780419432933,0,4,22.6,48.4,24.9,189.8,317.9
3990,1780419432967,0,4,22.2,51.8,51.3,201.3,306.5
3991,1780419433000,0,4,22.3,53.8,30.9,184.8,333.8
3992,1780419433033,0,4,22.6,53.8,56.4,205.7,330.5
3993,1780419433067,0,4,22.2,50.2,26.5,204.9,334.5
3994,1780419433100,0,4,22.7,49.2,37.8,181.9,337.2
3995,1780419433133,0,4,22.3,52.2,39.2,202.5,328.1
3996,1780419433167,0,4,22.6,50.5,46.8,181.3,323.0
3997,1780419433200,0,4,22.4,52.2,44.6,203.8,302.6
3998,1780419433233,0,4,22.4,51.3,50.4,183.6,320.3
3999,1780419433267,0,4,22.3,49.3,31.7,211.4,301.6
4000,1780419433300,0,4,22.5,52.4,41.5,191.8,313.5
4001,1780419433333,0,4,22.5,49.8,59.0,202.7,302.1
4002,1780419433367,0,4,22.6,50.6,54.2,218.6,311.3
4003,1780419433400,0,4,22.5,50.3,23.6,198.3,320.2
4004,1780419433433,0,4,22.4,51.8,37.7,193.8,308.8
4005,1780419433467,0,4,22.2,53.0,23.5,206.7,336.3
4006,1780419433500,0,4,22.3,53.4,40.5,183.1,329.3
4007,1780419433533,0,4,22.8,49.8,49.5,204.7,334.3
4008,1780419433567,0,4,22.2,48.9,50.2,192.7,318.5
4009,1780419433600,0,4,22.2,53.9,42.4,185.8,324.4
4010,1780419433633,0,4,22.7,50.1,31.0,219.0,304.1
4011,1780419433667,0,4,22.5,50.9,52.5,185.5,327.4
4012,1780419433700,0,4,22.6,48.1,37.8,193.9,328.4
4013,1780419433733,0,4,22.4,52.9,36.1,210.6,311.3
4014,1780419433767,0,4,22.4,53.4,23.4,202.5,318.5
4015,1780419433800,0,4,22.4,53.5,26.1,201.0,323.8
4016,1780419433833,0,4,22.3,53.0,42.8,185.0,316.6
4017,1780419433867,0,4,22.7,53.1,23.9,198.4,315.9
4018,1780419433900,0,4,22.7,53.2,53.0,214.9,313.7
4019,1780419433933,0,4,22.3,49.7,54.8,208.5,329.2
4020,1780419433967,0,4,22.3,49.9,24.8,203.0,304.8
4021,1780419434000,0,4,22.5,53.2,34.7,197.3,313.6
4022,1780419434033,0,4,22.7,49.2,51.1,190.0,337.9
4023,1780419434067,0,4,22.4,50.3,51.9,200.3,321.9
4024,1780419434100,0,4,22.4,48.4,39.9,200.6,320.6
4025,1780419434133,0,4,22.6,50.4,30.5,205.0,324.8
4026,1780419434167,0,4,22.4,50.5,59.9,193.4,301.7
4027,1780419434200,0,4,22.8,51.9,30.4,195.3,307.7
4028,1780419434233,0,4,22.4,48.2,37.3,191.2,319.1
4029,1780419434267,0,4,22.7,54.0,38.2,206.3,302.4
4030,1780419434300,0,4,22.5,48.1,49.7,183.6,335.9
4031,1780419434333,0,4,22.4,53.3,57.5,206.4,330.4
4032,1780419434367,0,4,22.5,50.9,53.0,206.3,314.4
4033,1780419434400,0,4,22.6,53.9,21.5,192.4,304.7
4034,1780419434433,0,4,22.3,52.9,43.0,202.5,302.7
4035,1780419434467,0,4,22.3,48.2,57.0,182.0,338.8
4036,1780419434500,0,4,22.4,53.6,51.2,209.0,317.5
4037,1780419434533,0,4,22.7,51.9,41.3,191.4,325.6
4038,1780419434567,0,4,22.7,53.0,49.5,189.6,332.4
4039,1780419434600,0,4,22.3,49.6,40.7,204.6,304.5
4040,1780419434633,0,4,22.7,50.2,47.8,181.3,337.4
4041,1780419434667,0,4,22.5,48.3,42.4,208.6,321.9
4042,1780419434700,0,4,22.7,49.2,58.6,208.1,309.7
4043,1780419434733,0,4,22.5,53.3,45.3,211.6,322.6
4044,1780419434767,0,4,22.4,52.9,55.9,206.5,300.1
4045,1780419434800,0,4,22.5,49.1,28.7,216.2,330.2
4046,1780419434833,0,4,22.5,49.2,42.2,199.1,333.7
4047,1780419434867,0,4,22.7,50.1,36.5,188.1,306.5
4048,1780419434900,0,4,22.6,53.7,22.9,185.0,318.5
4049,1780419434933,0,4,22.7,53.0,56.0,214.1,322.1
4050,1780419434967,0,4,22.6,50.0,40.2,207.9,311.1
4051,1780419435000,0,4,22.4,52.0,39.3,209.4,304.3
4052,1780419435033,0,4,22.5,50.6,38.6,197.3,335.5
4053,1780419435067,0,4,22.5,50.1,50.8,217.6,312.4
4054,1780419435100,0,4,22.3,50.9,32.1,189.6,311.5
4055,1780419435133,0,4,22.7,50.6,57.0,210.0,339.0
4056,1780419435167,0,4,22.7,50.1,27.5,188.2,302.7
4057,1780419435200,0,4,22.5,51.6,39.2,210.2,315.8
4058,1780419435233,0,4,22.6,50.5,42.0,188.7,303.3
4059,1780419435267,0,4,22.7,53.1,55.0,219.1,315.2
4060,1780419435300,0,4,22.3,50.4,59.6,217.9,336.0
4061,1780419435333,0,4,22.2,48.6,29.4,210.4,334.2
4062,1780419435367,0,4,22.3,52.1,41.3,213.3,316.1
4063,1780419435400,0,4,22.5,49.7,26.6,217.4,331.1
4064,1780419435433,0,4,22.6,52.3,42.4,197.3,307.5
4065,1780419435467,0,4,22.7,51.6,28.0,183.5,300.4
4066,1780419435500,0,4,22.6,52.9,20.5,204.8,332.5
4067,1780419435533,0,4,22.2,53.0,33.0,195.5,307.5
4068,1780419435567,0,4,22.7,50.9,56.9,202.6,315.9
4069,1780419435600,0,4,22.6,49.7,39.4,208.8,315.4
4070,1780419435633,0,4,22.5,50.0,57.3,204.5,324.3
4071,1780419435667,0,4,22.3,52.8,34.7,194.8,317.8
4072,1780419435700,0,4,22.5,49.8,46.3,197.4,313.0
4073,1780419435733,0,4,22.8,53.3,40.8,214.6,326.3
4074,1780419435767,0,4,22.5,53.2,43.0,193.5,307.1
4075,1780419435800,0,4,22.7,48.1,26.9,198.3,300.6
4076,1780419435833,0,4,22.3,50.9,37.6,194.9,329.1
4077,1780419435867,0,4,22.8,49.0,33.0,215.5,337.2
4078,1780419435900,0,4,22.7,52.1,22.3,202.7,315.0
4079,1780419435933,0,4,22.3,51.9,45.5,190.4,325.5
4080,1780419435967,0,4,22.4,48.6,55.8,182.4,312.3
4081,1780419436000,0,4,22.7,51.8,41.9,184.3,316.7
4082,1780419436033,0,4,22.4,53.7,24.3,219.1,338.6
4083,1780419436067,0,4,22.6,49.4,41.4,210.0,326.6
4084,1780419436100,0,4,22.4,52.2,45.1,212.9,303.3
4085,1780419436133,0,4,22.3,48.8,59.5,196.1,311.3
4086,1780419436167,0,4,22.5,53.1,45.5,219.8,333.3
4087,1780419436200,0,4,22.7,48.6,48.9,183.3,334.9
4088,1780419436233,0,4,22.4,49.4,40.8,183.5,327.3
4089,1780419436267,0,4,22.5,53.8,49.1,215.2,308.0
4090,1780419436300,0,4,22.3,50.0,35.5,214.1,334.9
4091,1780419436333,0,4,22.7,49.1,34.4,203.4,331.7
4092,1780419436367,0,4,22.4,49.2,57.5,182.3,335.1
4093,1780419436400,0,4,22.3,49.6,44.2,206.4,307.3
4094,1780419436433,0,4,22.4,51.5,36.6,219.2,323.6
4095,1780419436467,0,4,22.3,50.9,57.9,208.1,316.6
4096,1780419436500,0,4,22.3,53.6,28.3,197.8,320.3
4097,1780419436533,0,4,22.7,53.9,44.9,198.3,313.6
4098,1780419436567,0,4,22.3,48.2,30.5,212.2,314.5
4099,1780419436600,0,4,22.3,51.1,53.6,214.0,322.9
4100,1780419436633,0,4,22.3,48.4,48.2,193.2,311.7
4101,1780419436667,0,4,22.5,48.2,30.1,188.8,314.9
4102,1780419436700,0,4,22.8,51.0,48.6,207.8,335.1
4103,1780419436733,0,4,22.6,53.2,49.1,197.2,331.4
4104,1780419436767,0,4,22.6,52.0,31.0,202.2,317.1
4105,1780419436800,0,4,22.4,49.6,46.7,200.8,307.7
4106,1780419436833,0,4,22.7,53.1,21.3,195.3,319.8
4107,1780419436867,0,4,22.5,53.2,53.4,181.4,304.1
4108,1780419436900,0,4,22.3,48.7,52.9,200.3,306.0
4109,1780419436933,0,4,22.5,51.0,20.7,215.9,327.0
4110,1780419436967,0,4,22.7,50.9,52.6,201.9,311.7
4111,1780419437000,0,4,22.5,51.4,21.5,217.0,300.3
4112,1780419437033,0,4,22.7,53.9,40.5,203.2,337.9
4113,1780419437067,0,4,22.2,51.6,34.9,189.2,327.9
4114,1780419437100,0,4,22.3,51.7,33.1,180.5,317.1
4115,1780419437133,0,4,22.6,48.3,50.5,218.5,338.5
4116,1780419437167,0,4,22.6,52.7,54.6,196.3,339.0
4117,1780419437200,0,4,22.3,52.1,22.8,192.5,337.5
4118,1780419437233,0,4,22.6,50.4,31.5,204.7,300.8
4119,1780419437267,0,4,22.6,51.8,33.5,196.5,332.6
4120,1780419437300,0,4,22.2,50.5,30.0,213.6,328.9
4121,1780419437333,0,4,22.4,53.3,33.8,185.4,311.8
4122,1780419437367,0,4,22.7,49.5,28.8,211.1,334.6
4123,1780419437400,0,4,22.7,53.3,36.8,185.4,304.9
4124,1780419437433,0,4,22.3,53.1,51.0,211.0,338.7
4125,1780419437467,0,4,22.3,53.1,22.1,196.1,318.8
4126,1780419437500,0,4,22.3,52.9,29.7,186.3,337.7
4127,1780419437533,0,4,22.7,49.8,24.3,191.9,335.9
4128,1780419437567,0,4,22.5,48.7,37.8,184.4,302.8
4129,1780419437600,0,4,22.6,50.5,36.6,207.1,312.6
4130,1780419437633,0,4,22.5,50.2,36.8,188.0,320.1
4131,1780419437667,0,4,22.3,51.2,27.6,202.0,334.7
4132,1780419437700,0,4,22.2,51.5,44.8,214.5,328.4
4133,1780419437733,0,4,22.6,53.9,38.4,189.5,305.1
4134,1780419437767,0,4,22.5,52.4,57.6,188.6,323.3
4135,1780419437800,0,4,22.2,49.3,21.3,202.6,322.6
4136,1780419437833,0,4,22.5,48.1,47.1,181.4,300.4
4137,1780419437867,0,4,22.4,48.0,24.9,180.7,308.8
4138,1780419437900,0,4,22.7,52.1,56.9,211.9,316.1
4139,1780419437933,0,4,22.4,53.3,53.8,194.3,336.9
4140,1780419437967,0,4,22.3,49.7,22.9,201.2,300.5
4141,1780419438000,0,4,22.2,50.3,37.1,213.7,310.0
4142,1780419438033,0,4,22.6,50.4,38.5,209.2,319.4
4143,1780419438067,0,4,22.3,53.5,35.1,202.9,321.0
4144,1780419438100,0,4,22.8,51.8,45.9,189.6,334.0
4145,1780419438133,0,4,22.6,49.9,39.6,188.1,319.4
4146,1780419438167,0,4,22.5,50.0,56.1,218.7,319.0
4147,1780419438200,0,4,22.4,53.9,48.2,217.7,337.2
4148,1780419438233,0,4,22.6,50.0,24.5,190.8,331.6
4149,1780419438267,0,4,22.5,51.7,29.3,212.0,320.4
4150,1780419438300,0,4,22.5,48.8,47.7,212.6,330.6
4151,1780419438333,0,4,22.7,51.5,38.0,217.0,306.3
4152,1780419438367,0,4,22.6,50.7,55.7,188.5,338.4
4153,1780419438400,0,4,22.6,53.3,58.1,210.1,337.5
4154,1780419438433,0,4,22.2,53.1,52.6,188.8,319.6
4155,1780419438467,0,4,22.3,51.9,49.5,184.2,334.2
4156,1780419438500,0,4,22.7,53.6,25.6,189.8,333.5
4157,1780419438533,0,4,22.3,53.1,40.1,199.8,300.3
4158,1780419438567,0,4,22.5,52.5,29.7,193.7,334.5
4159,1780419438600,0,4,22.5,53.5,33.1,189.1,320.4
4160,1780419438633,0,4,22.3,50.4,54.9,219.0,307.2
4161,1780419438667,0,4,22.7,51.1,57.6,187.5,308.4
4162,1780419438700,0,4,22.2,49.8,58.4,209.6,313.0
4163,1780419438733,0,4,22.5,51.0,48.7,182.4,334.2
4164,1780419438767,0,4,22.3,53.8,32.9,182.8,332.7
4165,1780419438800,0,4,22.7,50.7,32.9,183.3,338.2
4166,1780419438833,0,4,22.4,52.8,21.9,213.8,309.5
4167,1780419438867,0,4,22.3,49.9,40.7,193.9,337.9
4168,1780419438900,0,4,22.7,52.9,36.7,197.7,325.2
4169,1780419438933,0,4,22.7,49.1,58.2,207.5,318.5
4170,1780419438967,0,4,22.4,53.1,47.4,185.4,319.0
4171,1780419439000,0,4,22.4,50.8,58.7,202.6,311.5
4172,1780419439033,0,4,22.4,52.7,34.6,181.1,301.3
4173,1780419439067,0,4,22.7,51.2,45.1,195.7,327.8
4174,1780419439100,0,4,22.5,49.0,54.6,189.5,322.3
4175,1780419439133,0,4,22.5,51.8,39.8,185.6,313.9
4176,1780419439167,0,4,22.6,52.1,38.7,196.1,328.0
4177,1780419439200,0,4,22.4,49.3,42.3,214.6,307.2
4178,1780419439233,0,4,22.4,53.7,47.0,202.1,338.5
4179,1780419439267,0,4,22.2,49.1,34.7,203.6,311.0
4180,1780419439300,0,4,22.8,50.0,20.6,205.0,316.0
4181,1780419439333,0,4,22.5,48.2,46.3,199.7,322.3
4182,1780419439367,0,4,22.2,48.5,41.4,202.6,327.7
4183,1780419439400,0,4,22.3,51.8,35.1,211.6,338.9
4184,1780419439433,0,4,22.6,48.8,26.3,184.7,327.1
4185,1780419439467,0,4,22.2,49.8,35.2,201.3,301.1
4186,1780419439500,0,4,22.2,50.2,46.8,210.8,327.8
4187,1780419439533,0,4,22.4,52.4,29.9,183.9,338.6
4188,1780419439567,0,4,22.7,53.5,58.1,217.1,312.1
4189,1780419439600,0,4,22.6,50.2,33.0,202.4,326.0
4190,1780419439633,0,4,22.7,51.5,40.9,213.5,322.5
4191,1780419439667,0,4,22.7,51.1,21.1,206.2,336.3
4192,1780419439700,0,4,22.8,50.7,44.5,181.8,333.3
4193,1780419439733,0,4,22.3,53.0,57.4,211.1,305.1
4194,1780419439767,0,4,22.5,52.7,51.6,209.8,311.6
4195,1780419439800,0,4,22.3,52.1,34.9,195.2,306.3
4196,1780419439833,0,4,22.6,50.7,41.5,203.2,321.3
4197,1780419439867,0,4,22.5,51.6,38.9,203.5,306.7
4198,1780419439900,0,4,22.7,50.4,40.9,207.1,336.1
4199,1780419439933,0,4,22.4,50.2,53.9,203.7,307.9
4200,1780419439967,0,4,22.5,51.8,25.2,183.4,308.1
4201,1780419440000,0,4,22.6,48.0,34.5,190.4,304.5
4202,1780419440033,0,4,22.4,51.5,44.9,183.4,311.2
4203,1780419440067,0,4,22.3,51.4,24.0,206.0,303.9
4204,1780419440100,0,4,22.3,49.9,59.3,185.2,307.7
4205,1780419440133,0,4,22.4,50.8,44.2,199.2,333.3
4206,1780419440167,0,4,22.7,52.8,48.1,186.9,302.8
4207,1780419440200,0,4,22.8,48.2,50.1,194.2,323.0
4208,1780419440233,0,4,22.4,50.8,50.9,204.2,307.7
4209,1780419440267,0,4,22.3,50.3,25.8,214.9,325.2
4210,1780419440300,0,4,22.5,52.6,31.6,186.6,338.0
4211,1780419440333,0,4,22.5,53.8,48.3,180.0,332.2
4212,1780419440367,0,4,22.6,48.8,53.1,202.5,336.2
4213,1780419440400,0,4,22.3,49.4,27.3,192.8,312.5
4214,1780419440433,0,4,22.3,53.5,21.3,191.3,313.9
4215,1780419440467,0,4,22.3,53.3,47.8,186.2,306.3
4216,1780419440500,0,4,22.3,51.7,31.7,189.7,315.9
4217,1780419440533,0,4,22.8,53.3,46.5,218.3,324.2
4218,1780419440567,0,4,22.6,48.4,30.1,194.2,305.4
4219,1780419440600,0,4,22.5,52.5,34.4,191.6,303.1
4220,1780419440633,0,4,22.3,48.8,55.0,202.3,319.3
4221,1780419440667,0,4,22.6,53.4,47.2,190.9,334.4
4222,1780419440700,0,4,22.5,50.8,25.6,203.4,306.2
4223,1780419440733,0,4,22.5,49.5,38.0,198.1,308.1
4224,1780419440767,0,4,22.5,50.5,54.5,217.7,304.1
4225,1780419440800,0,4,22.3,51.9,52.4,201.2,308.3
4226,1780419440833,0,4,22.3,49.1,52.2,206.3,333.5
4227,1780419440867,0,4,22.6,49.1,35.3,191.3,305.7
4228,1780419440900,0,4,22.2,51.1,36.2,189.8,300.9
4229,1780419440933,0,4,22.5,52.0,31.1,185.9,324.0
4230,1780419440967,0,4,22.3,52.4,45.8,201.3,330.4
4231,1780419441000,0,4,22.7,52.0,48.2,183.0,314.7
4232,1780419441033,0,4,22.8,51.8,25.2,200.9,325.7
4233,1780419441067,0,4,22.7,53.8,21.0,216.1,335.0
4234,1780419441100,0,4,22.6,50.4,49.7,195.4,307.6
4235,1780419441133,0,4,22.7,52.9,34.6,211.9,339.9
4236,1780419441167,0,4,22.6,53.9,29.8,198.4,322.5
4237,1780419441200,0,4,22.6,48.7,34.9,193.1,309.4
4238,1780419441233,0,4,22.7,51.3,34.2,193.5,336.8
4239,1780419441267,0,4,22.8,48.5,58.5,194.2,301.0
4240,1780419441300,0,4,22.6,53.3,43.4,190.8,325.5
4241,1780419441333,0,4,22.6,53.6,39.1,216.9,309.6
4242,1780419441367,0,4,22.6,49.2,25.9,205.9,316.4
4243,1780419441400,0,4,22.4,52.1,25.9,206.4,303.4
4244,1780419441433,0,4,22.6,49.2,54.3,188.9,339.8
4245,1780419441467,0,4,22.8,48.3,22.8,183.9,311.9
4246,1780419441500,0,4,22.7,50.1,47.7,210.7,326.4
4247,1780419441533,0,4,22.7,49.1,46.5,182.6,334.6
4248,1780419441567,0,4,22.5,50.6,31.6,212.7,315.7
4249,1780419441600,0,4,22.6,53.7,26.9,184.3,337.7
4250,1780419441633,0,4,22.6,53.3,58.0,213.7,320.2
4251,1780419441667,0,4,22.4,52.7,27.5,195.9,335.0
4252,1780419441700,0,4,22.6,48.9,57.4,207.4,312.2
4253,1780419441733,0,4,22.6,51.6,51.4,204.2,324.3
4254,1780419441767,0,4,22.7,52.6,26.3,200.5,322.8
4255,1780419441800,0,4,22.4,50.9,53.3,215.7,326.0
4256,1780419441833,0,4,22.6,49.1,34.5,191.2,318.4
4257,1780419441867,0,4,22.7,52.6,30.9,212.2,311.7
4258,1780419441900,0,4,22.3,53.0,30.9,181.2,333.3
4259,1780419441933,0,4,22.7,51.8,34.7,187.1,304.4
4260,1780419441967,0,4,22.8,53.7,49.7,217.6,309.7
4261,1780419442000,0,4,22.7,52.1,42.2,183.3,309.9
4262,1780419442033,0,4,22.8,52.0,44.0,182.8,330.4
4263,1780419442067,0,4,22.5,50.9,30.5,197.4,319.3
4264,1780419442100,0,4,22.4,50.0,23.0,215.7,326.4
4265,1780419442133,0,4,22.3,52.6,59.5,186.8,305.0
4266,1780419442167,0,4,22.2,53.0,44.2,200.1,310.4
4267,1780419442200,0,4,22.5,52.3,40.5,201.6,320.1
4268,1780419442233,0,4,22.7,51.1,57.3,194.8,311.6
4269,1780419442267,0,4,22.3,50.2,45.4,195.9,335.9
4270,1780419442300,0,4,22.2,52.1,27.5,198.3,336.4
4271,1780419442333,0,4,22.4,48.8,58.0,219.2,315.7
4272,1780419442367,0,4,22.8,49.5,50.0,191.8,338.5
4273,1780419442400,0,4,22.7,48.1,40.8,200.6,303.7
4274,1780419442433,0,4,22.8,53.3,35.2,191.1,329.2
4275,1780419442467,0,4,22.3,51.5,57.1,206.9,307.6
4276,1780419442500,0,4,22.7,51.8,50.2,197.2,334.6
4277,1780419442533,0,4,22.6,53.8,48.1,184.1,317.0
4278,1780419442567,0,4,22.3,50.6,43.9,199.4,315.3
4279,1780419442600,0,4,22.3,52.5,57.4,204.1,307.5
4280,1780419442633,0,4,22.8,48.7,59.3,200.1,303.8
4281,1780419442667,0,4,22.4,53.7,23.5,197.9,323.1
4282,1780419442700,0,4,22.5,53.1,51.5,193.1,303.6
4283,1780419442733,0,4,22.4,50.9,50.9,199.0,320.4
4284,1780419442767,0,4,22.7,51.1,37.3,207.1,323.1
4285,1780419442800,0,4,22.3,48.7,56.2,204.0,327.2
4286,1780419442833,0,4,22.8,48.6,51.4,193.9,334.7
4287,1780419442867,0,4,22.2,52.7,34.5,203.0,321.3
4288,1780419442900,0,4,22.5,49.5,50.0,191.0,324.6
4289,1780419442933,0,4,22.7,53.6,52.5,200.8,316.2
4290,1780419442967,0,4,22.4,48.7,37.5,194.0,336.8
4291,1780419443000,0,4,22.7,52.7,24.7,216.6,339.0
4292,1780419443033,0,4,22.2,48.8,22.9,200.9,338.8
4293,1780419443067,0,4,22.7,53.2,25.5,218.0,304.2
4294,1780419443100,0,4,22.4,48.1,36.5,181.7,334.9
4295,1780419443133,0,4,22.7,53.0,23.0,214.8,336.0
4296,1780419443167,0,4,22.4,53.7,55.3,210.2,319.4
4297,1780419443200,0,4,22.6,51.2,23.7,188.5,323.0
4298,1780419443233,0,4,22.7,48.8,36.0,185.4,317.1
4299,1780419443267,0,4,22.3,48.7,20.4,203.5,306.2
4300,1780419443300,0,4,22.3,51.2,44.3,214.0,339.8
4301,1780419443333,0,4,22.8,52.0,38.5,183.1,310.5
4302,1780419443367,0,4,22.6,53.6,42.6,214.7,325.1
4303,1780419443400,0,4,22.2,52.5,50.9,195.8,311.8
4304,1780419443433,0,4,22.3,52.0,33.9,182.4,327.7
4305,1780419443467,0,4,22.2,50.8,33.8,190.9,325.3
4306,1780419443500,0,4,22.4,53.0,38.2,208.6,328.6
4307,1780419443533,0,4,22.6,51.2,51.4,200.5,301.5
4308,1780419443567,0,4,22.2,53.3,34.3,180.6,327.4
4309,1780419443600,0,4,22.6,53.0,41.7,198.7,332.8
4310,1780419443633,0,4,22.3,48.8,46.3,213.2,325.7
4311,1780419443667,0,4,22.8,50.2,33.0,205.2,333.1
4312,1780419443700,0,4,22.5,50.5,22.6,217.8,313.6
4313,1780419443733,0,4,22.4,53.9,48.6,207.6,333.0
4314,1780419443767,0,4,22.7,53.8,59.5,183.8,314.3
4315,1780419443800,0,4,22.6,50.5,49.0,183.9,335.2
4316,1780419443833,0,4,22.3,48.9,39.8,201.6,326.1
4317,1780419443867,0,4,22.7,48.5,42.1,188.2,305.5
4318,1780419443900,0,4,22.3,51.1,28.3,206.4,328.5
4319,1780419443933,0,4,22.4,49.2,26.1,205.2,337.0
4320,1780419443967,0,4,22.2,51.4,36.1,202.9,329.1
4321,1780419444000,0,4,22.4,48.5,42.3,204.2,335.2
4322,1780419444033,0,4,22.6,52.4,28.4,187.9,316.6
4323,1780419444067,0,4,22.6,53.4,59.4,205.0,339.4
4324,1780419444100,0,4,22.6,53.5,40.8,205.6,309.2
4325,1780419444133,0,4,22.6,52.6,27.8,215.8,316.2
4326,1780419444167,0,4,22.3,52.6,27.9,211.1,301.9
4327,1780419444200,0,4,22.4,51.5,54.4,215.0,336.5
4328,1780419444233,0,4,22.7,52.7,21.6,194.7,309.0
4329,1780419444267,0,4,22.3,48.4,36.5,186.4,322.6
4330,1780419444300,0,4,22.7,49.3,35.5,202.1,339.4
4331,1780419444333,0,4,22.4,50.5,34.1,181.3,311.7
4332,1780419444367,0,4,22.7,52.3,49.5,206.1,308.0
4333,1780419444400,0,4,22.4,52.5,22.7,218.8,337.0
4334,1780419444433,0,4,22.4,49.8,29.5,217.7,335.9
4335,1780419444467,0,4,22.7,48.9,21.8,188.4,324.7
4336,1780419444500,0,4,22.6,53.9,55.8,194.6,304.1
4337,1780419444533,0,4,22.6,51.2,33.4,216.6,303.8
4338,1780419444567,0,4,22.2,50.5,23.7,200.4,337.6
4339,1780419444600,0,4,22.4,52.6,39.2,181.1,323.3
4340,1780419444633,0,4,22.6,51.3,21.8,198.1,317.4
4341,1780419444667,0,4,22.2,49.6,22.1,192.9,318.3
4342,1780419444700,0,4,22.7,48.3,32.4,210.6,331.4
4343,1780419444733,0,4,22.5,53.8,56.3,204.1,308.1
4344,1780419444767,0,4,22.6,48.9,30.8,204.8,308.6
4345,1780419444800,0,4,22.4,52.1,52.1,202.1,319.1
4346,1780419444833,0,4,22.8,50.3,29.9,192.1,308.9
4347,1780419444867,0,4,22.7,51.2,59.5,180.6,301.3
4348,1780419444900,0,4,22.4,53.2,37.2,200.4,303.2
4349,1780419444933,0,4,22.5,48.5,52.6,188.2,322.4
4350,1780419444967,0,4,22.7,49.8,53.3,207.9,339.3
4351,1780419445000,0,4,22.3,50.2,57.7,212.6,320.9
4352,1780419445033,0,4,22.6,51.1,53.9,209.4,320.8
4353,1780419445067,0,4,22.7,49.8,58.9,216.7,309.2
4354,1780419445100,0,4,22.6,50.5,56.9,202.2,311.9
4355,1780419445133,0,4,22.8,50.2,36.5,200.7,335.9
4356,1780419445167,0,4,22.7,48.2,33.6,211.4,326.7
4357,1780419445200,0,4,22.5,52.4,27.8,184.9,308.4
4358,1780419445233,0,4,22.4,48.4,59.8,200.4,318.9
4359,1780419445267,0,4,22.8,50.5,32.9,196.1,316.4
4360,1780419445300,0,4,22.4,51.7,57.8,187.8,332.6
4361,1780419445333,0,4,22.4,51.6,53.9,190.1,300.8
4362,1780419445367,0,4,22.5,51.6,24.6,208.4,322.5
4363,1780419445400,0,4,22.6,52.7,31.6,180.8,321.8
4364,1780419445433,0,4,22.2,49.4,44.5,192.5,318.0
4365,1780419445467,0,4,22.6,51.3,28.4,215.0,333.4
4366,1780419445500,0,4,22.6,48.9,57.3,201.8,313.5
4367,1780419445533,0,4,22.7,50.8,45.9,196.1,310.8
4368,1780419445567,0,4,22.3,50.9,20.1,195.8,319.3
4369,1780419445600,0,4,22.6,49.6,37.5,202.2,320.3
4370,1780419445633,0,4,22.5,52.6,46.1,211.1,321.6
4371,1780419445667,0,4,22.4,53.6,53.5,208.7,304.0
4372,1780419445700,0,4,22.3,49.3,45.6,186.4,325.6
4373,1780419445733,0,4,22.5,49.1,20.1,182.2,331.9
4374,1780419445767,0,4,22.6,52.4,36.8,182.8,329.2
4375,1780419445800,0,4,22.6,50.0,37.3,181.6,335.0
4376,1780419445833,0,4,22.6,51.8,23.6,190.8,329.8
4377,1780419445867,0,4,22.4,49.4,55.4,215.0,312.6
4378,1780419445900,0,4,22.7,51.8,36.6,194.9,303.1
4379,1780419445933,0,4,22.7,52.2,36.0,214.1,307.5
4380,1780419445967,0,4,22.6,53.2,52.5,218.6,303.9
4381,1780419446000,0,4,22.8,49.7,55.7,191.9,335.4
4382,1780419446033,0,4,22.8,49.2,39.5,206.3,300.4
4383,1780419446067,0,4,22.6,49.4,53.6,198.1,337.8
4384,1780419446100,0,4,22.4,52.9,27.8,206.3,310.6
4385,1780419446133,0,4,22.4,52.6,56.4,207.1,305.2
4386,1780419446167,0,4,22.3,49.8,22.5,194.3,327.7
4387,1780419446200,0,4,22.3,51.3,52.8,183.9,322.6
4388,1780419446233,0,4,22.3,48.7,34.7,214.9,335.7
4389,1780419446267,0,4,22.6,52.6,42.3,214.7,315.2
4390,1780419446300,0,4,22.2,52.2,25.0,190.2,306.9
4391,1780419446333,0,4,22.3,51.9,31.3,205.6,331.1
4392,1780419446367,0,4,22.5,49.0,32.1,201.8,316.4
4393,1780419446400,0,4,22.2,48.4,54.5,215.4,330.4
4394,1780419446433,0,4,22.3,53.8,36.7,211.3,309.9
4395,1780419446467,0,4,22.4,48.8,32.0,187.3,314.3
4396,1780419446500,0,4,22.5,51.8,57.8,202.0,326.7
4397,1780419446533,0,4,22.7,54.0,58.8,199.0,334.8
4398,1780419446567,0,4,22.6,53.0,30.5,197.6,325.9
4399,1780419446600,0,4,22.2,48.4,33.2,216.1,316.3
4400,1780419446633,0,4,22.5,51.0,57.0,217.3,304.6
4401,1780419446667,0,4,22.3,53.5,26.3,190.0,326.1
4402,1780419446700,0,4,22.5,52.2,27.8,211.7,300.8
4403,1780419446733,0,4,22.3,50.1,29.1,192.8,306.1
4404,1780419446767,0,4,22.6,50.3,37.5,185.4,314.1
4405,1780419446800,0,4,22.3,49.8,55.2,186.1,334.2
4406,1780419446833,0,4,22.3,48.3,22.7,202.9,315.9
4407,1780419446867,0,4,22.5,50.2,29.1,205.6,305.6
4408,1780419446900,0,4,22.8,49.9,29.9,219.0,300.6
4409,1780419446933,0,4,22.4,53.7,42.6,206.0,305.2
4410,1780419446967,0,4,22.5,48.1,51.6,218.1,314.5
4411,1780419447000,0,4,22.2,49.7,49.3,197.3,325.5
4412,1780419447033,0,4,22.2,53.0,35.6,182.6,302.7
4413,1780419447067,0,4,22.2,51.2,48.8,211.1,304.6
4414,1780419447100,0,4,22.4,53.8,41.7,182.6,316.6
4415,1780419447133,0,4,22.5,53.0,29.0,216.9,314.0
4416,1780419447167,0,4,22.5,48.5,39.1,202.5,322.4
4417,1780419447200,0,4,22.7,51.5,59.4,211.3,327.5
4418,1780419447233,0,4,22.3,51.5,41.0,195.2,327.8
4419,1780419447267,0,4,22.6,48.4,56.3,217.4,329.8
4420,1780419447300,0,4,22.8,52.6,24.9,187.1,303.4
4421,1780419447333,0,4,22.5,50.2,29.8,196.6,318.6
4422,1780419447367,0,4,22.3,50.7,32.4,198.4,319.1
4423,1780419447400,0,4,22.2,53.2,45.8,180.3,304.4
4424,1780419447433,0,4,22.6,53.8,23.4,192.7,331.5
4425,1780419447467,0,4,22.4,53.3,26.9,202.0,334.1
4426,1780419447500,0,4,22.4,49.6,29.9,200.5,333.8
4427,1780419447533,0,4,22.4,51.7,56.7,196.5,301.1
4428,1780419447567,0,4,22.6,48.9,49.4,208.8,334.6
4429,1780419447600,0,4,22.3,52.9,21.4,183.5,332.1
4430,1780419447633,0,4,22.5,50.7,26.3,187.0,338.6
4431,1780419447667,0,4,22.3,49.6,33.8,201.1,327.4
4432,1780419447700,0,4,22.7,49.3,35.3,184.8,336.9
4433,1780419447733,0,4,22.6,48.9,49.9,207.0,315.4
4434,1780419447767,0,4,22.5,51.8,28.2,182.1,301.7
4435,1780419447800,0,4,22.7,53.8,24.8,208.1,331.7
4436,1780419447833,0,4,22.3,52.4,31.9,205.3,318.2
4437,1780419447867,0,4,22.3,48.1,27.5,213.1,319.0
4438,1780419447900,0,4,22.6,51.2,41.5,183.7,320.4
4439,1780419447933,0,4,22.7,51.2,30.4,186.9,338.9
4440,1780419447967,0,4,22.5,53.4,20.4,208.5,322.3
4441,1780419448000,0,4,22.7,53.0,38.0,182.5,308.7
4442,1780419448033,0,4,22.2,53.0,50.0,198.5,337.7
4443,1780419448067,0,4,22.6,52.1,47.8,191.9,305.7
4444,1780419448100,0,4,22.5,49.2,37.8,187.9,304.9
4445,1780419448133,0,4,22.4,51.0,32.7,205.5,321.3
4446,1780419448167,0,4,22.6,48.9,41.8,198.6,326.3
4447,1780419448200,0,4,22.7,51.2,41.4,183.5,320.1
4448,1780419448233,0,4,22.4,51.8,26.1,183.1,302.9
4449,1780419448267,0,4,22.4,53.1,40.0,191.0,314.3
4450,1780419448300,0,4,22.5,48.3,28.0,203.9,305.7
4451,1780419448333,0,4,22.7,49.0,44.6,205.9,325.6
4452,1780419448367,0,4,22.4,48.6,49.8,210.4,311.9
4453,1780419448400,0,4,22.7,52.9,54.0,189.5,338.7
4454,1780419448433,0,4,22.3,51.0,42.6,181.6,331.1
4455,1780419448467,0,4,22.4,52.0,36.5,199.1,311.2
4456,1780419448500,0,4,22.8,50.7,46.2,219.0,313.7
4457,1780419448533,0,4,22.5,51.6,36.1,212.2,319.4
4458,1780419448567,0,4,22.5,49.7,38.5,189.0,329.5
4459,1780419448600,0,4,22.3,51.4,29.9,186.8,309.4
4460,1780419448633,0,4,22.7,48.7,44.4,216.0,306.5
4461,1780419448667,0,4,22.5,51.2,55.8,201.9,301.0
4462,1780419448700,0,4,22.4,52.3,56.1,194.4,305.0
4463,1780419448733,0,4,22.8,50.1,34.0,199.8,329.3
4464,1780419448767,0,4,22.6,49.8,23.2,192.6,309.1
4465,1780419448800,0,4,22.2,52.1,52.8,206.0,311.9
4466,1780419448833,0,4,22.4,49.5,40.1,207.1,313.4
4467,1780419448867,0,4,22.2,53.1,26.2,180.5,331.8
4468,1780419448900,0,4,22.3,51.9,56.8,213.1,315.3
4469,1780419448933,0,4,22.3,49.7,20.5,196.2,331.7
4470,1780419448967,0,4,22.5,51.6,28.5,180.6,325.8
4471,1780419449000,0,4,22.5,49.3,35.3,187.3,307.4
4472,1780419449033,0,4,22.4,51.8,45.0,202.5,331.3
4473,1780419449067,0,4,22.4,52.3,28.7,198.0,316.3
4474,1780419449100,0,4,22.5,51.3,35.5,219.4,318.4
4475,1780419449133,0,4,22.7,52.4,26.0,185.3,323.7
4476,1780419449167,0,4,22.6,48.7,33.3,213.2,318.2
4477,1780419449200,0,4,22.5,50.3,31.2,192.5,331.4
4478,1780419449233,0,4,22.6,49.4,21.2,197.9,307.7
4479,1780419449267,0,4,22.2,51.9,48.8,207.8,336.3
4480,1780419449300,0,4,22.8,48.5,27.5,188.9,332.7
4481,1780419449333,0,4,22.3,50.3,20.8,200.6,304.9
4482,1780419449367,0,4,22.4,49.6,34.7,187.9,334.9
4483,1780419449400,0,4,22.4,52.3,26.7,215.0,303.0
4484,1780419449433,0,4,22.5,48.5,45.1,210.2,338.6
4485,1780419449467,0,4,22.6,52.4,26.5,203.2,316.7
4486,1780419449500,0,4,22.8,50.3,37.6,199.1,323.8
4487,1780419449533,0,4,22.5,49.4,21.5,209.4,317.1
4488,1780419449567,0,4,22.4,49.5,57.4,197.6,307.4
4489,1780419449600,0,4,22.7,50.0,59.2,210.3,312.1
4490,1780419449633,0,4,22.5,49.5,29.2,212.4,310.2
4491,1780419449667,0,4,22.7,48.5,21.9,217.5,336.7
4492,1780419449700,0,4,22.5,49.7,56.8,208.2,304.0
4493,1780419449733,0,4,22.5,52.6,37.9,213.2,329.2
4494,1780419449767,0,4,22.7,52.2,33.8,199.2,328.0
4495,1780419449800,0,4,22.5,49.2,42.9,218.4,332.2
4496,1780419449833,0,4,22.4,48.0,39.2,183.7,304.5
4497,1780419449867,0,4,22.6,52.5,35.8,208.8,316.1
4498,1780419449900,0,4,22.5,51.4,39.4,219.4,328.4
4499,1780419449933,0,4,22.5,49.1,42.7,182.1,339.4
4500,1780419449967,0,4,22.5,48.1,49.0,186.8,316.0
4501,1780419450000,0,4,22.4,51.0,43.7,217.3,310.6
4502,1780419450033,0,4,22.5,51.9,48.2,203.5,335.8
4503,1780419450067,0,4,22.3,53.7,29.0,205.3,338.9
4504,1780419450100,0,4,22.8,51.7,51.5,186.3,313.6
4505,1780419450133,0,4,22.4,52.3,27.9,190.1,306.3
4506,1780419450167,0,4,22.7,51.2,20.8,193.1,317.7
4507,1780419450200,0,4,22.5,49.4,27.9,191.8,331.2
4508,1780419450233,0,4,22.4,52.7,41.1,204.5,335.9
4509,1780419450267,0,4,22.7,53.1,40.7,195.1,324.8
4510,1780419450300,0,4,22.7,53.8,48.5,189.1,301.3
4511,1780419450333,0,4,22.8,49.9,52.4,180.6,337.0
4512,1780419450367,0,4,22.4,52.6,47.7,217.5,333.5
4513,1780419450400,0,4,22.7,52.1,20.3,193.0,334.4
4514,1780419450433,0,4,22.8,52.3,45.3,192.6,300.4
4515,1780419450467,0,4,22.7,52.5,54.9,210.3,318.6
4516,1780419450500,0,4,22.8,53.2,53.8,212.7,304.8
4517,1780419450533,0,4,22.5,51.9,53.4,218.1,310.5
4518,1780419450567,0,4,22.3,48.2,44.0,199.5,332.7
4519,1780419450600,0,4,22.2,50.2,34.2,202.0,306.6
4520,1780419450633,0,4,22.7,50.2,27.6,192.5,338.4
4521,1780419450667,0,4,22.8,48.9,35.3,218.8,322.6
4522,1780419450700,0,4,22.3,48.7,21.1,216.9,324.0
4523,1780419450733,0,4,22.5,48.4,59.9,190.7,336.6
4524,1780419450767,0,4,22.4,52.7,47.9,197.0,322.5
4525,1780419450800,0,4,22.3,51.8,55.8,189.3,308.0
4526,1780419450833,0,4,22.8,53.1,43.2,185.8,302.7
4527,1780419450867,0,4,22.3,53.5,40.6,188.0,336.4
4528,1780419450900,0,4,22.2,53.5,39.7,193.8,301.7
4529,1780419450933,0,4,22.3,52.3,21.8,203.4,307.1
4530,1780419450967,0,4,22.3,51.7,26.0,187.8,324.3
4531,1780419451000,0,4,22.4,49.3,30.5,202.3,335.8
4532,1780419451033,0,4,22.5,51.1,58.0,200.5,302.5
4533,1780419451067,0,4,22.3,50.6,43.6,193.0,303.3
4534,1780419451100,0,4,22.3,48.3,53.0,201.1,302.2
4535,1780419451133,0,4,22.5,51.3,37.0,190.9,336.6
4536,1780419451167,0,4,22.8,50.9,30.3,204.7,339.1
4537,1780419451200,0,4,22.4,50.6,25.1,189.2,313.1
4538,1780419451233,0,4,22.6,50.2,55.5,201.1,318.8
4539,1780419451267,0,4,22.6,51.3,36.2,212.0,316.5
4540,1780419451300,0,4,22.5,48.1,33.4,211.1,306.7
4541,1780419451333,0,4,22.2,50.6,37.3,196.1,321.7
4542,1780419451367,0,4,22.6,49.2,58.2,216.1,336.4
4543,1780419451400,0,4,22.7,53.5,31.1,191.3,322.8
4544,1780419451433,0,4,22.5,52.5,53.4,194.3,308.4
4545,1780419451467,0,4,22.5,48.8,57.7,215.1,314.6
4546,1780419451500,0,4,22.5,53.0,47.0,196.4,306.0
4547,1780419451533,0,4,22.7,50.7,56.6,196.3,305.1
4548,1780419451567,0,4,22.3,51.3,48.8,199.7,302.9
4549,1780419451600,0,4,22.7,50.9,25.9,186.1,312.5
4550,1780419451633,0,4,22.8,51.6,46.1,213.8,339.5
4551,1780419451667,0,4,22.6,51.1,20.4,211.0,317.0
4552,1780419451700,0,4,22.6,52.4,27.0,216.1,306.5
4553,1780419451733,0,4,22.8,50.5,53.6,205.1,335.6
4554,1780419451767,0,4,22.8,53.7,35.4,198.4,325.8
4555,1780419451800,0,4,22.8,53.6,49.2,187.7,335.7
4556,1780419451833,0,4,22.8,51.5,45.4,186.3,317.2
4557,1780419451867,0,4,22.6,53.3,45.5,198.3,300.4
4558,1780419451900,0,4,22.3,50.8,44.1,183.1,304.3
4559,1780419451933,0,4,22.2,50.6,25.8,212.4,338.2
4560,1780419451967,0,4,22.6,50.5,34.9,217.0,310.9
4561,1780419452000,0,4,22.3,53.3,56.6,214.2,323.7
4562,1780419452033,0,4,22.7,50.6,57.1,207.5,330.6
4563,1780419452067,0,4,22.4,53.1,42.0,208.6,306.7
4564,1780419452100,0,4,22.5,49.6,45.8,206.8,313.8
4565,1780419452133,0,4,22.2,51.7,58.9,212.5,313.8
4566,1780419452167,0,4,22.4,52.1,39.9,203.8,324.0
4567,1780419452200,0,4,22.7,53.1,50.2,193.3,322.4
4568,1780419452233,0,4,22.5,48.6,37.4,181.0,313.9
4569,1780419452267,0,4,22.6,48.6,35.7,212.0,307.7
4570,1780419452300,0,4,22.6,50.1,24.5,191.8,307.7
4571,1780419452333,0,4,22.2,49.9,45.3,215.4,323.6
4572,1780419452367,0,4,22.5,50.5,43.5,189.3,301.8
4573,1780419452400,0,4,22.7,53.0,40.4,192.1,325.7
4574,1780419452433,0,4,22.2,51.8,35.5,191.0,328.4
4575,1780419452467,0,4,22.7,51.9,45.6,201.2,322.0
4576,1780419452500,0,4,22.4,51.7,55.2,200.5,331.3
4577,1780419452533,0,4,22.6,50.5,26.7,218.9,300.4
4578,1780419452567,0,4,22.2,50.2,38.8,216.6,322.1
4579,1780419452600,0,4,22.7,51.2,47.1,220.0,325.2
4580,1780419452633,0,4,22.6,53.2,53.8,183.1,327.8
4581,1780419452667,0,4,22.3,52.1,21.7,210.1,315.3
4582,1780419452700,0,4,22.3,50.5,29.6,216.8,328.2
4583,1780419452733,0,4,22.7,50.0,31.0,203.7,320.0
4584,1780419452767,0,4,22.5,52.3,41.7,199.4,314.6
4585,1780419452800,0,4,22.5,49.8,49.7,212.0,303.2
4586,1780419452833,0,4,22.6,51.3,50.7,186.9,324.6
4587,1780419452867,0,4,22.2,50.6,58.6,217.2,300.4
4588,1780419452900,0,4,22.6,52.9,55.5,198.0,339.3
4589,1780419452933,0,4,22.2,52.1,24.0,192.1,329.0
4590,1780419452967,0,4,22.6,49.2,39.8,196.4,307.4
4591,1780419453000,0,4,22.4,48.3,32.5,209.4,304.0
4592,1780419453033,0,4,22.5,49.8,41.4,183.3,339.3
4593,1780419453067,0,4,22.6,50.0,52.5,215.5,301.8
4594,1780419453100,0,4,22.7,49.6,47.7,210.9,309.4
4595,1780419453133,0,4,22.4,49.8,29.2,187.1,325.6
4596,1780419453167,0,4,22.3,52.8,29.7,184.4,336.6
4597,1780419453200,0,4,22.8,48.6,52.0,206.9,321.5
4598,1780419453233,0,4,22.6,52.9,45.5,217.2,315.6
4599,1780419453267,0,4,22.7,49.6,46.8,183.0,319.5
4600,1780419453300,0,4,22.3,53.1,40.1,213.8,335.4
4601,1780419453333,0,4,22.8,51.0,58.8,208.2,316.4
4602,1780419453367,0,4,22.4,51.1,49.9,201.1,324.4
4603,1780419453400,0,4,22.8,51.9,59.3,181.7,313.5
4604,1780419453433,0,4,22.6,52.7,43.5,183.1,304.0
4605,1780419453467,0,4,22.7,49.9,27.0,216.7,311.1
4606,1780419453500,0,4,22.6,49.7,42.0,182.7,316.7
4607,1780419453533,0,4,22.6,50.8,58.3,190.8,312.3
4608,1780419453567,0,4,22.4,53.6,54.4,185.8,309.6
4609,1780419453600,0,4,22.4,50.3,49.7,199.1,331.0
4610,1780419453633,0,4,22.5,53.4,54.4,186.9,326.2
4611,1780419453667,0,4,22.5,49.4,43.9,204.0,317.3
4612,1780419453700,0,4,22.6,48.3,29.4,190.7,315.9
4613,1780419453733,0,4,22.3,49.2,49.5,202.3,331.2
4614,1780419453767,0,4,22.3,50.1,21.6,200.3,335.2
4615,1780419453800,0,4,22.2,53.2,29.6,211.6,305.6
4616,1780419453833,0,4,22.6,52.4,22.6,216.3,307.8
4617,1780419453867,0,4,22.5,48.9,23.4,215.3,332.9
4618,1780419453900,0,4,22.3,53.9,32.2,197.1,300.8
4619,1780419453933,0,4,22.3,48.8,43.3,187.5,336.5
4620,1780419453967,0,4,22.4,51.4,52.2,192.9,305.4
4621,1780419454000,0,4,22.7,48.7,57.3,190.2,327.5
4622,1780419454033,0,4,22.2,49.7,23.3,199.3,319.9
4623,1780419454067,0,4,22.6,49.3,23.4,213.4,300.9
4624,1780419454100,0,4,22.5,53.8,36.7,218.0,336.4
4625,1780419454133,0,4,22.6,48.5,20.8,191.4,303.4
4626,1780419454167,0,4,22.5,51.6,55.7,196.8,330.5
4627,1780419454200,0,4,22.7,49.3,21.6,200.3,336.0
4628,1780419454233,0,4,22.6,52.5,21.4,202.1,318.9
4629,1780419454267,0,4,22.7,54.0,30.5,207.4,333.0
4630,1780419454300,0,4,22.8,49.1,54.6,210.6,327.7
4631,1780419454333,0,4,22.3,53.7,45.3,208.6,313.9
4632,1780419454367,0,4,22.3,49.2,54.0,186.0,311.1
4633,1780419454400,0,4,22.3,48.5,50.8,191.9,319.6
4634,1780419454433,0,4,22.2,50.2,26.8,201.6,318.3
4635,1780419454467,0,4,22.3,50.0,42.8,213.8,339.2
4636,1780419454500,0,4,22.5,48.1,58.1,182.5,302.5
4637,1780419454533,0,4,22.7,49.6,50.7,203.3,305.2
4638,1780419454567,0,4,22.8,52.2,55.2,206.3,324.9
4639,1780419454600,0,4,22.8,52.6,49.1,198.7,302.2
4640,1780419454633,0,4,22.4,53.8,54.2,183.8,301.8
4641,1780419454667,0,4,22.4,49.8,23.9,213.0,300.7
4642,1780419454700,0,4,22.6,50.5,20.5,196.8,314.2
4643,1780419454733,0,4,22.7,51.2,35.3,181.1,329.8
4644,1780419454767,0,4,22.4,52.8,55.3,186.3,304.3
4645,1780419454800,0,4,22.3,49.0,55.9,215.7,310.0
4646,1780419454833,0,4,22.6,52.0,48.0,217.1,335.5
4647,1780419454867,0,4,22.7,51.3,49.2,194.3,322.0
4648,1780419454900,0,4,22.7,49.3,59.4,201.1,332.9
4649,1780419454933,0,4,22.4,50.6,32.5,197.2,318.5
4650,1780419454967,0,4,22.6,54.0,43.1,209.7,314.6
4651,1780419455000,0,4,22.2,48.1,53.0,209.0,305.9
4652,1780419455033,0,4,22.3,53.6,28.3,195.8,307.7
4653,1780419455067,0,4,22.7,53.5,45.1,190.0,316.4
4654,1780419455100,0,4,22.5,50.9,35.5,192.5,302.4
4655,1780419455133,0,4,22.7,53.3,59.5,181.8,311.2
4656,1780419455167,0,4,22.3,50.2,46.3,194.1,318.1
4657,1780419455200,0,4,22.7,50.7,23.6,193.4,332.0
4658,1780419455233,0,4,22.7,49.5,49.4,203.5,309.7
4659,1780419455267,0,4,22.2,52.1,48.3,186.6,325.0
4660,1780419455300,0,4,22.4,48.8,22.1,190.6,318.2
4661,1780419455333,0,4,22.3,51.0,48.6,188.9,319.2
4662,1780419455367,0,4,22.8,49.2,32.7,190.5,321.3
4663,1780419455400,0,4,22.5,52.0,41.4,200.9,331.5
4664,1780419455433,0,4,22.3,48.1,24.6,210.7,320.8
4665,1780419455467,0,4,22.7,50.6,51.4,199.8,309.1
4666,1780419455500,0,4,22.3,52.1,51.2,214.7,320.6
4667,1780419455533,0,4,22.7,53.7,40.4,189.4,329.3
4668,1780419455567,0,4,22.7,51.6,33.3,207.6,320.9
4669,1780419455600,0,4,22.2,52.0,42.6,184.9,305.1
4670,1780419455633,0,4,22.8,48.4,45.9,198.3,328.0
4671,1780419455667,0,4,22.6,53.0,45.5,185.1,312.2
4672,1780419455700,0,4,22.7,51.2,37.1,211.5,326.9
4673,1780419455733,0,4,22.6,50.3,42.8,181.5,335.5
4674,1780419455767,0,4,22.7,53.1,39.8,194.4,311.9
4675,1780419455800,0,4,22.7,51.8,49.0,218.7,317.8
4676,1780419455833,0,4,22.8,49.0,27.7,214.6,339.9
4677,1780419455867,0,4,22.4,52.5,58.0,196.8,310.2
4678,1780419455900,0,4,22.2,53.8,28.6,215.4,322.8
4679,1780419455933,0,4,22.5,49.7,56.7,214.0,337.0
4680,1780419455967,0,4,22.3,50.3,30.0,191.9,309.5
4681,1780419456000,0,4,22.7,52.9,53.8,200.5,306.1
4682,1780419456033,0,4,22.8,52.2,27.6,200.9,304.5
4683,1780419456067,0,4,22.7,51.7,28.2,183.2,312.8
4684,1780419456100,0,4,22.6,49.5,23.1,211.7,318.3
4685,1780419456133,0,4,22.2,51.1,52.9,211.4,321.7
4686,1780419456167,0,4,22.7,53.7,45.7,216.4,307.7
4687,1780419456200,0,4,22.7,49.1,49.8,182.9,333.5
4688,1780419456233,0,4,22.8,49.4,49.3,209.9,325.6
4689,1780419456267,0,4,22.7,52.9,58.4,183.3,321.8
4690,1780419456300,0,4,22.3,50.7,30.5,187.9,330.2
4691,1780419456333,0,4,22.5,49.2,38.5,194.5,333.5
4692,1780419456367,0,4,22.3,53.2,56.8,204.9,311.8
4693,1780419456400,0,4,22.6,48.6,30.8,201.1,316.5
4694,1780419456433,0,4,22.3,48.6,53.3,212.3,338.0
4695,1780419456467,0,4,22.5,52.5,44.4,207.4,322.3
4696,1780419456500,0,4,22.5,49.8,53.7,203.4,329.3
4697,1780419456533,0,4,22.4,52.4,46.0,185.5,335.9
4698,1780419456567,0,4,22.3,50.5,44.5,189.8,321.8
4699,1780419456600,0,4,22.5,49.9,37.9,211.3,312.2
4700,1780419456633,0,4,22.7,48.9,28.3,201.2,307.2
4701,1780419456667,0,4,22.2,51.1,31.2,204.2,327.8
4702,1780419456700,0,4,22.3,49.0,40.0,200.1,328.0
4703,1780419456733,0,4,22.4,51.1,23.9,210.6,308.4
4704,1780419456767,0,4,22.7,50.3,24.5,195.7,310.5
4705,1780419456800,0,4,22.7,53.1,30.5,186.1,320.3
4706,1780419456833,0,4,22.7,53.7,21.7,197.5,329.5
4707,1780419456867,0,4,22.4,50.5,32.2,190.1,317.7
4708,1780419456900,0,4,22.7,52.3,50.3,188.7,333.6
4709,1780419456933,0,4,22.5,52.5,53.7,189.9,336.5
4710,1780419456967,0,4,22.5,51.9,33.7,209.2,320.2
4711,1780419457000,0,4,22.6,48.6,51.7,202.9,320.8
4712,1780419457033,0,4,22.8,52.4,38.9,182.7,318.1
4713,1780419457067,0,4,22.5,49.1,24.7,193.2,331.7
4714,1780419457100,0,4,22.7,53.9,34.1,218.4,313.3
4715,1780419457133,0,4,22.8,51.1,52.9,184.8,301.7
4716,1780419457167,0,4,22.8,48.2,26.6,186.6,314.2
4717,1780419457200,0,4,22.2,53.3,58.9,202.7,318.5
4718,1780419457233,0,4,22.7,49.9,27.9,201.6,314.5
4719,1780419457267,0,4,22.2,48.5,34.7,205.5,311.5
4720,1780419457300,0,4,22.2,52.9,40.1,197.9,331.1
4721,1780419457333,0,4,22.6,52.3,29.1,187.8,307.7
4722,1780419457367,0,4,22.7,52.4,37.0,196.7,337.7
4723,1780419457400,0,4,22.4,52.5,22.7,190.0,317.8
4724,1780419457433,0,4,22.6,52.2,52.3,214.5,338.0
4725,1780419457467,0,4,22.7,52.9,34.1,205.3,320.7
4726,1780419457500,0,4,22.5,51.7,30.9,193.2,302.4
4727,1780419457533,0,4,22.2,50.4,39.7,206.0,300.1
4728,1780419457567,0,4,22.8,49.9,27.7,210.2,328.1
4729,1780419457600,0,4,22.7,48.9,42.0,202.7,325.9
4730,1780419457633,0,4,22.7,50.6,34.2,210.3,323.2
4731,1780419457667,0,4,22.2,50.3,55.5,202.2,318.7
4732,1780419457700,0,4,22.3,51.8,26.4,214.0,306.0
4733,1780419457733,0,4,22.2,52.9,33.2,217.5,317.1
4734,1780419457767,0,4,22.5,52.8,22.7,195.8,334.4
4735,1780419457800,0,4,22.7,49.3,35.1,199.7,335.4
4736,1780419457833,0,4,22.4,49.0,39.2,190.9,312.6
4737,1780419457867,0,4,22.6,48.5,28.2,203.1,300.3
4738,1780419457900,0,4,22.7,50.3,45.5,193.9,303.8
4739,1780419457933,0,4,22.6,48.1,58.0,197.9,316.1
4740,1780419457967,0,4,22.2,52.5,45.9,216.6,336.7
4741,1780419458000,0,4,22.5,50.8,33.0,187.5,332.8
4742,1780419458033,0,4,22.2,49.6,48.6,192.2,322.9
4743,1780419458067,0,4,22.7,50.3,33.4,207.1,335.7
4744,1780419458100,0,4,22.5,52.2,26.4,199.8,311.7
4745,1780419458133,0,4,22.2,48.8,31.8,199.1,321.1
4746,1780419458167,0,4,22.3,48.6,26.7,197.8,335.7
4747,1780419458200,0,4,22.4,51.5,39.8,201.2,321.8
4748,1780419458233,0,4,22.5,52.2,59.7,193.0,330.9
4749,1780419458267,0,4,22.4,48.8,59.0,202.8,331.8
4750,1780419458300,0,4,22.5,48.2,50.9,207.7,323.6
4751,1780419458333,0,4,22.4,50.9,46.4,201.1,335.7
4752,1780419458367,0,4,22.2,49.9,27.1,208.9,308.1
4753,1780419458400,0,4,22.8,50.7,37.4,218.7,329.6
4754,1780419458433,0,4,22.5,52.5,56.5,198.6,319.6
4755,1780419458467,0,4,22.3,49.0,49.5,193.5,328.6
4756,1780419458500,0,4,22.6,50.7,35.6,198.6,300.4
4757,1780419458533,0,4,22.4,53.5,56.2,217.4,303.3
4758,1780419458567,0,4,22.4,48.7,22.5,188.1,326.4
4759,1780419458600,0,4,22.7,50.8,52.3,217.4,327.1
4760,1780419458633,0,4,22.4,50.8,27.5,192.0,316.0
4761,1780419458667,0,4,22.7,48.6,25.9,217.2,316.7
4762,1780419458700,0,4,22.6,52.6,59.2,209.2,331.5
4763,1780419458733,0,4,22.7,48.7,49.5,203.1,322.4
4764,1780419458767,0,4,22.5,48.3,58.6,190.3,303.8
4765,1780419458800,0,4,22.7,53.7,27.7,216.7,323.8
4766,1780419458833,0,4,22.3,51.3,49.4,185.6,303.4
4767,1780419458867,0,4,22.2,50.8,44.2,203.4,319.6
4768,1780419458900,0,4,22.5,51.1,24.5,190.3,300.3
4769,1780419458933,0,4,22.5,49.9,41.5,212.9,338.8
4770,1780419458967,0,4,22.3,50.8,37.5,195.0,317.0
4771,1780419459000,0,4,22.6,48.1,28.8,205.0,320.7
4772,1780419459033,0,4,22.5,52.2,36.4,181.7,309.4
4773,1780419459067,0,4,22.2,48.5,39.8,203.0,331.5
4774,1780419459100,0,4,22.3,50.0,22.8,211.4,314.0
4775,1780419459133,0,4,22.5,50.9,49.0,210.7,320.5
4776,1780419459167,0,4,22.7,49.2,41.3,195.3,300.6
4777,1780419459200,0,4,22.5,52.7,49.7,202.6,315.1
4778,1780419459233,0,4,22.3,51.8,26.7,209.1,322.1
4779,1780419459267,0,4,22.7,51.0,45.1,207.0,330.7
4780,1780419459300,0,4,22.7,49.0,28.6,184.3,311.0
4781,1780419459333,0,4,22.5,49.2,40.8,191.8,334.5
4782,1780419459367,0,4,22.7,48.9,41.1,185.8,307.2
4783,1780419459400,0,4,22.7,52.8,38.9,208.1,304.6
4784,1780419459433,0,4,22.5,53.1,54.9,184.3,312.1
4785,1780419459467,0,4,22.6,53.5,38.2,200.5,337.7
4786,1780419459500,0,4,22.2,52.8,28.4,217.5,328.7
4787,1780419459533,0,4,22.8,50.1,30.6,215.6,338.7
4788,1780419459567,0,4,22.2,49.8,47.9,210.2,317.1
4789,1780419459600,0,4,22.4,48.0,23.3,218.5,330.3
4790,1780419459633,0,4,22.5,50.0,42.2,181.9,317.9
4791,1780419459667,0,4,22.2,50.7,20.3,207.0,335.0
4792,1780419459700,0,4,22.2,48.8,23.4,206.1,313.3
4793,1780419459733,0,4,22.5,51.4,48.3,181.9,317.9
4794,1780419459767,0,4,22.7,53.2,21.8,206.6,310.6
4795,1780419459800,0,4,22.6,53.4,51.5,193.6,327.6
4796,1780419459833,0,4,22.7,51.7,47.1,194.7,323.7
4797,1780419459867,0,4,22.7,48.3,59.8,200.8,308.5
4798,1780419459900,0,4,22.4,53.0,40.4,205.4,321.8
4799,1780419459933,0,4,22.5,50.3,48.0,186.0,312.0
4800,1780419459967,0,4,22.5,53.3,26.6,212.1,304.1
4801,1780419460000,0,4,22.4,52.0,22.2,198.4,312.8
4802,1780419460033,0,4,22.7,48.3,46.6,183.9,316.0
4803,1780419460067,0,4,22.2,50.7,56.1,192.9,330.9
4804,1780419460100,0,4,22.2,49.6,39.7,210.9,305.3
4805,1780419460133,0,4,22.7,48.7,38.6,181.1,321.3
4806,1780419460167,0,4,22.7,51.0,41.4,210.2,332.3
4807,1780419460200,0,4,22.6,53.5,28.8,214.4,328.7
4808,1780419460233,0,4,22.5,53.5,53.0,192.8,323.4
4809,1780419460267,0,4,22.5,49.5,56.0,215.7,321.8
4810,1780419460300,0,4,22.3,51.5,59.9,196.7,302.2
4811,1780419460333,0,4,22.5,49.9,26.0,205.7,318.7
4812,1780419460367,0,4,22.3,50.8,50.7,197.3,319.3
4813,1780419460400,0,4,22.6,51.6,27.7,219.5,310.7
4814,1780419460433,0,4,22.2,51.8,54.1,194.8,316.8
4815,1780419460467,0,4,22.7,51.1,48.4,213.8,307.4
4816,1780419460500,0,4,22.6,53.6,52.3,197.9,318.4
4817,1780419460533,0,4,22.7,50.6,40.7,208.3,305.0
4818,1780419460567,0,4,22.5,49.4,29.1,208.6,325.4
4819,1780419460600,0,4,22.7,49.2,25.9,189.9,337.1
4820,1780419460633,0,4,22.7,51.6,34.7,183.0,326.6
4821,1780419460667,0,4,22.8,50.4,53.2,218.1,308.6
4822,1780419460700,0,4,22.7,51.0,52.4,195.6,319.4
4823,1780419460733,0,4,22.5,50.0,38.1,192.6,334.4
4824,1780419460767,0,4,22.5,51.7,53.6,197.5,308.8
4825,1780419460800,0,4,22.3,53.9,53.1,207.8,339.4
4826,1780419460833,0,4,22.7,49.5,47.8,189.1,329.3
4827,1780419460867,0,4,22.5,52.1,47.8,217.4,314.0
4828,1780419460900,0,4,22.6,53.5,59.0,208.7,325.4
4829,1780419460933,0,4,22.2,51.0,23.3,199.2,326.1
4830,1780419460967,0,4,22.6,52.9,40.8,184.0,332.4
4831,1780419461000,0,4,22.6,48.5,49.9,211.1,332.8
4832,1780419461033,0,4,22.2,49.3,47.4,180.2,310.8
4833,1780419461067,0,4,22.3,51.1,25.7,210.1,336.1
4834,1780419461100,0,4,22.6,53.6,42.3,184.7,325.4
4835,1780419461133,0,4,22.3,51.2,56.5,214.4,320.9
4836,1780419461167,0,4,22.5,50.5,28.4,183.5,310.4
4837,1780419461200,0,4,22.3,51.6,51.1,196.8,337.2
4838,1780419461233,0,4,22.3,50.8,30.5,182.0,327.3
4839,1780419461267,0,4,22.5,50.1,41.1,203.9,311.0
4840,1780419461300,0,4,22.7,53.0,50.0,213.7,334.4
4841,1780419461333,0,4,22.2,51.2,41.1,192.0,304.3
4842,1780419461367,0,4,22.5,52.5,24.4,185.5,312.5
4843,1780419461400,0,4,22.6,50.4,48.9,180.7,338.7
4844,1780419461433,0,4,22.3,49.4,45.5,210.8,333.5
4845,1780419461467,0,4,22.4,49.9,49.6,196.6,323.5
4846,1780419461500,0,4,22.5,51.9,30.7,211.1,339.7
4847,1780419461533,0,4,22.3,49.6,55.2,190.2,320.7
4848,1780419461567,0,4,22.3,53.5,47.1,217.2,302.9
4849,1780419461600,0,4,22.5,50.2,43.3,201.1,329.0
4850,1780419461633,0,4,22.5,49.5,47.2,218.4,332.2
4851,1780419461667,0,4,22.4,50.3,54.3,202.2,318.7
4852,1780419461700,0,4,22.7,51.7,50.7,196.1,302.5
4853,1780419461733,0,4,22.4,49.5,40.6,203.4,300.3
4854,1780419461767,0,4,22.4,49.0,35.7,194.9,317.5
4855,1780419461800,0,4,22.3,51.9,37.0,199.3,320.0
4856,1780419461833,0,4,22.2,50.1,44.4,217.0,326.5
4857,1780419461867,0,4,22.8,51.1,21.9,200.3,314.5
4858,1780419461900,0,4,22.6,52.4,22.3,207.9,334.9
4859,1780419461933,0,4,22.6,50.7,44.4,205.5,330.6
4860,1780419461967,0,4,22.8,52.6,56.2,201.6,320.2
4861,1780419462000,0,4,22.2,51.2,23.8,211.8,301.4
4862,1780419462033,0,4,22.5,53.9,54.4,197.7,337.6
4863,1780419462067,0,4,22.4,50.7,37.9,211.8,325.1
4864,1780419462100,0,4,22.3,49.4,58.8,205.0,332.6
4865,1780419462133,0,4,22.3,53.0,22.2,199.6,308.8
4866,1780419462167,0,4,22.7,48.7,32.9,190.6,333.9
4867,1780419462200,0,4,22.8,51.9,24.1,192.0,320.5
4868,1780419462233,0,4,22.4,50.4,46.0,180.2,339.6
4869,1780419462267,0,4,22.7,48.2,46.3,182.3,306.7
4870,1780419462300,0,4,22.4,53.2,57.7,182.4,315.5
4871,1780419462333,0,4,22.6,50.4,49.0,196.0,303.0
4872,1780419462367,0,4,22.4,48.1,27.2,206.2,332.1
4873,1780419462400,0,4,22.5,53.9,51.2,207.6,308.0
4874,1780419462433,0,4,22.8,52.1,25.1,204.5,333.7
4875,1780419462467,0,4,22.7,49.4,51.0,191.3,321.4
4876,1780419462500,0,4,22.3,52.5,30.3,216.9,301.9
4877,1780419462533,0,4,22.7,48.8,46.9,185.5,311.5
4878,1780419462567,0,4,22.7,48.2,50.2,212.7,315.4
4879,1780419462600,0,4,22.8,52.4,59.9,206.6,314.8
4880,1780419462633,0,4,22.4,53.9,44.4,185.2,320.7
4881,1780419462667,0,4,22.8,51.5,28.9,197.1,321.6
4882,1780419462700,0,4,22.5,50.9,40.5,192.5,300.1
4883,1780419462733,0,4,22.8,52.8,29.7,210.9,335.5
4884,1780419462767,0,4,22.2,50.1,37.6,204.0,306.0
4885,1780419462800,0,4,22.6,49.1,55.2,185.8,337.3
4886,1780419462833,0,4,22.2,52.3,30.8,182.6,317.7
4887,1780419462867,0,4,22.3,49.6,20.8,219.3,318.7
4888,1780419462900,0,4,22.3,49.7,27.8,200.8,311.5
4889,1780419462933,0,4,22.4,51.0,33.6,210.6,337.4
4890,1780419462967,0,4,22.5,51.9,52.7,198.8,312.6
4891,1780419463000,0,4,22.3,50.8,56.7,219.5,320.8
4892,1780419463033,0,4,22.5,50.0,57.6,210.8,305.7
4893,1780419463067,0,4,22.8,53.7,47.3,211.0,303.8
4894,1780419463100,0,4,22.3,52.7,30.2,201.9,302.1
4895,1780419463133,0,4,22.3,49.0,52.3,182.5,325.4
4896,1780419463167,0,4,22.4,50.5,47.3,211.6,313.7
4897,1780419463200,0,4,22.5,51.0,39.7,212.9,304.8
4898,1780419463233,0,4,22.5,51.5,58.1,217.6,322.8
4899,1780419463267,0,4,22.7,50.7,57.5,183.7,314.4
4900,1780419463300,0,4,22.6,51.3,35.5,215.1,324.3
4901,1780419463333,0,4,22.5,49.8,55.3,199.5,326.2
4902,1780419463367,0,4,22.8,49.8,53.4,183.8,329.5
4903,1780419463400,0,4,22.6,50.6,40.4,192.7,307.7
4904,1780419463433,0,4,22.6,48.8,39.9,183.9,336.1
4905,1780419463467,0,4,22.7,49.5,49.0,194.5,321.9
4906,1780419463500,0,4,22.3,51.3,40.3,186.5,329.0
4907,1780419463533,0,4,22.8,48.2,56.3,198.8,313.6
4908,1780419463567,0,4,22.6,50.7,44.7,213.7,300.0
4909,1780419463600,0,4,22.8,49.5,58.1,180.6,314.7
4910,1780419463633,0,4,22.2,52.6,41.5,202.5,332.3
4911,1780419463667,0,4,22.3,53.5,56.6,180.2,310.1
4912,1780419463700,0,4,22.6,49.5,59.7,199.8,338.8
4913,1780419463733,0,4,22.2,49.9,59.0,208.4,326.3
4914,1780419463767,0,4,22.5,49.0,24.7,197.0,305.8
4915,1780419463800,0,4,22.3,50.6,57.1,215.8,308.1
4916,1780419463833,0,4,22.3,49.8,26.6,202.4,305.5
4917,1780419463867,0,4,22.5,52.9,25.6,201.3,305.4
4918,1780419463900,0,4,22.2,48.6,48.4,199.7,306.6
4919,1780419463933,0,4,22.6,50.5,22.1,193.1,306.7
4920,1780419463967,0,4,22.3,49.1,47.9,208.1,301.8
4921,1780419464000,0,4,22.6,50.8,47.3,206.1,336.4
4922,1780419464033,0,4,22.8,53.4,25.2,193.0,316.3
4923,1780419464067,0,4,22.6,52.0,44.0,192.9,301.5
4924,1780419464100,0,4,22.5,53.3,36.9,186.7,334.1
4925,1780419464133,0,4,22.4,49.5,34.2,204.8,333.9
4926,1780419464167,0,4,22.2,49.3,59.5,192.3,300.1
4927,1780419464200,0,4,22.6,48.4,32.7,190.7,314.5
4928,1780419464233,0,4,22.3,53.8,24.6,216.4,300.7
4929,1780419464267,0,4,22.8,48.4,23.8,209.8,307.6
4930,1780419464300,0,4,22.4,49.2,47.9,180.1,317.7
4931,1780419464333,0,4,22.6,53.4,45.7,209.8,317.3
4932,1780419464367,0,4,22.5,52.3,22.2,205.3,304.7
4933,1780419464400,0,4,22.7,52.7,43.5,188.0,300.0
4934,1780419464433,0,4,22.6,52.9,32.6,210.6,337.3
4935,1780419464467,0,4,22.3,50.4,20.3,184.6,316.4
4936,1780419464500,0,4,22.2,53.0,42.3,196.1,319.9
4937,1780419464533,0,4,22.2,49.4,34.1,183.2,331.8
4938,1780419464567,0,4,22.4,53.2,44.2,180.7,308.5
4939,1780419464600,0,4,22.4,50.4,31.3,207.5,321.9
4940,1780419464633,0,4,22.7,53.2,34.4,211.0,337.1
4941,1780419464667,0,4,22.5,52.1,56.6,200.4,305.2
4942,1780419464700,0,4,22.4,51.6,35.8,217.2,302.9
4943,1780419464733,0,4,22.5,50.8,41.1,183.3,314.7
4944,1780419464767,0,4,22.3,50.6,58.5,188.3,339.3
4945,1780419464800,0,4,22.6,53.4,48.5,207.3,321.2
4946,1780419464833,0,4,22.5,48.3,49.0,185.6,308.0
4947,1780419464867,0,4,22.6,52.6,46.4,217.6,318.6
4948,1780419464900,0,4,22.7,51.1,49.4,182.0,314.5
4949,1780419464933,0,4,22.4,54.0,39.2,211.8,322.2
4950,1780419464967,0,4,22.4,54.0,44.6,203.1,327.6
4951,1780419465000,0,4,22.3,49.9,29.2,181.2,321.1
4952,1780419465033,0,4,22.7,53.5,23.8,209.7,313.7
4953,1780419465067,0,4,22.4,49.0,31.9,212.0,337.8
4954,1780419465100,0,4,22.6,48.6,20.3,196.3,330.5
4955,1780419465133,0,4,22.3,51.3,40.8,187.6,334.5
4956,1780419465167,0,4,22.7,51.1,54.5,201.4,335.3
4957,1780419465200,0,4,22.6,50.9,53.9,211.6,334.0
4958,1780419465233,0,4,22.8,51.5,44.2,184.7,333.4
4959,1780419465267,0,4,22.3,48.2,30.0,198.6,328.6
4960,1780419465300,0,4,22.5,48.3,44.2,216.1,333.3
4961,1780419465333,0,4,22.2,49.5,25.9,200.0,313.9
4962,1780419465367,0,4,22.7,49.3,52.0,182.9,326.2
4963,1780419465400,0,4,22.5,51.5,52.2,182.7,331.7
4964,1780419465433,0,4,22.3,51.4,58.4,187.0,313.1
4965,1780419465467,0,4,22.5,50.7,51.3,205.3,330.9
4966,1780419465500,0,4,22.3,49.5,37.1,219.2,307.3
4967,1780419465533,0,4,22.3,53.5,40.1,209.0,319.6
4968,1780419465567,0,4,22.4,51.2,30.5,215.9,338.1
4969,1780419465600,0,4,22.2,53.4,57.2,192.2,324.9
4970,1780419465633,0,4,22.3,52.2,21.1,214.4,333.5
4971,1780419465667,0,4,22.7,48.2,33.1,182.4,328.2
4972,1780419465700,0,4,22.8,48.2,58.7,216.3,318.7
4973,1780419465733,0,4,22.4,48.8,26.7,204.0,334.8
4974,1780419465767,0,4,22.8,50.1,24.2,192.0,311.1
4975,1780419465800,0,4,22.5,49.5,54.3,217.0,320.6
4976,1780419465833,0,4,22.6,53.0,32.4,219.3,305.1
4977,1780419465867,0,4,22.4,50.9,55.6,216.7,309.4
4978,1780419465900,0,4,22.6,51.4,52.0,193.8,303.5
4979,1780419465933,0,4,22.8,49.2,32.1,185.9,333.1
4980,1780419465967,0,4,22.6,53.1,46.9,188.6,313.7
4981,1780419466000,0,4,22.3,48.6,28.8,212.1,331.2
4982,1780419466033,0,4,22.8,50.5,21.8,191.9,325.2
4983,1780419466067,0,4,22.8,49.2,42.3,211.0,300.1
4984,1780419466100,0,4,22.8,52.3,40.9,214.3,308.5
4985,1780419466133,0,4,22.7,49.3,59.4,183.2,311.0
4986,1780419466167,0,4,22.4,52.5,43.2,215.4,300.2
4987,1780419466200,0,4,22.7,50.3,51.2,192.2,300.2
4988,1780419466233,0,4,22.6,51.5,28.9,203.3,324.8
4989,1780419466267,0,4,22.8,52.5,55.4,195.8,302.4
4990,1780419466300,0,4,22.8,53.7,52.5,201.7,332.3
4991,1780419466333,0,4,22.4,50.2,39.6,194.7,320.6
4992,1780419466367,0,4,22.5,52.1,59.3,191.8,313.6
4993,1780419466400,0,4,22.8,48.2,59.9,207.4,312.4
4994,1780419466433,0,4,22.4,53.9,58.6,204.4,307.3
4995,1780419466467,0,4,22.3,48.8,38.5,210.2,307.9
4996,1780419466500,0,4,22.6,48.7,58.5,180.5,313.1
4997,1780419466533,0,4,22.2,53.8,37.1,215.8,331.2
4998,1780419466567,0,4,22.5,53.8,50.3,192.9,306.6
4999,1780419466600,0,4,22.7,50.2,28.8,212.9,320.4
5000,1780419466633,0,4,22.4,50.3,31.1,189.1,316.7
5001,1780419466667,0,4,22.3,53.8,43.6,212.4,334.0
5002,1780419466700,0,4,22.6,51.4,38.9,187.1,324.1
5003,1780419466733,0,4,22.3,50.5,29.3,218.2,306.4
5004,1780419466767,0,4,22.3,52.6,37.7,213.4,329.2
5005,1780419466800,0,4,22.4,52.3,48.1,182.3,325.7
5006,1780419466833,0,4,22.8,50.5,48.1,189.4,335.9
5007,1780419466867,0,4,22.5,53.5,47.9,209.2,328.2
5008,1780419466900,0,4,22.7,51.9,47.4,213.1,337.2
5009,1780419466933,0,4,22.6,48.3,48.0,210.5,322.1
5010,1780419466967,0,4,22.4,51.1,57.6,183.2,320.9
5011,1780419467000,0,4,22.8,50.6,34.1,195.8,326.9
5012,1780419467033,0,4,22.6,49.3,55.3,210.4,316.5
5013,1780419467067,0,4,22.6,49.2,57.7,186.1,308.1
5014,1780419467100,0,4,22.3,49.5,21.9,186.5,302.1
5015,1780419467133,0,4,22.2,49.6,36.3,180.8,324.7
5016,1780419467167,0,4,22.7,49.2,43.7,217.4,308.3
5017,1780419467200,0,4,22.2,50.4,21.8,215.6,332.6
5018,1780419467233,0,4,22.3,50.8,22.0,183.2,307.9
5019,1780419467267,0,4,22.5,53.4,37.9,188.4,308.6
5020,1780419467300,0,4,22.5,51.1,32.3,200.0,328.4
5021,1780419467333,0,4,22.7,48.4,25.6,180.2,335.4
5022,1780419467367,0,4,22.5,48.9,22.3,219.8,305.6
5023,1780419467400,0,4,22.4,50.1,46.2,197.4,331.5
5024,1780419467433,0,4,22.8,48.4,37.4,219.2,324.8
5025,1780419467467,0,4,22.6,53.9,52.7,193.1,339.9
5026,1780419467500,0,4,22.7,53.3,35.9,206.0,314.0
5027,1780419467533,0,4,22.3,50.1,35.9,209.7,327.8
5028,1780419467567,0,4,22.5,50.6,43.7,201.0,339.9
5029,1780419467600,0,4,22.4,48.6,35.0,200.9,302.3
5030,1780419467633,0,4,22.6,48.0,39.1,189.1,307.2
5031,1780419467667,0,4,22.2,50.7,42.1,199.3,323.5
5032,1780419467700,0,4,22.3,48.7,33.1,218.1,311.7
5033,1780419467733,0,4,22.8,51.9,39.2,187.4,326.0
5034,1780419467767,0,4,22.6,52.2,50.7,201.7,319.4
5035,1780419467800,0,4,22.4,48.3,39.9,219.5,335.0
5036,1780419467833,0,4,22.8,52.7,59.6,188.9,340.0
5037,1780419467867,0,4,22.7,50.1,57.5,209.3,334.7
5038,1780419467900,0,4,22.6,52.0,45.5,208.2,314.5
5039,1780419467933,0,4,22.2,52.8,55.0,198.3,304.4
5040,1780419467967,0,4,22.2,53.7,59.8,181.5,328.1
5041,1780419468000,0,4,22.7,52.9,37.1,196.4,325.9
5042,1780419468033,0,4,22.7,49.5,44.5,216.4,338.5
5043,1780419468067,0,4,22.7,52.3,57.4,199.1,305.6
5044,1780419468100,0,4,22.4,51.2,34.8,191.0,325.4
5045,1780419468133,0,4,22.3,53.5,28.3,181.0,302.3
5046,1780419468167,0,4,22.2,52.3,49.1,207.4,325.9
5047,1780419468200,0,4,22.8,53.5,44.4,186.3,312.6
5048,1780419468233,0,4,22.7,53.6,43.4,219.5,306.8
5049,1780419468267,0,4,22.4,52.3,52.8,205.8,337.7
5050,1780419468300,0,4,22.3,50.6,46.7,180.2,335.9
5051,1780419468333,0,4,22.3,52.4,59.6,205.2,321.7
5052,1780419468367,0,4,22.7,53.9,25.6,192.4,333.0
5053,1780419468400,0,4,22.5,48.5,57.5,215.8,315.3
5054,1780419468433,0,4,22.4,53.3,48.4,186.5,322.9
5055,1780419468467,0,4,22.4,50.2,47.4,206.7,332.3
5056,1780419468500,0,4,22.7,49.9,31.7,188.9,320.1
5057,1780419468533,0,4,22.6,53.3,37.2,186.2,313.1
5058,1780419468567,0,4,22.5,53.5,56.6,216.6,314.9
5059,1780419468600,0,4,22.3,52.6,46.3,214.2,309.8
5060,1780419468633,0,4,22.5,53.0,44.7,193.7,325.0
5061,1780419468667,0,4,22.3,49.7,22.4,211.4,319.0
5062,1780419468700,0,4,22.7,53.6,48.4,198.8,302.8
5063,1780419468733,0,4,22.2,53.2,39.8,193.3,302.0
5064,1780419468767,0,4,22.7,50.1,38.6,202.8,332.1
5065,1780419468800,0,4,22.4,49.0,34.6,182.2,309.4
5066,1780419468833,0,4,22.4,51.2,40.2,195.3,329.2
5067,1780419468867,0,4,22.3,50.0,43.6,197.7,331.7
5068,1780419468900,0,4,22.5,52.3,50.3,200.2,309.9
5069,1780419468933,0,4,22.7,51.8,42.4,189.4,337.2
5070,1780419468967,0,4,22.7,48.0,42.2,204.2,300.2
5071,1780419469000,0,4,22.7,53.1,20.4,181.6,302.3
5072,1780419469033,0,4,22.3,51.0,31.5,192.0,333.0
5073,1780419469067,0,4,22.5,50.4,48.8,186.8,331.4
5074,1780419469100,0,4,22.3,48.5,50.3,211.8,314.1
5075,1780419469133,0,4,22.6,52.9,40.9,218.2,317.7
5076,1780419469167,0,4,22.7,53.9,34.3,204.6,312.6
5077,1780419469200,0,4,22.3,49.6,53.1,200.7,335.8
5078,1780419469233,0,4,22.4,52.9,58.8,197.9,313.3
5079,1780419469267,0,4,22.7,51.6,30.7,184.4,335.8
5080,1780419469300,0,4,22.7,53.0,44.0,190.7,310.8
5081,1780419469333,0,4,22.7,50.5,47.6,208.9,307.9
5082,1780419469367,0,4,22.5,48.0,31.2,196.3,334.1
5083,1780419469400,0,4,22.5,49.7,35.1,203.4,313.1
5084,1780419469433,0,4,22.4,50.0,54.5,194.3,329.4
5085,1780419469467,0,4,22.3,51.7,27.6,219.0,338.2
5086,1780419469500,0,4,22.7,48.1,22.6,201.7,313.7
5087,1780419469533,0,4,22.3,54.0,38.3,196.1,336.7
5088,1780419469567,0,4,22.5,48.0,32.1,190.8,320.8
5089,1780419469600,0,4,22.3,51.8,30.8,216.9,330.8
5090,1780419469633,0,4,22.6,53.8,34.3,205.3,316.5
5091,1780419469667,0,4,22.5,54.0,21.1,195.9,337.3
5092,1780419469700,0,4,22.5,53.5,54.6,212.9,335.9
5093,1780419469733,0,4,22.7,52.3,49.7,214.7,323.3
5094,1780419469767,0,4,22.2,48.6,55.9,194.6,327.3
5095,1780419469800,0,4,22.3,51.6,35.4,219.1,335.7
5096,1780419469833,0,4,22.3,51.9,51.9,208.2,319.1
5097,1780419469867,0,4,22.5,50.2,25.4,200.7,334.4
5098,1780419469900,0,4,22.6,49.3,31.3,185.6,306.3
5099,1780419469933,0,4,22.7,51.6,36.3,203.3,334.7
5100,1780419469967,0,4,22.7,52.7,21.9,216.0,332.0
5101,1780419470000,0,4,22.3,51.7,22.9,188.8,320.6
5102,1780419470033,0,4,22.6,53.5,49.8,183.5,325.2
5103,1780419470067,0,4,22.3,52.0,56.3,203.6,339.3
5104,1780419470100,0,4,22.5,52.2,58.4,205.0,336.7
5105,1780419470133,0,4,22.2,52.6,37.8,199.4,330.8
5106,1780419470167,0,4,22.7,53.8,50.1,213.2,321.7
5107,1780419470200,0,4,22.4,51.5,43.6,183.7,332.8
5108,1780419470233,0,4,22.6,51.5,55.6,200.1,338.4
5109,1780419470267,0,4,22.5,51.9,42.0,204.7,305.7
5110,1780419470300,0,4,22.6,49.1,35.1,190.8,312.9
5111,1780419470333,0,4,22.7,52.8,34.7,203.5,339.8
5112,1780419470367,0,4,22.4,52.8,54.3,181.3,317.6
5113,1780419470400,0,4,22.3,49.6,58.7,194.3,328.2
5114,1780419470433,0,4,22.5,52.6,44.9,190.9,314.5
5115,1780419470467,0,4,22.2,50.6,36.0,186.4,309.3
5116,1780419470500,0,4,22.2,53.5,43.0,185.7,305.2
5117,1780419470533,0,4,22.3,53.8,46.3,188.1,301.9
5118,1780419470567,0,4,22.3,48.4,49.3,208.1,328.1
5119,1780419470600,0,4,22.2,52.2,33.3,202.2,309.8
5120,1780419470633,0,4,22.7,50.7,28.7,210.7,305.3
5121,1780419470667,0,4,22.5,51.5,38.7,208.0,302.3
5122,1780419470700,0,4,22.7,50.2,52.1,215.3,309.5
5123,1780419470733,0,4,22.4,53.8,33.4,204.5,335.6
5124,1780419470767,0,4,22.8,51.7,20.8,188.6,323.1
5125,1780419470800,0,4,22.5,53.0,22.7,198.7,326.2
5126,1780419470833,0,4,22.3,50.1,31.9,193.4,301.4
5127,1780419470867,0,4,22.4,52.5,31.0,206.0,320.3
5128,1780419470900,0,4,22.3,53.8,54.7,180.8,315.7
5129,1780419470933,0,4,22.7,53.4,49.5,206.1,301.3
5130,1780419470967,0,4,22.3,50.6,32.3,204.3,330.8
5131,1780419471000,0,4,22.8,49.5,53.1,206.2,319.6
5132,1780419471033,0,4,22.3,50.5,25.1,183.7,318.1
5133,1780419471067,0,4,22.3,51.3,34.7,204.2,333.7
5134,1780419471100,0,4,22.7,51.4,26.1,215.1,335.9
5135,1780419471133,0,4,22.5,53.7,53.8,216.1,313.3
5136,1780419471167,0,4,22.6,48.5,42.9,198.2,326.5
5137,1780419471200,0,4,22.2,50.8,39.3,208.3,331.4
5138,1780419471233,0,4,22.4,53.9,52.6,208.7,315.0
5139,1780419471267,0,4,22.3,50.2,44.1,183.4,321.2
5140,1780419471300,0,4,22.7,53.2,59.7,203.4,301.3
5141,1780419471333,0,4,22.5,52.4,36.8,219.7,329.2
5142,1780419471367,0,4,22.7,49.8,55.8,189.7,338.3
5143,1780419471400,0,4,22.8,53.1,37.9,215.5,333.5
5144,1780419471433,0,4,22.7,51.3,33.4,183.7,324.8
5145,1780419471467,0,4,22.5,49.4,31.0,217.0,325.3
5146,1780419471500,0,4,22.8,48.2,35.3,202.2,309.8
5147,1780419471533,0,4,22.6,52.3,58.2,202.3,305.4
5148,1780419471567,0,4,22.4,48.5,22.9,206.2,339.7
5149,1780419471600,0,4,22.2,48.3,40.6,200.9,339.1
5150,1780419471633,0,4,22.7,48.7,50.3,188.6,319.5
5151,1780419471667,0,4,22.3,48.1,29.5,190.4,331.3
5152,1780419471700,0,4,22.8,51.6,30.1,202.0,326.6
5153,1780419471733,0,4,22.7,49.1,37.7,212.7,320.1
5154,1780419471767,0,4,22.7,48.8,40.5,183.1,333.5
5155,1780419471800,0,4,22.7,53.9,29.4,202.1,330.5
5156,1780419471833,0,4,22.8,48.7,31.3,186.0,325.1
5157,1780419471867,0,4,22.8,50.3,29.0,185.3,309.2
5158,1780419471900,0,4,22.8,50.1,23.0,219.3,337.5
5159,1780419471933,0,4,22.4,51.3,41.5,203.1,322.3
5160,1780419471967,0,4,22.7,51.9,36.7,217.1,319.8
5161,1780419472000,0,4,22.5,48.1,59.7,208.9,334.7
5162,1780419472033,0,4,22.4,49.2,40.5,218.9,310.5
5163,1780419472067,0,4,22.4,50.9,23.8,181.8,315.5
5164,1780419472100,0,4,22.5,53.5,27.5,218.9,320.7
5165,1780419472133,0,4,22.7,51.2,45.6,181.0,311.8
5166,1780419472167,0,4,22.3,51.7,21.8,217.1,332.1
5167,1780419472200,0,4,22.5,52.4,28.1,197.7,314.4
5168,1780419472233,0,4,22.3,48.9,44.2,190.0,316.0
5169,1780419472267,0,4,22.5,51.8,58.7,194.6,328.0
5170,1780419472300,0,4,22.6,53.0,30.5,189.3,335.2
5171,1780419472333,0,4,22.6,48.4,29.3,202.4,318.6
5172,1780419472367,0,4,22.3,50.8,30.5,189.5,328.4
5173,1780419472400,0,4,22.4,52.4,44.2,215.1,310.6
5174,1780419472433,0,4,22.4,48.1,43.8,193.0,324.5
5175,1780419472467,0,4,22.4,53.3,47.1,210.2,329.5
5176,1780419472500,0,4,22.8,50.8,24.4,219.0,312.0
5177,1780419472533,0,4,22.3,50.9,53.9,211.4,333.5
5178,1780419472567,0,4,22.6,49.3,25.6,208.2,326.2
5179,1780419472600,0,4,22.7,49.8,53.6,207.3,307.6
5180,1780419472633,0,4,22.3,53.1,56.6,202.5,336.7
5181,1780419472667,0,4,22.8,51.8,51.7,201.4,332.6
5182,1780419472700,0,4,22.4,52.1,37.0,182.5,300.0
5183,1780419472733,0,4,22.6,49.5,22.0,197.5,331.8
5184,1780419472767,0,4,22.5,53.9,45.4,199.2,331.4
5185,1780419472800,0,4,22.6,49.7,53.7,208.5,307.0
5186,1780419472833,0,4,22.7,51.9,32.2,209.3,319.0
5187,1780419472867,0,4,22.7,49.1,23.2,201.3,314.0
5188,1780419472900,0,4,22.8,52.2,41.5,208.6,338.3
5189,1780419472933,0,4,22.8,49.1,50.1,202.7,318.7
5190,1780419472967,0,4,22.7,53.1,57.3,191.1,332.0
5191,1780419473000,0,4,22.3,52.8,26.9,184.6,322.8
5192,1780419473033,0,4,22.5,53.9,52.0,183.0,305.3
5193,1780419473067,0,4,22.8,53.9,20.5,207.5,304.8
5194,1780419473100,0,4,22.6,48.8,35.0,186.9,328.3
5195,1780419473133,0,4,22.5,50.7,33.0,206.5,327.9
5196,1780419473167,0,4,22.8,51.1,50.4,188.8,320.7
5197,1780419473200,0,4,22.5,53.9,59.2,219.6,333.0
5198,1780419473233,0,4,22.2,50.6,57.7,219.7,315.4
5199,1780419473267,0,4,22.6,53.0,26.4,203.6,320.4
5200,1780419473300,0,4,22.4,48.8,49.8,199.2,312.8
5201,1780419473333,0,4,22.7,53.3,56.2,210.7,320.8
5202,1780419473367,0,4,22.6,50.3,42.6,201.5,314.1
5203,1780419473400,0,4,22.7,48.6,46.9,210.8,310.2
5204,1780419473433,0,4,22.3,49.2,20.4,209.1,332.7
5205,1780419473467,0,4,22.8,49.6,36.7,199.6,302.6
5206,1780419473500,0,4,22.5,48.3,32.1,216.0,335.7
5207,1780419473533,0,4,22.2,52.3,39.7,196.6,321.9
5208,1780419473567,0,4,22.7,48.4,31.8,204.6,316.5
5209,1780419473600,0,4,22.3,49.0,50.5,203.3,326.6
5210,1780419473633,0,4,22.7,52.7,53.3,189.5,302.7
5211,1780419473667,0,4,22.2,49.5,48.1,181.8,312.0
5212,1780419473700,0,4,22.7,49.1,47.3,218.6,316.0
5213,1780419473733,0,4,22.6,52.3,45.5,202.6,315.4
5214,1780419473767,0,4,22.4,48.6,28.0,203.6,310.6
5215,1780419473800,0,4,22.3,49.6,50.4,188.7,321.3
5216,1780419473833,0,4,22.7,48.4,40.2,204.2,330.3
5217,1780419473867,0,4,22.7,48.9,24.4,189.4,313.3
5218,1780419473900,0,4,22.7,50.2,51.6,185.9,333.1
5219,1780419473933,0,4,22.2,51.6,43.6,193.3,308.1
5220,1780419473967,0,4,22.3,49.0,59.1,210.0,305.7
5221,1780419474000,0,4,22.3,53.9,50.0,185.9,320.2
5222,1780419474033,0,4,22.4,53.6,24.0,215.8,326.4
5223,1780419474067,0,4,22.7,48.5,59.8,193.0,325.1
5224,1780419474100,0,4,22.6,49.9,27.6,207.2,300.1
5225,1780419474133,0,4,22.8,53.9,51.1,183.8,311.3
5226,1780419474167,0,4,22.7,48.3,20.5,188.9,314.4
5227,1780419474200,0,4,22.3,50.5,44.4,195.2,336.1
5228,1780419474233,0,4,22.2,48.8,56.6,202.9,318.6
5229,1780419474267,0,4,22.6,53.6,24.8,194.3,324.0
5230,1780419474300,0,4,22.7,50.6,22.0,181.8,316.4
5231,1780419474333,0,4,22.7,48.1,30.8,211.2,311.7
5232,1780419474367,0,4,22.6,52.6,32.3,189.1,321.3
5233,1780419474400,0,4,22.5,51.7,55.1,210.6,335.1
5234,1780419474433,0,4,22.7,53.4,28.3,193.8,306.2
5235,1780419474467,0,4,22.8,51.1,23.6,212.2,337.9
5236,1780419474500,0,4,22.7,51.9,40.5,212.2,334.3
5237,1780419474533,0,4,22.4,50.6,32.1,200.7,311.1
5238,1780419474567,0,4,22.7,52.2,45.7,185.6,311.5
5239,1780419474600,0,4,22.5,50.5,32.7,189.2,328.4
5240,1780419474633,0,4,22.3,48.2,44.1,181.0,314.0
5241,1780419474667,0,4,22.4,51.8,59.1,196.5,310.0
5242,1780419474700,0,4,22.7,50.8,52.5,202.5,328.7
5243,1780419474733,0,4,22.7,49.1,20.4,211.7,328.1
5244,1780419474767,0,4,22.4,49.6,54.1,207.7,309.9
5245,1780419474800,0,4,22.8,53.4,56.3,200.1,311.6
5246,1780419474833,0,4,22.6,49.9,50.7,213.4,306.2
5247,1780419474867,0,4,22.4,52.2,47.8,206.8,303.2
5248,1780419474900,0,4,22.4,50.3,59.5,190.4,319.3
5249,1780419474933,0,4,22.5,51.9,54.9,189.9,318.5
5250,1780419474967,0,4,22.3,49.6,29.6,218.3,316.9
5251,1780419475000,0,4,22.5,51.2,25.6,189.7,305.8
5252,1780419475033,0,4,22.3,50.2,46.0,210.7,305.8
5253,1780419475067,0,4,22.3,50.4,41.5,208.6,318.5
5254,1780419475100,0,4,22.3,48.8,45.3,216.3,322.1
5255,1780419475133,0,4,22.6,52.5,54.6,215.7,328.6
5256,1780419475167,0,4,22.5,53.9,50.6,205.3,306.0
5257,1780419475200,0,4,22.7,48.7,28.6,217.5,309.9
5258,1780419475233,0,4,22.5,48.8,23.6,192.5,318.6
5259,1780419475267,0,4,22.8,51.7,36.9,183.5,310.8
5260,1780419475300,0,4,22.5,50.6,52.2,191.9,329.4
5261,1780419475333,0,4,22.4,48.5,43.2,208.2,326.3
5262,1780419475367,0,4,22.7,49.4,25.1,180.1,338.0
5263,1780419475400,0,4,22.4,51.1,39.8,189.0,315.8
5264,1780419475433,0,4,22.4,50.2,31.8,182.3,304.9
5265,1780419475467,0,4,22.3,51.7,31.8,219.0,303.2
5266,1780419475500,0,4,22.6,48.7,54.3,204.1,331.8
5267,1780419475533,0,4,22.5,52.4,42.3,197.4,332.4
5268,1780419475567,0,4,22.3,51.1,40.7,193.5,300.4
5269,1780419475600,0,4,22.7,48.3,27.7,219.8,319.4
5270,1780419475633,0,4,22.6,51.6,21.6,199.0,319.2
5271,1780419475667,0,4,22.8,51.2,28.8,211.4,316.5
5272,1780419475700,0,4,22.3,52.6,59.3,202.3,327.6
5273,1780419475733,0,4,22.7,52.3,28.5,201.6,322.7
5274,1780419475767,0,4,22.5,48.6,55.3,198.0,308.1
5275,1780419475800,0,4,22.8,52.7,26.8,206.6,331.8
5276,1780419475833,0,4,22.7,52.3,53.2,188.4,318.5
5277,1780419475867,0,4,22.4,53.9,29.2,205.6,329.2
5278,1780419475900,0,4,22.5,49.0,27.1,202.1,324.9
5279,1780419475933,0,4,22.4,48.8,23.9,207.4,332.6
5280,1780419475967,0,4,22.5,51.4,29.2,206.3,340.0
5281,1780419476000,0,4,22.4,49.2,44.5,205.8,301.6
5282,1780419476033,0,4,22.7,53.9,25.6,206.0,311.6
5283,1780419476067,0,4,22.6,51.7,30.7,187.7,332.6
5284,1780419476100,0,4,22.2,48.3,30.7,203.5,301.2
5285,1780419476133,0,4,22.5,53.1,36.2,189.0,336.7
5286,1780419476167,0,4,22.7,53.8,35.7,182.1,321.9
5287,1780419476200,0,4,22.2,52.8,40.1,202.8,331.9
5288,1780419476233,0,4,22.3,49.3,55.9,218.8,308.3
5289,1780419476267,0,4,22.5,50.0,31.7,204.4,323.2
5290,1780419476300,0,4,22.8,53.8,23.7,192.5,304.2
5291,1780419476333,0,4,22.4,48.8,33.3,180.6,326.5
5292,1780419476367,0,4,22.2,53.9,55.4,204.3,324.8
5293,1780419476400,0,4,22.4,49.3,37.6,190.0,320.9
5294,1780419476433,0,4,22.7,49.9,40.7,182.5,331.3
5295,1780419476467,0,4,22.5,51.3,27.4,197.7,337.0
5296,1780419476500,0,4,22.6,50.3,54.9,187.8,323.6
5297,1780419476533,0,4,22.5,50.4,36.4,200.6,319.9
5298,1780419476567,0,4,22.3,52.2,50.9,219.2,316.6
5299,1780419476600,0,4,22.2,52.3,32.9,190.9,307.7
5300,1780419476633,0,4,22.3,48.3,46.7,200.0,308.6
5301,1780419476667,0,4,22.5,52.0,48.9,206.7,326.7
5302,1780419476700,0,4,22.3,53.7,41.2,209.0,308.6
5303,1780419476733,0,4,22.2,51.5,36.6,205.3,320.6
5304,1780419476767,0,4,22.7,53.0,53.7,208.1,332.7
5305,1780419476800,0,4,22.6,51.6,53.9,186.0,325.7
5306,1780419476833,0,4,22.5,50.7,56.2,183.1,302.5
5307,1780419476867,0,4,22.5,52.2,37.1,187.6,327.5
5308,1780419476900,0,4,22.5,50.8,49.1,194.1,321.7
5309,1780419476933,0,4,22.3,52.1,28.2,193.5,300.0
5310,1780419476967,0,4,22.6,48.8,43.1,184.8,334.1
5311,1780419477000,0,4,22.6,51.8,49.7,185.5,321.4
5312,1780419477033,0,4,22.4,48.1,57.8,193.1,302.5
5313,1780419477067,0,4,22.4,49.9,47.2,200.1,335.8
5314,1780419477100,0,4,22.4,52.4,42.0,194.1,311.1
5315,1780419477133,0,4,22.6,54.0,34.3,187.9,320.7
5316,1780419477167,0,4,22.4,53.0,47.9,212.1,303.6
5317,1780419477200,0,4,22.5,49.4,57.4,201.1,321.2
5318,1780419477233,0,4,22.5,49.7,34.1,217.3,304.5
5319,1780419477267,0,4,22.3,52.3,34.6,199.2,320.9
5320,1780419477300,0,4,22.4,49.1,21.1,218.4,307.2
5321,1780419477333,0,4,22.8,52.5,43.0,186.3,305.9
5322,1780419477367,0,4,22.7,49.4,44.8,213.9,337.8
5323,1780419477400,0,4,22.2,49.4,26.6,181.5,300.1
5324,1780419477433,0,4,22.7,53.4,41.3,198.6,304.4
5325,1780419477467,0,4,22.3,50.3,22.7,187.4,330.1
5326,1780419477500,0,4,22.2,49.8,23.3,212.0,306.5
5327,1780419477533,0,4,22.6,51.1,25.8,189.9,316.8
5328,1780419477567,0,4,22.6,53.3,49.0,194.3,315.4
5329,1780419477600,0,4,22.5,50.6,21.5,193.4,322.8
5330,1780419477633,0,4,22.3,50.1,20.1,183.7,319.1
5331,1780419477667,0,4,22.5,51.6,58.7,206.5,321.1
5332,1780419477700,0,4,22.7,52.3,55.8,191.4,336.4
5333,1780419477733,0,4,22.3,50.6,21.9,191.1,339.4
5334,1780419477767,0,4,22.6,49.0,44.7,192.1,312.7
5335,1780419477800,0,4,22.6,49.1,47.6,218.1,321.3
5336,1780419477833,0,4,22.7,51.0,55.7,210.6,317.9
5337,1780419477867,0,4,22.3,52.5,23.2,180.4,307.4
5338,1780419477900,0,4,22.7,49.7,49.6,190.4,311.2
5339,1780419477933,0,4,22.4,48.9,36.8,188.9,327.1
5340,1780419477967,0,4,22.7,50.5,33.4,204.1,314.4
5341,1780419478000,0,4,22.5,51.5,21.8,186.9,303.2
5342,1780419478033,0,4,22.8,48.8,51.4,216.2,302.0
5343,1780419478067,0,4,22.7,48.3,52.9,191.6,310.0
5344,1780419478100,0,4,22.6,53.2,53.8,181.7,320.2
5345,1780419478133,0,4,22.2,52.9,34.6,191.2,323.1
5346,1780419478167,0,4,22.2,52.9,57.5,182.3,309.0
5347,1780419478200,0,4,22.5,50.8,27.8,213.8,325.9
5348,1780419478233,0,4,22.5,52.8,59.2,190.9,335.9
5349,1780419478267,0,4,22.5,49.6,24.0,207.0,332.0
5350,1780419478300,0,4,22.7,48.8,35.4,191.2,308.9
5351,1780419478333,0,4,22.5,52.6,27.3,194.4,339.5
5352,1780419478367,0,4,22.3,50.3,41.8,206.3,315.6
5353,1780419478400,0,4,22.3,48.8,48.4,181.9,312.0
5354,1780419478433,0,4,22.4,52.5,29.7,190.2,314.0
5355,1780419478467,0,4,22.4,52.7,44.0,212.2,333.1
5356,1780419478500,0,4,22.5,50.8,45.1,202.1,304.7
5357,1780419478533,0,4,22.2,49.7,32.9,219.6,331.3
5358,1780419478567,0,4,22.4,53.3,30.4,212.9,320.6
5359,1780419478600,0,4,22.7,48.6,50.0,205.6,323.3
5360,1780419478633,0,4,22.5,51.3,28.5,202.6,309.5
5361,1780419478667,0,4,22.7,48.6,46.2,211.7,325.7
5362,1780419478700,0,4,22.3,51.8,59.8,214.4,314.6
5363,1780419478733,0,4,22.6,51.6,45.4,203.4,303.5
5364,1780419478767,0,4,22.5,48.0,46.9,205.5,339.8
5365,1780419478800,0,4,22.7,50.7,38.0,191.6,302.7
5366,1780419478833,0,4,22.5,51.3,47.5,191.7,330.4
5367,1780419478867,0,4,22.2,53.8,58.0,197.7,315.2
5368,1780419478900,0,4,22.7,48.9,57.1,202.8,314.7
5369,1780419478933,0,4,22.5,51.0,33.5,193.5,331.2
5370,1780419478967,0,4,22.4,51.1,47.9,202.6,316.1
5371,1780419479000,0,4,22.6,50.0,47.2,189.2,322.0
5372,1780419479033,0,4,22.4,51.1,56.3,218.5,338.6
5373,1780419479067,0,4,22.8,50.6,22.7,187.5,322.1
5374,1780419479100,0,4,22.8,51.5,43.3,182.3,333.1
5375,1780419479133,0,4,22.8,54.0,23.3,196.8,339.3
5376,1780419479167,0,4,22.5,48.3,56.4,209.7,325.2
5377,1780419479200,0,4,22.7,52.4,54.1,203.4,304.8
5378,1780419479233,0,4,22.8,48.6,50.2,183.4,308.2
5379,1780419479267,0,4,22.2,49.8,53.3,194.3,303.3
5380,1780419479300,0,4,22.8,50.9,56.1,180.6,309.1
5381,1780419479333,0,4,22.6,48.5,22.3,188.5,316.8
5382,1780419479367,0,4,22.3,51.4,30.6,197.1,336.2
5383,1780419479400,0,4,22.3,52.1,20.4,185.6,315.4
5384,1780419479433,0,4,22.2,49.2,56.5,198.5,302.7
5385,1780419479467,0,4,22.5,48.7,26.4,180.6,324.2
5386,1780419479500,0,4,22.4,49.5,33.6,209.7,339.7
5387,1780419479533,0,4,22.6,49.4,27.6,208.1,305.7
5388,1780419479567,0,4,22.4,50.6,52.7,193.8,317.4
5389,1780419479600,0,4,22.5,51.6,32.0,199.1,302.1
5390,1780419479633,0,4,22.2,53.2,43.8,196.6,324.5
5391,1780419479667,0,4,22.2,52.8,31.3,208.2,330.4
5392,1780419479700,0,4,22.6,53.9,48.0,196.4,339.9
5393,1780419479733,0,4,22.3,48.5,40.6,195.0,337.1
5394,1780419479767,0,4,22.8,50.3,51.3,198.2,334.5
5395,1780419479800,0,4,22.5,52.6,27.2,194.1,338.4
5396,1780419479833,0,4,22.4,48.7,20.6,203.7,308.4
5397,1780419479867,0,4,22.6,48.7,42.2,218.2,318.2
5398,1780419479900,0,4,22.4,51.0,39.4,219.1,322.0
5399,1780419479933,0,4,22.6,51.8,34.0,212.7,308.1
5400,1780419479967,0,4,22.3,52.2,55.7,216.9,314.9
5401,1780419480000,0,4,22.5,49.3,33.9,189.8,330.3
5402,1780419480033,0,4,22.5,53.8,29.1,198.3,304.0
5403,1780419480067,0,4,22.4,52.3,54.5,197.0,314.6
5404,1780419480100,0,4,22.3,53.7,22.9,189.6,312.7
5405,1780419480133,0,4,22.4,49.0,57.1,204.9,319.2
5406,1780419480167,0,4,22.6,52.1,43.9,191.3,318.2
5407,1780419480200,0,4,22.4,51.9,34.4,218.1,324.0
5408,1780419480233,0,4,22.7,48.7,25.1,196.0,317.7
5409,1780419480267,0,4,22.4,51.7,21.9,205.8,338.1
5410,1780419480300,0,4,22.5,49.9,27.1,190.7,338.0
5411,1780419480333,0,4,22.7,52.0,57.5,205.2,310.2
5412,1780419480367,0,4,22.7,51.0,28.9,218.0,304.9
5413,1780419480400,0,4,22.6,48.6,37.6,192.1,309.7
5414,1780419480433,0,4,22.8,50.7,44.4,192.0,310.0
5415,1780419480467,0,4,22.7,49.3,35.9,206.3,327.1
5416,1780419480500,0,4,22.2,50.5,20.1,203.1,328.8
5417,1780419480533,0,4,22.7,51.3,20.9,189.6,316.0
5418,1780419480567,0,4,22.4,53.7,51.7,209.9,306.5
5419,1780419480600,0,4,22.7,53.9,56.5,184.4,304.6
5420,1780419480633,0,4,22.8,51.6,41.6,205.8,316.6
5421,1780419480667,0,4,22.5,51.8,54.8,201.0,328.5
5422,1780419480700,0,4,22.5,50.0,43.7,191.0,322.3
5423,1780419480733,0,4,22.5,54.0,21.0,185.4,323.4
5424,1780419480767,0,4,22.3,51.8,32.7,182.9,308.6
5425,1780419480800,0,4,22.5,52.5,22.7,209.6,304.1
5426,1780419480833,0,4,22.3,50.5,26.1,182.3,331.0
5427,1780419480867,0,4,22.5,48.4,56.5,200.5,315.8
5428,1780419480900,0,4,22.5,51.4,46.5,186.5,304.7
5429,1780419480933,0,4,22.2,49.1,37.2,211.4,316.9
5430,1780419480967,0,4,22.8,53.8,50.4,201.4,310.7
5431,1780419481000,0,4,22.3,48.6,52.9,182.4,314.9
5432,1780419481033,0,4,22.7,52.5,51.7,199.3,321.3
5433,1780419481067,0,4,22.4,49.2,39.9,187.3,306.7
5434,1780419481100,0,4,22.8,49.6,51.6,206.4,320.9
5435,1780419481133,0,4,22.5,49.3,48.1,219.7,312.4
5436,1780419481167,0,4,22.3,50.1,36.5,192.9,327.1
5437,1780419481200,0,4,22.4,52.6,46.6,217.2,300.7
5438,1780419481233,0,4,22.7,49.5,25.0,191.4,332.9
5439,1780419481267,0,4,22.5,50.9,51.9,213.9,303.1
5440,1780419481300,0,4,22.3,49.6,44.1,217.8,333.6
5441,1780419481333,0,4,22.7,53.7,28.9,181.1,308.1
5442,1780419481367,0,4,22.5,50.5,20.7,206.2,322.2
5443,1780419481400,0,4,22.4,51.5,37.0,210.5,338.6
5444,1780419481433,0,4,22.2,49.3,21.8,202.6,319.5
5445,1780419481467,0,4,22.2,51.0,30.0,189.0,307.7
5446,1780419481500,0,4,22.5,50.2,53.1,185.1,321.4
5447,1780419481533,0,4,22.2,51.1,56.4,187.6,304.2
5448,1780419481567,0,4,22.3,51.2,30.1,194.0,305.6
5449,1780419481600,0,4,22.5,49.3,23.0,212.4,336.2
5450,1780419481633,0,4,22.7,51.1,41.5,215.4,331.6
5451,1780419481667,0,4,22.3,48.5,39.8,197.1,312.7
5452,1780419481700,0,4,22.6,53.1,22.2,208.3,305.6
5453,1780419481733,0,4,22.4,48.5,58.0,208.2,339.5
5454,1780419481767,0,4,22.3,53.9,42.7,218.2,306.4
5455,1780419481800,0,4,22.7,51.5,52.8,191.2,313.6
5456,1780419481833,0,4,22.8,49.7,50.4,218.5,307.9
5457,1780419481867,0,4,22.6,52.7,22.2,198.4,322.7
5458,1780419481900,0,4,22.3,50.3,36.0,207.0,333.1
5459,1780419481933,0,4,22.2,49.8,31.8,204.1,327.1
5460,1780419481967,0,4,22.2,53.0,46.4,181.0,336.1
5461,1780419482000,0,4,22.8,50.1,40.6,194.5,339.8
5462,1780419482033,0,4,22.7,49.0,50.9,207.2,320.7
5463,1780419482067,0,4,22.5,48.2,52.6,210.9,327.2
5464,1780419482100,0,4,22.4,49.5,40.3,200.0,302.5
5465,1780419482133,0,4,22.7,48.5,37.7,181.0,336.4
5466,1780419482167,0,4,22.2,52.6,24.0,215.0,301.9
5467,1780419482200,0,4,22.2,48.6,44.7,184.5,308.7
5468,1780419482233,0,4,22.4,49.3,47.6,196.5,321.5
5469,1780419482267,0,4,22.5,49.9,29.9,219.7,318.2
5470,1780419482300,0,4,22.7,51.9,36.9,185.3,319.2
5471,1780419482333,0,4,22.4,52.2,28.7,207.7,309.7
5472,1780419482367,0,4,22.8,50.4,59.1,218.1,331.4
5473,1780419482400,0,4,22.4,48.8,32.0,182.9,313.4
5474,1780419482433,0,4,22.4,51.4,25.8,215.1,312.0
5475,1780419482467,0,4,22.2,48.8,35.2,204.5,315.2
5476,1780419482500,0,4,22.5,50.2,58.8,194.3,309.1
5477,1780419482533,0,4,22.5,53.9,36.1,202.4,338.0
5478,1780419482567,0,4,22.2,48.3,51.1,189.4,303.6
5479,1780419482600,0,4,22.4,49.9,57.5,203.1,315.7
5480,1780419482633,0,4,22.6,50.2,34.4,183.4,334.9
5481,1780419482667,0,4,22.6,49.3,49.2,189.1,319.8
5482,1780419482700,0,4,22.6,51.4,29.0,201.7,314.3
5483,1780419482733,0,4,22.4,49.2,49.2,216.5,306.6
5484,1780419482767,0,4,22.7,52.0,48.9,186.7,331.2
5485,1780419482800,0,4,22.3,53.8,28.7,192.6,327.9
5486,1780419482833,0,4,22.8,51.1,32.4,192.0,306.6
5487,1780419482867,0,4,22.3,54.0,44.0,189.1,326.5
5488,1780419482900,0,4,22.2,48.2,24.8,185.4,319.1
5489,1780419482933,0,4,22.3,49.6,38.4,212.1,309.5
5490,1780419482967,0,4,22.3,50.9,50.7,196.6,328.4
5491,1780419483000,0,4,22.5,48.8,36.4,218.1,334.8
5492,1780419483033,0,4,22.3,50.5,29.5,187.0,329.5
5493,1780419483067,0,4,22.8,51.1,37.4,216.0,300.2
5494,1780419483100,0,4,22.6,48.9,47.5,184.3,302.1
5495,1780419483133,0,4,22.6,48.0,54.4,185.5,307.4
5496,1780419483167,0,4,22.3,52.8,39.8,210.7,317.7
5497,1780419483200,0,4,22.6,50.8,34.3,213.5,313.8
5498,1780419483233,0,4,22.8,52.7,46.9,185.5,335.9
5499,1780419483267,0,4,22.7,51.8,35.8,192.7,300.6
5500,1780419483300,0,4,22.5,52.4,42.3,208.6,311.0
5501,1780419483333,0,4,22.5,48.5,55.6,207.6,301.9
5502,1780419483367,0,4,22.3,49.9,44.2,203.3,323.8
5503,1780419483400,0,4,22.4,53.3,44.5,184.9,335.4
5504,1780419483433,0,4,22.7,50.4,23.0,198.0,324.3
5505,1780419483467,0,4,22.4,52.0,48.8,197.8,333.8
5506,1780419483500,0,4,22.4,49.4,26.3,212.0,308.2
5507,1780419483533,0,4,22.2,51.5,36.3,188.0,314.7
5508,1780419483567,0,4,22.7,49.9,21.7,213.3,328.0
5509,1780419483600,0,4,22.4,48.4,51.7,207.7,326.7
5510,1780419483633,0,4,22.3,50.3,21.0,219.4,312.3
5511,1780419483667,0,4,22.6,48.0,27.7,208.6,310.3
5512,1780419483700,0,4,22.4,53.4,23.2,181.3,340.0
5513,1780419483733,0,4,22.4,53.7,34.8,195.8,329.2
5514,1780419483767,0,4,22.5,51.5,54.2,208.7,335.8
5515,1780419483800,0,4,22.3,53.7,25.0,215.8,322.7
5516,1780419483833,0,4,22.4,51.4,29.4,215.5,318.7
5517,1780419483867,0,4,22.5,54.0,54.1,188.0,302.5
5518,1780419483900,0,4,22.5,52.3,48.7,217.0,315.3
5519,1780419483933,0,4,22.4,51.9,24.3,214.3,314.2
5520,1780419483967,0,4,22.6,52.0,36.4,189.8,300.9
5521,1780419484000,0,4,22.6,53.0,50.0,188.9,310.8
5522,1780419484033,0,4,22.4,51.6,27.1,192.1,318.2
5523,1780419484067,0,4,22.3,49.3,47.8,201.6,325.1
5524,1780419484100,0,4,22.6,52.8,57.4,193.9,310.1
5525,1780419484133,0,4,22.3,50.7,53.8,211.4,325.6
5526,1780419484167,0,4,22.4,51.9,43.8,183.2,302.6
5527,1780419484200,0,4,22.4,48.1,29.5,207.2,300.2
5528,1780419484233,0,4,22.3,50.5,37.8,189.0,326.5
5529,1780419484267,0,4,22.6,53.7,48.6,194.0,300.2
5530,1780419484300,0,4,22.6,51.0,42.8,187.3,327.5
5531,1780419484333,0,4,22.5,53.7,53.1,190.0,314.7
5532,1780419484367,0,4,22.7,48.7,28.4,217.0,318.6
5533,1780419484400,0,4,22.6,53.9,21.9,181.0,322.6
5534,1780419484433,0,4,22.2,50.2,41.1,190.9,303.8
5535,1780419484467,0,4,22.8,52.1,29.2,207.4,315.7
5536,1780419484500,0,4,22.4,52.1,38.9,194.1,328.3
5537,1780419484533,0,4,22.4,53.8,37.7,191.9,316.1
5538,1780419484567,0,4,22.7,49.3,52.1,202.6,317.7
5539,1780419484600,0,4,22.5,52.7,46.8,181.9,322.7
5540,1780419484633,0,4,22.7,53.4,50.5,201.5,325.1
5541,1780419484667,0,4,22.7,51.0,24.3,217.5,324.8
5542,1780419484700,0,4,22.7,50.7,59.2,209.6,311.0
5543,1780419484733,0,4,22.6,52.9,50.2,181.0,325.5
5544,1780419484767,0,4,22.3,51.8,26.3,183.4,314.4
5545,1780419484800,0,4,22.7,49.1,48.4,214.9,330.9
5546,1780419484833,0,4,22.3,50.3,34.5,192.3,318.4
5547,1780419484867,0,4,22.5,50.4,52.7,217.7,307.8
5548,1780419484900,0,4,22.4,50.1,33.5,184.2,315.2
5549,1780419484933,0,4,22.6,51.5,53.5,207.1,339.2
5550,1780419484967,0,4,22.7,48.8,25.6,181.2,326.7
5551,1780419485000,0,4,22.2,49.5,35.6,207.8,300.1
5552,1780419485033,0,4,22.5,51.9,46.5,191.7,309.4
5553,1780419485067,0,4,22.4,51.0,43.3,199.7,317.1
5554,1780419485100,0,4,22.6,49.1,27.0,213.9,314.2
5555,1780419485133,0,4,22.8,50.8,56.5,203.9,332.5
5556,1780419485167,0,4,22.8,53.9,27.9,186.0,306.7
5557,1780419485200,0,4,22.7,49.1,22.4,208.1,313.1
5558,1780419485233,0,4,22.4,50.9,44.4,202.5,335.5
5559,1780419485267,0,4,22.5,48.1,42.8,196.9,335.7
5560,1780419485300,0,4,22.7,50.3,36.8,219.8,305.7
5561,1780419485333,0,4,22.3,53.5,20.4,181.5,315.4
5562,1780419485367,0,4,22.6,48.7,55.2,198.3,330.1
5563,1780419485400,0,4,22.7,48.4,34.3,200.9,309.6
5564,1780419485433,0,4,22.7,52.3,57.8,199.3,310.1
5565,1780419485467,0,4,22.7,49.1,31.3,194.7,325.3
5566,1780419485500,0,4,22.3,49.1,27.6,202.3,300.8
5567,1780419485533,0,4,22.6,50.7,58.2,196.0,300.0
5568,1780419485567,0,4,22.4,52.1,20.9,182.9,305.1
5569,1780419485600,0,4,22.6,49.9,42.6,182.4,319.7
5570,1780419485633,0,4,22.6,49.8,51.2,202.1,310.5
5571,1780419485667,0,4,22.8,48.2,26.3,188.5,307.0
5572,1780419485700,0,4,22.8,51.5,51.1,188.1,303.7
5573,1780419485733,0,4,22.6,52.3,33.2,191.1,322.4
5574,1780419485767,0,4,22.7,50.1,35.4,183.7,331.4
5575,1780419485800,0,4,22.2,51.0,54.1,180.4,309.4
5576,1780419485833,0,4,22.2,52.4,53.1,180.1,328.7
5577,1780419485867,0,4,22.7,49.7,49.4,218.8,336.6
5578,1780419485900,0,4,22.3,51.5,32.4,202.2,305.4
5579,1780419485933,0,4,22.2,50.6,36.8,182.5,310.3
5580,1780419485967,0,4,22.7,50.7,46.9,190.9,338.8
5581,1780419486000,0,4,22.7,51.5,32.6,183.1,308.7
5582,1780419486033,0,4,22.6,48.7,34.9,217.7,301.2
5583,1780419486067,0,4,22.3,52.5,24.4,210.0,313.5
5584,1780419486100,0,4,22.4,48.6,56.9,214.8,321.8
5585,1780419486133,0,4,22.4,52.9,57.5,202.9,337.3
5586,1780419486167,0,4,22.4,52.8,20.9,204.0,332.0
5587,1780419486200,0,4,22.4,48.2,55.8,207.9,300.9
5588,1780419486233,0,4,22.7,50.5,49.8,186.6,315.8
5589,1780419486267,0,4,22.6,52.2,47.3,196.9,306.9
5590,1780419486300,0,4,22.7,51.2,51.7,205.8,321.0
5591,1780419486333,0,4,22.3,49.7,56.2,216.6,320.1
5592,1780419486367,0,4,22.7,53.0,51.3,183.3,317.7
5593,1780419486400,0,4,22.5,48.4,51.7,205.5,338.4
5594,1780419486433,0,4,22.4,49.5,27.4,195.6,337.9
5595,1780419486467,0,4,22.3,49.8,56.0,218.5,302.9
5596,1780419486500,0,4,22.4,53.1,27.5,196.8,322.2
5597,1780419486533,0,4,22.6,51.9,41.5,204.4,302.7
5598,1780419486567,0,4,22.6,52.2,40.2,209.3,316.0
5599,1780419486600,0,4,22.5,52.4,43.2,195.0,336.6
5600,1780419486633,0,4,22.4,48.7,37.8,216.5,326.6
5601,1780419486667,0,4,22.7,49.3,34.4,181.0,307.4
5602,1780419486700,0,4,22.7,50.7,44.0,186.5,317.9
5603,1780419486733,0,4,22.7,52.2,29.2,197.8,323.5
5604,1780419486767,0,4,22.3,51.4,33.5,202.6,323.5
5605,1780419486800,0,4,22.7,53.6,29.6,202.1,337.4
5606,1780419486833,0,4,22.6,49.0,41.2,197.0,304.7
5607,1780419486867,0,4,22.7,50.0,50.6,211.1,329.8
5608,1780419486900,0,4,22.3,50.6,24.9,198.3,334.9
5609,1780419486933,0,4,22.5,52.3,34.9,218.3,324.4
5610,1780419486967,0,4,22.7,52.8,25.8,208.8,316.4
5611,1780419487000,0,4,22.7,49.4,22.7,185.7,301.8
5612,1780419487033,0,4,22.5,53.1,40.7,183.0,319.2
5613,1780419487067,0,4,22.2,52.6,22.0,199.7,330.7
5614,1780419487100,0,4,22.7,49.0,52.2,210.7,315.1
5615,1780419487133,0,4,22.7,49.0,58.5,193.0,325.4
5616,1780419487167,0,4,22.3,52.9,44.9,184.9,305.1
5617,1780419487200,0,4,22.7,51.9,30.9,195.3,338.6
5618,1780419487233,0,4,22.6,49.4,42.8,218.7,305.0
5619,1780419487267,0,4,22.3,53.6,53.8,182.1,303.3
5620,1780419487300,0,4,22.6,53.1,26.8,182.8,310.0
5621,1780419487333,0,4,22.4,52.7,20.5,202.5,303.2
5622,1780419487367,0,4,22.6,48.1,22.7,207.8,321.0
5623,1780419487400,0,4,22.4,53.3,34.5,206.7,310.8
5624,1780419487433,0,4,22.8,53.5,43.7,201.5,324.5
5625,1780419487467,0,4,22.7,48.6,31.3,216.8,304.0
5626,1780419487500,0,4,22.6,53.9,56.8,204.4,322.6
5627,1780419487533,0,4,22.7,48.4,46.7,216.6,338.8
5628,1780419487567,0,4,22.5,49.7,47.5,208.4,335.3
5629,1780419487600,0,4,22.6,53.2,44.9,180.2,312.5
5630,1780419487633,0,4,22.4,53.0,37.4,196.6,305.3
5631,1780419487667,0,4,22.2,48.7,28.9,218.5,336.3
5632,1780419487700,0,4,22.4,54.0,30.8,197.6,315.7
5633,1780419487733,0,4,22.7,52.1,42.9,206.1,331.1
5634,1780419487767,0,4,22.7,48.9,24.5,205.8,327.9
5635,1780419487800,0,4,22.7,53.1,48.5,189.2,308.7
5636,1780419487833,0,4,22.5,53.1,23.5,206.8,309.2
5637,1780419487867,0,4,22.6,54.0,47.2,188.3,304.2
5638,1780419487900,0,4,22.7,51.6,27.3,184.3,332.6
5639,1780419487933,0,4,22.8,50.8,53.5,192.5,300.2
5640,1780419487967,0,4,22.6,49.5,53.2,200.2,312.4
5641,1780419488000,0,4,22.7,53.0,50.2,203.8,307.5
5642,1780419488033,0,4,22.4,48.5,51.7,212.4,315.2
5643,1780419488067,0,4,22.3,48.2,56.7,218.7,314.9
5644,1780419488100,0,4,22.7,48.5,23.4,204.2,317.7
5645,1780419488133,0,4,22.2,51.1,30.3,200.8,303.0
5646,1780419488167,0,4,22.6,50.1,20.7,188.9,335.0
5647,1780419488200,0,4,22.3,53.2,41.6,211.3,315.8
5648,1780419488233,0,4,22.3,48.7,36.7,195.6,338.1
5649,1780419488267,0,4,22.4,48.1,35.8,195.7,321.7
5650,1780419488300,0,4,22.3,48.0,37.5,217.0,302.9
5651,1780419488333,0,4,22.5,49.6,23.8,206.9,336.7
5652,1780419488367,0,4,22.7,51.7,51.5,200.1,305.5
5653,1780419488400,0,4,22.5,50.6,53.2,219.8,320.1
5654,1780419488433,0,4,22.8,51.9,56.2,184.9,300.5
5655,1780419488467,0,4,22.6,50.4,28.0,181.3,318.2
5656,1780419488500,0,4,22.5,52.6,22.7,198.9,302.8
5657,1780419488533,0,4,22.7,51.1,58.1,203.9,332.9
5658,1780419488567,0,4,22.6,49.3,31.0,213.0,339.3
5659,1780419488600,0,4,22.4,50.8,52.9,209.4,333.3
5660,1780419488633,0,4,22.6,52.0,34.0,195.0,331.0
5661,1780419488667,0,4,22.3,51.2,55.4,216.5,329.1
5662,1780419488700,0,4,22.3,53.8,46.0,207.2,326.6
5663,1780419488733,0,4,22.4,49.3,35.3,208.1,339.8
5664,1780419488767,0,4,22.5,51.1,45.9,205.0,333.6
5665,1780419488800,0,4,22.3,51.5,42.0,205.6,303.8
5666,1780419488833,0,4,22.7,48.7,50.3,182.2,316.0
5667,1780419488867,0,4,22.3,52.9,57.7,210.7,311.1
5668,1780419488900,0,4,22.2,48.1,30.8,208.2,330.8
5669,1780419488933,0,4,22.7,53.3,50.7,188.2,326.7
5670,1780419488967,0,4,22.5,48.9,59.3,181.8,333.2
5671,1780419489000,0,4,22.2,49.6,54.3,207.8,335.0
5672,1780419489033,0,4,22.4,53.7,22.3,198.1,318.2
5673,1780419489067,0,4,22.2,53.3,28.2,181.0,329.9
5674,1780419489100,0,4,22.4,49.6,21.1,211.5,334.0
5675,1780419489133,0,4,22.3,50.5,46.2,194.8,328.4
5676,1780419489167,0,4,22.7,48.8,31.4,211.4,317.4
5677,1780419489200,0,4,22.5,48.5,54.4,212.8,312.6
5678,1780419489233,0,4,22.2,53.5,31.1,216.2,305.2
5679,1780419489267,0,4,22.3,53.2,54.4,192.9,312.4
5680,1780419489300,0,4,22.2,52.1,55.0,213.0,304.8
5681,1780419489333,0,4,22.7,48.0,54.0,188.6,317.1
5682,1780419489367,0,4,22.5,51.3,40.1,196.5,319.0
5683,1780419489400,0,4,22.3,53.6,21.9,202.2,327.0
5684,1780419489433,0,4,22.3,48.1,44.0,219.6,330.7
5685,1780419489467,0,4,22.4,53.2,29.6,194.0,301.7
5686,1780419489500,0,4,22.2,48.1,56.4,191.9,329.6
5687,1780419489533,0,4,22.6,49.8,36.1,195.0,336.2
5688,1780419489567,0,4,22.8,50.7,59.3,194.8,313.8
5689,1780419489600,0,4,22.7,50.5,55.0,195.7,305.4
5690,1780419489633,0,4,22.3,51.8,44.1,192.6,314.1
5691,1780419489667,0,4,22.7,50.6,20.5,202.8,326.3
5692,1780419489700,0,4,22.8,48.8,51.1,209.5,300.9
5693,1780419489733,0,4,22.4,50.2,31.0,189.8,313.8
5694,1780419489767,0,4,22.6,52.9,36.7,186.7,328.2
5695,1780419489800,0,4,22.5,48.8,40.0,182.0,326.1
5696,1780419489833,0,4,22.5,53.9,43.4,191.2,301.1
5697,1780419489867,0,4,22.2,50.0,25.6,203.1,333.3
5698,1780419489900,0,4,22.7,53.2,48.9,210.4,337.9
5699,1780419489933,0,4,22.8,51.3,30.0,187.6,324.8
5700,1780419489967,0,4,22.2,52.5,29.0,214.8,318.7
5701,1780419490000,0,4,22.4,52.1,58.7,218.5,336.1
5702,1780419490033,0,4,22.4,51.1,25.0,186.0,304.3
5703,1780419490067,0,4,22.4,48.5,35.5,188.7,333.8
5704,1780419490100,0,4,22.4,49.2,37.9,203.7,311.9
5705,1780419490133,0,4,22.3,48.4,38.6,213.1,310.2
5706,1780419490167,0,4,22.6,50.5,21.4,201.3,302.8
5707,1780419490200,0,4,22.3,49.5,44.8,213.7,338.7
5708,1780419490233,0,4,22.7,48.4,40.1,189.9,338.3
5709,1780419490267,0,4,22.8,52.9,41.6,204.1,306.8
5710,1780419490300,0,4,22.7,48.5,39.3,198.3,306.5
5711,1780419490333,0,4,22.4,50.0,21.0,199.2,318.2
5712,1780419490367,0,4,22.8,53.1,22.9,197.1,328.3
5713,1780419490400,0,4,22.7,48.0,48.4,216.7,316.2
5714,1780419490433,0,4,22.6,51.5,53.7,204.8,320.0
5715,1780419490467,0,4,22.5,53.9,40.0,187.3,314.8
5716,1780419490500,0,4,22.3,52.1,33.7,184.5,331.5
5717,1780419490533,0,4,22.3,49.0,32.0,181.9,308.7
5718,1780419490567,0,4,22.5,52.5,56.5,198.2,316.7
5719,1780419490600,0,4,22.3,51.0,58.4,200.2,312.9
5720,1780419490633,0,4,22.6,53.1,40.5,219.4,309.8
5721,1780419490667,0,4,22.6,49.0,22.1,203.2,336.9
5722,1780419490700,0,4,22.5,51.2,39.3,196.5,328.8
5723,1780419490733,0,4,22.3,50.1,33.4,196.8,330.9
5724,1780419490767,0,4,22.4,48.0,47.4,194.3,301.3
5725,1780419490800,0,4,22.3,49.7,21.6,219.3,324.6
5726,1780419490833,0,4,22.3,50.7,29.2,210.7,326.3
5727,1780419490867,0,4,22.8,53.1,46.9,188.4,325.9
5728,1780419490900,0,4,22.4,51.7,37.5,200.9,331.0
5729,1780419490933,0,4,22.5,48.5,22.6,189.6,305.2
5730,1780419490967,0,4,22.3,53.4,26.3,201.6,329.5
5731,1780419491000,0,4,22.7,48.4,29.3,217.9,310.4
5732,1780419491033,0,4,22.5,49.1,28.6,192.4,337.4
5733,1780419491067,0,4,22.4,48.7,35.8,210.9,308.0
5734,1780419491100,0,4,22.4,54.0,47.7,216.6,314.0
5735,1780419491133,0,4,22.3,51.3,46.7,185.4,324.2
5736,1780419491167,0,4,22.5,48.8,27.1,199.5,310.1
5737,1780419491200,0,4,22.2,52.7,57.6,185.7,305.7
5738,1780419491233,0,4,22.6,51.0,31.1,186.9,321.9
5739,1780419491267,0,4,22.4,51.0,23.8,210.6,320.0
5740,1780419491300,0,4,22.3,50.2,36.5,211.9,316.4
5741,1780419491333,0,4,22.2,49.9,24.9,207.5,310.9
5742,1780419491367,0,4,22.4,52.4,52.7,208.4,308.8
5743,1780419491400,0,4,22.5,48.9,58.4,182.3,330.0
5744,1780419491433,0,4,22.6,53.6,39.5,193.7,331.5
5745,1780419491467,0,4,22.5,53.9,38.9,195.4,329.1
5746,1780419491500,0,4,22.8,51.1,55.8,197.7,316.6
5747,1780419491533,0,4,22.4,51.1,24.9,204.2,326.8
5748,1780419491567,0,4,22.4,50.3,38.1,196.9,318.0
5749,1780419491600,0,4,22.3,49.5,34.5,211.8,316.8
5750,1780419491633,0,4,22.5,48.4,29.8,206.1,316.0
5751,1780419491667,0,4,22.7,52.0,31.9,194.0,337.7
5752,1780419491700,0,4,22.6,49.2,31.2,199.2,317.9
5753,1780419491733,0,4,22.6,53.3,57.2,211.5,339.2
5754,1780419491767,0,4,22.3,48.9,24.2,215.9,303.0
5755,1780419491800,0,4,22.6,50.0,47.6,193.5,304.7
5756,1780419491833,0,4,22.2,49.6,42.2,212.3,336.7
5757,1780419491867,0,4,22.7,53.9,49.8,206.6,313.3
5758,1780419491900,0,4,22.4,53.0,20.1,192.9,312.5
5759,1780419491933,0,4,22.7,52.7,44.8,213.1,312.5
5760,1780419491967,0,4,22.6,48.5,57.5,192.7,307.5
5761,1780419492000,0,4,22.7,53.3,43.0,196.3,331.9
5762,1780419492033,0,4,22.6,53.4,33.7,209.9,332.2
5763,1780419492067,0,4,22.7,53.4,35.1,215.8,313.0
5764,1780419492100,0,4,22.8,49.8,39.6,208.3,303.5
5765,1780419492133,0,4,22.6,53.8,50.2,217.6,332.3
5766,1780419492167,0,4,22.7,49.5,56.1,204.4,335.7
5767,1780419492200,0,4,22.4,51.8,36.4,195.9,301.3
5768,1780419492233,0,4,22.3,52.4,37.7,210.7,328.2
5769,1780419492267,0,4,22.4,52.9,32.9,219.4,334.7
5770,1780419492300,0,4,22.6,51.1,23.8,217.8,335.4
5771,1780419492333,0,4,22.5,52.5,32.7,199.9,311.4
5772,1780419492367,0,4,22.5,50.9,26.3,185.0,317.0
5773,1780419492400,0,4,22.3,52.6,41.5,192.5,324.5
5774,1780419492433,0,4,22.2,53.4,20.6,210.4,329.9
5775,1780419492467,0,4,22.5,50.7,21.4,189.4,309.4
5776,1780419492500,0,4,22.5,53.8,27.7,203.4,333.4
5777,1780419492533,0,4,22.4,50.5,44.2,197.4,325.4
5778,1780419492567,0,4,22.5,49.1,46.7,207.0,315.1
5779,1780419492600,0,4,22.4,48.7,29.6,195.9,303.8
5780,1780419492633,0,4,22.7,49.6,35.1,199.3,302.7
5781,1780419492667,0,4,22.2,50.6,29.5,200.4,301.6
5782,1780419492700,0,4,22.4,53.9,53.2,195.7,327.8
5783,1780419492733,0,4,22.5,51.9,35.5,197.8,308.8
5784,1780419492767,0,4,22.3,48.4,58.6,187.9,305.1
5785,1780419492800,0,4,22.2,51.2,41.9,182.9,301.6
5786,1780419492833,0,4,22.7,51.8,22.0,191.1,319.0
5787,1780419492867,0,4,22.5,52.4,30.6,219.7,308.3
5788,1780419492900,0,4,22.5,53.0,59.1,216.3,300.5
5789,1780419492933,0,4,22.8,51.0,56.7,195.5,327.2
5790,1780419492967,0,4,22.8,52.2,48.3,211.8,300.9
5791,1780419493000,0,4,22.4,53.8,47.5,185.3,323.5
5792,1780419493033,0,4,22.5,52.1,59.9,192.3,322.3
5793,1780419493067,0,4,22.2,48.1,23.1,214.0,329.9
5794,1780419493100,0,4,22.5,52.9,20.5,207.4,338.9
5795,1780419493133,0,4,22.3,53.2,27.2,210.9,306.5
5796,1780419493167,0,4,22.6,48.2,28.9,203.3,306.2
5797,1780419493200,0,4,22.6,52.5,30.5,208.0,335.4
5798,1780419493233,0,4,22.7,49.3,27.7,183.2,317.0
5799,1780419493267,0,4,22.8,48.6,34.0,210.7,323.3
5800,1780419493300,0,4,22.5,51.9,33.7,184.2,332.7
5801,1780419493333,0,4,22.3,53.1,22.2,201.5,310.5
5802,1780419493367,0,4,22.2,49.4,33.6,192.8,318.9
5803,1780419493400,0,4,22.2,48.0,31.8,200.0,336.7
5804,1780419493433,0,4,22.7,50.8,50.0,204.4,323.1
5805,1780419493467,0,4,22.7,50.0,58.5,195.9,315.6
5806,1780419493500,0,4,22.6,48.3,50.4,191.3,328.6
5807,1780419493533,0,4,22.4,52.0,24.4,214.3,306.9
5808,1780419493567,0,4,22.4,48.7,56.9,207.5,321.1
5809,1780419493600,0,4,22.3,53.0,52.9,209.3,337.3
5810,1780419493633,0,4,22.2,53.3,56.0,190.7,323.6
5811,1780419493667,0,4,22.4,49.1,31.5,210.5,330.3
5812,1780419493700,0,4,22.6,52.9,27.6,194.5,308.7
5813,1780419493733,0,4,22.5,52.1,38.0,208.4,326.7
5814,1780419493767,0,4,22.4,49.1,43.3,193.2,318.6
5815,1780419493800,0,4,22.4,49.6,53.1,190.9,308.9
5816,1780419493833,0,4,22.5,49.1,39.0,199.2,329.9
5817,1780419493867,0,4,22.7,51.0,38.6,201.6,334.9
5818,1780419493900,0,4,22.6,52.7,27.8,206.5,333.3
5819,1780419493933,0,4,22.2,49.0,33.1,219.4,324.1
5820,1780419493967,0,4,22.3,51.9,43.7,210.2,308.8
5821,1780419494000,0,4,22.7,48.5,24.5,216.3,305.1
5822,1780419494033,0,4,22.2,52.0,51.0,207.1,326.6
5823,1780419494067,0,4,22.4,50.4,38.5,196.6,302.9
5824,1780419494100,0,4,22.4,48.3,31.0,219.1,332.2
5825,1780419494133,0,4,22.4,50.4,45.8,185.9,333.4
5826,1780419494167,0,4,22.5,50.3,31.5,193.1,322.4
5827,1780419494200,0,4,22.4,48.5,40.0,185.7,331.6
5828,1780419494233,0,4,22.5,50.7,56.9,191.2,336.6
5829,1780419494267,0,4,22.7,50.6,43.4,183.3,310.5
5830,1780419494300,0,4,22.4,49.4,43.0,213.7,321.8
5831,1780419494333,0,4,22.2,48.7,59.1,208.5,303.4
5832,1780419494367,0,4,22.3,49.9,49.9,184.2,323.7
5833,1780419494400,0,4,22.3,51.4,59.9,185.4,331.4
5834,1780419494433,0,4,22.6,48.8,40.0,206.8,324.8
5835,1780419494467,0,4,22.4,51.4,32.3,198.8,333.8
5836,1780419494500,0,4,22.7,53.3,32.1,219.2,334.0
5837,1780419494533,0,4,22.3,52.3,33.8,181.9,307.1
5838,1780419494567,0,4,22.6,52.5,43.9,185.7,304.9
5839,1780419494600,0,4,22.4,52.3,24.4,217.9,314.8
5840,1780419494633,0,4,22.3,51.3,27.9,207.2,320.5
5841,1780419494667,0,4,22.4,48.4,51.5,205.7,305.1
5842,1780419494700,0,4,22.6,50.2,43.6,196.8,303.8
5843,1780419494733,0,4,22.5,53.7,37.9,193.3,329.5
5844,1780419494767,0,4,22.4,50.7,24.2,218.5,309.0
5845,1780419494800,0,4,22.3,51.5,37.0,209.2,308.9
5846,1780419494833,0,4,22.3,53.9,24.3,194.7,330.8
5847,1780419494867,0,4,22.2,52.8,28.1,219.4,322.2
5848,1780419494900,0,4,22.3,49.6,25.4,182.1,302.6
5849,1780419494933,0,4,22.3,50.1,20.9,186.6,307.3
5850,1780419494967,0,4,22.8,48.0,20.2,195.2,313.1
5851,1780419495000,0,4,22.3,51.4,32.5,200.9,300.9
5852,1780419495033,0,4,22.5,51.6,36.5,219.5,338.9
5853,1780419495067,0,4,22.7,50.6,28.9,218.9,311.9
5854,1780419495100,0,4,22.3,52.5,20.1,208.3,305.7
5855,1780419495133,0,4,22.6,53.3,59.0,208.9,331.3
5856,1780419495167,0,4,22.5,52.1,50.1,199.5,339.5
5857,1780419495200,0,4,22.4,53.2,20.2,188.0,337.0
5858,1780419495233,0,4,22.3,48.6,28.0,186.2,329.6
5859,1780419495267,0,4,22.3,53.0,29.9,216.8,321.0
5860,1780419495300,0,4,22.7,51.1,48.2,186.4,302.2
5861,1780419495333,0,4,22.5,52.9,29.0,197.6,310.2
5862,1780419495367,0,4,22.5,51.9,59.8,214.7,333.3
5863,1780419495400,0,4,22.3,48.7,52.8,214.1,321.7
5864,1780419495433,0,4,22.6,48.9,50.0,210.0,300.3
5865,1780419495467,0,4,22.8,49.6,31.9,188.6,320.4
5866,1780419495500,0,4,22.4,51.6,56.7,200.1,333.4
5867,1780419495533,0,4,22.2,48.4,28.4,218.5,316.6
5868,1780419495567,0,4,22.6,48.4,58.4,212.7,320.8
5869,1780419495600,0,4,22.4,50.1,34.4,209.2,315.0
5870,1780419495633,0,4,22.6,51.0,52.0,189.7,301.6
5871,1780419495667,0,4,22.7,52.1,29.3,195.5,328.7
5872,1780419495700,0,4,22.3,53.7,48.6,207.0,313.4
5873,1780419495733,0,4,22.5,51.0,53.0,190.5,311.8
5874,1780419495767,0,4,22.7,52.3,50.4,196.4,333.4
5875,1780419495800,0,4,22.7,49.6,27.2,215.8,322.4
5876,1780419495833,0,4,22.6,48.3,47.1,215.2,327.6
5877,1780419495867,0,4,22.7,52.0,42.9,219.0,330.7
5878,1780419495900,0,4,22.2,50.7,54.8,214.9,321.6
5879,1780419495933,0,4,22.4,48.4,24.4,192.6,334.7
5880,1780419495967,0,4,22.5,52.7,47.9,204.5,337.1
5881,1780419496000,0,4,22.4,48.1,38.3,214.7,338.1
5882,1780419496033,0,4,22.4,53.0,50.7,211.8,337.0
5883,1780419496067,0,4,22.3,52.8,22.9,191.0,333.5
5884,1780419496100,0,4,22.6,51.9,49.0,200.5,309.5
5885,1780419496133,0,4,22.5,51.9,46.0,188.4,312.8
5886,1780419496167,0,4,22.7,53.9,41.1,200.2,321.9
5887,1780419496200,0,4,22.7,48.5,26.7,206.1,338.8
5888,1780419496233,0,4,22.7,49.6,30.4,219.0,300.5
5889,1780419496267,0,4,22.6,48.4,26.3,213.9,327.7
5890,1780419496300,0,4,22.3,48.0,37.6,198.5,326.5
5891,1780419496333,0,4,22.4,49.4,46.2,181.5,309.0
5892,1780419496367,0,4,22.8,51.2,22.3,205.0,333.5
5893,1780419496400,0,4,22.7,52.3,25.3,183.6,331.4
5894,1780419496433,0,4,22.3,49.5,41.3,186.0,306.8
5895,1780419496467,0,4,22.7,48.7,33.8,218.1,334.8
5896,1780419496500,0,4,22.2,49.5,41.6,216.8,337.2
5897,1780419496533,0,4,22.6,49.6,25.2,214.4,324.8
5898,1780419496567,0,4,22.8,54.0,58.7,206.5,321.0
5899,1780419496600,0,4,22.7,50.0,21.2,186.9,313.2
5900,1780419496633,0,4,22.8,51.7,47.4,183.6,305.2
5901,1780419496667,0,4,22.5,49.7,55.5,215.3,312.6
5902,1780419496700,0,4,22.5,50.5,27.9,195.8,333.5
5903,1780419496733,0,4,22.5,48.9,46.4,208.7,325.5
5904,1780419496767,0,4,22.7,51.0,31.7,191.0,330.8
5905,1780419496800,0,4,22.4,53.6,52.0,195.6,316.0
5906,1780419496833,0,4,22.5,51.7,30.1,207.3,330.6
5907,1780419496867,0,4,22.4,53.4,49.4,218.2,323.9
5908,1780419496900,0,4,22.2,49.7,48.7,182.3,334.6
5909,1780419496933,0,4,22.3,49.4,49.7,201.2,326.8
5910,1780419496967,0,4,22.6,52.9,52.1,191.9,314.7
5911,1780419497000,0,4,22.7,50.2,43.6,183.8,305.4
5912,1780419497033,0,4,22.2,50.0,57.6,210.7,334.7
5913,1780419497067,0,4,22.7,52.6,58.6,183.5,329.8
5914,1780419497100,0,4,22.7,53.2,28.5,196.3,333.2
5915,1780419497133,0,4,22.4,48.4,31.1,184.1,318.4
5916,1780419497167,0,4,22.6,49.4,25.9,217.8,340.0
5917,1780419497200,0,4,22.3,48.3,22.5,202.1,333.2
5918,1780419497233,0,4,22.5,53.6,27.4,214.4,321.7
5919,1780419497267,0,4,22.3,52.3,23.1,213.2,323.0
5920,1780419497300,0,4,22.5,52.3,24.3,189.1,322.5
5921,1780419497333,0,4,22.4,52.5,52.5,187.8,316.4
5922,1780419497367,0,4,22.4,52.4,30.3,190.3,336.1
5923,1780419497400,0,4,22.7,53.2,28.5,181.9,303.8
5924,1780419497433,0,4,22.8,51.0,27.1,194.9,306.5
5925,1780419497467,0,4,22.6,48.7,39.0,211.1,323.4
5926,1780419497500,0,4,22.3,50.3,31.8,218.2,300.6
5927,1780419497533,0,4,22.3,50.3,39.9,181.5,324.1
5928,1780419497567,0,4,22.6,53.8,56.2,187.0,325.3
5929,1780419497600,0,4,22.6,51.8,20.6,204.5,302.6
5930,1780419497633,0,4,22.5,53.4,37.9,199.8,333.8
5931,1780419497667,0,4,22.6,53.6,55.1,199.8,338.4
5932,1780419497700,0,4,22.3,52.1,51.8,204.3,325.2
5933,1780419497733,0,4,22.3,52.4,54.3,208.3,329.5
5934,1780419497767,0,4,22.2,51.0,21.6,198.8,303.2
5935,1780419497800,0,4,22.7,48.4,45.1,215.7,338.8
5936,1780419497833,0,4,22.5,50.3,30.4,213.6,331.2
5937,1780419497867,0,4,22.3,49.9,40.4,207.6,305.8
5938,1780419497900,0,4,22.3,54.0,51.6,187.1,334.8
5939,1780419497933,0,4,22.7,50.8,42.8,200.9,337.2
5940,1780419497967,0,4,22.4,50.4,47.9,217.8,321.0
5941,1780419498000,0,4,22.7,52.0,21.4,181.1,301.2
5942,1780419498033,0,4,22.2,51.5,42.3,206.3,333.1
5943,1780419498067,0,4,22.7,48.6,29.5,197.0,338.3
5944,1780419498100,0,4,22.4,48.1,41.6,196.9,328.1
5945,1780419498133,0,4,22.3,52.9,29.1,194.0,317.0
5946,1780419498167,0,4,22.3,51.0,54.6,182.6,307.1
5947,1780419498200,0,4,22.3,52.7,43.6,201.5,314.5
5948,1780419498233,0,4,22.3,50.0,55.0,188.5,320.1
5949,1780419498267,0,4,22.7,51.4,42.0,211.2,304.5
5950,1780419498300,0,4,22.8,53.8,23.6,203.2,326.4
5951,1780419498333,0,4,22.6,48.5,27.8,209.4,314.6
5952,1780419498367,0,4,22.6,50.2,51.7,207.2,322.7
5953,1780419498400,0,4,22.6,51.2,46.9,191.8,320.2
5954,1780419498433,0,4,22.6,51.5,50.8,215.2,300.3
5955,1780419498467,0,4,22.3,50.5,57.1,219.7,304.2
5956,1780419498500,0,4,22.8,50.6,45.9,190.5,324.7
5957,1780419498533,0,4,22.7,52.3,37.4,203.2,326.5
5958,1780419498567,0,4,22.6,49.3,35.7,210.9,331.8
5959,1780419498600,0,4,22.3,52.7,40.5,209.6,318.9
5960,1780419498633,0,4,22.3,48.9,49.2,200.6,310.3
5961,1780419498667,0,4,22.5,50.6,52.7,209.0,310.4
5962,1780419498700,0,4,22.4,51.8,32.3,196.1,330.4
5963,1780419498733,0,4,22.5,51.1,24.2,196.5,325.4
5964,1780419498767,0,4,22.7,51.6,21.7,210.8,306.4
5965,1780419498800,0,4,22.7,49.4,41.8,199.6,321.2
5966,1780419498833,0,4,22.4,53.0,54.3,217.2,320.3
5967,1780419498867,0,4,22.6,50.4,53.9,188.6,331.7
5968,1780419498900,0,4,22.6,49.4,23.7,203.8,331.5
5969,1780419498933,0,4,22.3,52.5,40.8,199.8,336.2
5970,1780419498967,0,4,22.6,50.7,57.7,216.1,303.6
5971,1780419499000,0,4,22.4,53.2,32.3,188.5,304.7
5972,1780419499033,0,4,22.4,53.2,40.7,212.6,323.4
5973,1780419499067,0,4,22.7,52.0,59.2,204.1,328.1
5974,1780419499100,0,4,22.6,52.3,35.2,187.5,321.6
5975,1780419499133,0,4,22.5,51.5,39.5,201.4,336.8
5976,1780419499167,0,4,22.6,51.8,25.7,204.2,319.1
5977,1780419499200,0,4,22.7,52.7,23.6,183.8,301.0
5978,1780419499233,0,4,22.2,53.0,56.8,189.7,326.3
5979,1780419499267,0,4,22.5,49.8,39.1,182.8,307.2
5980,1780419499300,0,4,22.3,50.5,34.1,183.4,319.5
5981,1780419499333,0,4,22.4,52.6,35.9,218.0,303.1
5982,1780419499367,0,4,22.6,48.2,34.4,209.8,301.7
5983,1780419499400,0,4,22.6,53.3,49.7,210.4,319.6
5984,1780419499433,0,4,22.6,53.9,22.4,189.6,335.9
5985,1780419499467,0,4,22.6,53.8,38.0,193.0,317.0
5986,1780419499500,0,4,22.4,52.6,26.5,202.5,332.9
5987,1780419499533,0,4,22.8,50.2,30.4,209.4,326.2
5988,1780419499567,0,4,22.6,53.6,56.9,198.2,306.0
5989,1780419499600,0,4,22.7,52.1,45.4,217.2,330.9
5990,1780419499633,0,4,22.7,53.4,29.1,204.2,325.2
5991,1780419499667,0,4,22.6,52.1,59.0,202.1,318.2
5992,1780419499700,0,4,22.4,49.1,38.5,183.8,309.8
5993,1780419499733,0,4,22.3,48.1,51.7,210.1,306.5
5994,1780419499767,0,4,22.3,52.9,29.7,214.7,320.2
5995,1780419499800,0,4,22.5,50.5,42.3,216.2,333.0
5996,1780419499833,0,4,22.4,51.6,55.0,205.1,314.3
5997,1780419499867,0,4,22.3,49.5,45.0,185.6,328.7
5998,1780419499900,0,4,22.4,49.8,47.4,183.1,301.5
5999,1780419499933,0,4,22.3,51.8,41.1,203.9,332.4
6000,1780419499967,0,4,22.8,49.1,58.1,197.0,301.2
6001,1780419500000,0,4,22.4,48.8,35.2,213.2,301.5
6002,1780419500033,0,4,22.6,49.0,39.6,199.2,318.8
6003,1780419500067,0,4,22.5,51.9,27.5,203.4,337.0
6004,1780419500100,0,4,22.5,54.0,22.1,186.3,315.6
6005,1780419500133,0,4,22.7,53.4,26.7,206.7,303.6
6006,1780419500167,0,4,22.5,49.9,26.5,199.5,309.9
6007,1780419500200,0,4,22.5,52.3,41.7,211.5,309.0
6008,1780419500233,0,4,22.3,52.7,55.1,205.0,320.5
6009,1780419500267,0,4,22.8,51.8,59.9,201.1,333.7
6010,1780419500300,0,4,22.4,51.6,20.7,217.4,313.5
6011,1780419500333,0,4,22.2,53.8,20.0,197.5,334.5
6012,1780419500367,0,4,22.6,51.0,44.2,192.5,323.8
6013,1780419500400,0,4,22.7,52.2,23.3,199.1,334.7
6014,1780419500433,0,4,22.4,51.2,59.3,180.7,328.7
6015,1780419500467,0,4,22.6,49.1,21.2,180.7,316.2
6016,1780419500500,0,4,22.4,50.1,50.3,202.2,320.8
6017,1780419500533,0,4,22.2,52.5,49.7,206.3,337.5
6018,1780419500567,0,4,22.7,51.7,50.0,201.7,304.5
6019,1780419500600,0,4,22.3,50.5,48.3,215.2,340.0
6020,1780419500633,0,4,22.7,53.7,21.1,193.3,310.1
6021,1780419500667,0,4,22.3,49.5,37.4,219.2,307.3
6022,1780419500700,0,4,22.3,49.4,52.9,188.8,328.9
6023,1780419500733,0,4,22.2,53.0,24.8,211.4,307.7
6024,1780419500767,0,4,22.5,48.0,44.0,189.0,302.6
6025,1780419500800,0,4,22.6,48.3,24.6,208.1,318.7
6026,1780419500833,0,4,22.6,52.6,45.7,190.6,322.0
6027,1780419500867,0,4,22.7,52.8,26.2,180.4,334.2
6028,1780419500900,0,4,22.3,49.6,24.1,204.9,319.5
6029,1780419500933,0,4,22.7,52.5,56.2,218.4,326.7
6030,1780419500967,0,4,22.4,53.0,42.4,212.3,319.1
6031,1780419501000,0,4,22.3,48.4,59.3,180.2,325.8
6032,1780419501033,0,4,22.5,48.4,38.7,181.8,323.6
6033,1780419501067,0,4,22.3,49.3,52.0,191.9,337.8
6034,1780419501100,0,4,22.3,49.0,44.4,183.9,329.4
6035,1780419501133,0,4,22.8,53.0,29.2,184.8,327.7
6036,1780419501167,0,4,22.3,51.7,34.5,207.5,316.1
6037,1780419501200,0,4,22.3,51.6,25.9,197.1,332.0
6038,1780419501233,0,4,22.8,50.6,23.8,187.6,319.2
6039,1780419501267,0,4,22.3,50.7,22.8,210.1,302.8
6040,1780419501300,0,4,22.5,49.6,55.6,191.1,318.8
6041,1780419501333,0,4,22.6,49.7,58.9,190.8,306.1
6042,1780419501367,0,4,22.7,49.7,21.6,193.9,336.0
6043,1780419501400,0,4,22.5,51.7,52.8,187.4,339.7
6044,1780419501433,0,4,22.8,48.7,27.8,208.1,337.1
6045,1780419501467,0,4,22.7,52.1,52.1,214.4,311.8
6046,1780419501500,0,4,22.5,49.5,42.3,212.8,324.4
6047,1780419501533,0,4,22.8,53.5,25.6,213.8,334.3
6048,1780419501567,0,4,22.6,50.9,51.6,212.2,333.9
6049,1780419501600,0,4,22.5,52.7,41.4,212.2,336.7
6050,1780419501633,0,4,22.5,49.4,47.5,196.8,333.8
6051,1780419501667,0,4,22.3,48.0,32.3,185.5,333.7
6052,1780419501700,0,4,22.5,48.3,32.6,188.7,314.3
6053,1780419501733,0,4,22.7,53.5,25.3,206.9,334.3
6054,1780419501767,0,4,22.8,49.5,44.9,207.4,333.1
6055,1780419501800,0,4,22.6,50.2,32.0,202.4,334.0
6056,1780419501833,0,4,22.7,50.4,57.3,220.0,339.5
6057,1780419501867,0,4,22.7,49.0,56.7,205.3,315.1
6058,1780419501900,0,4,22.6,50.3,25.4,217.0,333.8
6059,1780419501933,0,4,22.5,52.0,31.4,194.0,307.5
6060,1780419501967,0,4,22.7,49.3,42.9,183.4,312.1
6061,1780419502000,0,4,22.4,50.1,39.5,195.9,332.6
6062,1780419502033,0,4,22.4,49.8,40.7,198.9,308.8
6063,1780419502067,0,4,22.5,49.0,57.9,195.2,327.1
6064,1780419502100,0,4,22.4,49.0,27.5,216.4,322.7
6065,1780419502133,0,4,22.6,51.8,41.9,212.1,311.5
6066,1780419502167,0,4,22.5,51.6,45.0,188.4,333.0
6067,1780419502200,0,4,22.8,51.5,25.5,190.8,307.1
6068,1780419502233,0,4,22.4,48.3,48.0,184.1,301.6
6069,1780419502267,0,4,22.5,48.0,34.6,210.6,302.1
6070,1780419502300,0,4,22.7,52.4,28.0,180.1,339.4
6071,1780419502333,0,4,22.6,52.1,36.9,199.3,310.1
6072,1780419502367,0,4,22.6,52.3,52.9,200.7,310.7
6073,1780419502400,0,4,22.5,50.6,37.5,193.6,324.5
6074,1780419502433,0,4,22.4,51.5,26.6,217.7,316.8
6075,1780419502467,0,4,22.5,53.7,47.1,197.1,304.4
6076,1780419502500,0,4,22.3,51.3,56.9,213.2,322.0
6077,1780419502533,0,4,22.8,48.7,38.8,219.5,300.4
6078,1780419502567,0,4,22.4,48.6,46.4,207.1,302.3
6079,1780419502600,0,4,22.7,51.7,31.2,180.6,316.7
6080,1780419502633,0,4,22.5,52.2,21.5,188.9,322.4
6081,1780419502667,0,4,22.5,50.4,46.6,216.2,327.2
6082,1780419502700,0,4,22.7,50.5,46.9,197.0,331.9
6083,1780419502733,0,4,22.4,50.3,46.5,219.8,301.8
6084,1780419502767,0,4,22.6,50.9,46.0,200.4,316.7
6085,1780419502800,0,4,22.3,51.8,34.2,208.6,301.7
6086,1780419502833,0,4,22.5,48.9,44.6,201.7,303.8
6087,1780419502867,0,4,22.4,48.6,35.9,194.9,303.6
6088,1780419502900,0,4,22.7,49.5,42.6,217.1,300.1
6089,1780419502933,0,4,22.7,49.6,54.8,216.9,338.5
6090,1780419502967,0,4,22.5,49.2,33.5,213.4,305.4
6091,1780419503000,0,4,22.7,50.1,48.5,211.7,300.9
6092,1780419503033,0,4,22.7,53.2,43.8,186.9,332.9
6093,1780419503067,0,4,22.8,50.4,33.1,186.4,317.9
6094,1780419503100,0,4,22.3,53.1,22.0,186.3,312.1
6095,1780419503133,0,4,22.7,48.1,24.3,183.7,316.1
6096,1780419503167,0,4,22.5,51.5,23.5,208.8,320.4
6097,1780419503200,0,4,22.2,50.5,23.5,192.4,316.7
6098,1780419503233,0,4,22.6,52.4,21.3,197.4,308.8
6099,1780419503267,0,4,22.7,51.5,52.0,204.7,327.4
6100,1780419503300,0,4,22.6,48.5,27.9,219.4,304.3
6101,1780419503333,0,4,22.7,53.2,57.6,203.6,301.1
6102,1780419503367,0,4,22.3,51.4,25.8,187.3,323.3
6103,1780419503400,0,4,22.6,49.3,58.3,202.8,300.1
6104,1780419503433,0,4,22.8,49.7,44.2,181.3,314.9
6105,1780419503467,0,4,22.5,50.0,51.7,211.8,312.2
6106,1780419503500,0,4,22.5,49.1,27.5,193.7,322.2
6107,1780419503533,0,4,22.5,53.8,20.5,184.3,316.1
6108,1780419503567,0,4,22.4,52.7,54.0,197.3,332.5
6109,1780419503600,0,4,22.4,52.3,24.7,183.7,323.5
6110,1780419503633,0,4,22.6,50.5,58.4,209.4,328.5
6111,1780419503667,0,4,22.6,53.9,53.0,217.8,303.2
6112,1780419503700,0,4,22.4,49.3,22.6,213.5,327.9
6113,1780419503733,0,4,22.3,51.5,47.7,182.1,329.7
6114,1780419503767,0,4,22.4,51.0,53.8,206.9,333.9
6115,1780419503800,0,4,22.4,49.1,54.6,196.4,316.2
6116,1780419503833,0,4,22.5,50.4,33.7,193.9,313.1
6117,1780419503867,0,4,22.3,53.1,28.6,215.4,325.9
6118,1780419503900,0,4,22.5,49.4,28.9,181.7,338.3
6119,1780419503933,0,4,22.6,48.5,35.8,219.9,302.4
6120,1780419503967,0,4,22.6,51.0,36.3,205.7,313.3
6121,1780419504000,0,4,22.2,52.3,55.8,186.6,335.9
6122,1780419504033,0,4,22.7,51.0,39.1,207.5,301.9
6123,1780419504067,0,4,22.5,49.2,56.7,204.9,339.4
6124,1780419504100,0,4,22.8,51.6,56.9,203.2,330.4
6125,1780419504133,0,4,22.3,53.4,28.3,187.7,328.3
6126,1780419504167,0,4,22.7,51.3,47.3,203.6,339.2
6127,1780419504200,0,4,22.5,49.5,59.8,191.0,309.8
6128,1780419504233,0,4,22.5,53.5,23.6,207.1,326.4
6129,1780419504267,0,4,22.4,53.4,52.9,218.2,336.1
6130,1780419504300,0,4,22.7,50.9,51.4,215.0,316.6
6131,1780419504333,0,4,22.6,50.8,39.9,188.9,331.1
6132,1780419504367,0,4,22.3,50.6,49.3,196.5,334.9
6133,1780419504400,0,4,22.4,50.4,59.3,204.5,303.8
6134,1780419504433,0,4,22.2,51.5,21.3,217.9,307.8
6135,1780419504467,0,4,22.5,48.1,36.6,192.8,319.7
6136,1780419504500,0,4,22.5,52.2,25.3,184.9,302.8
6137,1780419504533,0,4,22.8,50.8,58.5,208.3,312.8
6138,1780419504567,0,4,22.4,48.4,40.7,203.5,306.3
6139,1780419504600,0,4,22.8,51.3,39.8,201.0,305.7
6140,1780419504633,0,4,22.6,49.2,59.0,198.5,334.0
6141,1780419504667,0,4,22.7,53.5,20.9,202.7,318.6
6142,1780419504700,0,4,22.5,51.6,36.6,185.6,321.1
6143,1780419504733,0,4,22.3,53.6,50.5,184.3,327.1
6144,1780419504767,0,4,22.5,50.3,53.9,180.7,332.3
6145,1780419504800,0,4,22.8,50.2,43.9,183.3,305.9
6146,1780419504833,0,4,22.5,51.8,34.6,183.6,331.5
6147,1780419504867,0,4,22.4,53.5,54.8,185.9,303.7
6148,1780419504900,0,4,22.5,50.8,38.2,201.8,320.3
6149,1780419504933,0,4,22.5,52.9,31.1,192.3,300.3
6150,1780419504967,0,4,22.6,49.9,55.4,211.0,310.8
6151,1780419505000,0,4,22.6,49.6,36.7,194.9,321.4
6152,1780419505033,0,4,22.3,52.6,46.6,196.4,303.0
6153,1780419505067,0,4,22.4,52.3,35.6,219.3,305.2
6154,1780419505100,0,4,22.5,49.0,44.2,211.7,313.7
6155,1780419505133,0,4,22.3,48.4,59.7,204.2,310.2
6156,1780419505167,0,4,22.3,53.2,31.0,190.3,314.8
6157,1780419505200,0,4,22.2,52.5,27.6,208.5,339.2
6158,1780419505233,0,4,22.2,49.8,55.6,206.2,326.8
6159,1780419505267,0,4,22.3,50.6,41.4,181.7,335.3
6160,1780419505300,0,4,22.3,51.2,37.8,196.8,332.6
6161,1780419505333,0,4,22.3,48.8,40.3,218.8,326.6
6162,1780419505367,0,4,22.5,50.8,27.2,201.1,323.9
6163,1780419505400,0,4,22.4,50.3,59.6,191.9,308.2
6164,1780419505433,0,4,22.4,52.8,27.2,194.1,305.4
6165,1780419505467,0,4,22.6,53.3,31.8,180.3,314.8
6166,1780419505500,0,4,22.7,48.7,23.8,194.2,321.7
6167,1780419505533,0,4,22.5,49.1,24.4,180.4,311.9
6168,1780419505567,0,4,22.5,51.0,39.4,216.0,309.6
6169,1780419505600,0,4,22.7,52.5,53.8,180.7,304.4
6170,1780419505633,0,4,22.4,52.4,44.3,203.1,309.6
6171,1780419505667,0,4,22.8,48.8,35.8,218.8,312.8
6172,1780419505700,0,4,22.8,50.8,21.2,183.8,306.6
6173,1780419505733,0,4,22.3,51.2,27.6,192.6,322.7
6174,1780419505767,0,4,22.7,48.4,56.9,184.1,339.3
6175,1780419505800,0,4,22.7,52.9,32.5,209.3,305.8
6176,1780419505833,0,4,22.2,50.2,41.5,195.9,338.8
6177,1780419505867,0,4,22.5,52.6,47.3,190.6,317.1
6178,1780419505900,0,4,22.3,51.0,53.1,194.7,335.5
6179,1780419505933,0,4,22.3,53.8,31.4,211.9,327.7
6180,1780419505967,0,4,22.5,51.3,32.7,200.6,336.8
6181,1780419506000,0,4,22.3,51.1,36.1,199.7,324.7
6182,1780419506033,0,4,22.6,52.4,56.2,188.6,337.6
6183,1780419506067,0,4,22.6,49.6,37.9,208.2,306.7
6184,1780419506100,0,4,22.3,50.0,53.3,203.9,308.7
6185,1780419506133,0,4,22.7,48.0,48.5,215.7,339.6
6186,1780419506167,0,4,22.8,53.4,59.8,183.3,317.8
6187,1780419506200,0,4,22.7,50.4,34.7,207.1,305.5
6188,1780419506233,0,4,22.8,50.3,53.4,183.5,320.2
6189,1780419506267,0,4,22.8,52.4,34.8,185.0,325.4
6190,1780419506300,0,4,22.7,48.5,29.4,219.3,303.2
6191,1780419506333,0,4,22.5,48.6,27.9,216.0,315.0
6192,1780419506367,0,4,22.5,51.8,26.9,204.9,327.5
6193,1780419506400,0,4,22.2,52.3,54.2,199.3,311.0
6194,1780419506433,0,4,22.4,53.6,50.3,180.2,323.2
6195,1780419506467,0,4,22.8,52.3,44.0,183.7,323.0
6196,1780419506500,0,4,22.3,49.8,34.4,206.2,302.6
6197,1780419506533,0,4,22.5,48.5,51.7,202.0,310.3
6198,1780419506567,0,4,22.5,49.6,31.7,217.6,303.7
6199,1780419506600,0,4,22.6,52.0,27.9,214.7,305.2
6200,1780419506633,0,4,22.2,49.4,48.8,216.5,324.1
6201,1780419506667,0,4,22.5,53.4,46.3,217.5,321.8
6202,1780419506700,0,4,22.4,50.5,44.3,207.5,320.1
6203,1780419506733,0,4,22.3,53.0,26.4,194.7,330.3
6204,1780419506767,0,4,22.6,49.0,45.1,191.4,318.1
6205,1780419506800,0,4,22.4,52.3,47.8,218.2,313.2
6206,1780419506833,0,4,22.6,53.5,48.3,214.6,304.5
6207,1780419506867,0,4,22.3,49.0,21.4,189.2,309.8
6208,1780419506900,0,4,22.5,53.3,33.2,187.9,336.7
6209,1780419506933,0,4,22.5,48.6,54.0,193.6,332.7
6210,1780419506967,0,4,22.5,51.3,53.2,213.3,307.8
6211,1780419507000,0,4,22.3,48.0,48.4,214.8,314.0
6212,1780419507033,0,4,22.7,48.8,50.5,205.9,302.3
6213,1780419507067,0,4,22.4,51.0,23.8,197.4,301.5
6214,1780419507100,0,4,22.5,52.0,48.1,206.1,308.0
6215,1780419507133,0,4,22.3,50.1,24.4,217.1,310.0
6216,1780419507167,0,4,22.7,52.9,55.2,215.8,314.1
6217,1780419507200,0,4,22.7,51.1,59.0,204.9,317.1
6218,1780419507233,0,4,22.2,53.3,56.2,219.0,306.5
6219,1780419507267,0,4,22.5,49.3,54.4,189.7,315.3
6220,1780419507300,0,4,22.6,53.1,54.5,188.7,338.8
6221,1780419507333,0,4,22.3,52.5,43.5,198.2,324.6
6222,1780419507367,0,4,22.5,52.8,42.7,181.8,321.6
6223,1780419507400,0,4,22.7,52.9,21.1,181.9,313.0
6224,1780419507433,0,4,22.6,53.1,28.2,204.7,307.5
6225,1780419507467,0,4,22.4,49.0,22.0,194.9,320.2
6226,1780419507500,0,4,22.6,50.3,53.1,190.8,336.0
6227,1780419507533,0,4,22.3,53.7,53.9,189.4,311.1
6228,1780419507567,0,4,22.7,51.0,28.9,188.6,338.7
6229,1780419507600,0,4,22.3,50.8,35.0,183.5,332.8
6230,1780419507633,0,4,22.6,51.0,37.0,189.1,308.6
6231,1780419507667,0,4,22.3,50.6,45.9,181.2,321.9
6232,1780419507700,0,4,22.2,49.4,28.3,194.3,339.5
6233,1780419507733,0,4,22.4,53.5,31.1,208.8,313.9
6234,1780419507767,0,4,22.8,53.5,20.4,188.3,330.0
6235,1780419507800,0,4,22.6,48.4,55.6,198.9,328.4
6236,1780419507833,0,4,22.7,52.9,36.7,185.4,331.3
6237,1780419507867,0,4,22.2,50.0,24.4,193.2,314.1
6238,1780419507900,0,4,22.6,49.4,43.6,218.3,320.8
6239,1780419507933,0,4,22.7,51.6,28.5,199.5,328.3
6240,1780419507967,0,4,22.7,51.5,33.7,190.8,318.4
6241,1780419508000,0,4,22.2,50.8,30.4,194.5,328.7
6242,1780419508033,0,4,22.7,52.4,34.0,205.5,304.7
6243,1780419508067,0,4,22.3,51.0,36.5,197.8,315.3
6244,1780419508100,0,4,22.3,48.2,29.9,203.7,327.7
6245,1780419508133,0,4,22.7,53.5,58.7,205.0,336.6
6246,1780419508167,0,4,22.7,50.5,20.3,197.4,300.9
6247,1780419508200,0,4,22.2,51.7,35.2,214.5,337.6
6248,1780419508233,0,4,22.4,50.6,32.4,217.7,338.7
6249,1780419508267,0,4,22.7,53.0,23.3,181.5,307.1
6250,1780419508300,0,4,22.7,53.2,46.1,219.4,331.2
6251,1780419508333,0,4,22.5,48.1,46.8,219.8,306.8
6252,1780419508367,0,4,22.5,51.5,40.2,219.4,316.1
6253,1780419508400,0,4,22.5,51.3,30.9,195.0,332.7
6254,1780419508433,0,4,22.7,50.5,30.6,198.6,323.7
6255,1780419508467,0,4,22.6,49.9,28.2,211.5,320.3
6256,1780419508500,0,4,22.6,53.7,26.5,219.7,329.0
6257,1780419508533,0,4,22.2,51.6,40.0,219.7,329.1
6258,1780419508567,0,4,22.4,52.8,48.5,219.4,322.2
6259,1780419508600,0,4,22.4,51.1,57.2,218.3,318.2
6260,1780419508633,0,4,22.8,52.0,40.9,187.9,309.4
6261,1780419508667,0,4,22.6,51.5,59.8,180.9,309.2
6262,1780419508700,0,4,22.6,48.6,24.5,215.2,304.0
6263,1780419508733,0,4,22.7,50.9,37.7,209.1,335.4
6264,1780419508767,0,4,22.7,52.9,39.9,205.9,329.4
6265,1780419508800,0,4,22.6,51.6,58.9,218.4,315.2
6266,1780419508833,0,4,22.8,50.3,22.4,201.1,311.2
6267,1780419508867,0,4,22.5,48.2,34.0,209.1,311.0
6268,1780419508900,0,4,22.4,52.1,20.4,188.6,301.0
6269,1780419508933,0,4,22.3,50.5,22.4,180.1,303.3
6270,1780419508967,0,4,22.5,50.4,45.3,204.5,329.3
6271,1780419509000,0,4,22.7,52.4,51.1,209.3,315.4
6272,1780419509033,0,4,22.3,52.5,54.9,188.4,300.4
6273,1780419509067,0,4,22.4,53.9,23.3,187.9,321.1
6274,1780419509100,0,4,22.5,53.9,21.5,193.3,333.1
6275,1780419509133,0,4,22.5,53.4,50.0,198.8,333.0
6276,1780419509167,0,4,22.5,49.7,38.0,184.1,316.6
6277,1780419509200,0,4,22.7,48.3,48.6,202.4,339.3
6278,1780419509233,0,4,22.7,53.5,35.6,193.4,305.3
6279,1780419509267,0,4,22.8,50.1,22.6,188.4,339.7
6280,1780419509300,0,4,22.7,50.3,27.0,203.4,316.6
6281,1780419509333,0,4,22.8,50.4,33.2,185.2,309.0
6282,1780419509367,0,4,22.5,51.0,23.0,217.4,312.6
6283,1780419509400,0,4,22.3,48.7,40.3,191.1,302.3
6284,1780419509433,0,4,22.7,49.4,35.5,208.9,338.1
6285,1780419509467,0,4,22.4,51.0,32.2,205.9,306.5
6286,1780419509500,0,4,22.3,49.6,48.7,190.8,310.2
6287,1780419509533,0,4,22.2,53.5,21.9,215.6,332.0
6288,1780419509567,0,4,22.3,48.3,56.9,219.3,323.8
6289,1780419509600,0,4,22.5,50.2,31.2,217.3,318.4
6290,1780419509633,0,4,22.4,50.5,45.9,200.7,316.8
6291,1780419509667,0,4,22.7,49.9,22.1,181.5,320.3
6292,1780419509700,0,4,22.7,52.8,56.3,189.2,310.2
6293,1780419509733,0,4,22.4,53.2,58.4,185.9,321.7
6294,1780419509767,0,4,22.6,53.4,29.7,196.4,307.1
6295,1780419509800,0,4,22.6,51.4,44.9,180.8,337.0
6296,1780419509833,0,4,22.6,52.1,43.5,181.7,309.5
6297,1780419509867,0,4,22.4,51.1,20.8,204.1,315.6
6298,1780419509900,0,4,22.4,52.5,25.1,189.2,328.2
6299,1780419509933,0,4,22.4,49.8,35.5,190.3,315.4
6300,1780419509967,0,4,22.6,53.5,50.5,216.4,331.4
6301,1780419510000,0,4,22.7,48.8,53.6,187.5,321.3
6302,1780419510033,0,4,22.5,49.1,58.0,191.2,324.3
6303,1780419510067,0,4,22.7,49.2,53.0,201.2,322.8
6304,1780419510100,0,4,22.4,50.6,28.3,199.8,306.1
6305,1780419510133,0,4,22.5,48.5,44.9,207.4,330.9
6306,1780419510167,0,4,22.7,50.0,26.4,208.6,310.5
6307,1780419510200,0,4,22.4,48.3,21.3,213.8,308.4
6308,1780419510233,0,4,22.3,53.4,53.0,186.9,313.3
6309,1780419510267,0,4,22.3,49.2,48.7,213.7,329.2
6310,1780419510300,0,4,22.4,49.7,52.0,193.6,302.8
6311,1780419510333,0,4,22.8,50.2,55.6,193.0,335.1
6312,1780419510367,0,4,22.2,49.1,25.9,181.1,326.7
6313,1780419510400,0,4,22.4,52.7,35.4,208.2,328.9
6314,1780419510433,0,4,22.2,52.2,22.5,209.3,327.1
6315,1780419510467,0,4,22.4,48.5,47.2,212.1,332.2
6316,1780419510500,0,4,22.7,50.3,29.5,186.0,333.0
6317,1780419510533,0,4,22.6,51.4,37.0,190.4,308.2
6318,1780419510567,0,4,22.3,48.6,36.5,215.9,305.2
6319,1780419510600,0,4,22.7,48.9,28.3,183.8,319.0
6320,1780419510633,0,4,22.2,49.8,50.7,212.4,308.0
6321,1780419510667,0,4,22.3,49.5,53.0,207.6,332.8
6322,1780419510700,0,4,22.4,50.2,22.7,216.1,331.6
6323,1780419510733,0,4,22.3,52.6,37.1,209.9,334.3
6324,1780419510767,0,4,22.6,50.0,36.5,217.9,330.0
6325,1780419510800,0,4,22.2,53.1,50.1,216.7,300.3
6326,1780419510833,0,4,22.8,51.1,57.4,188.3,325.6
6327,1780419510867,0,4,22.7,50.0,26.5,211.3,339.7
6328,1780419510900,0,4,22.7,51.8,41.0,209.1,321.7
6329,1780419510933,0,4,22.3,51.4,24.9,207.4,301.1
6330,1780419510967,0,4,22.4,51.6,23.1,194.1,330.5
6331,1780419511000,0,4,22.4,50.1,32.9,207.4,306.0
6332,1780419511033,0,4,22.4,50.8,34.7,191.3,317.9
6333,1780419511067,0,4,22.7,52.5,26.2,208.1,302.3
6334,1780419511100,0,4,22.2,51.6,37.4,205.0,309.4
6335,1780419511133,0,4,22.7,48.0,42.7,215.5,332.6
6336,1780419511167,0,4,22.5,53.7,58.2,194.5,303.5
6337,1780419511200,0,4,22.8,48.0,34.3,199.3,330.3
6338,1780419511233,0,4,22.6,50.1,43.4,199.1,312.4
6339,1780419511267,0,4,22.7,49.9,48.8,202.7,307.0
6340,1780419511300,0,4,22.6,49.7,29.1,212.9,333.7
6341,1780419511333,0,4,22.8,48.9,20.3,206.5,325.5
6342,1780419511367,0,4,22.5,53.8,56.8,196.2,319.0
6343,1780419511400,0,4,22.4,50.5,49.6,208.7,300.6
6344,1780419511433,0,4,22.5,51.8,38.0,184.7,320.7
6345,1780419511467,0,4,22.3,50.9,31.7,210.2,329.2
6346,1780419511500,0,4,22.8,52.3,53.9,206.2,326.1
6347,1780419511533,0,4,22.6,51.3,57.2,190.5,324.6
6348,1780419511567,0,4,22.3,51.9,35.6,189.9,336.2
6349,1780419511600,0,4,22.3,50.2,45.7,191.9,313.5
6350,1780419511633,0,4,22.8,49.7,56.5,185.9,327.7
6351,1780419511667,0,4,22.4,53.0,48.1,200.7,336.5
6352,1780419511700,0,4,22.5,53.8,43.7,181.8,316.5
6353,1780419511733,0,4,22.8,49.8,40.3,180.4,301.5
6354,1780419511767,0,4,22.6,48.8,24.7,185.5,301.6
6355,1780419511800,0,4,22.5,49.6,56.9,215.0,334.7
6356,1780419511833,0,4,22.7,51.7,34.6,194.9,321.5
6357,1780419511867,0,4,22.8,52.7,20.2,214.4,315.1
6358,1780419511900,0,4,22.4,48.5,35.3,181.7,324.0
6359,1780419511933,0,4,22.3,51.2,49.2,184.4,328.8
6360,1780419511967,0,4,22.8,49.9,44.8,204.5,321.2
6361,1780419512000,0,4,22.5,50.2,40.8,200.2,308.5
6362,1780419512033,0,4,22.5,52.9,43.7,219.0,314.9
6363,1780419512067,0,4,22.7,49.0,22.8,217.1,314.7
6364,1780419512100,0,4,22.3,53.7,42.3,206.2,322.8
6365,1780419512133,0,4,22.2,49.3,39.4,201.3,312.7
6366,1780419512167,0,4,22.5,51.4,34.0,213.5,325.4
6367,1780419512200,0,4,22.7,48.6,44.9,196.8,318.0
6368,1780419512233,0,4,22.4,51.7,32.9,200.6,322.4
6369,1780419512267,0,4,22.4,48.1,44.3,207.2,321.0
6370,1780419512300,0,4,22.6,48.1,37.7,186.5,332.3
6371,1780419512333,0,4,22.7,52.5,28.6,205.3,333.6
6372,1780419512367,0,4,22.4,52.4,59.2,193.4,329.8
6373,1780419512400,0,4,22.3,48.6,51.8,195.7,310.5
6374,1780419512433,0,4,22.2,49.2,40.6,205.5,310.6
6375,1780419512467,0,4,22.8,48.9,45.2,220.0,338.2
6376,1780419512500,0,4,22.5,49.2,53.1,187.0,338.5
6377,1780419512533,0,4,22.7,51.1,35.6,183.7,322.6
6378,1780419512567,0,4,22.7,49.1,50.3,206.1,304.3
6379,1780419512600,0,4,22.7,48.2,39.0,180.2,316.3
6380,1780419512633,0,4,22.5,53.9,58.7,209.5,315.5
6381,1780419512667,0,4,22.5,52.9,22.0,204.6,314.3
6382,1780419512700,0,4,22.8,52.8,55.5,187.0,327.4
6383,1780419512733,0,4,22.7,51.1,48.0,189.0,330.3
6384,1780419512767,0,4,22.7,53.7,57.8,211.7,313.1
6385,1780419512800,0,4,22.7,51.3,36.4,204.6,317.6
6386,1780419512833,0,4,22.4,52.1,43.6,201.9,310.2
6387,1780419512867,0,4,22.4,48.9,35.8,180.1,337.8
6388,1780419512900,0,4,22.7,52.1,27.3,213.3,311.8
6389,1780419512933,0,4,22.2,50.0,21.3,191.8,316.6
6390,1780419512967,0,4,22.5,49.1,20.6,193.2,315.3
6391,1780419513000,0,4,22.5,50.9,25.6,196.1,309.3
6392,1780419513033,0,4,22.3,53.3,33.2,192.1,313.2
6393,1780419513067,0,4,22.5,53.2,59.8,218.6,318.3
6394,1780419513100,0,4,22.4,50.9,20.2,198.0,306.3
6395,1780419513133,0,4,22.4,51.9,37.6,195.4,309.1
6396,1780419513167,0,4,22.2,49.3,35.3,209.2,311.5
6397,1780419513200,0,4,22.8,50.6,26.5,181.5,304.9
6398,1780419513233,0,4,22.4,49.9,59.5,195.5,332.2
6399,1780419513267,0,4,22.7,52.0,23.5,205.4,308.3
6400,1780419513300,0,4,22.4,51.2,30.2,215.2,314.7
6401,1780419513333,0,4,22.3,49.0,47.9,193.1,337.3
6402,1780419513367,0,4,22.6,52.4,49.5,210.6,328.5
6403,1780419513400,0,4,22.5,51.9,24.7,183.9,338.2
6404,1780419513433,0,4,22.6,50.9,23.9,186.2,323.0
6405,1780419513467,0,4,22.6,53.6,46.8,183.7,307.1
6406,1780419513500,0,4,22.7,52.8,29.3,206.7,337.3
6407,1780419513533,0,4,22.4,51.2,45.9,210.2,334.1
6408,1780419513567,0,4,22.6,50.9,51.3,187.0,300.1
6409,1780419513600,0,4,22.3,48.6,33.6,193.5,304.1
6410,1780419513633,0,4,22.7,52.8,33.3,188.7,325.7
6411,1780419513667,0,4,22.2,51.2,30.1,200.2,323.0
6412,1780419513700,0,4,22.6,48.5,20.8,209.1,301.2
6413,1780419513733,0,4,22.4,53.7,52.9,216.9,309.2
6414,1780419513767,0,4,22.5,50.7,22.9,212.4,305.0
6415,1780419513800,0,4,22.7,51.0,21.9,193.7,321.9
6416,1780419513833,0,4,22.7,49.5,49.6,207.2,303.3
6417,1780419513867,0,4,22.3,53.1,38.0,186.4,318.1
6418,1780419513900,0,4,22.5,53.8,23.8,195.6,304.6
6419,1780419513933,0,4,22.7,48.4,45.6,211.7,322.3
6420,1780419513967,0,4,22.7,50.7,33.1,181.0,300.4
6421,1780419514000,0,4,22.4,48.8,56.8,213.9,308.2
6422,1780419514033,0,4,22.3,53.9,34.4,195.0,315.7
6423,1780419514067,0,4,22.4,50.0,44.1,183.9,332.9
6424,1780419514100,0,4,22.5,52.2,32.2,186.4,320.0
6425,1780419514133,0,4,22.7,48.9,56.0,211.3,328.0
6426,1780419514167,0,4,22.6,51.9,56.6,195.1,307.0
6427,1780419514200,0,4,22.4,52.3,21.6,197.1,311.7
6428,1780419514233,0,4,22.7,53.0,54.1,193.6,336.0
6429,1780419514267,0,4,22.3,48.2,52.7,199.9,339.4
6430,1780419514300,0,4,22.3,50.2,46.2,203.4,302.7
6431,1780419514333,0,4,22.6,51.9,28.1,200.5,324.9
6432,1780419514367,0,4,22.7,50.1,54.7,205.1,331.0
6433,1780419514400,0,4,22.8,50.1,54.5,202.7,313.7
6434,1780419514433,0,4,22.3,49.9,30.6,180.2,318.5
6435,1780419514467,0,4,22.7,52.7,36.0,204.0,309.9
6436,1780419514500,0,4,22.6,50.3,41.5,219.1,312.6
6437,1780419514533,0,4,22.3,50.7,42.3,212.5,330.5
6438,1780419514567,0,4,22.8,50.6,29.7,218.8,318.3
6439,1780419514600,0,4,22.4,52.5,28.0,190.1,331.9
6440,1780419514633,0,4,22.7,52.4,39.6,188.0,320.3
6441,1780419514667,0,4,22.3,49.1,21.6,195.4,322.7
6442,1780419514700,0,4,22.5,48.4,23.4,197.7,311.4
6443,1780419514733,0,4,22.4,49.0,48.3,214.6,329.1
6444,1780419514767,0,4,22.3,53.0,25.3,211.4,311.3
6445,1780419514800,0,4,22.5,50.9,38.5,191.2,320.9
6446,1780419514833,0,4,22.3,52.6,59.6,211.9,337.8
6447,1780419514867,0,4,22.2,48.1,39.6,182.1,314.5
6448,1780419514900,0,4,22.8,48.4,29.5,200.5,306.4
6449,1780419514933,0,4,22.6,52.5,31.2,185.4,315.2
6450,1780419514967,0,4,22.4,48.3,52.0,188.2,332.8
6451,1780419515000,0,4,22.2,53.7,35.3,200.5,305.5
6452,1780419515033,0,4,22.5,54.0,49.0,191.5,313.9
6453,1780419515067,0,4,22.6,49.8,47.3,219.6,327.7
6454,1780419515100,0,4,22.3,53.4,48.3,187.7,301.4
6455,1780419515133,0,4,22.2,53.2,24.6,200.2,300.8
6456,1780419515167,0,4,22.3,51.8,31.3,183.9,340.0
6457,1780419515200,0,4,22.8,53.0,22.6,196.9,316.2
6458,1780419515233,0,4,22.6,49.0,32.7,195.0,321.3
6459,1780419515267,0,4,22.3,52.9,58.5,206.7,319.3
6460,1780419515300,0,4,22.6,52.4,36.1,190.3,332.4
6461,1780419515333,0,4,22.6,49.3,25.3,205.1,317.4
6462,1780419515367,0,4,22.8,49.3,49.4,196.7,308.4
6463,1780419515400,0,4,22.3,52.8,58.6,180.8,302.5
6464,1780419515433,0,4,22.3,52.2,37.6,215.6,313.5
6465,1780419515467,0,4,22.3,49.5,40.9,193.6,325.3
6466,1780419515500,0,4,22.2,51.1,52.4,181.0,306.3
6467,1780419515533,0,4,22.5,48.3,55.5,219.5,314.2
6468,1780419515567,0,4,22.4,52.7,45.0,194.5,313.1
6469,1780419515600,0,4,22.2,52.4,49.4,196.7,321.7
6470,1780419515633,0,4,22.5,51.1,20.6,204.0,333.3
6471,1780419515667,0,4,22.5,50.2,26.9,188.1,327.8
6472,1780419515700,0,4,22.5,50.4,52.0,218.4,332.1
6473,1780419515733,0,4,22.5,50.2,28.4,184.2,313.5
6474,1780419515767,0,4,22.2,53.2,54.0,183.3,302.5
6475,1780419515800,0,4,22.7,51.7,24.8,201.1,329.5
6476,1780419515833,0,4,22.6,51.3,59.5,180.1,331.9
6477,1780419515867,0,4,22.7,53.8,34.5,201.1,301.5
6478,1780419515900,0,4,22.4,52.1,24.8,187.7,334.7
6479,1780419515933,0,4,22.6,51.3,31.1,205.8,307.6
6480,1780419515967,0,4,22.8,51.8,25.7,181.1,303.9
6481,1780419516000,0,4,22.4,52.8,46.9,187.4,315.2
6482,1780419516033,0,4,22.8,48.6,30.0,219.9,317.1
6483,1780419516067,0,4,22.7,48.7,27.4,217.0,325.6
6484,1780419516100,0,4,22.2,53.5,25.9,218.4,312.9
6485,1780419516133,0,4,22.7,48.4,29.0,189.1,326.8
6486,1780419516167,0,4,22.3,53.4,40.0,184.0,312.8
6487,1780419516200,0,4,22.5,49.2,30.2,208.8,303.3
6488,1780419516233,0,4,22.6,53.5,20.3,180.2,332.0
6489,1780419516267,0,4,22.6,51.5,44.5,209.3,313.3
6490,1780419516300,0,4,22.5,48.8,51.4,194.4,315.1
6491,1780419516333,0,4,22.3,52.1,42.3,202.7,319.8
6492,1780419516367,0,4,22.3,52.4,20.4,214.4,335.3
6493,1780419516400,0,4,22.7,50.7,39.7,181.0,329.7
6494,1780419516433,0,4,22.5,48.6,37.9,180.4,334.7
6495,1780419516467,0,4,22.8,48.8,26.2,215.9,322.1
6496,1780419516500,0,4,22.6,52.1,50.3,192.8,301.3
6497,1780419516533,0,4,22.3,51.6,48.0,184.6,309.1
6498,1780419516567,0,4,22.3,48.1,28.7,197.3,304.5
6499,1780419516600,0,4,22.4,50.6,30.8,197.8,326.9
6500,1780419516633,0,4,22.4,53.4,35.9,200.4,302.7
6501,1780419516667,0,4,22.3,49.0,51.8,183.9,314.2
6502,1780419516700,0,4,22.7,53.2,32.6,218.1,301.8
6503,1780419516733,0,4,22.2,48.3,53.7,217.9,310.8
6504,1780419516767,0,4,22.4,52.5,25.0,182.6,303.5
6505,1780419516800,0,4,22.6,49.2,42.0,219.7,310.8
6506,1780419516833,0,4,22.8,51.0,41.8,212.0,320.9
6507,1780419516867,0,4,22.4,52.8,39.8,208.2,301.2
6508,1780419516900,0,4,22.4,53.1,25.2,201.9,314.5
6509,1780419516933,0,4,22.4,49.9,55.1,211.2,315.9
6510,1780419516967,0,4,22.8,52.4,56.3,217.9,322.2
6511,1780419517000,0,4,22.4,53.2,32.4,202.7,318.5
6512,1780419517033,0,4,22.8,53.4,20.4,217.2,309.3
6513,1780419517067,0,4,22.4,51.5,25.6,216.8,303.7
6514,1780419517100,0,4,22.5,52.2,24.6,209.5,313.5
6515,1780419517133,0,4,22.2,52.8,39.3,212.0,335.2
6516,1780419517167,0,4,22.2,48.2,50.6,182.4,318.3
6517,1780419517200,0,4,22.3,50.2,50.9,191.8,322.7
6518,1780419517233,0,4,22.3,53.6,54.1,202.0,325.2
6519,1780419517267,0,4,22.6,52.7,22.5,206.3,325.4
6520,1780419517300,0,4,22.6,48.5,59.7,201.7,301.3
6521,1780419517333,0,4,22.7,53.3,20.1,186.4,331.2
6522,1780419517367,0,4,22.7,52.8,35.0,218.5,310.1
6523,1780419517400,0,4,22.8,52.1,21.3,217.0,318.6
6524,1780419517433,0,4,22.7,49.4,24.9,202.6,321.5
6525,1780419517467,0,4,22.7,53.8,45.3,191.2,324.4
6526,1780419517500,0,4,22.7,48.2,59.4,210.4,324.0
6527,1780419517533,0,4,22.5,50.9,43.3,212.4,311.2
6528,1780419517567,0,4,22.7,53.7,38.5,191.9,337.7
6529,1780419517600,0,4,22.7,53.3,37.5,209.8,303.0
6530,1780419517633,0,4,22.5,50.2,46.4,199.2,321.9
6531,1780419517667,0,4,22.6,50.8,41.9,207.9,315.7
6532,1780419517700,0,4,22.5,52.9,57.0,216.9,320.2
6533,1780419517733,0,4,22.6,50.2,48.4,196.9,312.8
6534,1780419517767,0,4,22.6,52.1,26.9,193.4,338.5
6535,1780419517800,0,4,22.5,49.0,28.3,215.1,313.2
6536,1780419517833,0,4,22.2,53.6,47.0,212.2,300.1
6537,1780419517867,0,4,22.2,53.6,27.4,196.8,308.6
6538,1780419517900,0,4,22.6,48.5,48.0,194.4,318.7
6539,1780419517933,0,4,22.6,51.7,46.3,186.1,311.9
6540,1780419517967,0,4,22.8,49.6,28.0,195.2,309.0
6541,1780419518000,0,4,22.4,50.9,36.4,188.5,300.6
6542,1780419518033,0,4,22.7,52.9,51.9,195.7,301.7
6543,1780419518067,0,4,22.4,51.8,38.3,200.4,314.4
6544,1780419518100,0,4,22.6,52.2,24.5,185.0,311.0
6545,1780419518133,0,4,22.7,50.0,24.6,218.7,306.3
6546,1780419518167,0,4,22.6,52.3,47.8,194.2,312.7
6547,1780419518200,0,4,22.3,50.3,53.9,214.5,314.4
6548,1780419518233,0,4,22.8,51.5,57.2,181.8,306.1
6549,1780419518267,0,4,22.6,49.5,58.7,195.4,325.4
6550,1780419518300,0,4,22.3,48.7,37.0,192.0,315.4
6551,1780419518333,0,4,22.6,52.5,37.2,191.1,317.4
6552,1780419518367,0,4,22.5,51.8,41.3,193.3,316.3
6553,1780419518400,0,4,22.4,53.0,51.5,206.3,301.0
6554,1780419518433,0,4,22.3,53.8,29.9,204.8,332.3
6555,1780419518467,0,4,22.5,50.5,50.5,215.7,312.5
6556,1780419518500,0,4,22.3,51.7,39.9,202.9,339.0
6557,1780419518533,0,4,22.7,49.4,42.8,219.7,335.9
6558,1780419518567,0,4,22.5,53.3,44.9,215.3,318.4
6559,1780419518600,0,4,22.3,52.1,55.8,199.3,330.9
6560,1780419518633,0,4,22.5,50.6,39.5,192.8,314.1
6561,1780419518667,0,4,22.6,51.6,52.9,209.5,328.0
6562,1780419518700,0,4,22.7,48.1,22.8,187.5,300.3
6563,1780419518733,0,4,22.7,51.0,21.3,211.1,301.4
6564,1780419518767,0,4,22.8,52.9,45.6,191.6,321.7
6565,1780419518800,0,4,22.7,52.0,31.0,201.1,339.5
6566,1780419518833,0,4,22.2,53.4,43.8,218.1,328.4
6567,1780419518867,0,4,22.6,49.7,38.9,201.4,318.0
6568,1780419518900,0,4,22.7,49.4,57.4,182.9,309.8
6569,1780419518933,0,4,22.4,48.6,27.6,205.7,313.5
6570,1780419518967,0,4,22.7,53.5,20.6,185.6,317.2
6571,1780419519000,0,4,22.2,49.4,44.5,180.8,302.9
6572,1780419519033,0,4,22.7,52.9,35.2,197.6,326.7
6573,1780419519067,0,4,22.8,52.3,47.2,182.9,310.4
6574,1780419519100,0,4,22.8,52.5,27.3,188.8,325.1
6575,1780419519133,0,4,22.5,50.8,56.5,193.2,313.8
6576,1780419519167,0,4,22.7,53.5,56.6,184.9,339.1
6577,1780419519200,0,4,22.7,49.1,31.5,213.8,339.6
6578,1780419519233,0,4,22.6,53.0,25.3,218.1,304.3
6579,1780419519267,0,4,22.3,50.3,30.0,180.8,329.6
6580,1780419519300,0,4,22.4,52.6,21.6,184.0,330.1
6581,1780419519333,0,4,22.7,50.3,24.2,207.2,336.3
6582,1780419519367,0,4,22.6,50.1,38.7,216.5,305.7
6583,1780419519400,0,4,22.8,53.2,39.4,210.7,303.9
6584,1780419519433,0,4,22.2,51.4,53.6,194.7,315.9
6585,1780419519467,0,4,22.7,50.6,52.3,217.0,319.6
6586,1780419519500,0,4,22.7,54.0,44.1,211.7,316.1
6587,1780419519533,0,4,22.4,48.4,54.7,195.3,312.6
6588,1780419519567,0,4,22.3,51.5,32.4,202.0,312.1
6589,1780419519600,0,4,22.5,51.1,31.1,181.4,317.6
6590,1780419519633,0,4,22.3,49.0,30.3,218.9,316.0
6591,1780419519667,0,4,22.8,52.3,35.5,193.1,330.8
6592,1780419519700,0,4,22.7,49.4,50.8,209.8,339.1
6593,1780419519733,0,4,22.5,51.5,42.7,205.2,311.8
6594,1780419519767,0,4,22.7,50.5,41.0,212.2,317.0
6595,1780419519800,0,4,22.4,48.3,42.9,196.1,304.3
6596,1780419519833,0,4,22.4,51.1,31.3,217.8,304.3
6597,1780419519867,0,4,22.6,50.2,36.9,200.0,332.8
6598,1780419519900,0,4,22.8,51.9,45.8,219.5,319.0
6599,1780419519933,0,4,22.7,52.3,23.9,211.8,307.5
6600,1780419519967,0,4,22.2,48.3,47.1,207.3,336.7
6601,1780419520000,0,4,22.4,53.3,25.1,190.5,310.9
6602,1780419520033,0,4,22.4,48.4,36.9,184.4,339.9
6603,1780419520067,0,4,22.7,51.7,44.8,203.5,300.8
6604,1780419520100,0,4,22.8,53.5,42.8,197.9,321.3
6605,1780419520133,0,4,22.3,53.0,23.7,184.6,315.6
6606,1780419520167,0,4,22.7,52.2,40.1,207.7,305.2
6607,1780419520200,0,4,22.4,51.9,57.1,185.9,328.5
6608,1780419520233,0,4,22.5,49.7,43.3,216.2,321.2
6609,1780419520267,0,4,22.8,51.3,32.9,192.0,318.9
6610,1780419520300,0,4,22.3,53.7,44.7,198.0,338.3
6611,1780419520333,0,4,22.3,51.8,27.4,202.6,310.2
6612,1780419520367,0,4,22.8,48.8,53.5,209.2,311.8
6613,1780419520400,0,4,22.7,52.6,39.9,202.4,329.7
6614,1780419520433,0,4,22.7,48.1,38.7,213.6,334.4
6615,1780419520467,0,4,22.8,52.8,36.3,190.0,302.9
6616,1780419520500,0,4,22.6,51.9,20.7,216.2,320.7
6617,1780419520533,0,4,22.8,50.4,52.7,202.9,331.0
6618,1780419520567,0,4,22.6,50.4,22.3,209.5,304.1
6619,1780419520600,0,4,22.7,52.7,29.3,186.1,317.4
6620,1780419520633,0,4,22.8,49.3,25.8,198.0,329.7
6621,1780419520667,0,4,22.8,50.1,51.1,191.7,329.4
6622,1780419520700,0,4,22.6,52.1,51.9,196.4,329.7
6623,1780419520733,0,4,22.5,53.6,58.5,215.0,338.9
6624,1780419520767,0,4,22.4,50.6,29.5,182.6,332.2
6625,1780419520800,0,4,22.4,53.8,42.2,198.5,305.1
6626,1780419520833,0,4,22.2,48.2,50.1,198.8,322.5
6627,1780419520867,0,4,22.3,52.5,26.3,204.4,331.1
6628,1780419520900,0,4,22.4,51.7,23.9,205.9,338.1
6629,1780419520933,0,4,22.6,49.7,24.5,185.6,302.6
6630,1780419520967,0,4,22.4,50.6,25.0,210.8,304.3
6631,1780419521000,0,4,22.3,50.9,37.2,181.6,336.7
6632,1780419521033,0,4,22.3,52.8,22.8,199.6,334.3
6633,1780419521067,0,4,22.4,50.5,46.7,202.8,337.1
6634,1780419521100,0,4,22.6,53.2,39.0,195.2,313.7
6635,1780419521133,0,4,22.6,50.4,35.9,211.3,322.7
6636,1780419521167,0,4,22.5,52.3,24.6,202.2,305.6
6637,1780419521200,0,4,22.3,53.2,52.4,198.8,339.1
6638,1780419521233,0,4,22.4,48.1,25.4,180.6,331.1
6639,1780419521267,0,4,22.8,50.7,38.7,207.7,309.3
6640,1780419521300,0,4,22.7,49.5,26.4,211.3,329.9
6641,1780419521333,0,4,22.4,48.9,55.8,210.3,301.7
6642,1780419521367,0,4,22.7,52.2,44.4,183.3,336.0
6643,1780419521400,0,4,22.8,53.0,47.1,181.9,315.6
6644,1780419521433,0,4,22.7,52.0,58.4,200.9,320.9
6645,1780419521467,0,4,22.6,48.7,41.5,200.1,317.8
6646,1780419521500,0,4,22.4,48.1,51.5,190.9,314.7
6647,1780419521533,0,4,22.5,53.6,32.8,190.2,312.9
6648,1780419521567,0,4,22.5,52.0,30.2,211.4,306.0
6649,1780419521600,0,4,22.2,53.3,20.4,181.3,328.1
6650,1780419521633,0,4,22.6,51.3,40.7,206.7,328.0
6651,1780419521667,0,4,22.8,49.3,51.8,188.2,332.7
6652,1780419521700,0,4,22.4,50.3,54.0,205.2,304.0
6653,1780419521733,0,4,22.7,53.6,22.9,199.5,335.6
6654,1780419521767,0,4,22.4,48.1,59.9,189.6,301.6
6655,1780419521800,0,4,22.4,53.7,26.9,201.1,327.9
6656,1780419521833,0,4,22.4,49.2,57.3,181.7,300.4
6657,1780419521867,0,4,22.5,50.6,56.9,203.1,331.6
6658,1780419521900,0,4,22.4,51.6,30.4,197.9,332.7
6659,1780419521933,0,4,22.8,53.0,58.6,185.0,324.4
6660,1780419521967,0,4,22.4,53.2,46.9,188.8,312.0
6661,1780419522000,0,4,22.8,51.7,31.5,193.9,334.7
6662,1780419522033,0,4,22.3,53.6,33.5,199.9,317.5
6663,1780419522067,0,4,22.6,51.0,38.8,188.2,339.1
6664,1780419522100,0,4,22.7,52.9,40.2,191.6,315.1
6665,1780419522133,0,4,22.6,51.5,35.7,191.0,317.0
6666,1780419522167,0,4,22.5,53.9,21.8,187.8,318.6
6667,1780419522200,0,4,22.5,48.5,36.0,213.0,339.2
6668,1780419522233,0,4,22.3,52.4,38.8,194.8,317.8
6669,1780419522267,0,4,22.5,52.5,32.0,207.5,304.9
6670,1780419522300,0,4,22.4,51.0,35.0,200.7,321.6
6671,1780419522333,0,4,22.4,50.7,56.2,183.1,309.7
6672,1780419522367,0,4,22.8,53.5,34.6,201.6,324.5
6673,1780419522400,0,4,22.6,50.4,47.8,207.0,336.7
6674,1780419522433,0,4,22.5,53.7,22.0,184.5,312.0
6675,1780419522467,0,4,22.5,53.8,24.3,185.2,300.3
6676,1780419522500,0,4,22.4,53.7,29.7,184.6,332.2
6677,1780419522533,0,4,22.4,51.8,42.9,209.1,310.5
6678,1780419522567,0,4,22.3,50.6,52.0,185.2,305.7
6679,1780419522600,0,4,22.5,48.7,31.1,213.3,322.3
6680,1780419522633,0,4,22.5,50.4,39.1,187.3,320.1
6681,1780419522667,0,4,22.3,48.7,29.4,192.3,310.0
6682,1780419522700,0,4,22.6,51.4,36.1,219.6,335.0
6683,1780419522733,0,4,22.6,51.3,32.5,180.1,321.3
6684,1780419522767,0,4,22.6,51.0,27.4,181.8,314.5
6685,1780419522800,0,4,22.3,50.9,22.6,184.4,321.1
6686,1780419522833,0,4,22.4,53.7,34.7,184.5,313.5
6687,1780419522867,0,4,22.5,50.4,22.2,199.0,339.7
6688,1780419522900,0,4,22.7,50.3,26.8,200.7,313.3
6689,1780419522933,0,4,22.4,48.7,24.6,182.1,328.6
6690,1780419522967,0,4,22.5,52.6,49.3,191.1,332.6
6691,1780419523000,0,4,22.6,52.1,58.4,187.2,333.4
6692,1780419523033,0,4,22.6,52.3,37.4,193.0,318.2
6693,1780419523067,0,4,22.5,50.4,23.6,208.1,331.8
6694,1780419523100,0,4,22.8,50.1,46.4,181.3,319.7
6695,1780419523133,0,4,22.5,51.0,28.4,219.6,329.6
6696,1780419523167,0,4,22.3,51.6,48.4,198.3,339.1
6697,1780419523200,0,4,22.4,50.0,32.2,186.8,316.1
6698,1780419523233,0,4,22.6,49.5,38.1,187.0,333.7
6699,1780419523267,0,4,22.5,48.7,57.5,212.4,315.6
6700,1780419523300,0,4,22.5,51.5,21.4,183.9,310.9
6701,1780419523333,0,4,22.5,49.3,44.0,213.6,321.4
6702,1780419523367,0,4,22.7,50.5,60.0,214.3,300.4
6703,1780419523400,0,4,22.7,50.0,34.4,200.6,338.9
6704,1780419523433,0,4,22.7,53.8,49.7,185.1,337.3
6705,1780419523467,0,4,22.3,52.6,28.5,189.2,319.6
6706,1780419523500,0,4,22.6,53.5,25.6,215.4,300.3
6707,1780419523533,0,4,22.4,52.8,23.3,181.5,317.4
6708,1780419523567,0,4,22.5,53.7,46.7,200.9,302.0
6709,1780419523600,0,4,22.4,51.7,49.6,211.2,316.6
6710,1780419523633,0,4,22.5,50.3,52.9,208.7,338.5
6711,1780419523667,0,4,22.8,48.6,20.2,200.6,314.8
6712,1780419523700,0,4,22.5,53.1,28.1,197.6,314.5
6713,1780419523733,0,4,22.4,52.7,58.8,184.2,309.9
6714,1780419523767,0,4,22.5,51.9,48.6,189.9,318.7
6715,1780419523800,0,4,22.6,53.9,25.1,195.3,330.1
6716,1780419523833,0,4,22.2,49.9,33.8,213.3,328.1
6717,1780419523867,0,4,22.4,52.9,27.9,195.3,312.7
6718,1780419523900,0,4,22.6,51.4,57.8,200.8,324.7
6719,1780419523933,0,4,22.5,52.6,40.8,180.0,313.6
6720,1780419523967,0,4,22.3,49.6,45.3,194.5,316.4
6721,1780419524000,0,4,22.6,49.9,55.7,216.1,339.5
6722,1780419524033,0,4,22.7,48.3,44.9,191.0,320.3
6723,1780419524067,0,4,22.8,53.7,24.6,194.1,336.2
6724,1780419524100,0,4,22.7,48.7,31.0,189.6,304.0
6725,1780419524133,0,4,22.3,52.9,56.0,205.2,325.2
6726,1780419524167,0,4,22.6,51.9,41.0,210.8,305.8
6727,1780419524200,0,4,22.8,49.3,46.1,219.3,319.5
6728,1780419524233,0,4,22.3,53.6,48.9,180.6,329.3
6729,1780419524267,0,4,22.8,52.9,46.3,215.1,313.1
6730,1780419524300,0,4,22.4,53.3,26.8,183.9,309.7
6731,1780419524333,0,4,22.4,49.6,55.3,185.8,303.0
6732,1780419524367,0,4,22.2,48.5,50.9,189.8,309.8
6733,1780419524400,0,4,22.7,51.6,38.2,210.7,323.6
6734,1780419524433,0,4,22.7,51.6,40.9,200.9,325.4
6735,1780419524467,0,4,22.5,50.8,36.6,199.8,326.2
6736,1780419524500,0,4,22.3,49.2,36.8,214.5,320.2
6737,1780419524533,0,4,22.4,52.7,44.3,180.7,303.1
6738,1780419524567,0,4,22.5,51.9,31.3,201.1,317.6
6739,1780419524600,0,4,22.4,52.1,27.7,214.9,337.7
6740,1780419524633,0,4,22.7,49.4,24.6,200.8,314.7
6741,1780419524667,0,4,22.7,53.9,34.2,214.7,319.6
6742,1780419524700,0,4,22.6,49.2,21.7,181.0,335.0
6743,1780419524733,0,4,22.5,52.1,25.1,183.2,324.3
6744,1780419524767,0,4,22.7,53.9,45.5,196.4,307.9
6745,1780419524800,0,4,22.6,51.2,27.7,211.4,321.6
6746,1780419524833,0,4,22.2,50.7,53.0,195.5,330.0
6747,1780419524867,0,4,22.2,50.7,22.5,208.4,332.8
6748,1780419524900,0,4,22.8,53.8,55.3,209.5,308.2
6749,1780419524933,0,4,22.5,53.6,31.1,212.8,303.4
6750,1780419524967,0,4,22.8,53.4,26.9,217.3,335.5
6751,1780419525000,0,4,22.4,51.9,27.9,194.9,323.7
6752,1780419525033,0,4,22.8,52.2,31.3,189.5,330.2
6753,1780419525067,0,4,22.7,53.6,23.6,215.2,320.6
6754,1780419525100,0,4,22.3,50.5,27.4,219.3,335.4
6755,1780419525133,0,4,22.3,53.0,47.0,186.4,308.9
6756,1780419525167,0,4,22.4,49.2,31.0,191.9,313.3
6757,1780419525200,0,4,22.3,52.5,47.1,209.1,304.9
6758,1780419525233,0,4,22.3,53.5,44.3,208.9,330.9
6759,1780419525267,0,4,22.7,49.9,58.0,190.0,337.1
6760,1780419525300,0,4,22.7,48.8,44.2,203.2,305.4
6761,1780419525333,0,4,22.7,50.3,54.1,212.7,333.2
6762,1780419525367,0,4,22.7,50.3,32.9,204.5,337.2
6763,1780419525400,0,4,22.6,50.6,45.4,201.9,310.2
6764,1780419525433,0,4,22.4,53.6,57.0,187.4,301.0
6765,1780419525467,0,4,22.6,48.0,29.4,211.3,338.9
6766,1780419525500,0,4,22.7,49.9,59.4,201.1,337.7
6767,1780419525533,0,4,22.6,49.8,22.5,188.1,320.0
6768,1780419525567,0,4,22.6,49.0,23.7,203.1,316.1
6769,1780419525600,0,4,22.4,48.1,41.6,181.6,335.7
6770,1780419525633,0,4,22.7,51.7,21.2,188.9,331.3
6771,1780419525667,0,4,22.4,51.2,26.1,185.5,320.0
6772,1780419525700,0,4,22.8,51.6,39.4,203.8,332.0
6773,1780419525733,0,4,22.5,53.0,42.4,210.5,321.6
6774,1780419525767,0,4,22.7,50.3,44.3,182.5,338.5
6775,1780419525800,0,4,22.3,52.7,47.6,201.0,335.9
6776,1780419525833,0,4,22.7,50.8,34.5,211.3,332.1
6777,1780419525867,0,4,22.4,48.2,58.9,211.5,317.6
6778,1780419525900,0,4,22.5,49.2,55.1,208.5,310.4
6779,1780419525933,0,4,22.7,48.6,35.5,205.3,330.0
6780,1780419525967,0,4,22.3,49.8,26.8,211.2,322.2
6781,1780419526000,0,4,22.5,50.9,51.4,204.2,304.8
6782,1780419526033,0,4,22.4,53.4,24.1,204.1,302.5
6783,1780419526067,0,4,22.3,53.7,58.7,185.7,312.1
6784,1780419526100,0,4,22.7,51.1,58.4,216.3,312.4
6785,1780419526133,0,4,22.7,52.9,20.2,201.3,308.9
6786,1780419526167,0,4,22.4,48.6,46.0,210.9,338.2
6787,1780419526200,0,4,22.7,50.4,36.4,195.3,310.6
6788,1780419526233,0,4,22.6,49.0,21.3,219.2,329.9
6789,1780419526267,0,4,22.8,49.0,38.3,209.6,327.8
6790,1780419526300,0,4,22.4,52.9,43.5,181.8,333.6
6791,1780419526333,0,4,22.7,53.2,32.8,213.1,310.2
6792,1780419526367,0,4,22.4,53.6,59.6,192.6,326.6
6793,1780419526400,0,4,22.7,53.8,30.2,199.9,304.1
6794,1780419526433,0,4,22.4,50.0,40.9,192.0,319.0
6795,1780419526467,0,4,22.2,48.6,58.4,218.3,326.4
6796,1780419526500,0,4,22.7,51.3,39.5,190.0,330.8
6797,1780419526533,0,4,22.6,53.7,48.9,184.4,330.1
6798,1780419526567,0,4,22.5,51.7,56.2,190.4,304.6
6799,1780419526600,0,4,22.7,49.7,32.9,180.7,312.5
6800,1780419526633,0,4,22.5,48.2,28.1,215.4,322.1
6801,1780419526667,0,4,22.5,49.3,25.8,209.8,327.6
6802,1780419526700,0,4,22.6,49.4,40.8,207.9,303.5
6803,1780419526733,0,4,22.2,50.9,48.7,218.1,300.4
6804,1780419526767,0,4,22.4,51.6,25.3,214.0,323.7
6805,1780419526800,0,4,22.5,53.2,37.3,203.1,325.5
6806,1780419526833,0,4,22.8,50.1,29.9,212.1,301.1
6807,1780419526867,0,4,22.3,48.1,38.7,180.9,314.1
6808,1780419526900,0,4,22.7,50.0,29.5,205.5,309.2
6809,1780419526933,0,4,22.6,51.4,39.0,180.2,301.0
6810,1780419526967,0,4,22.5,49.2,29.6,183.2,322.5
6811,1780419527000,0,4,22.4,53.5,40.3,214.6,304.4
6812,1780419527033,0,4,22.7,53.6,52.2,208.5,314.7
6813,1780419527067,0,4,22.5,49.3,34.1,213.6,336.9
6814,1780419527100,0,4,22.7,53.9,28.5,187.6,308.3
6815,1780419527133,0,4,22.4,51.7,45.6,195.5,314.0
6816,1780419527167,0,4,22.5,50.3,56.1,201.2,301.8
6817,1780419527200,0,4,22.8,51.3,43.8,193.5,320.6
6818,1780419527233,0,4,22.8,52.2,45.9,196.9,334.1
6819,1780419527267,0,4,22.6,49.9,27.0,211.7,303.8
6820,1780419527300,0,4,22.8,48.3,24.9,217.6,321.8
6821,1780419527333,0,4,22.4,52.8,41.0,198.8,301.7
6822,1780419527367,0,4,22.7,53.4,53.1,199.4,323.9
6823,1780419527400,0,4,22.7,49.0,21.5,209.5,317.4
6824,1780419527433,0,4,22.3,52.8,33.7,198.3,321.1
6825,1780419527467,0,4,22.8,53.1,23.5,201.5,302.8
6826,1780419527500,0,4,22.3,53.1,22.5,182.2,323.1
6827,1780419527533,0,4,22.7,49.9,34.8,212.9,318.3
6828,1780419527567,0,4,22.7,53.3,38.3,207.5,311.8
6829,1780419527600,0,4,22.7,50.7,47.5,181.0,326.6
6830,1780419527633,0,4,22.2,52.7,21.1,203.2,313.7
6831,1780419527667,0,4,22.4,50.9,27.6,195.2,319.1
6832,1780419527700,0,4,22.4,50.1,41.4,218.3,300.6
6833,1780419527733,0,4,22.3,50.5,31.1,181.6,321.9
6834,1780419527767,0,4,22.8,50.1,28.7,201.5,324.2
6835,1780419527800,0,4,22.4,51.9,25.4,202.7,334.1
6836,1780419527833,0,4,22.2,50.1,39.1,186.3,338.9
6837,1780419527867,0,4,22.7,48.6,27.9,183.3,338.6
6838,1780419527900,0,4,22.6,50.5,37.9,210.2,339.9
6839,1780419527933,0,4,22.4,49.9,29.3,200.4,317.6
6840,1780419527967,0,4,22.6,52.8,50.8,212.8,321.4
6841,1780419528000,0,4,22.5,50.9,52.6,209.1,329.2
6842,1780419528033,0,4,22.4,48.9,27.5,212.4,311.3
6843,1780419528067,0,4,22.4,49.5,47.1,198.0,306.2
6844,1780419528100,0,4,22.7,53.0,52.4,218.5,315.8
6845,1780419528133,0,4,22.4,52.5,53.5,196.7,320.0
6846,1780419528167,0,4,22.7,52.3,25.3,186.9,312.7
6847,1780419528200,0,4,22.6,49.1,25.0,192.0,300.2
6848,1780419528233,0,4,22.3,53.9,23.6,209.2,321.0
6849,1780419528267,0,4,22.6,51.7,45.7,201.9,304.8
6850,1780419528300,0,4,22.8,54.0,44.9,199.7,314.8
6851,1780419528333,0,4,22.4,53.7,27.6,217.8,334.9
6852,1780419528367,0,4,22.4,53.8,35.4,200.0,304.6
6853,1780419528400,0,4,22.8,49.3,53.9,192.5,314.4
6854,1780419528433,0,4,22.7,51.6,40.8,209.3,314.3
6855,1780419528467,0,4,22.5,48.8,43.3,206.6,304.7
6856,1780419528500,0,4,22.3,50.1,50.4,188.4,301.5
6857,1780419528533,0,4,22.5,49.7,40.0,189.8,339.2
6858,1780419528567,0,4,22.4,52.9,24.1,204.0,305.1
6859,1780419528600,0,4,22.5,51.0,33.0,206.1,332.0
6860,1780419528633,0,4,22.3,50.7,50.9,212.5,333.8
6861,1780419528667,0,4,22.7,53.5,42.1,219.7,335.9
6862,1780419528700,0,4,22.4,53.9,32.9,205.5,333.2
6863,1780419528733,0,4,22.5,49.4,28.7,216.5,310.0
6864,1780419528767,0,4,22.3,53.1,28.7,195.5,323.3
6865,1780419528800,0,4,22.6,49.0,35.9,213.2,300.7
6866,1780419528833,0,4,22.6,50.5,21.8,189.1,313.9
6867,1780419528867,0,4,22.7,52.6,56.4,186.5,326.3
6868,1780419528900,0,4,22.3,48.3,52.8,200.8,302.8
6869,1780419528933,0,4,22.7,53.4,56.1,192.3,332.7
6870,1780419528967,0,4,22.8,50.1,33.9,196.0,310.1
6871,1780419529000,0,4,22.3,54.0,42.9,191.4,314.4
6872,1780419529033,0,4,22.5,48.7,36.9,211.3,332.9
6873,1780419529067,0,4,22.8,49.4,56.9,205.1,328.0
6874,1780419529100,0,4,22.2,52.6,22.7,206.8,322.8
6875,1780419529133,0,4,22.8,48.7,56.4,215.6,320.6
6876,1780419529167,0,4,22.6,53.2,48.3,180.5,300.4
6877,1780419529200,0,4,22.7,50.9,37.1,190.9,308.9
6878,1780419529233,0,4,22.8,48.1,42.2,202.3,333.0
6879,1780419529267,0,4,22.5,48.2,21.9,207.9,333.6
6880,1780419529300,0,4,22.3,51.3,43.3,182.4,306.0
6881,1780419529333,0,4,22.5,48.9,58.7,198.8,303.2
6882,1780419529367,0,4,22.6,53.9,23.8,185.2,324.0
6883,1780419529400,0,4,22.4,50.1,34.0,220.0,339.3
6884,1780419529433,0,4,22.7,52.3,59.9,203.2,313.2
6885,1780419529467,0,4,22.5,50.7,44.3,196.4,308.7
6886,1780419529500,0,4,22.2,51.6,20.1,201.9,317.4
6887,1780419529533,0,4,22.4,51.0,29.1,219.7,314.7
6888,1780419529567,0,4,22.3,51.4,31.7,214.1,305.1
6889,1780419529600,0,4,22.4,53.9,51.3,205.0,327.7
6890,1780419529633,0,4,22.3,49.4,53.8,185.8,307.5
6891,1780419529667,0,4,22.2,52.2,43.1,180.3,322.6
6892,1780419529700,0,4,22.6,48.7,53.5,208.7,331.3
6893,1780419529733,0,4,22.3,52.6,48.2,215.4,338.6
6894,1780419529767,0,4,22.3,51.2,58.6,181.9,312.5
6895,1780419529800,0,4,22.6,53.0,48.9,182.3,306.5
6896,1780419529833,0,4,22.6,53.3,22.2,207.8,335.2
6897,1780419529867,0,4,22.6,48.7,26.4,190.6,329.5
6898,1780419529900,0,4,22.4,53.0,39.1,195.8,325.7
6899,1780419529933,0,4,22.6,52.9,25.7,203.4,315.2
6900,1780419529967,0,4,22.7,53.3,25.6,200.1,314.7
6901,1780419530000,0,4,22.5,53.1,31.1,204.0,337.3
6902,1780419530033,0,4,22.6,48.9,59.8,202.7,329.9
6903,1780419530067,0,4,22.8,49.8,43.2,201.5,331.5
6904,1780419530100,0,4,22.7,53.0,43.7,190.2,326.8
6905,1780419530133,0,4,22.5,53.1,22.1,213.1,300.2
6906,1780419530167,0,4,22.8,51.8,24.9,195.5,328.0
6907,1780419530200,0,4,22.3,49.6,29.9,185.1,306.2
6908,1780419530233,0,4,22.7,50.4,46.0,219.0,303.7
6909,1780419530267,0,4,22.4,50.4,49.2,196.4,338.1
6910,1780419530300,0,4,22.2,50.1,47.3,212.2,338.7
6911,1780419530333,0,4,22.5,50.9,33.4,205.6,330.2
6912,1780419530367,0,4,22.6,49.0,37.7,183.3,300.2
6913,1780419530400,0,4,22.2,49.5,57.0,201.7,333.7
6914,1780419530433,0,4,22.4,51.7,55.6,192.7,320.8
6915,1780419530467,0,4,22.2,53.5,48.6,208.1,313.8
6916,1780419530500,0,4,22.7,52.1,47.4,188.2,327.6
6917,1780419530533,0,4,22.4,49.6,33.5,215.6,314.5
6918,1780419530567,0,4,22.8,52.5,57.9,214.8,319.9
6919,1780419530600,0,4,22.6,51.1,26.9,210.7,306.3
6920,1780419530633,0,4,22.4,48.1,44.5,206.6,330.0
6921,1780419530667,0,4,22.5,53.7,27.6,190.2,322.7
6922,1780419530700,0,4,22.5,52.9,23.8,217.4,300.1
6923,1780419530733,0,4,22.4,52.8,44.0,210.2,300.4
6924,1780419530767,0,4,22.8,52.4,57.8,210.8,323.7
6925,1780419530800,0,4,22.7,48.4,22.2,208.5,305.5
6926,1780419530833,0,4,22.3,49.6,49.8,197.7,303.2
6927,1780419530867,0,4,22.7,52.0,25.3,213.4,320.8
6928,1780419530900,0,4,22.5,51.1,55.5,185.7,337.0
6929,1780419530933,0,4,22.3,50.9,29.2,198.0,331.0
6930,1780419530967,0,4,22.5,48.6,23.5,213.3,314.1
6931,1780419531000,0,4,22.6,48.3,34.4,188.0,325.5
6932,1780419531033,0,4,22.2,50.1,33.2,213.5,322.5
6933,1780419531067,0,4,22.2,53.7,56.2,191.5,306.1
6934,1780419531100,0,4,22.3,49.2,37.7,185.6,317.8
6935,1780419531133,0,4,22.2,51.2,49.3,188.2,313.7
6936,1780419531167,0,4,22.7,49.7,43.4,214.1,331.7
6937,1780419531200,0,4,22.4,48.3,43.8,213.7,338.8
6938,1780419531233,0,4,22.6,48.5,52.4,204.5,323.4
6939,1780419531267,0,4,22.5,51.1,38.6,188.0,303.4
6940,1780419531300,0,4,22.7,52.1,31.3,211.9,316.7
6941,1780419531333,0,4,22.4,50.5,57.8,184.7,312.0
6942,1780419531367,0,4,22.3,49.4,34.2,201.9,310.1
6943,1780419531400,0,4,22.2,53.5,29.3,202.4,335.4
6944,1780419531433,0,4,22.7,52.8,43.9,209.1,327.2
6945,1780419531467,0,4,22.7,50.6,44.3,190.6,320.3
6946,1780419531500,0,4,22.6,51.0,41.3,188.9,329.9
6947,1780419531533,0,4,22.7,52.6,29.7,183.5,339.2
6948,1780419531567,0,4,22.8,51.4,22.6,183.2,310.3
6949,1780419531600,0,4,22.3,48.2,27.8,208.2,301.4
6950,1780419531633,0,4,22.7,53.5,34.4,196.2,326.4
6951,1780419531667,0,4,22.2,53.9,50.3,205.1,339.8
6952,1780419531700,0,4,22.8,49.3,28.6,197.3,323.6
6953,1780419531733,0,4,22.5,50.5,43.3,182.1,304.4
6954,1780419531767,0,4,22.2,49.5,31.9,215.2,328.1
6955,1780419531800,0,4,22.3,50.0,47.6,204.4,303.8
6956,1780419531833,0,4,22.3,53.3,28.2,192.6,314.9
6957,1780419531867,0,4,22.7,52.7,47.9,184.6,335.0
6958,1780419531900,0,4,22.5,50.9,56.9,208.0,306.4
6959,1780419531933,0,4,22.4,50.8,20.4,195.6,330.1
6960,1780419531967,0,4,22.4,52.9,48.9,212.1,319.5
6961,1780419532000,0,4,22.3,51.6,21.1,190.3,308.8
6962,1780419532033,0,4,22.3,53.8,20.9,201.3,335.6
6963,1780419532067,0,4,22.6,50.8,27.2,214.6,318.0
6964,1780419532100,0,4,22.3,53.7,42.3,184.5,306.4
6965,1780419532133,0,4,22.5,48.9,48.8,182.1,320.3
6966,1780419532167,0,4,22.6,49.5,22.1,212.8,310.2
6967,1780419532200,0,4,22.8,53.9,26.9,191.6,331.1
6968,1780419532233,0,4,22.6,53.2,49.4,180.5,316.7
6969,1780419532267,0,4,22.4,49.6,41.7,199.3,325.8
6970,1780419532300,0,4,22.5,48.7,52.0,204.7,327.5
6971,1780419532333,0,4,22.5,51.4,24.1,196.9,303.2
6972,1780419532367,0,4,22.8,48.2,56.4,208.8,316.8
6973,1780419532400,0,4,22.4,54.0,34.2,194.6,323.7
6974,1780419532433,0,4,22.8,49.2,52.1,218.5,326.9
6975,1780419532467,0,4,22.7,51.5,32.7,200.0,338.5
6976,1780419532500,0,4,22.4,52.6,53.9,214.9,339.8
6977,1780419532533,0,4,22.5,53.5,33.3,216.5,330.6
6978,1780419532567,0,4,22.6,48.7,56.0,218.0,320.1
6979,1780419532600,0,4,22.3,48.6,23.3,200.2,305.4
6980,1780419532633,0,4,22.3,53.4,50.0,184.5,316.7
6981,1780419532667,0,4,22.7,52.4,51.2,183.4,300.9
6982,1780419532700,0,4,22.6,53.2,59.6,218.7,317.6
6983,1780419532733,0,4,22.7,48.5,42.4,183.0,302.1
6984,1780419532767,0,4,22.4,48.2,49.1,180.1,320.9
6985,1780419532800,0,4,22.7,49.4,31.0,208.7,319.9
6986,1780419532833,0,4,22.8,48.9,58.8,212.3,322.5
6987,1780419532867,0,4,22.3,50.9,29.4,197.9,324.9
6988,1780419532900,0,4,22.5,49.9,29.1,186.8,322.6
6989,1780419532933,0,4,22.7,50.7,33.4,198.6,305.5
6990,1780419532967,0,4,22.6,52.5,56.1,216.5,315.2
6991,1780419533000,0,4,22.5,52.4,26.5,184.0,328.7
6992,1780419533033,0,4,22.5,48.3,58.2,204.6,324.3
6993,1780419533067,0,4,22.7,50.6,36.4,185.7,330.4
6994,1780419533100,0,4,22.5,54.0,49.6,191.4,313.2
6995,1780419533133,0,4,22.4,49.9,31.8,203.4,336.8
6996,1780419533167,0,4,22.7,53.4,29.9,207.3,329.1
6997,1780419533200,0,4,22.8,51.0,26.2,211.4,329.0
6998,1780419533233,0,4,22.4,53.3,55.9,206.5,330.9
6999,1780419533267,0,4,22.4,51.8,43.8,210.2,310.1
7000,1780419533300,0,4,22.4,51.3,27.1,199.8,319.4
7001,1780419533333,0,4,22.3,49.8,48.9,201.4,312.5
7002,1780419533367,0,4,22.7,48.7,52.0,201.2,338.4
7003,1780419533400,0,4,22.2,51.9,59.7,186.1,300.7
7004,1780419533433,0,4,22.4,51.0,24.4,206.7,337.0
7005,1780419533467,0,4,22.2,50.5,45.8,183.8,320.2
7006,1780419533500,0,4,22.6,54.0,36.4,184.4,315.2
7007,1780419533533,0,4,22.5,51.8,26.4,209.5,307.6
7008,1780419533567,0,4,22.4,50.3,43.4,182.9,325.6
7009,1780419533600,0,4,22.4,51.1,52.9,188.6,331.9
7010,1780419533633,0,4,22.5,52.8,50.2,203.7,308.2
7011,1780419533667,0,4,22.7,50.1,59.3,188.4,314.1
7012,1780419533700,0,4,22.5,48.3,59.2,209.2,300.4
7013,1780419533733,0,4,22.3,48.9,57.9,185.6,338.8
7014,1780419533767,0,4,22.4,50.5,53.6,210.1,332.2
7015,1780419533800,0,4,22.6,52.9,31.2,208.6,306.8
7016,1780419533833,0,4,22.5,53.7,23.1,208.9,309.5
7017,1780419533867,0,4,22.6,52.0,39.1,219.0,339.8
7018,1780419533900,0,4,22.7,51.9,21.6,198.3,301.7
7019,1780419533933,0,4,22.2,53.5,46.4,195.6,303.0
7020,1780419533967,0,4,22.7,51.7,58.6,182.4,302.7
7021,1780419534000,0,4,22.6,53.1,56.3,219.3,319.8
7022,1780419534033,0,4,22.7,51.8,46.4,206.4,330.5
7023,1780419534067,0,4,22.5,53.8,37.2,214.8,307.5
7024,1780419534100,0,4,22.7,48.2,48.5,205.8,307.2
7025,1780419534133,0,4,22.7,52.4,50.6,199.3,311.2
7026,1780419534167,0,4,22.4,48.5,40.4,210.2,310.8
7027,1780419534200,0,4,22.6,48.5,59.0,180.6,302.4
7028,1780419534233,0,4,22.3,53.2,56.9,205.7,300.5
7029,1780419534267,0,4,22.2,49.9,28.8,210.2,307.4
7030,1780419534300,0,4,22.7,49.9,24.5,181.6,317.0
7031,1780419534333,0,4,22.3,52.8,27.0,181.8,303.4
7032,1780419534367,0,4,22.5,51.4,57.6,182.5,322.2
7033,1780419534400,0,4,22.3,50.1,21.7,190.0,311.3
7034,1780419534433,0,4,22.8,52.2,36.7,200.5,333.1
7035,1780419534467,0,4,22.5,50.0,21.2,184.9,331.9
7036,1780419534500,0,4,22.6,53.5,26.1,204.7,330.3
7037,1780419534533,0,4,22.2,48.4,30.0,203.2,313.0
7038,1780419534567,0,4,22.7,52.7,22.8,212.0,328.7
7039,1780419534600,0,4,22.2,51.7,24.1,218.0,330.7
7040,1780419534633,0,4,22.3,49.1,27.6,184.2,309.8
7041,1780419534667,0,4,22.5,48.3,51.6,182.8,311.5
7042,1780419534700,0,4,22.5,51.7,49.6,203.2,308.6
7043,1780419534733,0,4,22.5,48.9,20.9,190.5,316.4
7044,1780419534767,0,4,22.5,48.1,44.4,219.4,330.5
7045,1780419534800,0,4,22.7,49.4,49.0,195.1,306.3
7046,1780419534833,0,4,22.4,49.1,32.7,201.3,328.4
7047,1780419534867,0,4,22.2,48.4,39.1,206.9,325.0
7048,1780419534900,0,4,22.2,53.5,43.0,212.1,315.0
7049,1780419534933,0,4,22.5,51.2,44.3,185.2,327.0
7050,1780419534967,0,4,22.5,50.3,50.0,207.9,311.0
7051,1780419535000,0,4,22.8,50.5,55.2,218.0,300.2
7052,1780419535033,0,4,22.6,53.1,30.1,213.7,307.1
7053,1780419535067,0,4,22.8,50.5,55.5,217.2,300.4
7054,1780419535100,0,4,22.3,51.9,58.0,212.5,322.0
7055,1780419535133,0,4,22.3,48.6,28.3,208.3,309.5
7056,1780419535167,0,4,22.4,51.9,32.0,208.6,333.3
7057,1780419535200,0,4,22.5,51.4,37.8,186.0,319.1
7058,1780419535233,0,4,22.6,51.9,29.1,214.6,310.6
7059,1780419535267,0,4,22.6,50.2,57.0,214.0,313.9
7060,1780419535300,0,4,22.4,48.8,36.3,197.5,337.4
7061,1780419535333,0,4,22.7,52.6,24.5,210.7,303.5
7062,1780419535367,0,4,22.5,51.3,53.1,208.7,300.5
7063,1780419535400,0,4,22.3,49.9,27.2,189.7,335.1
7064,1780419535433,0,4,22.7,50.1,46.1,209.9,321.3
7065,1780419535467,0,4,22.8,53.4,28.9,197.0,309.7
7066,1780419535500,0,4,22.8,48.9,52.3,206.8,331.1
7067,1780419535533,0,4,22.2,52.1,29.4,187.2,319.6
7068,1780419535567,0,4,22.6,51.3,31.0,199.2,303.7
7069,1780419535600,0,4,22.8,48.7,26.8,218.1,336.3
7070,1780419535633,0,4,22.7,48.7,36.9,203.8,336.2
7071,1780419535667,0,4,22.4,49.7,57.1,195.4,334.3
7072,1780419535700,0,4,22.7,51.4,28.0,189.5,306.8
7073,1780419535733,0,4,22.7,48.1,26.9,182.8,310.8
7074,1780419535767,0,4,22.4,51.5,31.9,199.8,318.9
7075,1780419535800,0,4,22.7,53.5,45.4,184.8,304.1
7076,1780419535833,0,4,22.5,51.3,48.7,197.3,322.2
7077,1780419535867,0,4,22.5,51.9,24.8,197.8,317.9
7078,1780419535900,0,4,22.5,53.3,45.1,208.9,307.8
7079,1780419535933,0,4,22.5,50.4,39.4,192.3,334.5
7080,1780419535967,0,4,22.5,53.2,38.4,180.5,334.0
7081,1780419536000,0,4,22.5,52.3,23.1,184.2,309.0
7082,1780419536033,0,4,22.5,53.1,20.6,206.0,325.6
7083,1780419536067,0,4,22.8,53.7,47.4,216.7,301.7
7084,1780419536100,0,4,22.8,51.5,24.9,200.5,331.6
7085,1780419536133,0,4,22.8,50.6,29.2,203.3,312.8
7086,1780419536167,0,4,22.3,52.0,37.7,182.7,300.1
7087,1780419536200,0,4,22.8,48.8,34.5,181.4,303.2
7088,1780419536233,0,4,22.4,52.6,59.7,206.2,313.4
7089,1780419536267,0,4,22.4,51.3,29.7,183.3,308.5
7090,1780419536300,0,4,22.4,49.5,23.2,192.3,307.4
7091,1780419536333,0,4,22.6,50.8,34.8,193.2,308.9
7092,1780419536367,0,4,22.8,48.6,32.7,195.2,307.6
7093,1780419536400,0,4,22.6,48.9,40.2,202.6,320.2
7094,1780419536433,0,4,22.5,53.8,37.5,186.5,326.9
7095,1780419536467,0,4,22.5,51.9,38.3,211.7,314.5
7096,1780419536500,0,4,22.3,51.5,23.1,198.7,317.4
7097,1780419536533,0,4,22.8,53.3,39.8,213.0,322.9
7098,1780419536567,0,4,22.6,49.3,41.1,200.4,336.9
7099,1780419536600,0,4,22.4,50.6,21.6,190.3,339.0
7100,1780419536633,0,4,22.7,48.6,55.1,200.9,300.4
7101,1780419536667,0,4,22.4,53.8,26.7,189.7,314.8
7102,1780419536700,0,4,22.7,48.7,39.6,218.7,314.9
7103,1780419536733,0,4,22.3,48.6,29.3,213.1,323.7
7104,1780419536767,0,4,22.6,49.2,51.0,210.4,316.8
7105,1780419536800,0,4,22.5,50.9,41.9,192.0,301.7
7106,1780419536833,0,4,22.5,49.3,59.0,212.8,321.6
7107,1780419536867,0,4,22.6,53.6,40.7,194.1,303.4
7108,1780419536900,0,4,22.7,53.0,50.1,197.9,337.0
7109,1780419536933,0,4,22.6,53.6,49.1,194.7,325.3
7110,1780419536967,0,4,22.5,53.5,58.1,180.9,305.7
7111,1780419537000,0,4,22.7,51.8,51.9,207.9,300.1
7112,1780419537033,0,4,22.4,49.1,57.2,187.7,338.2
7113,1780419537067,0,4,22.3,51.8,30.7,184.7,338.8
7114,1780419537100,0,4,22.3,52.5,55.7,180.9,303.0
7115,1780419537133,0,4,22.3,48.7,54.5,207.7,328.1
7116,1780419537167,0,4,22.4,53.3,33.8,183.4,300.9
7117,1780419537200,0,4,22.5,49.5,47.4,191.4,332.7
7118,1780419537233,0,4,22.3,49.7,43.0,213.5,320.2
7119,1780419537267,0,4,22.5,48.3,48.9,189.5,329.4
7120,1780419537300,0,4,22.5,54.0,50.6,218.1,318.4
7121,1780419537333,0,4,22.4,51.6,59.2,184.2,306.8
7122,1780419537367,0,4,22.5,50.8,52.3,191.4,333.7
7123,1780419537400,0,4,22.5,52.2,46.9,217.8,302.4
7124,1780419537433,0,4,22.6,53.2,43.4,203.9,333.5
7125,1780419537467,0,4,22.7,52.7,38.0,205.9,311.6
7126,1780419537500,0,4,22.6,49.8,58.7,211.4,319.4
7127,1780419537533,0,4,22.6,48.2,30.3,211.8,320.1
7128,1780419537567,0,4,22.4,49.7,29.7,207.7,306.2
7129,1780419537600,0,4,22.7,53.6,58.7,188.6,319.9
7130,1780419537633,0,4,22.2,50.4,23.6,199.6,327.9
7131,1780419537667,0,4,22.5,50.5,55.2,208.3,331.3
7132,1780419537700,0,4,22.4,48.6,34.4,190.4,318.2
7133,1780419537733,0,4,22.3,53.3,21.0,181.2,318.2
7134,1780419537767,0,4,22.3,49.6,34.5,217.8,334.1
7135,1780419537800,0,4,22.8,50.3,55.2,200.8,321.6
7136,1780419537833,0,4,22.3,51.1,59.7,201.3,319.1
7137,1780419537867,0,4,22.6,53.1,26.8,190.7,339.0
7138,1780419537900,0,4,22.5,51.6,27.3,213.7,312.8
7139,1780419537933,0,4,22.5,53.9,31.5,203.6,318.7
7140,1780419537967,0,4,22.5,51.1,55.8,195.7,332.4
7141,1780419538000,0,4,22.4,53.8,26.2,198.6,316.5
7142,1780419538033,0,4,22.2,50.1,46.0,186.4,309.1
7143,1780419538067,0,4,22.7,48.9,36.2,189.0,323.2
7144,1780419538100,0,4,22.6,53.1,32.5,213.6,309.4
7145,1780419538133,0,4,22.8,48.9,44.1,190.0,310.4
7146,1780419538167,0,4,22.3,53.0,51.5,189.8,311.0
7147,1780419538200,0,4,22.7,48.1,27.2,202.7,336.3
7148,1780419538233,0,4,22.3,48.6,41.9,201.8,303.0
7149,1780419538267,0,4,22.3,53.2,26.1,195.4,304.8
7150,1780419538300,0,4,22.5,48.0,54.0,206.3,325.7
7151,1780419538333,0,4,22.7,53.4,34.9,199.8,312.5
7152,1780419538367,0,4,22.7,51.7,21.4,193.4,301.0
7153,1780419538400,0,4,22.5,48.3,29.6,202.7,321.9
7154,1780419538433,0,4,22.6,48.2,55.0,209.4,302.9
7155,1780419538467,0,4,22.7,53.7,35.9,204.6,311.2
7156,1780419538500,0,4,22.6,49.7,42.2,181.3,303.3
7157,1780419538533,0,4,22.7,52.4,36.4,192.0,310.6
7158,1780419538567,0,4,22.6,52.2,41.7,192.1,325.4
7159,1780419538600,0,4,22.4,53.6,54.0,186.3,306.4
7160,1780419538633,0,4,22.7,51.4,29.5,218.0,328.0
7161,1780419538667,0,4,22.5,51.0,52.6,191.7,326.0
7162,1780419538700,0,4,22.3,50.9,48.4,181.6,307.6
7163,1780419538733,0,4,22.5,53.0,44.1,209.0,338.0
7164,1780419538767,0,4,22.6,49.8,46.8,190.6,321.8
7165,1780419538800,0,4,22.7,49.6,49.4,199.4,308.5
7166,1780419538833,0,4,22.7,53.8,59.2,211.5,327.8
7167,1780419538867,0,4,22.6,48.2,58.4,187.1,311.3
7168,1780419538900,0,4,22.7,52.0,37.6,210.9,307.8
7169,1780419538933,0,4,22.6,53.6,34.1,209.1,312.6
7170,1780419538967,0,4,22.5,50.8,24.3,203.0,310.1
7171,1780419539000,0,4,22.2,50.2,26.7,183.4,327.1
7172,1780419539033,0,4,22.5,51.3,25.8,186.3,300.1
7173,1780419539067,0,4,22.2,50.8,54.2,214.1,300.0
7174,1780419539100,0,4,22.8,52.9,47.0,199.4,329.3
7175,1780419539133,0,4,22.4,49.4,36.5,187.3,321.7
7176,1780419539167,0,4,22.3,51.4,56.1,203.9,332.6
7177,1780419539200,0,4,22.5,52.8,53.3,211.6,307.7
7178,1780419539233,0,4,22.4,49.3,48.3,197.4,339.3
7179,1780419539267,0,4,22.7,52.0,42.6,215.2,311.2
7180,1780419539300,0,4,22.3,49.7,40.1,218.6,330.9
7181,1780419539333,0,4,22.5,49.5,52.5,211.0,315.8
7182,1780419539367,0,4,22.8,49.7,44.2,196.8,333.1
7183,1780419539400,0,4,22.5,53.4,50.0,204.2,303.8
7184,1780419539433,0,4,22.7,53.4,59.0,184.7,323.9
7185,1780419539467,0,4,22.6,53.0,47.2,192.2,314.6
7186,1780419539500,0,4,22.5,48.6,25.1,201.8,325.3
7187,1780419539533,0,4,22.6,50.1,55.7,198.7,337.6
7188,1780419539567,0,4,22.2,52.1,46.7,214.5,312.6
7189,1780419539600,0,4,22.7,51.9,21.0,198.0,321.7
7190,1780419539633,0,4,22.4,52.9,41.7,190.6,302.9
7191,1780419539667,0,4,22.7,48.3,27.7,215.7,300.4
7192,1780419539700,0,4,22.5,52.0,31.1,208.2,320.1
7193,1780419539733,0,4,22.3,53.2,59.3,196.9,319.8
7194,1780419539767,0,4,22.3,50.5,54.8,188.0,326.3
7195,1780419539800,0,4,22.3,50.6,52.7,184.7,311.9
7196,1780419539833,0,4,22.6,53.4,26.1,199.1,318.7
7197,1780419539867,0,4,22.7,48.6,52.1,194.4,310.1
7198,1780419539900,0,4,22.3,50.6,52.0,182.3,307.6
7199,1780419539933,0,4,22.8,51.8,55.4,205.8,339.4
7200,1780419539967,0,4,22.4,48.2,47.8,207.8,316.4
7201,1780419540000,0,4,22.6,49.4,23.7,187.2,339.8
7202,1780419540033,0,4,22.6,53.9,52.0,205.6,326.1
7203,1780419540067,0,4,22.4,51.6,31.3,210.1,336.3
7204,1780419540100,0,4,22.4,53.4,58.4,218.1,308.4
7205,1780419540133,0,4,22.3,51.3,29.7,215.1,332.4
7206,1780419540167,0,4,22.6,49.4,48.2,192.6,304.2
7207,1780419540200,0,4,22.6,51.2,55.0,200.9,302.8
7208,1780419540233,0,4,22.5,48.7,32.9,180.3,302.0
7209,1780419540267,0,4,22.3,49.1,45.3,184.7,300.5
7210,1780419540300,0,4,22.4,48.3,39.9,203.0,332.1
7211,1780419540333,0,4,22.5,53.0,40.7,184.5,325.6
7212,1780419540367,0,4,22.2,52.6,28.5,181.9,333.9
7213,1780419540400,0,4,22.6,51.6,26.2,218.7,329.4
7214,1780419540433,0,4,22.6,52.4,56.7,201.7,333.4
7215,1780419540467,0,4,22.7,50.0,57.3,199.0,304.6
7216,1780419540500,0,4,22.5,50.8,30.5,200.7,327.8
7217,1780419540533,0,4,22.5,49.2,31.2,195.3,338.7
7218,1780419540567,0,4,22.3,53.7,41.5,209.5,339.6
7219,1780419540600,0,4,22.4,51.5,32.3,211.9,334.0
7220,1780419540633,0,4,22.7,51.2,49.2,204.5,321.2
7221,1780419540667,0,4,22.6,50.9,44.7,184.9,324.8
7222,1780419540700,0,4,22.3,50.7,46.4,213.9,316.3
7223,1780419540733,0,4,22.7,53.2,56.8,181.7,319.8
7224,1780419540767,0,4,22.8,51.1,36.8,182.3,325.8
7225,1780419540800,0,4,22.3,48.5,56.1,216.9,304.5
7226,1780419540833,0,4,22.6,50.6,40.1,209.8,321.1
7227,1780419540867,0,4,22.3,53.7,28.5,214.8,328.1
7228,1780419540900,0,4,22.6,51.3,55.8,188.1,306.4
7229,1780419540933,0,4,22.4,51.6,25.8,188.7,306.8
7230,1780419540967,0,4,22.7,51.6,30.9,193.4,305.3
7231,1780419541000,0,4,22.3,52.9,33.8,199.6,322.7
7232,1780419541033,0,4,22.4,52.8,37.9,182.9,305.5
7233,1780419541067,0,4,22.7,48.5,44.4,214.1,337.0
7234,1780419541100,0,4,22.3,49.0,52.4,183.2,318.2
7235,1780419541133,0,4,22.5,51.2,34.9,202.6,307.5
7236,1780419541167,0,4,22.3,51.9,28.7,186.1,304.8
7237,1780419541200,0,4,22.4,48.8,42.6,217.6,324.6
7238,1780419541233,0,4,22.8,48.9,44.8,202.5,321.4
7239,1780419541267,0,4,22.6,50.8,52.7,218.8,310.0
7240,1780419541300,0,4,22.8,50.4,49.7,217.6,316.2
7241,1780419541333,0,4,22.4,48.4,23.2,194.6,328.8
7242,1780419541367,0,4,22.3,53.9,24.6,204.9,325.7
7243,1780419541400,0,4,22.5,50.9,57.1,215.3,308.1
7244,1780419541433,0,4,22.4,49.7,37.7,182.9,325.6
7245,1780419541467,0,4,22.4,52.1,25.0,215.0,338.5
7246,1780419541500,0,4,22.3,48.3,28.1,204.7,339.5
7247,1780419541533,0,4,22.3,53.8,30.3,194.4,310.6
7248,1780419541567,0,4,22.5,50.4,49.8,205.5,322.5
7249,1780419541600,0,4,22.3,52.6,50.9,184.4,319.4
7250,1780419541633,0,4,22.7,52.7,36.7,196.2,306.3
7251,1780419541667,0,4,22.6,53.6,21.5,196.4,312.9
7252,1780419541700,0,4,22.5,48.5,48.3,198.9,313.7
7253,1780419541733,0,4,22.4,48.2,51.2,207.5,301.6
7254,1780419541767,0,4,22.7,48.1,54.4,211.5,329.2
7255,1780419541800,0,4,22.7,49.7,30.8,185.7,320.3
7256,1780419541833,0,4,22.6,51.0,40.0,212.4,320.8
7257,1780419541867,0,4,22.5,52.3,50.8,191.3,317.4
7258,1780419541900,0,4,22.3,53.4,23.3,219.6,303.8
7259,1780419541933,0,4,22.3,51.4,55.7,211.9,318.7
7260,1780419541967,0,4,22.6,51.5,33.7,196.6,321.5
7261,1780419542000,0,4,22.6,53.7,34.0,196.3,304.4
7262,1780419542033,0,4,22.6,50.2,56.7,182.7,334.7
7263,1780419542067,0,4,22.4,53.8,28.7,206.6,323.3
7264,1780419542100,0,4,22.4,48.9,26.4,188.4,334.6
7265,1780419542133,0,4,22.7,50.9,59.7,193.9,320.8
7266,1780419542167,0,4,22.6,52.1,22.6,197.7,311.4
7267,1780419542200,0,4,22.6,53.8,49.9,210.2,310.4
7268,1780419542233,0,4,22.8,48.8,31.7,214.4,337.9
7269,1780419542267,0,4,22.8,53.0,49.7,202.6,319.4
7270,1780419542300,0,4,22.4,50.1,37.4,214.3,310.2
7271,1780419542333,0,4,22.2,53.1,39.4,201.9,300.1
7272,1780419542367,0,4,22.7,49.1,51.1,206.1,337.7
7273,1780419542400,0,4,22.2,52.8,48.9,184.4,320.4
7274,1780419542433,0,4,22.6,48.6,53.4,181.1,339.5
7275,1780419542467,0,4,22.3,51.2,56.5,194.0,311.5
7276,1780419542500,0,4,22.5,54.0,56.6,197.0,308.0
7277,1780419542533,0,4,22.5,48.6,34.4,219.6,304.3
7278,1780419542567,0,4,22.4,49.1,51.6,185.1,312.8
7279,1780419542600,0,4,22.8,49.9,31.8,180.6,322.2
7280,1780419542633,0,4,22.5,53.8,32.1,190.8,304.9
7281,1780419542667,0,4,22.3,53.7,26.1,186.4,309.5
7282,1780419542700,0,4,22.4,53.2,38.6,212.8,308.2
7283,1780419542733,0,4,22.7,48.8,42.6,189.2,301.5
7284,1780419542767,0,4,22.7,49.8,37.6,200.8,311.2
7285,1780419542800,0,4,22.5,50.1,20.6,201.1,309.7
7286,1780419542833,0,4,22.5,48.3,49.1,187.5,308.0
7287,1780419542867,0,4,22.5,53.9,46.1,209.6,334.5
7288,1780419542900,0,4,22.8,52.1,28.0,202.5,324.6
7289,1780419542933,0,4,22.7,53.2,46.0,206.0,324.3
7290,1780419542967,0,4,22.7,48.4,54.4,196.0,335.2
7291,1780419543000,0,4,22.5,53.6,59.0,180.7,321.6
7292,1780419543033,0,4,22.6,51.6,52.2,199.0,337.5
7293,1780419543067,0,4,22.5,49.4,31.7,188.0,328.4
7294,1780419543100,0,4,22.6,50.3,36.3,209.8,304.4
7295,1780419543133,0,4,22.6,49.3,32.7,187.6,334.9
7296,1780419543167,0,4,22.7,49.8,59.0,205.0,308.4
7297,1780419543200,0,4,22.4,49.0,44.8,190.0,308.6
7298,1780419543233,0,4,22.2,48.4,54.1,196.4,336.8
7299,1780419543267,0,4,22.2,49.3,36.8,188.0,339.2
7300,1780419543300,0,4,22.3,51.1,49.8,203.0,324.6
7301,1780419543333,0,4,22.6,50.1,23.3,192.8,333.7
7302,1780419543367,0,4,22.5,49.4,43.9,209.4,336.0
7303,1780419543400,0,4,22.2,53.1,54.5,218.9,331.9
7304,1780419543433,0,4,22.2,49.7,37.8,196.0,338.1
7305,1780419543467,0,4,22.8,48.9,53.4,185.2,319.6
7306,1780419543500,0,4,22.5,50.8,22.3,205.3,327.0
7307,1780419543533,0,4,22.5,52.8,50.2,185.6,335.1
7308,1780419543567,0,4,22.6,50.5,21.3,190.0,337.0
7309,1780419543600,0,4,22.5,51.0,22.9,193.0,305.3
7310,1780419543633,0,4,22.5,52.3,48.3,187.7,314.3
7311,1780419543667,0,4,22.5,52.5,41.5,208.2,336.2
7312,1780419543700,0,4,22.8,49.7,40.5,192.6,306.4
7313,1780419543733,0,4,22.6,52.8,45.5,195.9,320.0
7314,1780419543767,0,4,22.4,50.0,45.0,212.7,316.7
7315,1780419543800,0,4,22.3,48.4,36.0,192.2,307.7
7316,1780419543833,0,4,22.8,51.2,53.4,206.3,317.8
7317,1780419543867,0,4,22.3,48.5,47.4,211.0,332.3
7318,1780419543900,0,4,22.8,52.0,32.4,198.3,305.7
7319,1780419543933,0,4,22.4,50.4,21.1,210.4,323.4
7320,1780419543967,0,4,22.6,49.6,20.3,193.6,312.7
7321,1780419544000,0,4,22.7,51.7,22.9,203.8,332.5
7322,1780419544033,0,4,22.7,49.6,56.8,183.4,303.1
7323,1780419544067,0,4,22.3,50.6,38.2,218.4,310.4
7324,1780419544100,0,4,22.4,48.4,48.5,199.5,338.0
7325,1780419544133,0,4,22.3,52.6,50.8,218.8,315.4
7326,1780419544167,0,4,22.5,53.6,24.0,208.6,310.3
7327,1780419544200,0,4,22.3,53.2,59.0,218.3,307.6
7328,1780419544233,0,4,22.5,49.5,55.9,193.7,335.6
7329,1780419544267,0,4,22.3,53.7,35.4,207.3,322.5
7330,1780419544300,0,4,22.3,51.6,41.6,196.1,306.9
7331,1780419544333,0,4,22.6,52.5,28.1,196.6,313.5
7332,1780419544367,0,4,22.5,53.6,45.9,210.5,321.4
7333,1780419544400,0,4,22.6,51.7,48.0,190.2,302.5
7334,1780419544433,0,4,22.3,53.7,47.2,211.2,303.1
7335,1780419544467,0,4,22.4,50.0,38.9,206.9,309.0
7336,1780419544500,0,4,22.3,50.1,50.9,192.1,328.0
7337,1780419544533,0,4,22.2,52.7,41.1,185.0,322.0
7338,1780419544567,0,4,22.2,52.4,49.7,207.2,330.1
7339,1780419544600,0,4,22.6,51.0,39.7,189.0,332.3
7340,1780419544633,0,4,22.2,49.2,41.0,197.7,306.4
7341,1780419544667,0,4,22.4,49.9,51.5,210.5,330.7
7342,1780419544700,0,4,22.2,50.1,56.0,204.7,300.5
7343,1780419544733,0,4,22.3,52.6,42.0,219.6,303.5
7344,1780419544767,0,4,22.4,52.0,35.2,219.0,316.9
7345,1780419544800,0,4,22.3,49.0,54.4,185.4,304.5
7346,1780419544833,0,4,22.5,50.6,20.1,196.3,300.3
7347,1780419544867,0,4,22.4,51.4,30.2,205.8,316.3
7348,1780419544900,0,4,22.3,49.8,36.7,218.8,305.6
7349,1780419544933,0,4,22.2,53.0,26.2,210.0,309.5
7350,1780419544967,0,4,22.8,49.0,54.4,207.3,310.9
7351,1780419545000,0,4,22.4,52.4,35.8,205.6,326.6
7352,1780419545033,0,4,22.5,51.6,29.7,208.5,332.9
7353,1780419545067,0,4,22.5,51.1,27.5,216.7,327.9
7354,1780419545100,0,4,22.8,50.5,22.5,214.1,304.0
7355,1780419545133,0,4,22.5,48.9,30.6,184.6,314.1
7356,1780419545167,0,4,22.8,52.2,36.1,204.1,329.5
7357,1780419545200,0,4,22.4,49.3,30.3,201.8,301.5
7358,1780419545233,0,4,22.4,52.0,20.9,198.5,334.5
7359,1780419545267,0,4,22.6,52.1,46.8,207.2,307.5
7360,1780419545300,0,4,22.3,48.2,28.1,184.6,330.1
7361,1780419545333,0,4,22.2,49.0,23.5,206.8,301.0
7362,1780419545367,0,4,22.7,49.7,49.5,199.7,307.5
7363,1780419545400,0,4,22.2,52.5,57.6,184.8,310.2
7364,1780419545433,0,4,22.3,48.6,42.1,197.6,308.6
7365,1780419545467,0,4,22.8,53.0,35.0,182.4,302.6
7366,1780419545500,0,4,22.2,53.3,57.2,215.8,322.7
7367,1780419545533,0,4,22.5,52.2,27.8,216.2,322.3
7368,1780419545567,0,4,22.2,53.6,46.9,182.7,337.4
7369,1780419545600,0,4,22.7,50.7,47.5,202.3,323.6
7370,1780419545633,0,4,22.5,50.7,34.5,185.1,321.3
7371,1780419545667,0,4,22.6,48.2,31.1,217.1,322.6
7372,1780419545700,0,4,22.7,48.6,30.8,208.6,321.9
7373,1780419545733,0,4,22.5,49.4,27.4,211.0,329.8
7374,1780419545767,0,4,22.5,53.8,35.4,181.3,306.5
7375,1780419545800,0,4,22.4,49.2,59.7,184.4,322.8
7376,1780419545833,0,4,22.3,53.6,21.2,203.0,317.0
7377,1780419545867,0,4,22.4,48.3,48.2,214.3,335.2
7378,1780419545900,0,4,22.5,49.3,23.7,205.7,323.4
7379,1780419545933,0,4,22.4,48.7,25.4,215.9,304.8
7380,1780419545967,0,4,22.4,52.5,31.4,199.2,301.7
7381,1780419546000,0,4,22.3,50.8,52.9,192.2,323.2
7382,1780419546033,0,4,22.7,50.2,24.9,215.8,333.6
7383,1780419546067,0,4,22.8,49.7,58.8,214.4,324.8
7384,1780419546100,0,4,22.5,53.3,57.4,198.2,314.5
7385,1780419546133,0,4,22.8,51.1,27.0,188.4,317.7
7386,1780419546167,0,4,22.7,48.9,57.7,198.7,316.2
7387,1780419546200,0,4,22.6,51.2,27.0,189.2,318.3
7388,1780419546233,0,4,22.3,52.7,50.5,211.4,314.1
7389,1780419546267,0,4,22.4,49.8,43.3,217.1,320.3
7390,1780419546300,0,4,22.4,52.9,48.1,198.6,316.5
7391,1780419546333,0,4,22.2,50.2,32.9,202.5,334.6
7392,1780419546367,0,4,22.6,49.9,29.3,198.7,313.1
7393,1780419546400,0,4,22.4,50.7,39.0,196.3,332.4
7394,1780419546433,0,4,22.5,53.7,53.5,180.0,326.3
7395,1780419546467,0,4,22.8,52.8,25.5,211.3,334.3
7396,1780419546500,0,4,22.6,49.2,60.0,188.3,334.7
7397,1780419546533,0,4,22.4,50.3,58.3,197.9,311.4
7398,1780419546567,0,4,22.4,50.3,37.9,215.0,300.7
7399,1780419546600,0,4,22.3,48.9,33.1,197.0,329.7
7400,1780419546633,0,4,22.5,48.6,47.4,180.9,311.3
7401,1780419546667,0,4,22.7,48.2,35.8,208.4,323.0
7402,1780419546700,0,4,22.8,53.3,23.1,199.6,319.4
7403,1780419546733,0,4,22.5,52.6,40.3,204.6,315.6
7404,1780419546767,0,4,22.5,53.1,55.1,203.6,315.2
7405,1780419546800,0,4,22.6,53.7,51.4,187.4,328.7
7406,1780419546833,0,4,22.2,48.7,39.0,216.6,329.0
7407,1780419546867,0,4,22.6,48.1,45.0,196.9,334.9
7408,1780419546900,0,4,22.3,50.9,39.0,188.2,318.2
7409,1780419546933,0,4,22.7,48.3,51.0,180.9,314.0
7410,1780419546967,0,4,22.5,52.5,35.9,196.3,321.7
7411,1780419547000,0,4,22.6,51.1,36.5,204.0,304.0
7412,1780419547033,0,4,22.5,53.5,38.5,181.0,302.5
7413,1780419547067,0,4,22.3,52.9,40.4,219.6,323.8
7414,1780419547100,0,4,22.5,48.6,57.6,195.5,301.3
7415,1780419547133,0,4,22.3,50.8,46.3,204.3,315.5
7416,1780419547167,0,4,22.2,49.2,51.4,193.1,311.2
7417,1780419547200,0,4,22.6,53.0,35.7,210.3,338.0
7418,1780419547233,0,4,22.3,50.9,58.8,189.7,309.8
7419,1780419547267,0,4,22.5,48.8,56.3,210.9,317.0
7420,1780419547300,0,4,22.5,52.5,30.9,210.4,305.3
7421,1780419547333,0,4,22.7,52.7,44.3,212.4,305.3
7422,1780419547367,0,4,22.5,48.3,23.0,195.3,336.4
7423,1780419547400,0,4,22.3,50.6,22.1,193.1,329.1
7424,1780419547433,0,4,22.8,51.3,58.8,190.6,334.0
7425,1780419547467,0,4,22.8,49.9,21.1,193.5,302.1
7426,1780419547500,0,4,22.6,49.6,45.9,190.7,308.1
7427,1780419547533,0,4,22.3,48.9,33.0,219.8,321.3
7428,1780419547567,0,4,22.6,53.3,59.2,211.9,338.5
7429,1780419547600,0,4,22.7,48.3,44.3,184.4,303.1
7430,1780419547633,0,4,22.5,53.3,41.9,197.0,317.2
7431,1780419547667,0,4,22.3,52.4,35.6,186.5,337.1
7432,1780419547700,0,4,22.7,48.4,45.3,212.7,339.9
7433,1780419547733,0,4,22.5,53.3,27.7,210.2,310.6
7434,1780419547767,0,4,22.5,53.7,22.2,205.1,324.1
7435,1780419547800,0,4,22.5,48.8,58.2,191.5,314.7
7436,1780419547833,0,4,22.6,51.6,41.0,188.1,304.1
7437,1780419547867,0,4,22.8,49.3,42.6,210.8,323.6
7438,1780419547900,0,4,22.2,51.6,43.7,204.6,301.9
7439,1780419547933,0,4,22.5,53.9,32.1,201.5,305.6
7440,1780419547967,0,4,22.7,48.6,20.4,202.0,306.7
7441,1780419548000,0,4,22.2,50.8,59.5,192.6,337.1
7442,1780419548033,0,4,22.8,50.6,26.6,216.4,331.9
7443,1780419548067,0,4,22.8,49.6,54.9,187.5,331.8
7444,1780419548100,0,4,22.6,53.4,45.9,189.3,330.2
7445,1780419548133,0,4,22.5,53.6,45.5,184.7,338.7
7446,1780419548167,0,4,22.3,53.4,24.5,193.5,316.8
7447,1780419548200,0,4,22.3,53.9,49.2,194.7,323.5
7448,1780419548233,0,4,22.6,52.3,23.8,201.5,323.8
7449,1780419548267,0,4,22.7,51.4,33.6,207.8,339.9
7450,1780419548300,0,4,22.2,51.3,30.9,192.5,304.2
7451,1780419548333,0,4,22.3,48.3,20.8,183.7,334.1
7452,1780419548367,0,4,22.6,51.0,59.9,180.1,307.8
7453,1780419548400,0,4,22.5,53.3,46.6,209.8,325.1
7454,1780419548433,0,4,22.6,49.1,50.5,209.3,339.6
7455,1780419548467,0,4,22.5,49.1,39.7,199.3,307.3
7456,1780419548500,0,4,22.3,49.0,34.6,188.3,308.5
7457,1780419548533,0,4,22.6,53.1,27.1,181.3,316.0
7458,1780419548567,0,4,22.8,49.2,25.7,209.5,306.9
7459,1780419548600,0,4,22.4,52.5,21.8,194.5,312.5
7460,1780419548633,0,4,22.6,49.1,29.3,198.6,332.0
7461,1780419548667,0,4,22.6,53.9,50.4,199.5,327.8
7462,1780419548700,0,4,22.6,52.3,51.2,191.2,310.4
7463,1780419548733,0,4,22.6,51.5,50.6,189.6,315.5
7464,1780419548767,0,4,22.5,48.5,59.0,188.1,309.5
7465,1780419548800,0,4,22.3,49.5,50.2,204.0,302.6
7466,1780419548833,0,4,22.5,52.8,40.1,182.3,312.5
7467,1780419548867,0,4,22.5,49.0,38.8,205.5,314.9
7468,1780419548900,0,4,22.7,51.9,33.3,205.0,315.4
7469,1780419548933,0,4,22.5,52.9,39.8,183.3,325.4
7470,1780419548967,0,4,22.7,49.6,50.7,207.8,305.2
7471,1780419549000,0,4,22.6,49.4,39.9,201.3,319.1
7472,1780419549033,0,4,22.7,51.4,33.9,214.4,338.9
7473,1780419549067,0,4,22.4,53.4,46.4,195.0,310.9
7474,1780419549100,0,4,22.3,48.6,25.7,189.9,336.0
7475,1780419549133,0,4,22.7,49.5,47.9,187.4,337.9
7476,1780419549167,0,4,22.6,50.1,39.2,180.0,325.6
7477,1780419549200,0,4,22.6,51.3,31.2,210.7,328.1
7478,1780419549233,0,4,22.6,53.6,55.3,210.4,319.2
7479,1780419549267,0,4,22.8,52.0,45.3,193.5,309.8
7480,1780419549300,0,4,22.4,50.0,36.9,188.5,305.5
7481,1780419549333,0,4,22.3,48.2,30.2,216.4,328.6
7482,1780419549367,0,4,22.6,49.6,25.4,191.4,324.8
7483,1780419549400,0,4,22.7,48.0,52.3,216.4,312.7
7484,1780419549433,0,4,22.3,52.5,31.2,181.1,331.0
7485,1780419549467,0,4,22.3,51.0,32.5,203.0,334.5
7486,1780419549500,0,4,22.6,48.1,24.4,204.7,334.9
7487,1780419549533,0,4,22.3,49.7,36.6,184.8,316.7
7488,1780419549567,0,4,22.5,50.3,24.1,182.0,337.3
7489,1780419549600,0,4,22.7,48.3,55.5,219.2,327.4
7490,1780419549633,0,4,22.7,54.0,50.0,182.9,329.4
7491,1780419549667,0,4,22.3,49.5,50.9,211.2,324.0
7492,1780419549700,0,4,22.5,52.1,32.8,210.8,302.4
7493,1780419549733,0,4,22.5,48.3,49.3,180.8,333.6
7494,1780419549767,0,4,22.3,52.1,21.0,194.2,300.2
7495,1780419549800,0,4,22.4,50.0,33.5,194.0,305.3
7496,1780419549833,0,4,22.2,48.3,35.1,180.2,300.2
7497,1780419549867,0,4,22.4,50.8,37.7,185.9,304.1
7498,1780419549900,0,4,22.5,52.2,58.1,182.2,332.0
7499,1780419549933,0,4,22.4,51.5,26.2,188.1,316.6
7500,1780419549967,0,4,22.8,49.4,37.9,189.5,339.2
7501,1780419550000,0,4,22.3,51.6,31.8,212.5,322.4
7502,1780419550033,0,4,22.8,53.6,48.5,214.1,318.7
7503,1780419550067,0,4,22.5,52.3,50.5,202.0,331.8
7504,1780419550100,0,4,22.6,52.6,48.9,207.1,304.7
7505,1780419550133,0,4,22.2,51.3,21.3,188.7,334.5
7506,1780419550167,0,4,22.6,50.8,37.8,207.2,303.7
7507,1780419550200,0,4,22.5,53.6,24.8,214.9,311.3
7508,1780419550233,0,4,22.3,50.6,26.3,186.4,320.2
7509,1780419550267,0,4,22.4,48.4,26.8,184.0,336.5
7510,1780419550300,0,4,22.7,52.6,27.6,195.2,324.6
7511,1780419550333,0,4,22.3,50.7,24.4,214.6,304.4
7512,1780419550367,0,4,22.7,49.1,41.7,182.3,318.3
7513,1780419550400,0,4,22.5,51.8,29.9,208.9,305.4
7514,1780419550433,0,4,22.7,51.6,32.0,194.5,303.5
7515,1780419550467,0,4,22.4,51.3,46.5,200.7,324.1
7516,1780419550500,0,4,22.4,52.6,41.3,212.6,323.4
7517,1780419550533,0,4,22.5,50.9,48.9,181.8,304.8
7518,1780419550567,0,4,22.5,52.6,26.8,209.8,304.0
7519,1780419550600,0,4,22.4,50.6,41.7,194.7,334.9
7520,1780419550633,0,4,22.4,50.3,49.8,197.4,319.0
7521,1780419550667,0,4,22.3,49.2,31.9,183.9,313.4
7522,1780419550700,0,4,22.2,54.0,27.5,183.9,311.0
7523,1780419550733,0,4,22.2,50.6,31.4,219.2,300.8
7524,1780419550767,0,4,22.4,48.7,26.2,203.2,320.0
7525,1780419550800,0,4,22.3,49.0,49.9,203.1,336.4
7526,1780419550833,0,4,22.2,51.7,45.4,189.2,303.9
7527,1780419550867,0,4,22.6,50.2,24.6,206.6,316.1
7528,1780419550900,0,4,22.8,49.6,21.9,216.8,300.8
7529,1780419550933,0,4,22.2,53.7,50.5,217.0,329.1
7530,1780419550967,0,4,22.8,52.5,26.2,191.6,335.4
7531,1780419551000,0,4,22.5,50.5,36.1,197.7,312.6
7532,1780419551033,0,4,22.4,48.6,36.8,190.6,329.4
7533,1780419551067,0,4,22.7,50.3,39.4,218.3,311.9
7534,1780419551100,0,4,22.3,52.4,28.5,191.9,334.9
7535,1780419551133,0,4,22.3,48.9,45.4,211.2,327.4
7536,1780419551167,0,4,22.4,51.6,29.7,198.0,309.7
7537,1780419551200,0,4,22.8,53.7,39.0,212.3,334.2
7538,1780419551233,0,4,22.3,49.4,34.1,212.6,320.7
7539,1780419551267,0,4,22.4,52.4,35.0,194.3,314.7
7540,1780419551300,0,4,22.5,48.7,50.4,181.6,339.0
7541,1780419551333,0,4,22.7,53.2,20.1,196.8,331.9
7542,1780419551367,0,4,22.7,51.9,43.4,201.6,316.2
7543,1780419551400,0,4,22.6,50.3,46.3,181.7,338.5
7544,1780419551433,0,4,22.4,53.8,53.7,190.9,308.0
7545,1780419551467,0,4,22.4,48.3,47.6,213.6,300.1
7546,1780419551500,0,4,22.8,52.3,43.5,199.3,309.8
7547,1780419551533,0,4,22.6,51.8,22.6,206.4,312.7
7548,1780419551567,0,4,22.5,50.3,34.2,190.4,314.6
7549,1780419551600,0,4,22.4,53.0,53.6,180.0,307.5
7550,1780419551633,0,4,22.6,48.5,43.9,185.3,314.1
7551,1780419551667,0,4,22.6,53.2,57.5,192.2,300.2
7552,1780419551700,0,4,22.5,48.7,20.8,183.5,309.5
7553,1780419551733,0,4,22.4,51.6,36.8,211.4,328.4
7554,1780419551767,0,4,22.6,53.0,59.2,215.3,323.5
7555,1780419551800,0,4,22.7,49.0,43.8,209.8,318.4
7556,1780419551833,0,4,22.5,53.5,54.8,215.4,339.5
7557,1780419551867,0,4,22.7,48.6,27.9,207.0,308.3
7558,1780419551900,0,4,22.4,48.5,35.4,188.3,315.8
7559,1780419551933,0,4,22.7,53.5,37.0,202.2,326.3
7560,1780419551967,0,4,22.7,49.5,22.2,186.4,328.9
7561,1780419552000,0,4,22.7,52.1,30.5,215.8,328.8
7562,1780419552033,0,4,22.4,50.4,45.0,204.1,300.9
7563,1780419552067,0,4,22.5,48.8,36.2,217.8,323.5
7564,1780419552100,0,4,22.7,52.9,35.6,215.9,305.5
7565,1780419552133,0,4,22.5,50.5,20.2,188.5,307.3
7566,1780419552167,0,4,22.5,52.1,41.0,187.0,307.9
7567,1780419552200,0,4,22.8,52.9,47.2,197.6,332.2
7568,1780419552233,0,4,22.4,52.9,30.4,197.5,300.4
7569,1780419552267,0,4,22.6,53.0,24.9,196.1,330.9
7570,1780419552300,0,4,22.5,54.0,53.8,217.5,301.6
7571,1780419552333,0,4,22.6,49.1,24.1,218.9,316.1
7572,1780419552367,0,4,22.3,50.7,45.5,200.4,300.7
7573,1780419552400,0,4,22.8,48.3,53.8,204.2,307.0
7574,1780419552433,0,4,22.4,52.3,24.4,188.5,333.2
7575,1780419552467,0,4,22.8,51.4,47.4,185.6,318.2
7576,1780419552500,0,4,22.3,51.6,45.2,195.1,322.9
7577,1780419552533,0,4,22.7,53.9,47.7,188.1,330.7
7578,1780419552567,0,4,22.7,49.0,35.4,209.6,316.0
7579,1780419552600,0,4,22.4,51.7,58.6,213.9,303.3
7580,1780419552633,0,4,22.4,50.3,47.3,217.2,331.4
7581,1780419552667,0,4,22.4,53.3,26.0,192.5,304.5
7582,1780419552700,0,4,22.7,51.7,56.3,216.6,314.1
7583,1780419552733,0,4,22.3,51.9,57.5,186.3,307.7
7584,1780419552767,0,4,22.6,50.1,24.2,204.1,324.6
7585,1780419552800,0,4,22.4,48.2,53.9,195.1,335.9
7586,1780419552833,0,4,22.8,48.8,27.0,219.1,304.2
7587,1780419552867,0,4,22.4,53.7,54.5,213.0,303.9
7588,1780419552900,0,4,22.8,48.8,41.7,196.5,303.8
7589,1780419552933,0,4,22.5,50.5,56.8,180.4,303.1
7590,1780419552967,0,4,22.4,53.1,58.1,181.6,315.5
7591,1780419553000,0,4,22.3,49.0,31.1,190.9,336.2
7592,1780419553033,0,4,22.2,51.7,21.3,208.2,325.7
7593,1780419553067,0,4,22.7,49.0,46.9,182.0,337.9
7594,1780419553100,0,4,22.4,49.3,22.5,208.7,334.8
7595,1780419553133,0,4,22.8,52.9,20.1,219.0,308.0
7596,1780419553167,0,4,22.7,51.8,36.4,216.0,338.6
7597,1780419553200,0,4,22.2,48.2,43.5,184.7,300.3
7598,1780419553233,0,4,22.7,53.8,22.6,219.0,324.9
7599,1780419553267,0,4,22.4,51.1,24.2,209.0,333.9
7600,1780419553300,0,4,22.7,51.5,56.6,207.8,307.6
7601,1780419553333,0,4,22.4,50.9,49.6,196.9,317.3
7602,1780419553367,0,4,22.4,50.5,45.0,209.4,311.3
7603,1780419553400,0,4,22.6,52.8,50.9,217.6,325.6
7604,1780419553433,0,4,22.6,48.3,54.3,186.3,321.2
7605,1780419553467,0,4,22.3,48.4,56.3,202.0,322.7
7606,1780419553500,0,4,22.6,52.5,57.1,214.3,319.7
7607,1780419553533,0,4,22.7,53.3,45.5,212.4,307.4
7608,1780419553567,0,4,22.7,49.7,39.0,193.7,317.3
7609,1780419553600,0,4,22.7,53.5,30.8,209.0,322.5
7610,1780419553633,0,4,22.6,53.2,36.7,202.5,310.0
7611,1780419553667,0,4,22.7,48.9,54.0,189.4,316.9
7612,1780419553700,0,4,22.4,51.4,32.9,215.6,302.1
7613,1780419553733,0,4,22.4,52.0,32.9,201.9,335.2
7614,1780419553767,0,4,22.5,52.1,47.9,207.1,337.4
7615,1780419553800,0,4,22.2,51.3,26.4,186.0,317.9
7616,1780419553833,0,4,22.5,50.2,21.1,184.1,306.0
7617,1780419553867,0,4,22.3,53.3,52.4,187.6,334.9
7618,1780419553900,0,4,22.3,52.1,49.7,197.7,310.9
7619,1780419553933,0,4,22.6,49.7,54.0,212.9,324.0
7620,1780419553967,0,4,22.2,50.8,30.3,215.5,317.1
7621,1780419554000,0,4,22.7,53.1,32.5,212.6,315.9
7622,1780419554033,0,4,22.4,53.5,49.9,200.8,336.9
7623,1780419554067,0,4,22.4,51.5,57.5,211.1,302.3
7624,1780419554100,0,4,22.5,53.6,46.7,204.9,316.3
7625,1780419554133,0,4,22.5,49.7,54.5,189.2,300.3
7626,1780419554167,0,4,22.8,49.2,59.9,183.4,313.4
7627,1780419554200,0,4,22.7,51.1,24.9,209.8,336.0
7628,1780419554233,0,4,22.8,51.4,23.5,202.9,330.7
7629,1780419554267,0,4,22.6,52.7,22.7,181.3,305.1
7630,1780419554300,0,4,22.8,51.8,34.0,206.1,316.1
7631,1780419554333,0,4,22.5,48.7,53.0,183.6,318.1
7632,1780419554367,0,4,22.4,49.7,36.9,180.6,321.9
7633,1780419554400,0,4,22.7,52.4,58.5,200.3,338.2
7634,1780419554433,0,4,22.6,51.2,41.1,198.2,321.6
7635,1780419554467,0,4,22.8,53.6,29.6,180.5,329.2
7636,1780419554500,0,4,22.7,49.7,46.5,210.0,328.1
7637,1780419554533,0,4,22.7,49.0,33.2,209.1,335.8
7638,1780419554567,0,4,22.4,53.7,36.1,186.2,301.8
7639,1780419554600,0,4,22.6,49.6,21.0,215.8,322.4
7640,1780419554633,0,4,22.2,52.6,26.3,218.8,334.6
7641,1780419554667,0,4,22.6,51.3,54.7,189.8,313.9
7642,1780419554700,0,4,22.3,53.2,28.0,196.8,311.4
7643,1780419554733,0,4,22.5,49.5,54.7,202.3,310.6
7644,1780419554767,0,4,22.5,52.1,58.1,190.1,327.1
7645,1780419554800,0,4,22.4,52.2,35.8,200.1,323.2
7646,1780419554833,0,4,22.6,51.7,45.0,192.7,305.6
7647,1780419554867,0,4,22.3,51.5,57.3,186.4,334.8
7648,1780419554900,0,4,22.4,49.9,41.3,219.1,323.0
7649,1780419554933,0,4,22.3,48.3,37.9,219.0,325.8
7650,1780419554967,0,4,22.5,51.2,32.9,187.0,317.0
7651,1780419555000,0,4,22.7,49.7,43.8,219.4,303.5
7652,1780419555033,0,4,22.6,53.1,54.9,211.0,336.4
7653,1780419555067,0,4,22.7,50.7,27.2,196.3,301.7
7654,1780419555100,0,4,22.3,48.7,49.2,210.0,321.7
7655,1780419555133,0,4,22.3,50.9,45.3,185.3,334.5
7656,1780419555167,0,4,22.3,51.6,46.7,208.7,308.5
7657,1780419555200,0,4,22.6,51.3,55.1,218.7,339.8
7658,1780419555233,0,4,22.5,52.8,49.4,200.4,336.1
7659,1780419555267,0,4,22.2,52.6,42.3,210.6,313.1
7660,1780419555300,0,4,22.8,49.6,31.8,210.0,318.4
7661,1780419555333,0,4,22.7,51.9,40.1,206.3,307.0
7662,1780419555367,0,4,22.5,48.8,35.0,192.7,300.6
7663,1780419555400,0,4,22.3,53.7,38.2,198.1,327.2
7664,1780419555433,0,4,22.6,53.1,52.0,198.9,316.8
7665,1780419555467,0,4,22.3,52.9,55.6,189.4,335.8
7666,1780419555500,0,4,22.5,48.2,47.6,205.2,310.5
7667,1780419555533,0,4,22.5,49.5,29.8,185.5,329.3
7668,1780419555567,0,4,22.7,51.0,47.3,185.5,333.0
7669,1780419555600,0,4,22.8,48.5,45.3,198.1,325.7
7670,1780419555633,0,4,22.6,48.3,42.8,199.4,306.9
7671,1780419555667,0,4,22.5,52.7,46.6,216.4,300.5
7672,1780419555700,0,4,22.8,48.6,23.5,216.0,319.7
7673,1780419555733,0,4,22.6,52.1,42.3,198.8,324.5
7674,1780419555767,0,4,22.3,50.4,57.9,195.5,330.1
7675,1780419555800,0,4,22.7,54.0,54.7,187.2,315.5
7676,1780419555833,0,4,22.3,49.8,43.1,215.8,339.6
7677,1780419555867,0,4,22.3,53.8,39.3,197.7,333.8
7678,1780419555900,0,4,22.6,53.4,51.5,196.2,335.4
7679,1780419555933,0,4,22.6,48.9,31.5,206.9,330.8
7680,1780419555967,0,4,22.6,53.4,42.5,206.6,322.9
7681,1780419556000,0,4,22.5,52.1,24.9,218.5,318.5
7682,1780419556033,0,4,22.7,53.7,50.3,195.1,311.4
7683,1780419556067,0,4,22.3,52.9,22.8,180.1,312.7
7684,1780419556100,0,4,22.5,50.3,30.6,200.3,305.4
7685,1780419556133,0,4,22.3,53.1,22.6,184.0,330.8
7686,1780419556167,0,4,22.6,50.9,57.1,189.7,329.3
7687,1780419556200,0,4,22.4,48.8,43.1,191.9,320.1
7688,1780419556233,0,4,22.3,53.1,40.5,216.2,302.8
7689,1780419556267,0,4,22.6,52.5,50.4,216.2,327.3
7690,1780419556300,0,4,22.6,49.4,52.7,189.1,316.2
7691,1780419556333,0,4,22.4,53.5,23.9,191.9,317.7
7692,1780419556367,0,4,22.8,52.5,20.3,188.2,328.8
7693,1780419556400,0,4,22.6,48.4,47.0,214.5,317.5
7694,1780419556433,0,4,22.5,51.9,45.9,209.0,314.3
7695,1780419556467,0,4,22.2,49.7,45.2,185.8,314.9
7696,1780419556500,0,4,22.2,52.0,20.7,196.9,319.2
7697,1780419556533,0,4,22.2,50.3,58.6,194.0,325.8
7698,1780419556567,0,4,22.7,48.8,47.2,194.5,303.2
7699,1780419556600,0,4,22.3,53.5,33.0,208.4,309.8
7700,1780419556633,0,4,22.7,54.0,58.5,182.0,338.4
7701,1780419556667,0,4,22.2,52.5,40.5,199.2,309.3
7702,1780419556700,0,4,22.5,53.1,39.7,198.3,302.1
7703,1780419556733,0,4,22.3,53.9,37.4,182.7,334.5
7704,1780419556767,0,4,22.4,48.7,58.6,219.2,331.2
7705,1780419556800,0,4,22.6,49.6,47.8,217.6,323.7
7706,1780419556833,0,4,22.4,48.9,54.1,206.1,338.8
7707,1780419556867,0,4,22.5,50.5,22.4,204.2,323.2
7708,1780419556900,0,4,22.7,54.0,43.5,185.8,304.8
7709,1780419556933,0,4,22.3,52.5,38.0,200.0,319.5
7710,1780419556967,0,4,22.8,50.9,45.9,195.0,332.1
7711,1780419557000,0,4,22.6,53.6,38.6,216.9,330.3
7712,1780419557033,0,4,22.3,50.5,23.8,198.1,315.0
7713,1780419557067,0,4,22.3,49.3,42.7,203.6,323.9
7714,1780419557100,0,4,22.5,48.9,35.3,206.4,313.1
7715,1780419557133,0,4,22.6,50.1,38.8,200.9,320.8
7716,1780419557167,0,4,22.4,51.5,28.4,188.3,306.4
7717,1780419557200,0,4,22.6,48.8,52.7,196.3,323.8
7718,1780419557233,0,4,22.5,53.5,30.9,199.7,333.2
7719,1780419557267,0,4,22.6,49.4,55.7,180.5,332.8
7720,1780419557300,0,4,22.5,48.0,30.1,208.4,319.8
7721,1780419557333,0,4,22.4,53.6,28.4,191.6,309.7
7722,1780419557367,0,4,22.2,51.7,46.8,210.4,313.2
7723,1780419557400,0,4,22.3,53.5,37.1,210.7,331.4
7724,1780419557433,0,4,22.7,51.0,52.6,202.7,317.7
7725,1780419557467,0,4,22.8,48.8,40.5,190.5,309.6
7726,1780419557500,0,4,22.5,52.2,22.5,201.8,327.8
7727,1780419557533,0,4,22.7,50.1,54.5,212.2,338.0
7728,1780419557567,0,4,22.6,51.1,24.3,219.1,315.3
7729,1780419557600,0,4,22.6,49.3,33.2,180.9,327.6
7730,1780419557633,0,4,22.7,51.1,37.8,200.5,319.5
7731,1780419557667,0,4,22.5,48.8,23.6,187.0,301.8
7732,1780419557700,0,4,22.4,53.8,55.6,196.2,315.5
7733,1780419557733,0,4,22.4,49.0,51.9,185.1,308.2
7734,1780419557767,0,4,22.3,51.6,32.5,191.7,334.0
7735,1780419557800,0,4,22.7,54.0,21.0,189.8,313.4
7736,1780419557833,0,4,22.8,50.1,40.6,189.2,308.1
7737,1780419557867,0,4,22.4,48.2,47.0,195.8,309.9
7738,1780419557900,0,4,22.7,51.7,30.3,201.4,335.6
7739,1780419557933,0,4,22.5,49.8,50.5,184.6,314.2
7740,1780419557967,0,4,22.6,48.8,38.3,191.5,322.5
7741,1780419558000,0,4,22.6,49.8,28.3,205.5,304.2
7742,1780419558033,0,4,22.5,48.3,28.8,184.6,331.4
7743,1780419558067,0,4,22.4,49.9,41.9,183.6,337.2
7744,1780419558100,0,4,22.4,52.0,50.9,188.5,316.3
7745,1780419558133,0,4,22.6,51.6,58.5,217.1,328.5
7746,1780419558167,0,4,22.5,53.5,56.9,214.8,302.3
7747,1780419558200,0,4,22.3,53.9,42.1,181.6,319.7
7748,1780419558233,0,4,22.4,51.9,33.0,202.1,302.4
7749,1780419558267,0,4,22.7,53.4,30.1,196.1,320.2
7750,1780419558300,0,4,22.2,51.5,29.4,185.2,332.8
7751,1780419558333,0,4,22.3,49.5,50.2,181.6,336.3
7752,1780419558367,0,4,22.5,52.1,43.1,190.0,335.4
7753,1780419558400,0,4,22.7,52.8,21.0,196.7,330.0
7754,1780419558433,0,4,22.4,50.3,23.8,204.7,305.6
7755,1780419558467,0,4,22.8,48.5,24.4,184.0,334.0
7756,1780419558500,0,4,22.7,51.0,41.5,201.0,331.0
7757,1780419558533,0,4,22.7,50.4,42.9,211.3,313.5
7758,1780419558567,0,4,22.4,53.3,22.0,195.7,307.7
7759,1780419558600,0,4,22.6,48.1,24.0,181.9,333.5
7760,1780419558633,0,4,22.4,52.8,56.5,185.2,322.9
7761,1780419558667,0,4,22.2,48.0,35.3,199.7,311.1
7762,1780419558700,0,4,22.6,53.2,22.2,197.7,337.2
7763,1780419558733,0,4,22.4,50.2,53.3,205.4,303.8
7764,1780419558767,0,4,22.5,53.9,21.7,196.8,301.8
7765,1780419558800,0,4,22.3,53.5,21.0,200.7,324.6
7766,1780419558833,0,4,22.3,48.2,40.2,183.9,333.2
7767,1780419558867,0,4,22.5,52.3,35.7,180.6,332.5
7768,1780419558900,0,4,22.8,48.5,20.4,210.9,323.7
7769,1780419558933,0,4,22.4,53.0,33.5,191.4,335.3
7770,1780419558967,0,4,22.5,53.7,38.1,213.3,338.2
7771,1780419559000,0,4,22.7,51.4,26.1,211.0,310.9
7772,1780419559033,0,4,22.4,52.0,56.6,201.6,308.4
7773,1780419559067,0,4,22.4,53.0,25.7,215.2,322.5
7774,1780419559100,0,4,22.4,50.0,30.8,188.9,331.8
7775,1780419559133,0,4,22.7,52.4,42.2,205.4,303.1
7776,1780419559167,0,4,22.4,49.7,53.9,204.7,330.9
7777,1780419559200,0,4,22.6,53.9,47.9,193.1,322.2
7778,1780419559233,0,4,22.8,50.1,52.1,206.1,302.6
7779,1780419559267,0,4,22.7,52.4,42.4,184.3,337.1
7780,1780419559300,0,4,22.4,49.4,59.3,206.9,330.3
7781,1780419559333,0,4,22.5,53.8,20.4,189.4,316.9
7782,1780419559367,0,4,22.7,49.3,24.7,200.5,319.5
7783,1780419559400,0,4,22.6,52.6,52.0,189.4,319.0
7784,1780419559433,0,4,22.4,49.2,26.7,204.5,313.1
7785,1780419559467,0,4,22.4,53.0,31.8,213.8,307.7
7786,1780419559500,0,4,22.4,48.8,44.5,204.2,301.7
7787,1780419559533,0,4,22.4,51.7,57.6,205.2,330.0
7788,1780419559567,0,4,22.6,49.8,52.8,200.1,319.8
7789,1780419559600,0,4,22.6,53.2,60.0,194.5,322.2
7790,1780419559633,0,4,22.8,51.0,32.3,192.0,317.6
7791,1780419559667,0,4,22.3,52.9,39.7,201.3,319.2
7792,1780419559700,0,4,22.7,53.2,58.1,214.9,302.0
7793,1780419559733,0,4,22.5,52.1,54.3,202.6,300.5
7794,1780419559767,0,4,22.6,51.3,20.5,213.8,335.7
7795,1780419559800,0,4,22.3,49.9,43.6,182.7,307.4
7796,1780419559833,0,4,22.5,49.1,37.4,212.6,302.9
7797,1780419559867,0,4,22.4,53.0,58.2,203.8,338.9
7798,1780419559900,0,4,22.7,50.1,40.2,217.2,318.2
7799,1780419559933,0,4,22.2,50.8,48.6,209.9,303.0
7800,1780419559967,0,4,22.5,53.7,29.1,191.5,304.1
7801,1780419560000,0,4,22.6,53.4,37.5,215.4,302.6
7802,1780419560033,0,4,22.3,49.1,31.0,214.0,338.9
7803,1780419560067,0,4,22.3,53.8,47.5,180.8,323.3
7804,1780419560100,0,4,22.2,53.6,30.2,187.6,312.6
7805,1780419560133,0,4,22.7,52.0,41.0,185.1,300.2
7806,1780419560167,0,4,22.7,51.3,44.4,213.8,309.9
7807,1780419560200,0,4,22.7,50.1,38.1,185.5,302.5
7808,1780419560233,0,4,22.4,52.4,34.5,187.4,312.1
7809,1780419560267,0,4,22.6,49.2,51.6,183.5,316.4
7810,1780419560300,0,4,22.7,53.6,36.3,190.9,327.6
7811,1780419560333,0,4,22.6,51.5,54.7,211.1,315.2
7812,1780419560367,0,4,22.5,53.8,48.8,202.8,305.1
7813,1780419560400,0,4,22.4,51.1,28.2,219.1,327.8
7814,1780419560433,0,4,22.2,53.8,46.0,217.0,321.2
7815,1780419560467,0,4,22.3,48.0,29.9,181.7,324.3
7816,1780419560500,0,4,22.8,49.2,35.4,197.7,333.1
7817,1780419560533,0,4,22.3,51.2,54.3,188.0,316.4
7818,1780419560567,0,4,22.4,52.9,34.5,193.3,336.8
7819,1780419560600,0,4,22.6,50.3,22.7,213.3,300.7
7820,1780419560633,0,4,22.6,53.3,38.2,193.5,328.8
7821,1780419560667,0,4,22.3,48.4,38.1,212.5,333.8
7822,1780419560700,0,4,22.7,52.7,23.5,191.5,306.7
7823,1780419560733,0,4,22.8,49.7,48.3,204.0,309.7
7824,1780419560767,0,4,22.3,50.8,22.6,187.9,327.4
7825,1780419560800,0,4,22.7,48.3,45.2,212.2,332.2
7826,1780419560833,0,4,22.6,51.8,51.4,219.1,321.3
7827,1780419560867,0,4,22.6,51.9,53.8,198.6,335.4
7828,1780419560900,0,4,22.6,52.3,26.0,191.1,307.1
7829,1780419560933,0,4,22.8,48.3,33.4,217.7,336.8
7830,1780419560967,0,4,22.3,53.5,56.4,181.2,328.9
7831,1780419561000,0,4,22.6,50.3,40.8,180.5,321.9
7832,1780419561033,0,4,22.3,51.5,42.1,197.6,337.2
7833,1780419561067,0,4,22.6,52.1,57.8,214.3,305.1
7834,1780419561100,0,4,22.7,53.2,59.2,198.6,311.3
7835,1780419561133,0,4,22.4,48.8,22.8,195.7,306.8
7836,1780419561167,0,4,22.4,50.2,45.3,198.8,320.2
7837,1780419561200,0,4,22.7,49.5,32.6,211.8,314.1
7838,1780419561233,0,4,22.2,51.9,20.2,203.8,330.5
7839,1780419561267,0,4,22.4,53.1,21.0,204.1,314.3
7840,1780419561300,0,4,22.4,48.6,38.9,193.7,306.1
7841,1780419561333,0,4,22.6,48.8,37.6,201.0,320.8
7842,1780419561367,0,4,22.8,52.2,35.2,212.3,300.3
7843,1780419561400,0,4,22.5,52.6,30.0,196.7,302.4
7844,1780419561433,0,4,22.3,52.5,21.7,185.2,320.0
7845,1780419561467,0,4,22.6,51.6,25.5,191.6,324.7
7846,1780419561500,0,4,22.6,53.9,44.8,211.5,324.4
7847,1780419561533,0,4,22.4,49.3,21.8,211.9,311.1
7848,1780419561567,0,4,22.6,49.2,21.3,209.0,303.9
7849,1780419561600,0,4,22.4,51.6,21.9,195.0,329.9
7850,1780419561633,0,4,22.7,48.7,55.8,208.7,301.8
7851,1780419561667,0,4,22.4,48.2,34.5,194.3,336.9
7852,1780419561700,0,4,22.5,50.0,50.8,182.3,304.0
7853,1780419561733,0,4,22.4,52.8,24.3,218.2,340.0
7854,1780419561767,0,4,22.5,50.7,20.0,203.4,325.7
7855,1780419561800,0,4,22.6,48.4,55.6,199.5,306.1
7856,1780419561833,0,4,22.6,51.9,31.4,183.0,322.0
7857,1780419561867,0,4,22.8,48.5,58.3,199.3,302.3
7858,1780419561900,0,4,22.4,50.3,43.8,209.3,319.4
7859,1780419561933,0,4,22.2,48.5,58.5,205.2,315.8
7860,1780419561967,0,4,22.7,53.0,30.8,193.8,323.1
7861,1780419562000,0,4,22.4,52.9,54.8,215.6,329.2
7862,1780419562033,0,4,22.3,49.3,22.3,214.7,313.2
7863,1780419562067,0,4,22.4,48.1,23.2,204.6,306.2
7864,1780419562100,0,4,22.4,53.8,45.6,182.1,333.2
7865,1780419562133,0,4,22.7,50.1,26.6,207.8,303.1
7866,1780419562167,0,4,22.3,49.6,34.7,183.5,333.4
7867,1780419562200,0,4,22.2,51.5,33.5,196.5,320.8
7868,1780419562233,0,4,22.5,49.2,32.0,192.2,306.4
7869,1780419562267,0,4,22.4,52.3,51.4,203.9,314.2
7870,1780419562300,0,4,22.6,50.2,49.6,198.2,329.3
7871,1780419562333,0,4,22.4,49.7,37.8,202.8,312.0
7872,1780419562367,0,4,22.5,49.9,29.4,183.6,325.7
7873,1780419562400,0,4,22.4,50.9,45.8,184.7,338.7
7874,1780419562433,0,4,22.7,49.5,59.4,200.4,338.9
7875,1780419562467,0,4,22.8,49.6,43.7,180.9,314.1
7876,1780419562500,0,4,22.6,50.4,41.2,211.4,321.3
7877,1780419562533,0,4,22.8,52.0,56.2,213.6,312.6
7878,1780419562567,0,4,22.5,51.4,20.7,203.7,320.3
7879,1780419562600,0,4,22.3,51.9,22.5,182.6,328.9
7880,1780419562633,0,4,22.4,49.1,34.8,214.3,336.5
7881,1780419562667,0,4,22.6,53.6,44.0,201.4,329.4
7882,1780419562700,0,4,22.4,53.9,51.9,207.8,317.8
7883,1780419562733,0,4,22.7,51.7,34.8,206.9,301.7
7884,1780419562767,0,4,22.4,52.9,53.3,205.6,301.1
7885,1780419562800,0,4,22.6,53.7,36.3,187.2,324.1
7886,1780419562833,0,4,22.4,50.6,42.3,198.1,335.3
7887,1780419562867,0,4,22.5,52.1,47.6,198.0,312.8
7888,1780419562900,0,4,22.2,50.4,55.5,206.9,320.8
7889,1780419562933,0,4,22.3,53.3,24.0,180.3,309.8
7890,1780419562967,0,4,22.5,49.5,36.3,217.3,339.6
7891,1780419563000,0,4,22.2,52.7,34.3,192.9,337.4
7892,1780419563033,0,4,22.7,51.0,37.7,193.0,314.3
7893,1780419563067,0,4,22.5,52.6,24.6,183.3,305.7
7894,1780419563100,0,4,22.6,49.3,40.4,188.9,317.3
7895,1780419563133,0,4,22.3,53.5,51.1,201.1,302.5
7896,1780419563167,0,4,22.6,48.2,36.9,219.9,324.5
7897,1780419563200,0,4,22.7,53.6,24.0,196.0,325.0
7898,1780419563233,0,4,22.6,48.2,57.2,215.6,300.2
7899,1780419563267,0,4,22.3,49.2,50.8,199.7,305.5
7900,1780419563300,0,4,22.5,51.3,23.1,183.0,324.3
7901,1780419563333,0,4,22.4,48.3,46.5,191.4,320.5
7902,1780419563367,0,4,22.4,48.5,48.3,207.0,309.1
7903,1780419563400,0,4,22.8,52.2,56.1,182.0,321.2
7904,1780419563433,0,4,22.8,48.2,58.5,182.0,313.7
7905,1780419563467,0,4,22.8,48.7,39.8,183.0,323.6
7906,1780419563500,0,4,22.7,50.7,27.9,186.0,332.7
7907,1780419563533,0,4,22.7,50.9,29.4,209.3,315.8
7908,1780419563567,0,4,22.8,53.3,20.6,216.0,328.6
7909,1780419563600,0,4,22.5,49.8,51.0,205.0,318.2
7910,1780419563633,0,4,22.7,48.9,41.1,215.4,327.6
7911,1780419563667,0,4,22.2,48.9,45.5,194.9,337.8
7912,1780419563700,0,4,22.7,48.4,37.7,215.1,333.1
7913,1780419563733,0,4,22.7,50.8,33.0,194.1,302.2
7914,1780419563767,0,4,22.5,53.0,27.4,183.2,319.8
7915,1780419563800,0,4,22.5,52.1,49.1,213.3,305.7
7916,1780419563833,0,4,22.7,53.6,45.9,200.5,337.8
7917,1780419563867,0,4,22.4,53.1,37.1,186.9,337.1
7918,1780419563900,0,4,22.5,52.9,20.6,208.2,318.0
7919,1780419563933,0,4,22.6,51.1,35.6,189.8,301.5
7920,1780419563967,0,4,22.3,48.8,54.7,185.8,308.7
7921,1780419564000,0,4,22.8,48.6,56.6,184.0,335.8
7922,1780419564033,0,4,22.2,48.9,49.6,213.5,306.1
7923,1780419564067,0,4,22.3,53.2,28.0,217.0,315.6
7924,1780419564100,0,4,22.2,50.3,42.1,211.2,324.4
7925,1780419564133,0,4,22.5,52.7,25.6,200.4,305.4
7926,1780419564167,0,4,22.7,51.8,44.0,188.4,322.8
7927,1780419564200,0,4,22.4,50.0,39.7,199.1,306.8
7928,1780419564233,0,4,22.7,51.5,51.2,181.2,319.8
7929,1780419564267,0,4,22.6,53.2,31.7,203.2,308.7
7930,1780419564300,0,4,22.6,50.8,26.8,202.0,332.7
7931,1780419564333,0,4,22.3,52.6,49.1,190.1,329.2
7932,1780419564367,0,4,22.5,50.0,51.4,218.7,324.2
7933,1780419564400,0,4,22.5,48.8,35.5,189.1,319.0
7934,1780419564433,0,4,22.6,51.0,48.6,207.5,309.7
7935,1780419564467,0,4,22.4,53.6,43.6,184.2,337.3
7936,1780419564500,0,4,22.3,48.1,42.5,191.2,337.4
7937,1780419564533,0,4,22.6,48.3,33.0,196.0,308.0
7938,1780419564567,0,4,22.4,52.9,48.7,181.0,310.8
7939,1780419564600,0,4,22.5,50.4,48.3,204.0,323.0
7940,1780419564633,0,4,22.6,52.5,45.5,195.5,321.3
7941,1780419564667,0,4,22.5,48.8,56.0,191.7,338.1
7942,1780419564700,0,4,22.3,50.7,57.5,187.5,325.6
7943,1780419564733,0,4,22.3,51.4,37.5,208.2,323.0
7944,1780419564767,0,4,22.5,51.8,27.9,188.1,308.5
7945,1780419564800,0,4,22.7,48.6,48.9,189.5,313.7
7946,1780419564833,0,4,22.8,49.8,38.6,216.4,314.6
7947,1780419564867,0,4,22.6,49.5,26.1,202.9,338.4
7948,1780419564900,0,4,22.6,52.2,25.9,219.3,311.9
7949,1780419564933,0,4,22.8,52.0,38.9,207.7,311.3
7950,1780419564967,0,4,22.4,50.0,25.8,182.6,308.2
7951,1780419565000,0,4,22.3,50.0,56.5,180.0,304.2
7952,1780419565033,0,4,22.7,48.6,37.8,210.9,338.6
7953,1780419565067,0,4,22.8,52.5,28.6,194.0,337.5
7954,1780419565100,0,4,22.3,52.3,52.2,212.4,308.9
7955,1780419565133,0,4,22.7,50.0,34.0,187.7,322.4
7956,1780419565167,0,4,22.2,52.9,39.2,198.0,333.7
7957,1780419565200,0,4,22.5,51.0,33.3,187.5,318.6
7958,1780419565233,0,4,22.7,50.3,48.5,204.8,303.1
7959,1780419565267,0,4,22.8,50.1,37.4,209.8,320.1
7960,1780419565300,0,4,22.5,49.7,50.5,199.7,322.6
7961,1780419565333,0,4,22.3,48.7,20.9,203.3,329.3
7962,1780419565367,0,4,22.6,48.8,49.8,215.4,301.8
7963,1780419565400,0,4,22.6,49.3,27.6,215.6,306.3
7964,1780419565433,0,4,22.2,49.7,58.7,200.0,302.1
7965,1780419565467,0,4,22.2,50.8,52.5,189.2,319.5
7966,1780419565500,0,4,22.5,52.3,22.9,187.2,318.7
7967,1780419565533,0,4,22.8,52.0,35.1,218.7,301.1
7968,1780419565567,0,4,22.7,53.0,34.7,189.7,302.5
7969,1780419565600,0,4,22.4,49.1,28.0,198.3,321.7
7970,1780419565633,0,4,22.8,52.8,27.5,218.1,317.6
7971,1780419565667,0,4,22.7,53.7,46.5,194.5,328.8
7972,1780419565700,0,4,22.5,50.0,48.2,219.6,314.8
7973,1780419565733,0,4,22.7,51.1,59.2,208.9,333.5
7974,1780419565767,0,4,22.4,49.7,34.5,192.3,339.2
7975,1780419565800,0,4,22.2,53.7,51.7,213.1,311.7
7976,1780419565833,0,4,22.5,54.0,29.9,212.1,310.2
7977,1780419565867,0,4,22.4,48.5,23.1,195.2,318.1
7978,1780419565900,0,4,22.5,49.2,46.2,189.7,306.9
7979,1780419565933,0,4,22.7,48.2,43.7,189.7,300.5
7980,1780419565967,0,4,22.6,50.1,47.7,203.3,314.7
7981,1780419566000,0,4,22.3,50.9,24.6,192.4,315.3
7982,1780419566033,0,4,22.5,51.7,21.0,182.8,333.4
7983,1780419566067,0,4,22.3,50.8,36.7,213.9,326.5
7984,1780419566100,0,4,22.6,51.3,22.0,213.1,339.4
7985,1780419566133,0,4,22.7,51.8,47.9,209.7,322.5
7986,1780419566167,0,4,22.6,51.3,30.8,215.6,308.7
7987,1780419566200,0,4,22.6,48.0,24.9,183.7,310.8
7988,1780419566233,0,4,22.6,53.1,47.4,196.0,324.7
7989,1780419566267,0,4,22.4,51.1,37.1,202.9,301.5
7990,1780419566300,0,4,22.3,50.1,30.0,203.8,335.0
7991,1780419566333,0,4,22.8,49.6,31.6,195.4,303.8
7992,1780419566367,0,4,22.2,49.3,57.3,190.8,328.6
7993,1780419566400,0,4,22.6,52.3,50.6,200.5,304.2
7994,1780419566433,0,4,22.2,49.9,39.6,206.9,303.1
7995,1780419566467,0,4,22.8,53.1,47.4,211.2,309.7
7996,1780419566500,0,4,22.4,49.8,55.8,208.3,305.0
7997,1780419566533,0,4,22.7,51.6,43.0,189.9,309.3
7998,1780419566567,0,4,22.3,50.2,39.9,200.6,314.2
7999,1780419566600,0,4,22.5,50.8,27.5,204.0,319.7
8000,1780419566633,0,4,22.7,51.4,52.2,180.0,323.4
8001,1780419566667,0,4,22.6,53.2,39.7,185.8,305.1
8002,1780419566700,0,4,22.8,48.4,56.6,187.6,327.8
8003,1780419566733,0,4,22.2,48.6,48.4,188.1,335.7
8004,1780419566767,0,4,22.7,51.9,48.7,216.0,321.5
8005,1780419566800,0,4,22.4,51.7,52.7,195.9,315.6
8006,1780419566833,0,4,22.6,49.4,45.9,197.9,324.9
8007,1780419566867,0,4,22.3,49.1,21.2,198.0,319.6
8008,1780419566900,0,4,22.3,52.6,46.8,215.8,325.9
8009,1780419566933,0,4,22.2,52.6,46.4,190.7,333.2
8010,1780419566967,0,4,22.5,48.3,27.8,207.8,318.0
8011,1780419567000,0,4,22.5,51.7,23.6,219.9,319.0
8012,1780419567033,0,4,22.4,52.7,34.2,195.2,319.9
8013,1780419567067,0,4,22.6,52.5,53.4,201.0,313.6
8014,1780419567100,0,4,22.5,52.5,34.8,215.7,301.7
8015,1780419567133,0,4,22.6,49.6,46.8,183.6,323.5
8016,1780419567167,0,4,22.5,50.1,38.1,184.8,338.2
8017,1780419567200,0,4,22.2,53.8,24.4,190.3,327.8
8018,1780419567233,0,4,22.7,50.0,42.3,202.9,339.7
8019,1780419567267,0,4,22.5,52.2,44.1,206.9,302.3
8020,1780419567300,0,4,22.5,52.7,46.3,188.0,329.2
8021,1780419567333,0,4,22.6,52.1,21.7,189.3,318.9
8022,1780419567367,0,4,22.4,51.4,29.4,188.6,302.8
8023,1780419567400,0,4,22.3,49.8,28.4,206.0,316.4
8024,1780419567433,0,4,22.6,53.8,59.2,183.2,315.3
8025,1780419567467,0,4,22.4,53.5,47.1,184.3,318.6
8026,1780419567500,0,4,22.4,48.8,37.2,186.7,326.1
8027,1780419567533,0,4,22.4,48.4,29.3,193.5,333.3
8028,1780419567567,0,4,22.5,48.3,31.3,182.9,302.9
8029,1780419567600,0,4,22.6,49.0,32.5,200.9,336.6
8030,1780419567633,0,4,22.4,51.2,30.5,212.2,329.6
8031,1780419567667,0,4,22.6,50.1,28.4,216.4,318.1
8032,1780419567700,0,4,22.7,49.9,42.8,203.4,331.2
8033,1780419567733,0,4,22.3,48.4,36.9,196.9,325.0
8034,1780419567767,0,4,22.4,50.0,57.6,188.9,338.6
8035,1780419567800,0,4,22.4,51.5,27.2,216.0,329.7
8036,1780419567833,0,4,22.4,48.2,43.3,217.0,309.9
8037,1780419567867,0,4,22.7,53.3,51.7,189.9,312.5
8038,1780419567900,0,4,22.7,49.8,39.4,186.6,323.9
8039,1780419567933,0,4,22.4,48.1,53.1,217.3,308.1
8040,1780419567967,0,4,22.5,52.9,23.1,181.2,322.2
8041,1780419568000,0,4,22.8,51.0,46.2,212.0,308.3
8042,1780419568033,0,4,22.4,53.3,30.6,196.4,324.8
8043,1780419568067,0,4,22.8,53.8,43.7,204.7,334.5
8044,1780419568100,0,4,22.5,53.9,28.8,185.5,334.0
8045,1780419568133,0,4,22.3,48.5,21.8,197.3,308.0
8046,1780419568167,0,4,22.4,49.4,51.5,186.7,304.0
8047,1780419568200,0,4,22.5,52.7,53.1,201.0,305.6
8048,1780419568233,0,4,22.8,50.4,58.0,188.7,310.8
8049,1780419568267,0,4,22.6,54.0,40.8,218.8,300.5
8050,1780419568300,0,4,22.5,51.6,25.7,186.2,335.0
8051,1780419568333,0,4,22.8,50.2,31.9,184.4,331.6
8052,1780419568367,0,4,22.4,53.8,52.1,188.5,321.5
8053,1780419568400,0,4,22.4,49.1,38.8,191.0,303.4
8054,1780419568433,0,4,22.6,51.3,47.6,214.7,320.4
8055,1780419568467,0,4,22.5,52.2,50.1,219.5,329.2
8056,1780419568500,0,4,22.5,51.9,46.5,192.0,310.9
8057,1780419568533,0,4,22.3,53.3,30.1,186.9,303.8
8058,1780419568567,0,4,22.3,49.2,24.4,182.4,319.1
8059,1780419568600,0,4,22.7,50.1,27.7,203.4,335.5
8060,1780419568633,0,4,22.2,51.6,25.5,211.5,326.7
8061,1780419568667,0,4,22.6,51.3,50.8,184.8,338.3
8062,1780419568700,0,4,22.8,48.8,44.5,195.7,325.0
8063,1780419568733,0,4,22.4,50.4,42.7,211.8,315.7
8064,1780419568767,0,4,22.4,53.3,26.8,191.4,333.4
8065,1780419568800,0,4,22.4,53.8,21.2,216.7,316.6
8066,1780419568833,0,4,22.5,48.1,28.1,184.7,336.0
8067,1780419568867,0,4,22.7,50.5,49.5,186.9,311.6
8068,1780419568900,0,4,22.4,49.6,44.9,205.5,324.1
8069,1780419568933,0,4,22.3,53.3,47.9,203.3,300.9
8070,1780419568967,0,4,22.3,48.4,20.3,197.3,312.6
8071,1780419569000,0,4,22.6,50.6,57.3,211.2,313.3
8072,1780419569033,0,4,22.7,48.3,48.1,207.5,334.0
8073,1780419569067,0,4,22.6,53.5,43.3,196.7,332.9
8074,1780419569100,0,4,22.3,52.1,28.2,185.2,314.2
8075,1780419569133,0,4,22.7,51.6,36.7,181.0,321.3
8076,1780419569167,0,4,22.4,53.8,24.7,213.4,312.8
8077,1780419569200,0,4,22.6,48.3,54.0,197.9,333.2
8078,1780419569233,0,4,22.8,49.4,42.1,206.8,303.6
8079,1780419569267,0,4,22.3,52.4,44.9,181.9,311.5
8080,1780419569300,0,4,22.6,49.6,46.0,216.9,307.1
8081,1780419569333,0,4,22.4,53.0,41.9,200.9,325.1
8082,1780419569367,0,4,22.5,51.0,21.2,204.0,311.8
8083,1780419569400,0,4,22.5,50.2,36.6,182.0,322.0
8084,1780419569433,0,4,22.8,50.8,39.2,207.0,304.3
8085,1780419569467,0,4,22.6,52.0,36.6,218.2,311.9
8086,1780419569500,0,4,22.5,51.1,50.0,208.6,314.1
8087,1780419569533,0,4,22.6,53.2,35.3,196.9,325.7
8088,1780419569567,0,4,22.6,51.7,38.4,193.9,330.5
8089,1780419569600,0,4,22.5,49.5,40.8,219.4,303.3
8090,1780419569633,0,4,22.7,53.8,48.0,181.7,325.7
8091,1780419569667,0,4,22.6,51.4,35.2,191.6,338.3
8092,1780419569700,0,4,22.3,51.8,34.4,209.2,339.4
8093,1780419569733,0,4,22.3,48.3,44.4,204.4,314.4
8094,1780419569767,0,4,22.7,50.8,38.2,200.6,331.6
8095,1780419569800,0,4,22.5,50.2,50.3,207.4,300.9
8096,1780419569833,0,4,22.3,48.9,25.1,186.5,321.7
8097,1780419569867,0,4,22.3,50.3,51.7,195.0,306.4
8098,1780419569900,0,4,22.5,51.6,50.2,216.6,304.6
8099,1780419569933,0,4,22.8,52.9,57.4,187.0,302.1
8100,1780419569967,0,4,22.6,48.9,46.7,212.2,307.7
8101,1780419570000,0,4,22.3,54.0,44.9,186.3,339.7
8102,1780419570033,0,4,22.6,48.2,32.2,180.7,320.5
8103,1780419570067,0,4,22.7,50.0,53.8,197.5,315.3
8104,1780419570100,0,4,22.4,52.3,34.6,185.5,313.8
8105,1780419570133,0,4,22.4,51.9,45.0,209.7,336.4
8106,1780419570167,0,4,22.6,51.4,60.0,191.3,316.8
8107,1780419570200,0,4,22.3,51.9,37.1,188.2,321.5
8108,1780419570233,0,4,22.6,52.5,29.2,201.4,319.4
8109,1780419570267,0,4,22.4,53.9,51.2,204.2,327.8
8110,1780419570300,0,4,22.5,53.0,26.2,216.0,314.5
8111,1780419570333,0,4,22.3,49.2,40.8,210.4,309.6
8112,1780419570367,0,4,22.6,49.9,45.6,193.8,328.6
8113,1780419570400,0,4,22.5,49.1,58.2,209.2,305.1
8114,1780419570433,0,4,22.5,50.6,48.5,189.8,330.1
8115,1780419570467,0,4,22.2,49.2,27.1,200.7,312.0
8116,1780419570500,0,4,22.4,49.2,56.2,193.5,313.2
8117,1780419570533,0,4,22.2,52.3,45.1,198.6,305.0
8118,1780419570567,0,4,22.5,48.3,38.4,186.3,324.8
8119,1780419570600,0,4,22.3,52.4,26.5,189.5,303.8
8120,1780419570633,0,4,22.8,48.0,22.3,180.9,310.4
8121,1780419570667,0,4,22.3,49.5,32.2,185.0,308.6
8122,1780419570700,0,4,22.3,52.6,57.9,197.1,337.9
8123,1780419570733,0,4,22.8,52.7,57.3,185.5,323.9
8124,1780419570767,0,4,22.5,51.0,47.5,217.0,309.0
8125,1780419570800,0,4,22.8,49.5,24.8,190.9,308.1
8126,1780419570833,0,4,22.5,50.9,38.7,183.7,311.3
8127,1780419570867,0,4,22.6,48.2,60.0,183.2,313.2
8128,1780419570900,0,4,22.8,52.8,45.1,191.6,303.8
8129,1780419570933,0,4,22.4,50.7,34.4,197.4,303.8
8130,1780419570967,0,4,22.6,48.2,35.4,196.0,337.9
8131,1780419571000,0,4,22.6,53.7,26.9,208.4,310.5
8132,1780419571033,0,4,22.6,51.3,23.0,190.1,325.8
8133,1780419571067,0,4,22.6,49.6,59.6,216.6,314.7
8134,1780419571100,0,4,22.4,49.7,53.3,185.0,321.8
8135,1780419571133,0,4,22.7,49.7,27.8,181.1,304.3
8136,1780419571167,0,4,22.4,52.7,21.4,194.3,327.0
8137,1780419571200,0,4,22.4,49.6,38.6,199.8,311.1
8138,1780419571233,0,4,22.7,53.0,35.7,191.5,321.2
8139,1780419571267,0,4,22.5,48.4,58.6,207.5,329.4
8140,1780419571300,0,4,22.2,51.2,32.0,200.0,305.0
8141,1780419571333,0,4,22.5,52.7,52.3,182.2,312.7
8142,1780419571367,0,4,22.3,48.3,43.0,209.6,319.8
8143,1780419571400,0,4,22.6,49.9,39.0,215.6,318.7
8144,1780419571433,0,4,22.7,50.0,30.9,183.2,324.7
8145,1780419571467,0,4,22.7,48.1,54.6,214.8,306.8
8146,1780419571500,0,4,22.7,49.7,56.0,183.6,304.5
8147,1780419571533,0,4,22.3,51.0,31.5,215.1,316.1
8148,1780419571567,0,4,22.5,48.1,41.0,182.0,305.6
8149,1780419571600,0,4,22.8,53.7,46.7,204.4,321.2
8150,1780419571633,0,4,22.5,51.5,34.3,185.9,313.3
8151,1780419571667,0,4,22.5,50.8,20.7,184.5,322.9
8152,1780419571700,0,4,22.7,48.0,35.0,188.5,322.5
8153,1780419571733,0,4,22.6,52.4,58.4,197.5,302.0
8154,1780419571767,0,4,22.7,49.3,25.1,197.8,324.9
8155,1780419571800,0,4,22.2,48.1,30.4,218.7,304.8
8156,1780419571833,0,4,22.2,48.3,37.6,186.8,319.2
8157,1780419571867,0,4,22.7,50.9,37.4,192.4,302.5
8158,1780419571900,0,4,22.5,52.2,59.2,202.0,317.4
8159,1780419571933,0,4,22.5,48.4,46.9,204.5,317.7
8160,1780419571967,0,4,22.6,50.8,45.8,190.4,335.5
8161,1780419572000,0,4,22.7,52.7,31.1,214.4,334.3
8162,1780419572033,0,4,22.7,52.3,57.4,203.9,339.3
8163,1780419572067,0,4,22.7,48.7,45.7,186.5,304.4
8164,1780419572100,0,4,22.7,52.8,30.9,203.3,300.5
8165,1780419572133,0,4,22.7,53.9,25.3,202.1,336.0
8166,1780419572167,0,4,22.6,53.2,29.4,219.0,330.5
8167,1780419572200,0,4,22.2,50.0,23.2,187.8,301.8
8168,1780419572233,0,4,22.6,48.4,45.9,209.7,316.1
8169,1780419572267,0,4,22.3,50.3,27.3,193.4,303.8
8170,1780419572300,0,4,22.4,49.4,43.5,219.4,321.0
8171,1780419572333,0,4,22.4,51.6,55.8,184.2,304.6
8172,1780419572367,0,4,22.7,53.9,41.6,182.0,321.4
8173,1780419572400,0,4,22.7,50.9,22.8,191.7,327.6
8174,1780419572433,0,4,22.6,48.7,30.3,197.3,305.3
8175,1780419572467,0,4,22.7,53.7,30.0,190.2,329.8
8176,1780419572500,0,4,22.6,49.1,20.8,185.3,327.6
8177,1780419572533,0,4,22.7,50.6,55.4,199.9,320.1
8178,1780419572567,0,4,22.3,51.2,38.7,209.9,319.4
8179,1780419572600,0,4,22.8,52.4,42.7,213.2,324.2
8180,1780419572633,0,4,22.4,49.9,25.9,187.7,331.1
8181,1780419572667,0,4,22.8,50.8,32.2,199.9,329.3
8182,1780419572700,0,4,22.2,50.4,25.8,218.3,305.0
8183,1780419572733,0,4,22.3,53.7,49.3,190.6,304.3
8184,1780419572767,0,4,22.7,48.9,52.0,187.5,313.1
8185,1780419572800,0,4,22.7,50.3,23.9,216.5,331.7
8186,1780419572833,0,4,22.2,48.8,43.3,214.2,303.6
8187,1780419572867,0,4,22.5,51.2,57.7,210.3,338.3
8188,1780419572900,0,4,22.5,48.4,25.6,195.2,321.7
8189,1780419572933,0,4,22.3,50.4,28.6,181.2,302.8
8190,1780419572967,0,4,22.6,52.8,46.3,200.0,338.8
8191,1780419573000,0,4,22.3,49.7,42.4,216.5,322.3
8192,1780419573033,0,4,22.6,53.8,34.8,194.2,303.1
8193,1780419573067,0,4,22.8,48.2,47.5,197.3,339.1
8194,1780419573100,0,4,22.5,53.7,29.6,209.4,304.4
8195,1780419573133,0,4,22.8,51.4,51.2,207.1,326.8
8196,1780419573167,0,4,22.8,52.6,49.2,202.8,335.9
8197,1780419573200,0,4,22.4,48.9,21.4,181.7,308.9
8198,1780419573233,0,4,22.8,51.7,40.6,194.1,310.6
8199,1780419573267,0,4,22.3,49.5,46.3,197.7,332.5
8200,1780419573300,0,4,22.4,48.3,36.7,212.6,303.7
8201,1780419573333,0,4,22.2,48.8,47.6,182.7,333.4
8202,1780419573367,0,4,22.4,50.4,43.1,199.7,314.2
8203,1780419573400,0,4,22.5,50.5,39.7,217.3,319.7
8204,1780419573433,0,4,22.5,48.7,52.5,198.4,336.2
8205,1780419573467,0,4,22.3,51.5,55.5,183.7,320.7
8206,1780419573500,0,4,22.5,51.4,31.1,207.7,322.7
8207,1780419573533,0,4,22.7,52.0,20.7,188.1,329.5
8208,1780419573567,0,4,22.8,48.5,56.2,199.7,319.8
8209,1780419573600,0,4,22.7,50.9,20.5,199.0,338.2
8210,1780419573633,0,4,22.5,52.8,45.4,188.2,326.4
8211,1780419573667,0,4,22.4,51.8,51.9,211.1,305.0
8212,1780419573700,0,4,22.3,51.8,56.8,189.6,316.8
8213,1780419573733,0,4,22.2,52.2,21.7,201.7,310.9
8214,1780419573767,0,4,22.5,50.6,30.8,186.0,318.7
8215,1780419573800,0,4,22.4,49.4,45.8,219.8,331.6
8216,1780419573833,0,4,22.3,51.4,50.3,217.3,334.9
8217,1780419573867,0,4,22.6,53.9,28.8,216.0,305.3
8218,1780419573900,0,4,22.3,50.1,35.0,186.2,323.2
8219,1780419573933,0,4,22.4,48.7,32.3,199.4,325.6
8220,1780419573967,0,4,22.5,48.9,33.5,206.7,309.7
8221,1780419574000,0,4,22.3,53.3,56.6,181.1,322.9
8222,1780419574033,0,4,22.4,48.6,38.1,196.6,323.7
8223,1780419574067,0,4,22.6,52.9,55.8,181.4,335.7
8224,1780419574100,0,4,22.6,49.9,50.5,205.0,303.2
8225,1780419574133,0,4,22.3,49.7,44.6,199.1,300.1
8226,1780419574167,0,4,22.3,52.3,51.7,208.9,322.6
8227,1780419574200,0,4,22.6,53.4,35.2,190.2,309.4
8228,1780419574233,0,4,22.3,52.6,43.1,203.5,319.8
8229,1780419574267,0,4,22.3,53.1,35.8,181.4,320.8
8230,1780419574300,0,4,22.7,50.0,26.8,186.3,329.4
8231,1780419574333,0,4,22.5,51.4,27.4,217.6,331.8
8232,1780419574367,0,4,22.2,48.7,56.5,218.9,313.5
8233,1780419574400,0,4,22.8,53.3,20.8,187.1,302.2
8234,1780419574433,0,4,22.7,53.6,31.9,194.2,320.6
8235,1780419574467,0,4,22.3,49.3,43.0,214.5,302.3
8236,1780419574500,0,4,22.3,50.7,38.9,195.7,318.7
8237,1780419574533,0,4,22.8,49.0,32.0,208.2,324.2
8238,1780419574567,0,4,22.5,52.5,26.5,216.1,325.8
8239,1780419574600,0,4,22.3,53.6,24.9,196.7,314.2
8240,1780419574633,0,4,22.4,49.9,40.6,184.2,303.3
8241,1780419574667,0,4,22.3,52.6,23.7,200.8,315.2
8242,1780419574700,0,4,22.3,50.1,53.1,181.3,314.2
8243,1780419574733,0,4,22.4,49.9,51.5,196.5,301.6
8244,1780419574767,0,4,22.5,48.2,35.5,194.4,326.6
8245,1780419574800,0,4,22.5,48.5,53.5,197.6,316.9
8246,1780419574833,0,4,22.3,51.8,22.6,196.1,304.4
8247,1780419574867,0,4,22.6,48.2,48.9,196.6,307.8
8248,1780419574900,0,4,22.6,50.8,41.8,196.2,332.6
8249,1780419574933,0,4,22.3,53.4,30.8,193.8,335.5
8250,1780419574967,0,4,22.6,52.3,50.7,216.5,315.7
8251,1780419575000,0,4,22.4,52.1,56.5,213.4,309.0
8252,1780419575033,0,4,22.4,50.1,48.1,219.8,331.2
8253,1780419575067,0,4,22.4,52.4,35.5,219.2,302.1
8254,1780419575100,0,4,22.7,52.0,57.9,190.0,308.3
8255,1780419575133,0,4,22.4,48.7,52.7,204.3,313.2
8256,1780419575167,0,4,22.3,52.6,35.1,206.3,304.1
8257,1780419575200,0,4,22.5,50.7,58.1,205.5,335.6
8258,1780419575233,0,4,22.7,52.7,36.2,217.6,326.4
8259,1780419575267,0,4,22.3,49.6,31.0,192.8,301.5
8260,1780419575300,0,4,22.5,48.6,47.7,210.0,336.9
8261,1780419575333,0,4,22.7,48.9,41.1,190.3,306.4
8262,1780419575367,0,4,22.5,49.6,45.5,204.4,306.0
8263,1780419575400,0,4,22.3,48.2,24.2,218.4,307.0
8264,1780419575433,0,4,22.6,50.3,59.3,204.9,335.3
8265,1780419575467,0,4,22.5,49.4,48.3,205.4,313.3
8266,1780419575500,0,4,22.5,51.5,26.1,180.5,323.9
8267,1780419575533,0,4,22.2,50.5,31.1,197.3,339.2
8268,1780419575567,0,4,22.5,53.2,26.7,192.5,330.3
8269,1780419575600,0,4,22.2,52.6,35.5,195.5,306.0
8270,1780419575633,0,4,22.2,48.1,38.9,198.3,310.9
8271,1780419575667,0,4,22.7,50.8,30.3,187.7,317.9
8272,1780419575700,0,4,22.2,52.6,27.6,209.5,311.4
8273,1780419575733,0,4,22.8,49.7,26.5,201.1,303.7
8274,1780419575767,0,4,22.7,52.2,45.4,204.0,310.1
8275,1780419575800,0,4,22.3,52.2,39.3,200.1,325.2
8276,1780419575833,0,4,22.6,48.7,55.5,191.3,320.2
8277,1780419575867,0,4,22.3,52.2,42.0,208.8,315.5
8278,1780419575900,0,4,22.3,49.0,25.6,197.6,304.3
8279,1780419575933,0,4,22.2,49.0,55.1,182.0,300.9
8280,1780419575967,0,4,22.4,51.7,57.7,216.3,329.5
8281,1780419576000,0,4,22.4,52.2,30.2,209.8,327.7
8282,1780419576033,0,4,22.7,49.7,28.4,209.5,315.2
8283,1780419576067,0,4,22.2,53.4,40.2,202.1,338.1
8284,1780419576100,0,4,22.5,51.2,40.1,210.6,318.8
8285,1780419576133,0,4,22.7,50.9,26.5,202.6,325.2
8286,1780419576167,0,4,22.8,54.0,47.6,194.8,321.4
8287,1780419576200,0,4,22.6,53.6,33.6,187.7,315.0
8288,1780419576233,0,4,22.4,53.8,26.0,204.2,310.4
8289,1780419576267,0,4,22.2,49.3,43.7,193.3,330.2
8290,1780419576300,0,4,22.8,52.8,54.9,182.1,309.4
8291,1780419576333,0,4,22.7,52.6,46.9,207.4,322.2
8292,1780419576367,0,4,22.4,52.6,30.5,219.6,319.6
8293,1780419576400,0,4,22.3,51.8,39.5,211.5,333.2
8294,1780419576433,0,4,22.5,49.9,27.3,183.4,313.0
8295,1780419576467,0,4,22.6,48.4,55.4,188.7,314.5
8296,1780419576500,0,4,22.7,50.5,33.3,202.5,322.8
8297,1780419576533,0,4,22.3,48.5,22.3,214.8,328.1
8298,1780419576567,0,4,22.6,48.6,52.5,213.1,331.5
8299,1780419576600,0,4,22.7,48.5,21.6,188.9,339.3
8300,1780419576633,0,4,22.3,48.6,27.5,183.1,330.3
8301,1780419576667,0,4,22.5,52.6,29.4,189.6,302.7
8302,1780419576700,0,4,22.3,51.2,24.7,198.0,305.8
8303,1780419576733,0,4,22.6,52.8,27.2,180.5,305.6
8304,1780419576767,0,4,22.6,51.1,25.3,200.4,306.8
8305,1780419576800,0,4,22.3,50.7,31.9,216.6,311.4
8306,1780419576833,0,4,22.6,50.9,20.5,194.5,322.3
8307,1780419576867,0,4,22.5,53.1,47.9,217.9,317.4
8308,1780419576900,0,4,22.4,52.7,39.1,194.1,309.8
8309,1780419576933,0,4,22.2,48.3,30.2,209.0,336.7
8310,1780419576967,0,4,22.8,51.0,56.5,184.0,324.5
8311,1780419577000,0,4,22.6,48.1,24.5,191.8,335.4
8312,1780419577033,0,4,22.4,48.6,27.7,206.5,332.2
8313,1780419577067,0,4,22.7,49.6,32.2,199.2,328.2
8314,1780419577100,0,4,22.4,51.7,23.3,189.5,336.2
8315,1780419577133,0,4,22.5,48.5,33.8,206.8,337.6
8316,1780419577167,0,4,22.7,53.4,28.7,213.2,326.2
8317,1780419577200,0,4,22.6,50.7,38.6,197.1,302.6
8318,1780419577233,0,4,22.4,50.5,51.5,203.2,306.6
8319,1780419577267,0,4,22.6,52.2,54.8,214.3,331.6
8320,1780419577300,0,4,22.6,48.5,22.7,209.0,313.4
8321,1780419577333,0,4,22.6,48.3,44.4,199.6,310.3
8322,1780419577367,0,4,22.5,51.8,26.0,183.9,324.5
8323,1780419577400,0,4,22.8,52.8,43.8,194.8,327.3
8324,1780419577433,0,4,22.8,53.4,45.4,182.4,325.4
8325,1780419577467,0,4,22.4,50.3,58.6,213.6,323.5
8326,1780419577500,0,4,22.3,53.4,28.6,202.3,316.7
8327,1780419577533,0,4,22.7,50.4,33.1,209.8,302.1
8328,1780419577567,0,4,22.8,50.6,29.3,206.2,304.5
8329,1780419577600,0,4,22.5,52.1,22.5,216.3,336.1
8330,1780419577633,0,4,22.3,48.4,30.4,207.1,318.3
8331,1780419577667,0,4,22.4,52.5,57.2,210.0,321.1
8332,1780419577700,0,4,22.4,51.8,25.8,192.5,316.0
8333,1780419577733,0,4,22.5,53.0,45.9,194.4,334.8
8334,1780419577767,0,4,22.2,53.1,42.3,204.9,314.9
8335,1780419577800,0,4,22.6,50.5,21.4,203.6,328.1
8336,1780419577833,0,4,22.7,50.7,42.9,209.0,332.7
8337,1780419577867,0,4,22.7,51.4,29.0,195.1,315.7
8338,1780419577900,0,4,22.4,52.7,33.1,213.4,308.9
8339,1780419577933,0,4,22.3,52.5,57.5,195.7,338.9
8340,1780419577967,0,4,22.5,49.1,40.6,218.6,313.5
8341,1780419578000,0,4,22.6,48.6,53.7,213.9,303.1
8342,1780419578033,0,4,22.2,50.8,24.2,207.5,307.8
8343,1780419578067,0,4,22.3,53.0,48.1,217.6,306.8
8344,1780419578100,0,4,22.4,53.8,23.3,217.4,323.6
8345,1780419578133,0,4,22.3,50.0,42.6,208.5,334.6
8346,1780419578167,0,4,22.7,53.3,35.9,217.0,317.5
8347,1780419578200,0,4,22.2,51.8,41.7,218.0,333.0
8348,1780419578233,0,4,22.7,49.6,51.3,203.3,306.1
8349,1780419578267,0,4,22.6,53.0,40.2,213.2,307.2
8350,1780419578300,0,4,22.7,52.9,23.5,214.3,335.8
8351,1780419578333,0,4,22.6,52.1,49.4,215.6,311.7
8352,1780419578367,0,4,22.2,50.7,25.2,207.5,315.3
8353,1780419578400,0,4,22.3,51.6,34.0,212.9,319.1
8354,1780419578433,0,4,22.4,50.7,53.0,211.1,340.0
8355,1780419578467,0,4,22.8,52.9,21.6,197.9,310.5
8356,1780419578500,0,4,22.3,51.2,46.9,211.5,301.6
8357,1780419578533,0,4,22.8,51.6,42.4,199.8,305.0
8358,1780419578567,0,4,22.7,51.9,56.2,204.4,314.1
8359,1780419578600,0,4,22.4,53.0,43.3,210.7,317.3
8360,1780419578633,0,4,22.7,53.6,48.1,180.6,300.5
8361,1780419578667,0,4,22.6,50.6,40.2,198.3,334.6
8362,1780419578700,0,4,22.3,50.1,46.8,206.8,312.4
8363,1780419578733,0,4,22.7,48.7,33.4,182.0,310.1
8364,1780419578767,0,4,22.2,51.2,24.8,206.4,330.8
8365,1780419578800,0,4,22.5,50.8,22.9,181.1,317.2
8366,1780419578833,0,4,22.4,51.6,36.7,215.2,325.7
8367,1780419578867,0,4,22.6,49.6,54.1,181.8,333.9
8368,1780419578900,0,4,22.3,48.2,60.0,207.6,332.6
8369,1780419578933,0,4,22.5,50.9,29.0,215.4,313.1
8370,1780419578967,0,4,22.5,51.8,57.4,203.0,330.1
8371,1780419579000,0,4,22.6,52.7,23.5,191.9,338.1
8372,1780419579033,0,4,22.6,48.6,40.9,191.8,308.6
8373,1780419579067,0,4,22.5,48.7,31.2,199.6,327.7
8374,1780419579100,0,4,22.2,53.4,46.3,193.7,327.5
8375,1780419579133,0,4,22.4,51.9,32.2,202.0,304.9
8376,1780419579167,0,4,22.4,53.7,44.3,192.3,304.3
8377,1780419579200,0,4,22.7,52.6,25.2,181.0,313.5
8378,1780419579233,0,4,22.2,48.6,29.8,182.9,316.5
8379,1780419579267,0,4,22.3,53.5,46.0,182.3,332.0
8380,1780419579300,0,4,22.6,51.5,26.3,201.1,308.0
8381,1780419579333,0,4,22.5,49.4,26.9,214.3,338.0
8382,1780419579367,0,4,22.3,53.6,29.2,186.2,321.3
8383,1780419579400,0,4,22.6,49.4,48.1,204.6,314.7
8384,1780419579433,0,4,22.7,50.6,47.4,211.9,327.0
8385,1780419579467,0,4,22.3,51.4,57.2,181.0,302.2
8386,1780419579500,0,4,22.7,50.6,29.5,198.8,310.2
8387,1780419579533,0,4,22.7,49.0,49.9,182.8,315.0
8388,1780419579567,0,4,22.8,52.4,47.9,195.2,320.3
8389,1780419579600,0,4,22.5,54.0,31.4,180.9,322.7
8390,1780419579633,0,4,22.2,51.1,44.1,193.7,317.2
8391,1780419579667,0,4,22.7,53.9,54.2,191.8,328.5
8392,1780419579700,0,4,22.5,48.6,35.5,207.9,325.7
8393,1780419579733,0,4,22.4,48.5,25.7,213.8,318.1
8394,1780419579767,0,4,22.8,51.6,22.4,185.8,311.6
8395,1780419579800,0,4,22.5,51.9,43.4,181.0,323.3
8396,1780419579833,0,4,22.6,50.3,42.4,201.0,316.1
8397,1780419579867,0,4,22.3,51.4,35.1,199.5,309.9
8398,1780419579900,0,4,22.8,48.2,39.2,211.9,303.1
8399,1780419579933,0,4,22.4,50.1,46.7,201.3,305.1
8400,1780419579967,0,4,22.5,50.9,36.7,201.8,339.1
8401,1780419580000,0,4,22.8,50.5,23.9,212.2,330.1
8402,1780419580033,0,4,22.7,49.9,34.4,181.6,321.1
8403,1780419580067,0,4,22.4,52.5,54.3,199.9,336.6
8404,1780419580100,0,4,22.5,50.0,25.9,215.6,313.0
8405,1780419580133,0,4,22.6,50.5,52.1,187.9,311.6
8406,1780419580167,0,4,22.4,51.3,25.5,182.7,326.4
8407,1780419580200,0,4,22.6,48.6,43.6,192.2,323.6
8408,1780419580233,0,4,22.5,49.2,53.1,185.1,304.5
8409,1780419580267,0,4,22.5,49.6,36.8,217.9,304.1
8410,1780419580300,0,4,22.6,52.3,40.4,181.8,325.3
8411,1780419580333,0,4,22.3,48.0,54.8,196.7,320.9
8412,1780419580367,0,4,22.3,52.8,29.5,215.4,332.2
8413,1780419580400,0,4,22.5,52.7,31.2,212.2,307.6
8414,1780419580433,0,4,22.7,50.5,23.9,186.7,319.9
8415,1780419580467,0,4,22.8,52.1,30.2,180.2,336.6
8416,1780419580500,0,4,22.6,53.7,36.1,199.6,330.7
8417,1780419580533,0,4,22.2,49.5,51.6,201.8,305.1
8418,1780419580567,0,4,22.7,53.6,53.2,203.0,339.8
8419,1780419580600,0,4,22.6,50.0,32.8,204.3,316.8
8420,1780419580633,0,4,22.4,52.2,44.2,188.8,332.7
8421,1780419580667,0,4,22.7,53.4,36.7,187.2,314.7
8422,1780419580700,0,4,22.7,53.8,51.2,203.8,316.7
8423,1780419580733,0,4,22.3,52.8,48.7,186.9,326.4
8424,1780419580767,0,4,22.3,52.0,45.3,219.7,312.8
8425,1780419580800,0,4,22.4,48.7,56.4,219.9,301.3
8426,1780419580833,0,4,22.6,52.5,53.0,185.1,307.3
8427,1780419580867,0,4,22.3,50.0,55.7,218.4,337.4
8428,1780419580900,0,4,22.5,49.7,46.0,191.4,338.5
8429,1780419580933,0,4,22.8,48.6,53.7,189.7,320.1
8430,1780419580967,0,4,22.4,49.2,41.2,195.4,316.5
8431,1780419581000,0,4,22.7,52.4,28.7,201.8,328.4
8432,1780419581033,0,4,22.2,48.1,50.9,196.9,322.0
8433,1780419581067,0,4,22.6,48.7,52.9,183.3,322.4
8434,1780419581100,0,4,22.6,48.6,57.3,218.3,339.9
8435,1780419581133,0,4,22.3,48.9,46.9,203.2,309.8
8436,1780419581167,0,4,22.5,50.2,52.5,206.8,307.4
8437,1780419581200,0,4,22.7,48.1,42.1,197.5,300.9
8438,1780419581233,0,4,22.5,53.7,50.7,203.2,311.9
8439,1780419581267,0,4,22.3,52.2,30.4,184.5,305.5
8440,1780419581300,0,4,22.2,49.6,46.1,219.5,314.5
8441,1780419581333,0,4,22.4,51.6,30.5,216.0,319.4
8442,1780419581367,0,4,22.4,48.2,36.6,193.4,313.6
8443,1780419581400,0,4,22.3,52.5,47.1,210.7,305.3
8444,1780419581433,0,4,22.6,53.6,44.0,190.1,305.1
8445,1780419581467,0,4,22.7,52.6,52.9,192.6,305.4
8446,1780419581500,0,4,22.3,49.7,57.3,197.7,329.0
8447,1780419581533,0,4,22.7,48.1,54.4,189.2,324.7
8448,1780419581567,0,4,22.3,50.6,54.5,204.0,325.0
8449,1780419581600,0,4,22.6,54.0,33.2,211.2,334.0
8450,1780419581633,0,4,22.2,52.8,26.5,192.5,337.7
8451,1780419581667,0,4,22.4,51.8,44.1,208.8,326.3
8452,1780419581700,0,4,22.5,52.1,52.2,186.7,314.9
8453,1780419581733,0,4,22.6,53.0,21.3,183.3,322.5
8454,1780419581767,0,4,22.4,48.1,38.5,197.4,327.0
8455,1780419581800,0,4,22.3,53.0,41.1,193.6,316.6
8456,1780419581833,0,4,22.4,51.3,53.4,194.5,320.9
8457,1780419581867,0,4,22.6,51.6,53.1,214.6,310.6
8458,1780419581900,0,4,22.5,50.8,36.2,213.0,339.1
8459,1780419581933,0,4,22.6,49.9,51.7,214.2,324.4
8460,1780419581967,0,4,22.6,51.4,31.7,196.4,322.7
8461,1780419582000,0,4,22.3,50.6,35.6,214.6,328.2
8462,1780419582033,0,4,22.4,53.5,49.6,191.9,310.9
8463,1780419582067,0,4,22.7,49.5,31.7,193.0,312.8
8464,1780419582100,0,4,22.5,48.5,54.2,185.3,308.2
8465,1780419582133,0,4,22.2,50.4,24.0,210.2,327.6
8466,1780419582167,0,4,22.4,53.0,45.6,206.8,319.7
8467,1780419582200,0,4,22.6,48.5,27.5,198.1,328.8
8468,1780419582233,0,4,22.3,53.6,44.7,188.2,317.3
8469,1780419582267,0,4,22.3,50.4,32.5,212.9,329.9
8470,1780419582300,0,4,22.5,53.1,38.9,187.8,318.3
8471,1780419582333,0,4,22.3,53.7,42.0,192.1,311.1
8472,1780419582367,0,4,22.3,51.2,20.1,198.7,334.9
8473,1780419582400,0,4,22.2,51.0,25.0,208.0,329.8
8474,1780419582433,0,4,22.5,50.9,47.6,193.9,311.9
8475,1780419582467,0,4,22.5,48.3,21.8,189.2,320.0
8476,1780419582500,0,4,22.3,52.5,35.5,180.1,311.6
8477,1780419582533,0,4,22.6,52.0,48.7,186.6,324.0
8478,1780419582567,0,4,22.2,51.0,59.4,195.8,331.4
8479,1780419582600,0,4,22.4,52.1,26.0,204.1,309.2
8480,1780419582633,0,4,22.2,53.6,48.3,211.9,325.9
8481,1780419582667,0,4,22.3,50.9,41.8,213.8,328.7
8482,1780419582700,0,4,22.4,53.9,45.3,207.0,300.4
8483,1780419582733,0,4,22.6,53.4,38.5,198.7,319.8
8484,1780419582767,0,4,22.7,51.0,34.7,200.8,328.4
8485,1780419582800,0,4,22.4,53.2,58.8,200.1,331.3
8486,1780419582833,0,4,22.3,53.1,34.0,182.5,301.5
8487,1780419582867,0,4,22.6,49.5,58.6,187.8,317.6
8488,1780419582900,0,4,22.6,52.8,49.2,207.1,331.7
8489,1780419582933,0,4,22.4,48.8,24.3,204.3,323.2
8490,1780419582967,0,4,22.8,52.9,44.9,204.5,311.8
8491,1780419583000,0,4,22.4,49.7,29.7,211.7,323.1
8492,1780419583033,0,4,22.8,51.6,46.7,205.2,317.3
8493,1780419583067,0,4,22.5,52.1,58.0,183.6,334.7
8494,1780419583100,0,4,22.6,49.0,25.4,180.6,334.7
8495,1780419583133,0,4,22.6,53.4,37.7,180.9,332.7
8496,1780419583167,0,4,22.5,48.1,46.7,202.0,310.0
8497,1780419583200,0,4,22.5,52.3,38.3,192.1,309.6
8498,1780419583233,0,4,22.7,50.3,20.0,203.0,334.7
8499,1780419583267,0,4,22.6,48.4,22.5,205.8,306.8
8500,1780419583300,0,4,22.4,53.9,32.2,218.1,309.1
8501,1780419583333,0,4,22.6,49.6,27.4,210.5,328.8
8502,1780419583367,0,4,22.4,49.2,59.3,195.0,324.9
8503,1780419583400,0,4,22.4,52.6,39.2,194.5,323.9
8504,1780419583433,0,4,22.3,48.1,21.5,203.4,319.2
8505,1780419583467,0,4,22.7,52.9,44.7,200.7,313.9
8506,1780419583500,0,4,22.5,50.7,48.2,208.1,335.9
8507,1780419583533,0,4,22.8,51.7,51.6,182.0,330.9
8508,1780419583567,0,4,22.4,49.8,51.4,185.2,310.4
8509,1780419583600,0,4,22.3,50.9,21.6,211.5,322.8
8510,1780419583633,0,4,22.4,48.2,45.7,212.3,334.4
8511,1780419583667,0,4,22.7,53.3,43.9,209.8,330.5
8512,1780419583700,0,4,22.3,51.6,33.8,218.0,334.5
8513,1780419583733,0,4,22.4,49.8,57.0,193.9,334.5
8514,1780419583767,0,4,22.3,53.3,34.0,211.3,307.7
8515,1780419583800,0,4,22.4,51.5,59.1,199.4,305.4
8516,1780419583833,0,4,22.5,52.8,39.1,211.3,339.6
8517,1780419583867,0,4,22.6,52.3,36.2,189.5,312.6
8518,1780419583900,0,4,22.3,53.9,30.8,185.0,307.7
8519,1780419583933,0,4,22.5,52.5,29.9,188.1,330.5
8520,1780419583967,0,4,22.8,52.1,57.5,194.5,337.3
8521,1780419584000,0,4,22.4,53.4,20.3,204.0,325.4
8522,1780419584033,0,4,22.5,51.2,20.0,201.6,323.9
8523,1780419584067,0,4,22.4,49.5,59.6,180.9,323.4
8524,1780419584100,0,4,22.7,50.7,37.0,198.0,312.2
8525,1780419584133,0,4,22.3,51.7,52.8,203.4,317.2
8526,1780419584167,0,4,22.4,51.8,34.4,202.0,308.2
8527,1780419584200,0,4,22.2,51.2,55.2,196.8,336.3
8528,1780419584233,0,4,22.7,48.8,34.6,217.0,300.7
8529,1780419584267,0,4,22.3,50.9,27.4,187.9,308.4
8530,1780419584300,0,4,22.3,48.9,58.1,206.8,327.7
8531,1780419584333,0,4,22.6,49.7,25.9,201.5,309.9
8532,1780419584367,0,4,22.5,51.2,50.0,219.7,318.0
8533,1780419584400,0,4,22.6,48.4,37.1,183.6,329.6
8534,1780419584433,0,4,22.5,53.0,49.3,191.7,320.6
8535,1780419584467,0,4,22.3,53.2,51.3,184.2,331.2
8536,1780419584500,0,4,22.4,53.6,48.3,182.9,325.9
8537,1780419584533,0,4,22.3,48.9,20.3,185.6,320.7
8538,1780419584567,0,4,22.7,51.9,56.1,189.9,303.7
8539,1780419584600,0,4,22.5,52.9,55.7,195.4,316.7
8540,1780419584633,0,4,22.3,52.3,30.5,208.0,336.8
8541,1780419584667,0,4,22.4,49.2,48.7,205.7,337.7
8542,1780419584700,0,4,22.8,48.6,56.4,199.6,300.1
8543,1780419584733,0,4,22.4,51.5,35.2,201.3,320.2
8544,1780419584767,0,4,22.3,52.5,27.9,217.4,313.8
8545,1780419584800,0,4,22.3,51.9,41.0,198.0,321.4
8546,1780419584833,0,4,22.6,53.7,30.2,180.6,305.9
8547,1780419584867,0,4,22.5,48.5,31.2,199.4,306.2
8548,1780419584900,0,4,22.4,50.1,36.9,196.7,339.3
8549,1780419584933,0,4,22.8,50.8,38.7,200.1,316.7
8550,1780419584967,0,4,22.3,53.7,35.9,180.4,312.2
8551,1780419585000,0,4,22.6,48.8,30.6,190.2,309.6
8552,1780419585033,0,4,22.4,50.7,48.9,187.0,303.3
8553,1780419585067,0,4,22.6,51.3,49.0,204.3,338.0
8554,1780419585100,0,4,22.7,49.4,26.7,207.0,302.0
8555,1780419585133,0,4,22.2,53.5,50.0,190.7,337.7
8556,1780419585167,0,4,22.3,52.4,56.6,211.0,328.4
8557,1780419585200,0,4,22.4,53.5,36.9,219.8,311.5
8558,1780419585233,0,4,22.3,49.8,45.3,183.4,304.5
8559,1780419585267,0,4,22.5,48.0,39.1,181.0,303.2
8560,1780419585300,0,4,22.7,52.7,21.7,181.2,329.1
8561,1780419585333,0,4,22.7,53.0,28.7,202.0,326.5
8562,1780419585367,0,4,22.4,53.0,48.8,181.3,309.4
8563,1780419585400,0,4,22.7,51.8,48.2,216.6,322.7
8564,1780419585433,0,4,22.5,49.1,24.6,204.2,324.4
8565,1780419585467,0,4,22.5,51.5,22.3,187.9,327.4
8566,1780419585500,0,4,22.4,52.5,26.1,193.3,303.9
8567,1780419585533,0,4,22.5,50.8,30.8,199.9,315.3
8568,1780419585567,0,4,22.7,51.9,36.3,195.2,311.8
8569,1780419585600,0,4,22.7,53.7,40.9,190.5,311.6
8570,1780419585633,0,4,22.6,53.3,29.3,180.9,304.6
8571,1780419585667,0,4,22.3,51.8,28.8,182.4,301.6
8572,1780419585700,0,4,22.3,51.1,40.3,205.6,309.4
8573,1780419585733,0,4,22.4,48.6,59.8,214.0,323.6
8574,1780419585767,0,4,22.2,49.4,23.8,207.5,310.3
8575,1780419585800,0,4,22.7,50.4,55.7,209.1,325.3
8576,1780419585833,0,4,22.4,48.9,45.4,217.0,333.7
8577,1780419585867,0,4,22.8,48.5,21.3,189.0,339.2
8578,1780419585900,0,4,22.3,49.7,24.1,186.7,327.2
8579,1780419585933,0,4,22.7,53.0,32.3,219.1,306.7
8580,1780419585967,0,4,22.6,50.6,20.8,206.4,332.5
8581,1780419586000,0,4,22.3,51.7,36.1,188.2,318.3
8582,1780419586033,0,4,22.5,50.3,30.1,180.3,303.9
8583,1780419586067,0,4,22.6,53.7,30.4,205.8,306.9
8584,1780419586100,0,4,22.7,53.2,22.3,208.5,317.7
8585,1780419586133,0,4,22.6,51.6,26.2,200.7,326.1
8586,1780419586167,0,4,22.7,53.0,28.3,190.4,321.6
8587,1780419586200,0,4,22.8,51.8,43.9,196.7,301.7
8588,1780419586233,0,4,22.6,50.5,23.3,219.5,321.9
8589,1780419586267,0,4,22.7,48.6,38.9,196.9,315.5
8590,1780419586300,0,4,22.6,48.8,50.7,185.6,301.2
8591,1780419586333,0,4,22.7,50.1,44.8,187.5,313.7
8592,1780419586367,0,4,22.8,51.8,59.1,208.2,312.4
8593,1780419586400,0,4,22.7,51.1,56.4,204.2,338.6
8594,1780419586433,0,4,22.7,50.9,58.0,193.0,317.5
8595,1780419586467,0,4,22.5,49.1,23.2,186.7,330.7
8596,1780419586500,0,4,22.7,53.1,21.2,194.5,325.8
8597,1780419586533,0,4,22.3,49.3,41.4,193.1,304.5
8598,1780419586567,0,4,22.2,52.9,21.1,201.5,316.3
8599,1780419586600,0,4,22.7,50.4,31.7,183.0,338.0
8600,1780419586633,0,4,22.8,53.7,50.4,194.4,330.8
8601,1780419586667,0,4,22.4,52.9,33.4,185.4,312.7
8602,1780419586700,0,4,22.4,52.4,55.5,203.3,318.0
8603,1780419586733,0,4,22.3,51.3,45.1,183.9,339.2
8604,1780419586767,0,4,22.7,50.8,51.4,191.9,325.7
8605,1780419586800,0,4,22.6,52.6,47.1,208.1,311.3
8606,1780419586833,0,4,22.7,51.0,24.1,208.8,325.0
8607,1780419586867,0,4,22.8,50.3,51.6,181.6,315.4
8608,1780419586900,0,4,22.3,52.6,44.5,187.8,304.6
8609,1780419586933,0,4,22.4,49.9,49.4,186.1,329.2
8610,1780419586967,0,4,22.7,53.1,44.4,200.7,320.9
8611,1780419587000,0,4,22.6,51.3,59.6,218.2,328.4
8612,1780419587033,0,4,22.7,49.7,52.0,202.0,327.7
8613,1780419587067,0,4,22.3,52.1,46.5,188.8,310.5
8614,1780419587100,0,4,22.5,48.8,20.7,183.1,329.8
8615,1780419587133,0,4,22.4,49.6,29.2,219.8,332.3
8616,1780419587167,0,4,22.2,48.7,37.1,188.6,317.2
8617,1780419587200,0,4,22.4,53.2,28.5,215.1,335.3
8618,1780419587233,0,4,22.8,52.4,32.0,180.8,311.2
8619,1780419587267,0,4,22.6,49.3,52.1,219.9,331.7
8620,1780419587300,0,4,22.5,51.2,37.7,208.7,320.1
8621,1780419587333,0,4,22.3,51.0,43.2,195.7,323.4
8622,1780419587367,0,4,22.3,53.2,27.8,213.5,321.2
8623,1780419587400,0,4,22.2,51.4,44.8,190.4,301.3
8624,1780419587433,0,4,22.6,51.5,36.8,196.8,333.0
8625,1780419587467,0,4,22.7,52.1,27.0,189.1,333.2
8626,1780419587500,0,4,22.6,53.2,47.0,205.2,327.1
8627,1780419587533,0,4,22.7,48.1,36.3,211.0,320.1
8628,1780419587567,0,4,22.3,49.0,56.7,194.9,317.6
8629,1780419587600,0,4,22.2,52.1,43.6,215.9,315.0
8630,1780419587633,0,4,22.4,49.9,59.6,196.1,324.2
8631,1780419587667,0,4,22.7,51.9,34.1,206.0,335.9
8632,1780419587700,0,4,22.7,51.1,32.2,199.4,309.1
8633,1780419587733,0,4,22.7,51.0,20.5,212.8,332.8
8634,1780419587767,0,4,22.3,49.1,56.0,181.6,322.0
8635,1780419587800,0,4,22.3,51.7,41.1,214.5,302.5
8636,1780419587833,0,4,22.7,52.5,55.1,184.2,300.4
8637,1780419587867,0,4,22.2,52.4,32.4,216.8,308.4
8638,1780419587900,0,4,22.6,51.4,59.1,210.3,310.9
8639,1780419587933,0,4,22.4,48.0,40.0,188.5,311.0
8640,1780419587967,0,4,22.7,51.3,30.3,196.7,338.8
8641,1780419588000,0,4,22.5,53.4,44.5,205.4,326.1
8642,1780419588033,0,4,22.6,52.1,25.0,190.6,321.5
8643,1780419588067,0,4,22.4,52.0,20.5,197.1,316.8
8644,1780419588100,0,4,22.2,50.3,48.5,215.3,326.2
8645,1780419588133,0,4,22.4,50.7,55.0,216.9,327.6
8646,1780419588167,0,4,22.4,50.8,55.0,202.3,316.4
8647,1780419588200,0,4,22.4,48.1,25.9,207.5,301.2
8648,1780419588233,0,4,22.5,52.6,50.1,214.3,321.3
8649,1780419588267,0,4,22.6,48.7,56.3,215.0,317.0
8650,1780419588300,0,4,22.7,50.9,58.6,187.5,316.7
8651,1780419588333,0,4,22.8,49.8,20.9,213.7,311.7
8652,1780419588367,0,4,22.4,53.4,46.4,213.2,316.9
8653,1780419588400,0,4,22.7,53.6,33.8,208.1,313.8
8654,1780419588433,0,4,22.7,53.2,20.9,182.4,315.0
8655,1780419588467,0,4,22.3,48.9,44.3,208.0,321.7
8656,1780419588500,0,4,22.5,49.5,53.4,211.9,319.8
8657,1780419588533,0,4,22.6,48.4,50.6,211.4,310.5
8658,1780419588567,0,4,22.6,51.1,25.7,207.3,317.7
8659,1780419588600,0,4,22.4,50.4,43.4,197.0,322.0
8660,1780419588633,0,4,22.8,50.3,41.2,185.4,337.9
8661,1780419588667,0,4,22.5,49.0,55.6,186.9,301.1
8662,1780419588700,0,4,22.2,50.2,36.1,215.9,329.9
8663,1780419588733,0,4,22.2,50.1,45.7,194.4,308.8
8664,1780419588767,0,4,22.7,50.3,22.3,217.4,336.1
8665,1780419588800,0,4,22.5,49.1,51.5,187.9,332.1
8666,1780419588833,0,4,22.3,53.5,22.5,209.7,304.8
8667,1780419588867,0,4,22.3,51.0,37.5,196.1,332.8
8668,1780419588900,0,4,22.3,51.0,51.7,180.5,304.9
8669,1780419588933,0,4,22.7,48.1,29.3,189.2,333.7
8670,1780419588967,0,4,22.3,50.7,42.8,219.6,320.9
8671,1780419589000,0,4,22.5,48.3,58.1,202.1,306.5
8672,1780419589033,0,4,22.5,52.9,25.0,181.2,302.1
8673,1780419589067,0,4,22.3,50.8,50.3,215.0,315.6
8674,1780419589100,0,4,22.4,48.6,30.5,196.5,306.2
8675,1780419589133,0,4,22.2,52.7,44.6,204.6,331.3
8676,1780419589167,0,4,22.4,51.1,37.1,219.8,311.4
8677,1780419589200,0,4,22.3,52.2,32.9,212.0,320.7
8678,1780419589233,0,4,22.3,50.5,39.6,190.4,337.6
8679,1780419589267,0,4,22.4,51.2,51.0,217.9,315.8
8680,1780419589300,0,4,22.4,53.2,40.9,210.7,318.5
8681,1780419589333,0,4,22.3,51.3,23.2,191.4,302.7
8682,1780419589367,0,4,22.6,48.1,33.3,187.7,301.8
8683,1780419589400,0,4,22.4,53.1,49.8,195.7,323.9
8684,1780419589433,0,4,22.4,48.5,28.5,200.5,315.6
8685,1780419589467,0,4,22.8,51.5,33.3,200.8,321.6
8686,1780419589500,0,4,22.8,50.2,20.5,194.3,302.8
8687,1780419589533,0,4,22.4,50.3,57.9,209.3,300.7
8688,1780419589567,0,4,22.6,50.6,43.3,191.8,318.2
8689,1780419589600,0,4,22.6,49.4,43.6,214.7,311.4
8690,1780419589633,0,4,22.3,51.5,54.5,212.3,312.5
8691,1780419589667,0,4,22.5,51.4,36.6,205.1,304.0
8692,1780419589700,0,4,22.5,50.9,33.6,180.4,323.8
8693,1780419589733,0,4,22.7,48.2,41.2,204.0,313.0
8694,1780419589767,0,4,22.5,49.8,38.3,206.8,307.9
8695,1780419589800,0,4,22.7,48.0,40.1,209.8,330.9
8696,1780419589833,0,4,22.5,48.5,52.1,201.7,310.3
8697,1780419589867,0,4,22.3,50.4,43.3,205.8,331.5
8698,1780419589900,0,4,22.6,52.2,30.6,217.5,339.7
8699,1780419589933,0,4,22.5,53.6,23.8,201.2,339.5
8700,1780419589967,0,4,22.6,52.8,52.3,199.4,335.1
8701,1780419590000,0,4,22.7,49.3,55.6,217.9,302.8
8702,1780419590033,0,4,22.4,51.9,25.9,215.7,331.9
8703,1780419590067,0,4,22.2,48.0,49.6,210.5,326.9
8704,1780419590100,0,4,22.6,51.2,33.8,203.0,313.3
8705,1780419590133,0,4,22.5,53.8,39.2,217.3,318.9
8706,1780419590167,0,4,22.2,49.9,28.7,208.5,315.7
8707,1780419590200,0,4,22.7,53.6,32.0,210.5,330.5
8708,1780419590233,0,4,22.5,53.3,36.8,215.9,321.4
8709,1780419590267,0,4,22.5,49.2,55.1,218.3,324.6
8710,1780419590300,0,4,22.4,50.0,55.9,198.8,317.9
8711,1780419590333,0,4,22.7,52.0,54.7,204.5,312.6
8712,1780419590367,0,4,22.2,49.0,33.9,190.2,320.6
8713,1780419590400,0,4,22.4,53.6,33.9,203.4,312.6
8714,1780419590433,0,4,22.5,48.3,25.5,187.5,305.1
8715,1780419590467,0,4,22.4,49.0,31.7,214.5,303.6
8716,1780419590500,0,4,22.6,48.9,24.4,193.6,301.6
8717,1780419590533,0,4,22.5,48.7,28.3,218.1,300.9
8718,1780419590567,0,4,22.7,51.9,28.1,190.4,314.2
8719,1780419590600,0,4,22.5,50.9,24.3,195.5,328.4
8720,1780419590633,0,4,22.6,51.5,33.9,189.2,304.8
8721,1780419590667,0,4,22.7,50.5,35.7,202.9,326.8
8722,1780419590700,0,4,22.5,52.7,36.3,197.9,320.5
8723,1780419590733,0,4,22.6,52.7,28.1,218.4,338.7
8724,1780419590767,0,4,22.5,48.7,36.4,184.3,327.0
8725,1780419590800,0,4,22.7,52.0,31.4,188.0,327.6
8726,1780419590833,0,4,22.7,52.3,52.7,218.3,328.5
8727,1780419590867,0,4,22.4,48.0,24.0,211.8,302.7
8728,1780419590900,0,4,22.6,49.9,42.3,202.5,329.0
8729,1780419590933,0,4,22.6,50.3,59.2,181.5,327.9
8730,1780419590967,0,4,22.5,53.5,40.8,180.8,302.5
8731,1780419591000,0,4,22.3,51.6,56.0,184.9,303.8
8732,1780419591033,0,4,22.8,53.5,58.3,212.5,328.9
8733,1780419591067,0,4,22.3,53.7,27.5,190.5,313.2
8734,1780419591100,0,4,22.5,53.0,24.6,219.4,337.5
8735,1780419591133,0,4,22.6,49.2,47.1,196.9,318.3
8736,1780419591167,0,4,22.3,52.1,35.4,209.3,319.2
8737,1780419591200,0,4,22.6,49.2,46.3,180.9,313.8
8738,1780419591233,0,4,22.5,49.8,27.4,195.4,337.1
8739,1780419591267,0,4,22.7,48.4,55.5,199.5,314.3
8740,1780419591300,0,4,22.4,49.7,49.2,216.5,320.1
8741,1780419591333,0,4,22.5,52.3,57.4,209.0,322.4
8742,1780419591367,0,4,22.4,49.5,50.6,214.6,337.1
8743,1780419591400,0,4,22.4,51.5,57.4,193.1,304.1
8744,1780419591433,0,4,22.3,50.6,57.6,186.7,339.3
8745,1780419591467,0,4,22.7,48.3,49.9,201.1,336.5
8746,1780419591500,0,4,22.5,49.5,52.3,194.3,308.0
8747,1780419591533,0,4,22.6,49.4,24.1,193.0,318.8
8748,1780419591567,0,4,22.2,51.7,42.5,214.4,323.3
8749,1780419591600,0,4,22.8,49.2,47.7,193.7,321.4
8750,1780419591633,0,4,22.7,50.4,42.2,218.8,336.0
8751,1780419591667,0,4,22.3,52.7,26.7,201.2,335.1
8752,1780419591700,0,4,22.4,52.8,41.2,180.2,319.1
8753,1780419591733,0,4,22.4,50.8,47.2,205.1,321.4
8754,1780419591767,0,4,22.6,50.8,56.3,188.2,339.8
8755,1780419591800,0,4,22.3,50.4,32.8,213.6,331.4
8756,1780419591833,0,4,22.8,53.5,49.1,208.3,336.5
8757,1780419591867,0,4,22.8,53.0,40.0,188.5,320.5
8758,1780419591900,0,4,22.7,50.6,22.1,188.3,315.8
8759,1780419591933,0,4,22.6,53.1,27.7,210.1,307.6
8760,1780419591967,0,4,22.8,50.4,23.7,197.0,330.7
8761,1780419592000,0,4,22.6,51.7,55.2,186.1,307.1
8762,1780419592033,0,4,22.3,49.5,33.1,200.8,320.4
8763,1780419592067,0,4,22.6,50.8,36.0,190.2,338.1
8764,1780419592100,0,4,22.7,52.8,26.3,210.7,313.4
8765,1780419592133,0,4,22.2,53.6,38.5,213.0,306.9
8766,1780419592167,0,4,22.3,50.0,22.8,182.3,330.5
8767,1780419592200,0,4,22.3,53.7,52.1,199.3,315.8
8768,1780419592233,0,4,22.4,51.6,36.2,203.7,317.0
8769,1780419592267,0,4,22.5,51.0,22.6,213.2,323.2
8770,1780419592300,0,4,22.4,52.5,27.3,217.7,339.3
8771,1780419592333,0,4,22.7,50.4,44.7,215.5,309.1
8772,1780419592367,0,4,22.6,48.6,46.3,208.9,322.0
8773,1780419592400,0,4,22.5,49.8,44.3,217.7,312.9
8774,1780419592433,0,4,22.3,53.3,31.7,214.3,336.2
8775,1780419592467,0,4,22.6,50.5,28.3,196.7,305.6
8776,1780419592500,0,4,22.4,48.2,37.1,209.3,336.1
8777,1780419592533,0,4,22.5,51.2,22.7,193.6,314.3
8778,1780419592567,0,4,22.8,53.1,53.5,205.3,300.1
8779,1780419592600,0,4,22.8,48.9,27.2,210.8,301.3
8780,1780419592633,0,4,22.5,52.0,22.7,214.5,327.9
8781,1780419592667,0,4,22.5,50.2,59.6,197.1,316.2
8782,1780419592700,0,4,22.3,48.3,26.5,180.7,332.2
8783,1780419592733,0,4,22.6,48.7,52.0,213.8,315.1
8784,1780419592767,0,4,22.7,51.3,48.6,213.7,301.0
8785,1780419592800,0,4,22.5,49.6,56.2,197.2,307.4
8786,1780419592833,0,4,22.2,50.4,59.4,184.8,310.0
8787,1780419592867,0,4,22.7,50.4,32.4,180.3,325.9
8788,1780419592900,0,4,22.2,48.7,33.7,200.8,303.2
8789,1780419592933,0,4,22.5,50.2,54.5,216.7,314.4
8790,1780419592967,0,4,22.4,50.4,27.5,209.9,336.9
8791,1780419593000,0,4,22.2,49.2,38.3,188.0,325.2
8792,1780419593033,0,4,22.7,51.6,24.6,185.4,301.5
8793,1780419593067,0,4,22.8,52.9,20.9,211.0,321.2
8794,1780419593100,0,4,22.3,51.4,58.2,191.4,328.1
8795,1780419593133,0,4,22.2,51.0,35.9,182.8,313.2
8796,1780419593167,0,4,22.3,50.2,24.3,197.4,311.7
8797,1780419593200,0,4,22.6,50.5,36.8,202.9,314.1
8798,1780419593233,0,4,22.2,53.6,55.0,219.6,328.6
8799,1780419593267,0,4,22.7,51.0,20.2,187.3,316.5
8800,1780419593300,0,4,22.2,52.6,36.0,195.6,302.7
8801,1780419593333,0,4,22.3,48.7,49.1,185.7,314.6
8802,1780419593367,0,4,22.7,51.5,37.8,194.8,319.6
8803,1780419593400,0,4,22.6,48.0,48.4,208.6,338.7
8804,1780419593433,0,4,22.4,53.8,32.3,206.2,323.1
8805,1780419593467,0,4,22.3,49.6,22.9,210.4,318.5
8806,1780419593500,0,4,22.5,48.9,21.8,218.1,303.4
8807,1780419593533,0,4,22.6,48.2,47.2,197.5,331.9
8808,1780419593567,0,4,22.6,52.4,32.1,199.7,322.1
8809,1780419593600,0,4,22.3,53.9,27.7,191.6,337.5
8810,1780419593633,0,4,22.3,52.2,43.1,198.4,339.4
8811,1780419593667,0,4,22.7,49.8,33.8,188.3,329.5
8812,1780419593700,0,4,22.2,50.4,34.7,198.8,300.2
8813,1780419593733,0,4,22.6,51.8,35.3,209.0,313.2
8814,1780419593767,0,4,22.5,50.9,34.5,203.0,309.3
8815,1780419593800,0,4,22.5,54.0,52.8,203.9,306.8
8816,1780419593833,0,4,22.4,48.6,39.9,199.2,315.2
8817,1780419593867,0,4,22.3,48.4,54.8,185.0,319.7
8818,1780419593900,0,4,22.7,51.1,40.5,196.0,319.7
8819,1780419593933,0,4,22.7,50.0,35.9,186.0,314.4
8820,1780419593967,0,4,22.7,53.6,30.3,204.8,302.9
8821,1780419594000,0,4,22.5,53.3,22.3,189.3,323.8
8822,1780419594033,0,4,22.7,48.3,44.6,213.0,320.4
8823,1780419594067,0,4,22.5,49.5,52.9,211.5,328.6
8824,1780419594100,0,4,22.6,48.2,30.5,187.9,304.2
8825,1780419594133,0,4,22.6,48.6,36.4,200.4,332.8
8826,1780419594167,0,4,22.4,52.0,27.4,195.4,324.7
8827,1780419594200,0,4,22.6,49.9,54.3,186.7,329.5
8828,1780419594233,0,4,22.4,51.0,25.9,195.2,327.9
8829,1780419594267,0,4,22.6,48.2,58.8,180.7,334.8
8830,1780419594300,0,4,22.7,49.8,35.1,216.1,322.3
8831,1780419594333,0,4,22.6,52.7,58.3,215.0,302.3
8832,1780419594367,0,4,22.5,48.2,44.0,190.5,307.6
8833,1780419594400,0,4,22.3,49.2,44.9,219.1,319.1
8834,1780419594433,0,4,22.2,52.2,32.6,191.0,306.6
8835,1780419594467,0,4,22.7,50.9,24.0,203.3,301.3
8836,1780419594500,0,4,22.3,49.8,51.3,198.0,314.2
8837,1780419594533,0,4,22.7,52.5,44.5,215.0,314.4
8838,1780419594567,0,4,22.8,52.9,25.5,188.3,316.1
8839,1780419594600,0,4,22.4,51.1,38.2,194.3,309.2
8840,1780419594633,0,4,22.5,53.7,37.2,213.0,325.2
8841,1780419594667,0,4,22.3,48.2,20.9,187.2,318.8
8842,1780419594700,0,4,22.8,52.0,41.1,181.8,320.8
8843,1780419594733,0,4,22.4,52.8,51.9,198.2,322.4
8844,1780419594767,0,4,22.6,50.7,29.6,217.1,304.9
8845,1780419594800,0,4,22.6,48.2,50.7,187.2,306.6
8846,1780419594833,0,4,22.7,51.3,57.4,192.1,334.6
8847,1780419594867,0,4,22.2,51.1,36.8,212.5,309.9
8848,1780419594900,0,4,22.5,50.2,21.3,216.8,333.1
8849,1780419594933,0,4,22.7,51.0,56.2,190.6,311.2
8850,1780419594967,0,4,22.3,49.9,43.5,205.8,317.5
8851,1780419595000,0,4,22.3,48.3,51.6,207.6,326.8
8852,1780419595033,0,4,22.4,53.8,34.1,218.2,327.5
8853,1780419595067,0,4,22.4,52.5,38.6,219.0,337.5
8854,1780419595100,0,4,22.7,49.3,55.1,204.8,325.6
8855,1780419595133,0,4,22.7,51.7,22.5,215.4,331.9
8856,1780419595167,0,4,22.3,52.7,34.9,204.0,314.6
8857,1780419595200,0,4,22.7,50.9,32.8,191.2,313.1
8858,1780419595233,0,4,22.6,52.7,43.4,206.8,327.5
8859,1780419595267,0,4,22.6,50.1,36.5,209.6,321.7
8860,1780419595300,0,4,22.2,54.0,47.6,189.4,310.0
8861,1780419595333,0,4,22.8,48.9,54.8,196.7,300.7
8862,1780419595367,0,4,22.5,48.6,32.2,218.9,301.4
8863,1780419595400,0,4,22.5,53.1,37.0,191.7,325.6
8864,1780419595433,0,4,22.5,53.5,29.8,180.7,335.6
8865,1780419595467,0,4,22.4,51.5,45.8,180.4,337.9
8866,1780419595500,0,4,22.3,50.2,45.3,202.7,309.4
8867,1780419595533,0,4,22.7,53.7,53.4,208.8,324.5
8868,1780419595567,0,4,22.3,51.4,51.2,202.0,320.7
8869,1780419595600,0,4,22.6,50.6,23.5,205.8,330.0
8870,1780419595633,0,4,22.8,51.5,48.5,185.8,315.7
8871,1780419595667,0,4,22.5,53.7,23.7,204.3,323.5
8872,1780419595700,0,4,22.3,49.1,24.9,184.4,339.5
8873,1780419595733,0,4,22.3,53.3,21.0,204.0,320.5
8874,1780419595767,0,4,22.4,53.7,30.4,208.7,335.2
8875,1780419595800,0,4,22.4,52.9,20.3,184.8,328.3
8876,1780419595833,0,4,22.5,52.4,48.9,212.2,313.7
8877,1780419595867,0,4,22.2,53.8,24.7,186.5,322.6
8878,1780419595900,0,4,22.7,49.0,55.6,195.4,327.6
8879,1780419595933,0,4,22.6,48.7,27.4,206.8,318.8
8880,1780419595967,0,4,22.3,50.0,35.8,182.5,308.9
8881,1780419596000,0,4,22.5,48.9,31.3,180.6,309.8
8882,1780419596033,0,4,22.6,49.9,27.2,210.0,301.3
8883,1780419596067,0,4,22.7,53.8,57.7,190.5,302.1
8884,1780419596100,0,4,22.7,51.7,28.8,193.0,300.6
8885,1780419596133,0,4,22.7,52.9,32.7,192.9,322.3
8886,1780419596167,0,4,22.8,49.1,52.0,204.9,315.3
8887,1780419596200,0,4,22.5,49.0,38.0,203.7,320.0
8888,1780419596233,0,4,22.5,48.7,21.5,208.1,326.1
8889,1780419596267,0,4,22.3,54.0,27.6,193.8,306.4
8890,1780419596300,0,4,22.5,50.7,22.2,186.4,337.9
8891,1780419596333,0,4,22.3,50.3,41.6,213.0,321.2
8892,1780419596367,0,4,22.7,49.1,44.3,192.8,336.5
8893,1780419596400,0,4,22.6,50.6,34.7,207.7,305.6
8894,1780419596433,0,4,22.8,53.8,38.0,203.9,304.7
8895,1780419596467,0,4,22.7,51.2,24.8,214.3,305.6
8896,1780419596500,0,4,22.2,50.4,58.7,196.8,333.8
8897,1780419596533,0,4,22.5,49.4,56.0,207.2,338.5
8898,1780419596567,0,4,22.4,48.8,51.2,204.2,330.7
8899,1780419596600,0,4,22.4,51.4,30.0,212.1,319.4
8900,1780419596633,0,4,22.7,52.9,29.7,180.4,306.4
8901,1780419596667,0,4,22.3,51.8,55.1,211.0,300.3
8902,1780419596700,0,4,22.6,48.6,29.2,203.3,335.0
8903,1780419596733,0,4,22.8,52.0,23.9,195.8,339.7
8904,1780419596767,0,4,22.3,48.3,30.5,185.7,315.0
8905,1780419596800,0,4,22.6,49.6,24.9,198.5,313.6
8906,1780419596833,0,4,22.5,52.5,46.7,208.9,310.3
8907,1780419596867,0,4,22.8,53.4,25.9,189.9,318.5
8908,1780419596900,0,4,22.3,51.0,45.6,208.5,314.6
8909,1780419596933,0,4,22.5,51.2,22.7,217.4,321.5
8910,1780419596967,0,4,22.3,52.7,33.8,214.7,326.7
8911,1780419597000,0,4,22.2,51.8,39.0,198.7,322.8
8912,1780419597033,0,4,22.3,53.8,51.1,191.7,311.9
8913,1780419597067,0,4,22.6,48.2,53.0,219.4,334.9
8914,1780419597100,0,4,22.2,52.4,53.9,200.5,327.4
8915,1780419597133,0,4,22.5,50.5,28.1,180.1,322.9
8916,1780419597167,0,4,22.8,49.9,29.6,193.7,332.8
8917,1780419597200,0,4,22.8,53.9,40.3,184.7,304.5
8918,1780419597233,0,4,22.3,49.6,22.3,205.9,321.6
8919,1780419597267,0,4,22.6,53.8,21.5,214.1,300.1
8920,1780419597300,0,4,22.3,52.8,28.9,219.9,314.3
8921,1780419597333,0,4,22.4,49.2,47.1,193.3,336.2
8922,1780419597367,0,4,22.3,49.3,49.3,202.8,324.9
8923,1780419597400,0,4,22.8,52.3,42.1,199.3,321.2
8924,1780419597433,0,4,22.4,53.0,28.6,195.8,301.8
8925,1780419597467,0,4,22.6,50.4,52.1,187.1,308.5
8926,1780419597500,0,4,22.6,52.9,36.2,211.1,302.5
8927,1780419597533,0,4,22.4,49.2,38.6,180.4,335.8
8928,1780419597567,0,4,22.6,53.6,33.3,200.9,323.4
8929,1780419597600,0,4,22.6,49.0,59.5,217.1,332.9
8930,1780419597633,0,4,22.4,51.9,51.3,211.6,300.7
8931,1780419597667,0,4,22.6,49.5,32.5,201.1,322.2
8932,1780419597700,0,4,22.6,52.0,25.8,216.4,319.8
8933,1780419597733,0,4,22.5,50.2,56.8,185.5,328.3
8934,1780419597767,0,4,22.7,52.4,34.0,191.6,328.0
8935,1780419597800,0,4,22.4,50.6,38.2,181.0,334.8
8936,1780419597833,0,4,22.7,51.2,27.1,204.6,315.1
8937,1780419597867,0,4,22.2,48.5,49.1,188.6,309.5
8938,1780419597900,0,4,22.4,51.4,37.5,196.5,336.6
8939,1780419597933,0,4,22.3,52.8,29.6,218.2,329.9
8940,1780419597967,0,4,22.8,49.8,30.6,206.1,317.1
8941,1780419598000,0,4,22.5,50.5,39.8,187.9,321.1
8942,1780419598033,0,4,22.4,53.8,54.7,212.7,303.0
8943,1780419598067,0,4,22.5,51.6,37.0,198.5,310.0
8944,1780419598100,0,4,22.8,50.9,53.7,188.9,332.2
8945,1780419598133,0,4,22.5,48.9,55.3,191.7,332.0
8946,1780419598167,0,4,22.5,48.2,38.1,189.6,333.7
8947,1780419598200,0,4,22.2,49.6,49.4,193.7,329.3
8948,1780419598233,0,4,22.6,49.4,38.0,205.9,329.3
8949,1780419598267,0,4,22.5,51.7,32.5,199.8,318.4
8950,1780419598300,0,4,22.5,49.5,42.5,203.8,303.2
8951,1780419598333,0,4,22.4,53.4,39.5,185.0,324.2
8952,1780419598367,0,4,22.8,52.9,48.2,187.0,332.7
8953,1780419598400,0,4,22.6,51.1,29.4,201.3,339.2
8954,1780419598433,0,4,22.4,53.3,57.5,184.3,321.6
8955,1780419598467,0,4,22.4,52.6,21.5,197.2,307.5
8956,1780419598500,0,4,22.6,51.7,41.6,219.6,337.1
8957,1780419598533,0,4,22.4,50.6,43.1,203.5,318.4
8958,1780419598567,0,4,22.6,53.0,30.1,192.4,324.2
8959,1780419598600,0,4,22.7,49.4,22.9,191.2,317.3
8960,1780419598633,0,4,22.4,52.4,32.4,206.4,322.8
8961,1780419598667,0,4,22.8,51.0,53.9,189.4,337.8
8962,1780419598700,0,4,22.4,51.5,57.7,189.6,322.0
8963,1780419598733,0,4,22.6,53.3,41.0,183.6,302.3
8964,1780419598767,0,4,22.6,49.5,20.2,190.9,301.3
8965,1780419598800,0,4,22.3,53.9,39.3,219.3,323.7
8966,1780419598833,0,4,22.4,53.1,31.4,204.7,310.1
8967,1780419598867,0,4,22.5,50.7,21.7,188.2,336.5
8968,1780419598900,0,4,22.7,48.3,41.8,207.6,322.3
8969,1780419598933,0,4,22.2,51.0,30.5,218.0,319.8
8970,1780419598967,0,4,22.5,52.6,47.5,180.7,316.6
8971,1780419599000,0,4,22.3,53.8,53.4,207.5,307.1
8972,1780419599033,0,4,22.3,51.7,42.9,188.5,306.7
8973,1780419599067,0,4,22.7,52.2,31.3,208.9,300.8
8974,1780419599100,0,4,22.4,49.8,32.5,195.7,336.9
8975,1780419599133,0,4,22.6,49.6,44.5,211.8,308.4
8976,1780419599167,0,4,22.5,48.4,51.3,200.3,313.1
8977,1780419599200,0,4,22.7,51.4,42.2,219.9,334.0
8978,1780419599233,0,4,22.6,53.3,40.3,192.2,319.2
8979,1780419599267,0,4,22.3,50.3,49.7,193.0,300.2
8980,1780419599300,0,4,22.8,51.0,26.4,210.8,335.8
8981,1780419599333,0,4,22.6,48.6,54.9,200.5,332.1
8982,1780419599367,0,4,22.4,52.7,50.3,195.5,338.8
8983,1780419599400,0,4,22.6,49.5,38.6,184.7,336.4
8984,1780419599433,0,4,22.5,49.4,37.0,186.1,326.0
8985,1780419599467,0,4,22.3,49.9,23.9,218.6,338.8
8986,1780419599500,0,4,22.6,50.0,40.0,201.4,326.0
8987,1780419599533,0,4,22.4,48.5,38.0,211.1,332.1
8988,1780419599567,0,4,22.3,53.7,53.3,205.2,333.4
8989,1780419599600,0,4,22.3,50.6,24.4,182.6,322.6
8990,1780419599633,0,4,22.6,48.7,53.4,186.6,301.1
8991,1780419599667,0,4,22.4,50.9,32.9,194.5,309.0
8992,1780419599700,0,4,22.2,53.2,55.2,203.7,316.0
8993,1780419599733,0,4,22.3,53.8,49.8,209.3,334.7
8994,1780419599767,0,4,22.2,49.0,57.7,211.5,305.2
8995,1780419599800,0,4,22.7,53.1,52.8,182.2,318.0
8996,1780419599833,0,4,22.5,50.3,51.9,211.4,314.7
8997,1780419599867,0,4,22.7,51.0,55.6,182.2,319.4
8998,1780419599900,0,4,22.3,51.9,27.3,216.1,316.1
8999,1780419599933,0,4,22.4,53.5,32.2,206.6,319.1
9000,1780419599967,0,4,22.5,51.0,44.0,194.3,334.8
9001,1780419600000,0,4,22.4,52.9,52.9,1.7,140.7
9002,1780419600033,0,4,22.8,51.9,44.0,2.6,150.5
9003,1780419600067,0,4,22.4,49.9,37.6,2.0,143.5
9004,1780419600100,0,4,22.5,49.4,45.7,1.1,146.1
9005,1780419600133,0,4,22.2,48.2,28.6,2.9,141.9
9006,1780419600167,0,4,22.8,50.2,52.5,2.1,149.9
9007,1780419600200,0,4,22.5,52.5,37.3,3.8,154.8
9008,1780419600233,0,4,22.4,49.8,46.3,1.3,158.9
9009,1780419600267,0,4,22.7,51.3,35.7,1.0,152.7
9010,1780419600300,0,4,22.6,49.7,58.5,2.8,149.8
9011,1780419600333,0,4,22.4,52.7,54.1,3.4,151.2
9012,1780419600367,0,4,22.7,50.3,26.1,3.0,141.9
9013,1780419600400,0,4,22.8,51.3,58.2,2.1,157.1
9014,1780419600433,0,4,22.6,50.9,25.5,3.6,141.3
9015,1780419600467,0,4,22.5,50.5,20.0,2.0,148.0
9016,1780419600500,0,4,22.4,53.2,58.0,2.7,146.8
9017,1780419600533,0,4,22.4,49.6,54.5,3.6,156.4
9018,1780419600567,0,4,22.7,48.4,41.7,1.8,159.8
9019,1780419600600,0,4,22.4,48.4,20.4,3.1,141.4
9020,1780419600633,0,4,22.6,50.1,37.7,2.1,159.4
9021,1780419600667,0,4,22.7,49.2,31.7,1.3,150.3
9022,1780419600700,0,4,22.4,50.6,53.8,2.4,143.4
9023,1780419600733,0,4,22.8,49.9,37.1,3.5,141.0
9024,1780419600767,0,4,22.6,51.2,56.5,2.7,150.4
9025,1780419600800,0,4,22.6,50.7,40.5,2.6,151.4
9026,1780419600833,0,4,22.6,51.1,30.1,1.7,153.7
9027,1780419600867,0,4,22.5,51.1,49.0,3.7,146.0
9028,1780419600900,0,4,22.3,51.6,48.0,3.4,140.9
9029,1780419600933,0,4,22.3,52.5,33.1,1.2,142.2
9030,1780419600967,0,4,22.8,50.4,31.3,3.4,145.6
9031,1780419601000,0,4,22.8,50.1,22.4,2.2,154.7
9032,1780419601033,0,4,22.5,52.4,51.1,3.2,149.3
9033,1780419601067,0,4,22.7,53.1,59.2,3.6,147.3
9034,1780419601100,0,4,22.5,50.9,30.3,1.3,154.0
9035,1780419601133,0,4,22.4,53.1,47.4,3.6,156.3
9036,1780419601167,0,4,22.2,50.0,39.5,1.6,155.7
9037,1780419601200,0,4,22.7,49.3,56.8,1.9,145.8
9038,1780419601233,0,4,22.2,51.0,29.7,3.5,142.6
9039,1780419601267,0,4,22.3,50.6,52.0,3.4,154.9
9040,1780419601300,0,4,22.2,48.3,28.2,3.2,149.8
9041,1780419601333,0,4,22.7,48.8,33.1,1.9,143.9
9042,1780419601367,0,4,22.3,51.8,59.6,2.7,158.7
9043,1780419601400,0,4,22.2,53.8,58.7,2.2,149.9
9044,1780419601433,0,4,22.7,51.4,51.9,2.5,146.6
9045,1780419601467,0,4,22.5,53.2,44.7,1.4,142.2
9046,1780419601500,0,4,22.7,50.3,29.7,2.8,154.7
9047,1780419601533,0,4,22.5,53.1,47.0,1.6,155.3
9048,1780419601567,0,4,22.3,53.5,56.7,1.2,141.0
9049,1780419601600,0,4,22.3,53.3,55.1,1.7,142.2
9050,1780419601633,0,4,22.5,48.8,58.2,2.0,150.9
9051,1780419601667,0,4,22.6,52.2,24.4,1.3,158.8
9052,1780419601700,0,4,22.4,51.1,21.1,4.0,157.8
9053,1780419601733,0,4,22.4,52.0,55.9,2.9,152.3
9054,1780419601767,0,4,22.6,51.2,47.9,1.0,157.2
9055,1780419601800,0,4,22.8,51.6,49.2,1.5,152.8
9056,1780419601833,0,4,22.5,52.6,43.9,2.9,147.0
9057,1780419601867,0,4,22.7,48.2,50.3,3.8,154.1
9058,1780419601900,0,4,22.3,52.8,50.4,2.0,156.9
9059,1780419601933,0,4,22.7,48.1,21.9,2.2,142.7
9060,1780419601967,0,4,22.6,51.0,33.7,3.7,143.3
9061,1780419602000,0,4,22.3,53.9,38.8,2.4,149.8
9062,1780419602033,0,4,22.5,49.8,57.8,1.3,152.9
9063,1780419602067,0,4,22.7,48.5,38.6,2.1,159.0
9064,1780419602100,0,4,22.6,51.5,58.3,1.5,147.1
9065,1780419602133,0,4,22.5,50.3,54.4,1.5,158.3
9066,1780419602167,0,4,22.7,51.2,32.5,2.7,140.2
9067,1780419602200,0,4,22.4,53.9,29.4,2.2,158.5
9068,1780419602233,0,4,22.2,49.2,39.3,2.1,140.6
9069,1780419602267,0,4,22.6,52.5,28.3,3.8,154.0
9070,1780419602300,0,4,22.3,51.1,45.0,2.9,156.1
9071,1780419602333,0,4,22.4,51.5,20.1,2.2,146.9
9072,1780419602367,0,4,22.7,53.6,51.5,1.1,158.0
9073,1780419602400,0,4,22.4,52.7,33.6,3.0,158.1
9074,1780419602433,0,4,22.4,50.4,22.7,1.9,142.5
9075,1780419602467,0,4,22.7,49.1,43.3,2.8,147.6
9076,1780419602500,0,4,22.7,51.4,20.0,1.1,149.2
9077,1780419602533,0,4,22.7,52.5,53.5,2.3,154.4
9078,1780419602567,0,4,22.5,52.1,34.3,3.8,158.9
9079,1780419602600,0,4,22.6,53.3,41.3,2.7,150.8
9080,1780419602633,0,4,22.5,50.3,53.0,2.9,143.6
9081,1780419602667,0,4,22.6,49.4,23.6,1.3,141.3
9082,1780419602700,0,4,22.2,53.3,57.8,1.7,142.4
9083,1780419602733,0,4,22.7,52.9,50.2,2.4,148.5
9084,1780419602767,0,4,22.4,54.0,25.2,2.1,147.4
9085,1780419602800,0,4,22.3,48.6,26.3,1.9,146.7
9086,1780419602833,0,4,22.4,52.7,52.0,1.8,143.7
9087,1780419602867,0,4,22.4,50.0,26.9,1.7,140.4
9088,1780419602900,0,4,22.3,51.0,52.6,3.9,159.7
9089,1780419602933,0,4,22.2,51.4,47.1,3.1,145.2
9090,1780419602967,0,4,22.7,48.5,36.3,1.1,153.9
9091,1780419603000,0,4,22.4,50.4,40.9,2.7,144.7
9092,1780419603033,0,4,22.7,52.1,44.4,1.3,147.7
9093,1780419603067,0,4,22.4,49.2,21.1,2.1,151.1
9094,1780419603100,0,4,22.3,50.3,41.4,3.5,152.0
9095,1780419603133,0,4,22.5,54.0,45.6,3.7,140.0
9096,1780419603167,0,4,22.3,51.2,27.5,3.2,153.3
9097,1780419603200,0,4,22.7,49.1,59.2,3.2,142.5
9098,1780419603233,0,4,22.2,49.0,21.6,2.6,142.0
9099,1780419603267,0,4,22.4,49.6,59.3,1.3,145.4
9100,1780419603300,0,4,22.4,52.8,24.1,2.3,150.0
9101,1780419603333,0,4,22.5,53.1,22.2,2.4,143.0
9102,1780419603367,0,4,22.6,49.0,52.4,1.4,151.5
9103,1780419603400,0,4,22.7,52.5,27.9,3.6,143.8
9104,1780419603433,0,4,22.5,48.8,24.3,3.6,140.5
9105,1780419603467,0,4,22.6,51.2,30.3,3.2,153.6
9106,1780419603500,0,4,22.2,48.3,25.6,2.0,155.9
9107,1780419603533,0,4,22.8,49.4,41.6,2.8,153.6
9108,1780419603567,0,4,22.7,51.6,47.1,2.0,146.0
9109,1780419603600,0,4,22.6,51.8,22.7,3.3,140.5
9110,1780419603633,0,4,22.4,49.1,37.7,2.4,140.9
9111,1780419603667,0,4,22.2,50.7,35.2,2.5,143.6
9112,1780419603700,0,4,22.4,50.1,44.1,2.6,157.7
9113,1780419603733,0,4,22.3,52.2,40.1,2.2,159.9
9114,1780419603767,0,4,22.6,50.0,20.7,2.2,147.2
9115,1780419603800,0,4,22.4,49.7,21.0,1.5,155.7
9116,1780419603833,0,4,22.4,48.5,23.3,1.4,141.0
9117,1780419603867,0,4,22.4,53.1,38.8,2.0,146.8
9118,1780419603900,0,4,22.3,51.2,21.5,1.1,141.1
9119,1780419603933,0,4,22.4,53.5,22.8,1.1,147.6
9120,1780419603967,0,4,22.4,50.8,26.9,3.2,143.9
9121,1780419604000,0,4,22.3,51.3,39.5,1.3,140.0
9122,1780419604033,0,4,22.7,53.9,38.3,1.6,149.3
9123,1780419604067,0,4,22.7,51.1,26.9,2.8,150.7
9124,1780419604100,0,4,22.7,50.7,59.5,3.7,156.5
9125,1780419604133,0,4,22.3,52.5,51.3,1.1,156.6
9126,1780419604167,0,4,22.7,49.9,50.0,2.2,152.6
9127,1780419604200,0,4,22.3,52.9,20.7,1.7,141.1
9128,1780419604233,0,4,22.7,49.0,25.9,2.2,154.1
9129,1780419604267,0,4,22.6,53.9,53.0,3.7,145.3
9130,1780419604300,0,4,22.3,50.1,49.7,2.7,155.7
9131,1780419604333,0,4,22.6,49.0,21.7,3.6,152.9
9132,1780419604367,0,4,22.2,51.8,22.6,1.0,153.9
9133,1780419604400,0,4,22.7,52.0,32.7,2.4,146.9
9134,1780419604433,0,4,22.7,50.6,53.7,1.3,159.0
9135,1780419604467,0,4,22.6,50.6,32.7,3.0,145.6
9136,1780419604500,0,4,22.3,51.0,27.0,3.6,144.1
9137,1780419604533,0,4,22.4,50.7,56.5,2.0,146.7
9138,1780419604567,0,4,22.3,49.2,39.0,3.1,150.8
9139,1780419604600,0,4,22.3,51.5,60.0,2.8,147.7
9140,1780419604633,0,4,22.6,53.0,59.7,2.2,141.1
9141,1780419604667,0,4,22.2,52.0,35.1,1.2,147.9
9142,1780419604700,0,4,22.2,49.1,36.7,1.7,149.9
9143,1780419604733,0,4,22.3,53.9,39.9,1.3,140.3
9144,1780419604767,0,4,22.5,50.4,50.5,1.4,153.1
9145,1780419604800,0,4,22.7,51.5,51.4,3.9,141.4
9146,1780419604833,0,4,22.5,53.7,25.6,1.8,150.8
9147,1780419604867,0,4,22.3,48.9,55.5,3.3,150.1
9148,1780419604900,0,4,22.4,51.6,43.5,3.4,145.2
9149,1780419604933,0,4,22.5,50.6,33.4,2.8,149.9
9150,1780419604967,0,4,22.2,48.9,25.3,3.7,151.9
9151,1780419605000,0,4,22.4,49.2,45.4,4.0,140.9
9152,1780419605033,0,4,22.8,52.0,20.9,3.2,151.2
9153,1780419605067,0,4,22.2,53.3,58.7,2.2,141.3
9154,1780419605100,0,4,22.6,51.1,57.8,1.3,152.1
9155,1780419605133,0,4,22.7,49.0,54.3,2.7,146.4
9156,1780419605167,0,4,22.3,50.9,49.0,3.1,147.8
9157,1780419605200,0,4,22.6,52.6,35.8,3.3,150.0
9158,1780419605233,0,4,22.6,48.4,40.1,2.5,150.9
9159,1780419605267,0,4,22.6,50.2,38.7,2.0,158.8
9160,1780419605300,0,4,22.4,49.4,48.1,1.3,152.4
9161,1780419605333,0,4,22.7,50.2,24.6,3.6,145.6
9162,1780419605367,0,4,22.4,49.4,33.6,1.1,147.2
9163,1780419605400,0,4,22.6,51.2,51.0,3.8,150.6
9164,1780419605433,0,4,22.2,48.9,24.3,1.8,150.1
9165,1780419605467,0,4,22.7,51.3,48.3,3.2,148.4
9166,1780419605500,0,4,22.6,50.0,24.4,1.6,145.0
9167,1780419605533,0,4,22.6,49.5,56.5,2.5,153.6
9168,1780419605567,0,4,22.6,50.9,34.5,1.1,141.2
9169,1780419605600,0,4,22.4,53.8,22.9,1.4,147.6
9170,1780419605633,0,4,22.5,52.8,35.2,4.0,145.5
9171,1780419605667,0,4,22.3,48.4,40.7,3.1,153.1
9172,1780419605700,0,4,22.7,51.2,54.5,3.6,146.0
9173,1780419605733,0,4,22.7,53.2,42.7,3.8,146.2
9174,1780419605767,0,4,22.7,49.3,38.7,1.9,146.2
9175,1780419605800,0,4,22.7,48.0,59.8,2.5,147.6
9176,1780419605833,0,4,22.7,49.9,26.4,2.5,145.1
9177,1780419605867,0,4,22.6,50.9,59.3,1.4,143.5
9178,1780419605900,0,4,22.4,53.0,46.2,1.6,141.2
9179,1780419605933,0,4,22.4,53.1,50.0,1.1,154.2
9180,1780419605967,0,4,22.7,49.6,32.7,2.4,143.5
9181,1780419606000,0,4,22.7,53.0,41.9,1.2,152.6
9182,1780419606033,0,4,22.2,49.9,24.1,2.8,146.9
9183,1780419606067,0,4,22.3,52.9,48.4,3.3,144.3
9184,1780419606100,0,4,22.4,53.3,53.6,1.4,143.4
9185,1780419606133,0,4,22.3,54.0,45.7,2.5,143.9
9186,1780419606167,0,4,22.3,49.5,46.7,1.6,143.0
9187,1780419606200,0,4,22.6,53.0,27.2,1.4,152.5
9188,1780419606233,0,4,22.3,50.0,57.5,2.2,158.4
9189,1780419606267,0,4,22.7,49.5,33.4,2.0,150.7
9190,1780419606300,0,4,22.8,51.3,45.8,3.3,149.1
9191,1780419606333,0,4,22.3,50.6,35.4,1.5,141.6
9192,1780419606367,0,4,22.2,48.4,29.5,3.1,158.5
9193,1780419606400,0,4,22.5,50.9,41.4,3.1,141.8
9194,1780419606433,0,4,22.3,48.7,37.9,3.9,157.6
9195,1780419606467,0,4,22.6,52.8,54.3,1.1,151.5
9196,1780419606500,0,4,22.2,51.4,39.9,1.7,158.9
9197,1780419606533,0,4,22.5,50.0,39.2,3.1,152.1
9198,1780419606567,0,4,22.6,48.6,30.7,1.3,148.3
9199,1780419606600,0,4,22.4,50.6,41.4,1.7,145.5
9200,1780419606633,0,4,22.7,50.3,29.2,1.2,156.4
9201,1780419606667,0,4,22.4,49.4,43.0,1.8,159.0
9202,1780419606700,0,4,22.2,51.6,37.8,1.3,145.3
9203,1780419606733,0,4,22.2,49.7,36.5,3.1,146.5
9204,1780419606767,0,4,22.5,52.4,24.3,3.1,140.4
9205,1780419606800,0,4,22.5,49.9,41.0,2.9,142.7
9206,1780419606833,0,4,22.7,48.1,59.9,2.7,149.9
9207,1780419606867,0,4,22.7,51.2,48.2,2.4,152.4
9208,1780419606900,0,4,22.3,52.9,35.9,1.6,159.3
9209,1780419606933,0,4,22.7,49.0,56.7,2.0,147.2
9210,1780419606967,0,4,22.2,48.7,58.2,1.5,148.6
9211,1780419607000,0,4,22.5,49.5,24.6,3.6,156.8
9212,1780419607033,0,4,22.4,50.5,37.7,3.2,146.2
9213,1780419607067,0,4,22.5,48.3,33.5,3.4,147.3
9214,1780419607100,0,4,22.5,49.1,44.0,2.4,155.6
9215,1780419607133,0,4,22.3,53.5,20.6,3.3,149.1
9216,1780419607167,0,4,22.6,50.7,21.2,1.8,151.3
9217,1780419607200,0,4,22.4,50.5,32.2,2.0,152.2
9218,1780419607233,0,4,22.7,49.1,37.0,2.3,153.6
9219,1780419607267,0,4,22.3,53.0,25.0,3.3,146.6
9220,1780419607300,0,4,22.3,51.1,40.3,3.5,154.4
9221,1780419607333,0,4,22.7,50.5,58.2,1.2,156.2
9222,1780419607367,0,4,22.2,53.8,30.3,2.4,140.9
9223,1780419607400,0,4,22.8,51.0,57.2,2.5,153.3
9224,1780419607433,0,4,22.7,48.6,22.3,1.3,156.4
9225,1780419607467,0,4,22.7,51.3,42.5,2.9,155.5
9226,1780419607500,0,4,22.4,51.1,56.9,3.8,145.2
9227,1780419607533,0,4,22.5,50.1,51.3,2.0,151.2
9228,1780419607567,0,4,22.3,50.4,32.6,1.9,146.6
9229,1780419607600,0,4,22.3,53.1,26.0,3.1,141.4
9230,1780419607633,0,4,22.5,49.1,34.7,1.5,145.2
9231,1780419607667,0,4,22.7,48.9,57.9,2.4,145.9
9232,1780419607700,0,4,22.3,50.9,48.8,2.8,158.6
9233,1780419607733,0,4,22.6,52.7,35.6,2.3,150.3
9234,1780419607767,0,4,22.7,50.4,20.2,1.6,151.1
9235,1780419607800,0,4,22.8,48.5,21.5,3.9,149.4
9236,1780419607833,0,4,22.4,52.0,55.0,3.9,152.0
9237,1780419607867,0,4,22.3,48.1,56.2,3.3,147.6
9238,1780419607900,0,4,22.4,53.9,37.7,2.6,143.8
9239,1780419607933,0,4,22.5,53.1,38.3,1.6,149.4
9240,1780419607967,0,4,22.2,50.2,49.6,3.7,157.7
9241,1780419608000,0,4,22.3,49.5,30.2,2.4,142.2
9242,1780419608033,0,4,22.4,52.7,38.7,2.3,146.3
9243,1780419608067,0,4,22.3,53.7,47.3,3.5,147.4
9244,1780419608100,0,4,22.7,50.7,24.4,3.9,153.6
9245,1780419608133,0,4,22.5,49.1,29.9,2.1,155.1
9246,1780419608167,0,4,22.5,52.4,55.1,1.9,158.6
9247,1780419608200,0,4,22.2,52.6,41.2,3.3,144.6
9248,1780419608233,0,4,22.4,50.8,29.8,1.0,147.0
9249,1780419608267,0,4,22.4,48.0,52.0,2.2,159.6
9250,1780419608300,0,4,22.7,53.4,25.7,2.0,143.7
9251,1780419608333,0,4,22.7,49.4,56.1,2.5,143.4
9252,1780419608367,0,4,22.5,50.8,37.0,3.7,158.0
9253,1780419608400,0,4,22.7,52.5,42.0,3.4,146.9
9254,1780419608433,0,4,22.6,52.6,22.9,3.8,150.4
9255,1780419608467,0,4,22.6,49.5,20.7,3.8,153.0
9256,1780419608500,0,4,22.4,52.4,28.6,1.3,159.8
9257,1780419608533,0,4,22.5,52.3,37.2,3.1,159.1
9258,1780419608567,0,4,22.7,52.1,27.3,3.8,159.7
9259,1780419608600,0,4,22.6,52.1,20.2,3.5,157.4
9260,1780419608633,0,4,22.7,50.0,59.1,2.7,145.1
9261,1780419608667,0,4,22.7,51.7,53.6,1.4,146.5
9262,1780419608700,0,4,22.6,51.6,48.0,1.2,142.7
9263,1780419608733,0,4,22.3,50.1,55.8,3.7,146.0
9264,1780419608767,0,4,22.7,52.2,28.7,2.7,145.4
9265,1780419608800,0,4,22.3,48.2,42.0,2.9,146.6
9266,1780419608833,0,4,22.5,51.1,21.2,1.9,144.8
9267,1780419608867,0,4,22.7,52.5,28.7,3.9,150.5
9268,1780419608900,0,4,22.8,52.4,45.4,3.9,156.1
9269,1780419608933,0,4,22.3,50.2,34.2,2.2,159.2
9270,1780419608967,0,4,22.5,53.4,57.5,3.7,149.7
9271,1780419609000,0,4,22.7,50.7,48.6,4.0,151.7
9272,1780419609033,0,4,22.7,51.8,54.4,3.3,141.5
9273,1780419609067,0,4,22.4,51.1,52.1,1.4,143.4
9274,1780419609100,0,4,22.7,51.6,29.0,1.1,147.1
9275,1780419609133,0,4,22.3,48.1,26.2,1.5,152.8
9276,1780419609167,0,4,22.3,50.8,44.2,1.2,156.0
9277,1780419609200,0,4,22.6,51.4,34.7,2.3,150.8
9278,1780419609233,0,4,22.2,51.9,27.6,2.3,146.9
9279,1780419609267,0,4,22.4,50.7,53.8,1.7,140.1
9280,1780419609300,0,4,22.7,53.4,41.7,1.7,147.3
9281,1780419609333,0,4,22.6,48.2,30.9,1.7,159.1
9282,1780419609367,0,4,22.4,49.0,48.7,1.7,142.0
9283,1780419609400,0,4,22.6,53.2,20.5,2.2,158.0
9284,1780419609433,0,4,22.8,52.0,21.8,2.1,140.9
9285,1780419609467,0,4,22.5,50.9,57.5,3.5,156.5
9286,1780419609500,0,4,22.8,53.9,32.6,2.0,141.0
9287,1780419609533,0,4,22.4,53.8,59.8,2.2,158.9
9288,1780419609567,0,4,22.6,50.4,33.3,3.0,142.5
9289,1780419609600,0,4,22.7,48.2,55.1,1.7,147.5
9290,1780419609633,0,4,22.5,52.0,59.8,3.1,144.8
9291,1780419609667,0,4,22.4,51.3,50.9,1.3,153.2
9292,1780419609700,0,4,22.5,51.9,50.4,3.3,148.6
9293,1780419609733,0,4,22.8,50.5,28.2,1.0,142.7
9294,1780419609767,0,4,22.7,52.2,54.3,4.0,146.2
9295,1780419609800,0,4,22.6,52.8,21.9,2.1,140.7
9296,1780419609833,0,4,22.3,51.2,32.0,1.4,155.6
9297,1780419609867,0,4,22.2,52.6,42.5,2.5,157.8
9298,1780419609900,0,4,22.3,52.5,46.5,4.0,159.3
9299,1780419609933,0,4,22.5,53.7,41.4,2.6,157.8
9300,1780419609967,0,4,22.8,53.9,29.8,1.9,147.0
9301,1780419610000,0,4,22.8,49.9,33.6,2.7,146.4
9302,1780419610033,0,4,22.5,53.4,54.9,2.7,157.2
9303,1780419610067,0,4,22.7,49.6,47.0,2.6,154.7
9304,1780419610100,0,4,22.2,53.2,51.8,2.3,152.2
9305,1780419610133,0,4,22.5,50.0,28.2,1.7,146.2
9306,1780419610167,0,4,22.4,50.2,56.2,3.7,159.4
9307,1780419610200,0,4,22.3,51.2,58.8,1.9,143.7
9308,1780419610233,0,4,22.3,50.7,41.2,1.2,155.4
9309,1780419610267,0,4,22.6,50.4,30.5,1.5,155.8
9310,1780419610300,0,4,22.8,50.6,36.5,1.2,157.4
9311,1780419610333,0,4,22.3,52.0,22.3,1.4,148.3
9312,1780419610367,0,4,22.5,48.4,26.7,1.1,155.9
9313,1780419610400,0,4,22.5,50.6,35.2,3.0,153.0
9314,1780419610433,0,4,22.7,53.0,49.4,3.0,151.9
9315,1780419610467,0,4,22.4,50.2,43.6,1.7,154.6
9316,1780419610500,0,4,22.4,51.6,49.5,1.8,150.5
9317,1780419610533,0,4,22.2,51.5,24.9,3.8,147.6
9318,1780419610567,0,4,22.4,53.6,29.6,2.3,152.4
9319,1780419610600,0,4,22.7,48.1,28.7,3.0,152.4
9320,1780419610633,0,4,22.8,50.9,59.6,1.9,148.2
9321,1780419610667,0,4,22.6,48.8,43.1,3.1,151.5
9322,1780419610700,0,4,22.4,50.7,54.7,3.4,159.1
9323,1780419610733,0,4,22.3,48.5,56.5,2.1,148.4
9324,1780419610767,0,4,22.7,48.9,27.4,3.2,160.0
9325,1780419610800,0,4,22.7,50.7,40.9,3.6,154.1
9326,1780419610833,0,4,22.6,50.1,59.7,3.2,151.4
9327,1780419610867,0,4,22.8,53.8,47.3,2.8,148.3
9328,1780419610900,0,4,22.3,52.7,22.3,3.0,144.2
9329,1780419610933,0,4,22.3,48.8,30.3,3.7,149.7
9330,1780419610967,0,4,22.5,52.1,46.9,1.4,144.9
9331,1780419611000,0,4,22.7,50.1,54.5,3.3,148.9
9332,1780419611033,0,4,22.3,50.5,44.7,2.5,149.8
9333,1780419611067,0,4,22.5,50.4,20.4,2.1,145.8
9334,1780419611100,0,4,22.6,50.0,50.0,2.5,156.7
9335,1780419611133,0,4,22.6,51.6,55.7,2.0,153.2
9336,1780419611167,0,4,22.8,50.5,56.0,2.4,153.2
9337,1780419611200,0,4,22.5,49.9,37.2,2.8,146.4
9338,1780419611233,0,4,22.6,51.9,42.9,1.9,146.6
9339,1780419611267,0,4,22.5,52.8,49.2,1.8,144.9
9340,1780419611300,0,4,22.4,48.2,28.1,1.5,146.1
9341,1780419611333,0,4,22.4,52.3,51.9,1.4,149.7
9342,1780419611367,0,4,22.7,51.9,22.7,1.8,158.9
9343,1780419611400,0,4,22.3,52.0,25.1,3.7,156.4
9344,1780419611433,0,4,22.5,50.0,60.0,3.0,152.0
9345,1780419611467,0,4,22.7,48.0,21.3,1.8,157.4
9346,1780419611500,0,4,22.5,49.0,26.7,2.9,156.4
9347,1780419611533,0,4,22.7,51.2,58.3,3.8,151.0
9348,1780419611567,0,4,22.5,50.6,22.9,2.1,144.8
9349,1780419611600,0,4,22.6,53.6,46.0,3.5,155.3
9350,1780419611633,0,4,22.7,49.1,34.5,3.2,154.7
9351,1780419611667,0,4,22.4,53.3,30.5,3.1,144.8
9352,1780419611700,0,4,22.8,50.7,39.2,2.3,141.7
9353,1780419611733,0,4,22.6,51.1,57.3,1.3,146.7
9354,1780419611767,0,4,22.7,52.5,33.4,2.2,145.3
9355,1780419611800,0,4,22.4,52.0,57.4,3.7,151.5
9356,1780419611833,0,4,22.7,51.8,42.0,3.7,145.2
9357,1780419611867,0,4,22.7,48.9,47.1,2.2,145.7
9358,1780419611900,0,4,22.6,52.1,53.7,2.6,146.6
9359,1780419611933,0,4,22.3,51.3,52.4,1.5,158.5
9360,1780419611967,0,4,22.6,51.6,38.6,2.8,146.8
9361,1780419612000,0,4,22.6,50.5,45.1,1.1,142.5
9362,1780419612033,0,4,22.8,53.5,22.3,4.0,147.3
9363,1780419612067,0,4,22.8,52.6,39.4,4.0,149.8
9364,1780419612100,0,4,22.5,49.6,30.9,2.0,141.6
9365,1780419612133,0,4,22.5,52.8,24.3,2.1,154.2
9366,1780419612167,0,4,22.4,52.4,45.1,3.5,140.6
9367,1780419612200,0,4,22.7,52.7,34.1,3.3,150.1
9368,1780419612233,0,4,22.3,49.1,41.9,3.8,154.0
9369,1780419612267,0,4,22.7,49.4,59.0,1.2,154.4
9370,1780419612300,0,4,22.6,52.6,59.4,3.7,141.6
9371,1780419612333,0,4,22.7,49.8,29.3,1.4,153.5
9372,1780419612367,0,4,22.3,50.8,27.1,2.5,142.6
9373,1780419612400,0,4,22.2,53.7,20.9,2.3,140.0
9374,1780419612433,0,4,22.8,53.7,42.0,3.8,141.3
9375,1780419612467,0,4,22.2,53.7,28.1,1.2,143.1
9376,1780419612500,0,4,22.2,52.1,46.1,2.2,160.0
9377,1780419612533,0,4,22.4,52.3,29.5,2.0,146.4
9378,1780419612567,0,4,22.3,51.3,40.4,3.5,144.8
9379,1780419612600,0,4,22.4,53.2,27.2,3.0,154.1
9380,1780419612633,0,4,22.6,49.4,53.2,1.8,155.3
9381,1780419612667,0,4,22.8,52.8,50.0,2.1,151.2
9382,1780419612700,0,4,22.3,49.6,37.5,3.4,158.5
9383,1780419612733,0,4,22.2,49.4,44.7,1.8,145.6
9384,1780419612767,0,4,22.3,53.8,35.9,2.0,152.1
9385,1780419612800,0,4,22.3,51.3,21.6,3.3,158.2
9386,1780419612833,0,4,22.5,52.3,43.3,2.0,157.7
9387,1780419612867,0,4,22.5,53.8,23.5,1.0,155.3
9388,1780419612900,0,4,22.3,53.5,54.3,2.4,152.2
9389,1780419612933,0,4,22.3,50.6,45.6,1.3,153.8
9390,1780419612967,0,4,22.3,51.3,36.5,1.8,148.3
9391,1780419613000,0,4,22.6,50.7,52.2,2.0,148.4
9392,1780419613033,0,4,22.3,53.3,49.4,1.2,142.0
9393,1780419613067,0,4,22.3,53.0,42.7,3.7,145.6
9394,1780419613100,0,4,22.7,51.8,58.8,3.2,150.3
9395,1780419613133,0,4,22.4,51.7,47.4,1.9,144.7
9396,1780419613167,0,4,22.7,51.3,34.6,3.4,150.6
9397,1780419613200,0,4,22.7,50.5,20.6,3.1,150.2
9398,1780419613233,0,4,22.8,53.1,41.3,3.0,158.5
9399,1780419613267,0,4,22.4,53.4,42.6,1.1,158.8
9400,1780419613300,0,4,22.3,51.0,51.8,3.2,153.7
9401,1780419613333,0,4,22.5,48.4,22.4,2.0,147.4
9402,1780419613367,0,4,22.5,48.4,43.1,1.4,158.3
9403,1780419613400,0,4,22.4,49.3,27.2,2.7,147.4
9404,1780419613433,0,4,22.6,51.0,32.9,2.6,146.3
9405,1780419613467,0,4,22.2,52.4,24.0,3.6,143.5
9406,1780419613500,0,4,22.4,49.3,24.3,2.4,146.2
9407,1780419613533,0,4,22.7,49.8,39.7,3.8,150.6
9408,1780419613567,0,4,22.6,48.6,55.8,1.7,151.6
9409,1780419613600,0,4,22.7,49.6,20.7,1.6,145.7
9410,1780419613633,0,4,22.7,49.6,43.6,2.9,155.6
9411,1780419613667,0,4,22.7,53.6,29.3,3.3,153.5
9412,1780419613700,0,4,22.3,50.8,22.7,3.0,152.1
9413,1780419613733,0,4,22.2,52.7,44.9,1.5,158.7
9414,1780419613767,0,4,22.4,49.4,40.6,3.1,148.1
9415,1780419613800,0,4,22.5,50.4,50.7,3.0,140.8
9416,1780419613833,0,4,22.6,50.2,51.9,3.1,142.1
9417,1780419613867,0,4,22.6,50.2,31.3,1.1,150.3
9418,1780419613900,0,4,22.5,51.1,26.7,2.0,140.6
9419,1780419613933,0,4,22.4,53.2,57.4,1.7,152.2
9420,1780419613967,0,4,22.3,50.5,55.9,1.8,158.3
9421,1780419614000,0,4,22.5,49.1,24.4,3.0,147.7
9422,1780419614033,0,4,22.7,49.7,52.2,3.5,154.1
9423,1780419614067,0,4,22.2,50.5,30.4,2.3,140.4
9424,1780419614100,0,4,22.3,51.2,40.6,3.9,145.7
9425,1780419614133,0,4,22.3,53.8,32.8,3.4,146.0
9426,1780419614167,0,4,22.7,49.4,26.0,3.2,149.3
9427,1780419614200,0,4,22.7,51.9,36.1,1.9,151.4
9428,1780419614233,0,4,22.6,52.8,23.8,1.6,145.7
9429,1780419614267,0,4,22.3,50.9,45.4,2.8,141.9
9430,1780419614300,0,4,22.6,49.3,46.2,3.5,158.1
9431,1780419614333,0,4,22.5,52.5,20.7,3.4,144.4
9432,1780419614367,0,4,22.4,51.9,36.1,3.2,148.5
9433,1780419614400,0,4,22.3,50.9,59.0,1.5,158.7
9434,1780419614433,0,4,22.3,48.9,21.5,2.6,143.2
9435,1780419614467,0,4,22.3,49.9,21.5,2.9,140.1
9436,1780419614500,0,4,22.4,52.6,22.6,1.1,148.3
9437,1780419614533,0,4,22.5,51.4,28.9,1.4,141.1
9438,1780419614567,0,4,22.6,53.7,40.6,1.6,148.6
9439,1780419614600,0,4,22.7,53.8,30.1,3.8,156.7
9440,1780419614633,0,4,22.4,48.3,27.3,3.0,157.6
9441,1780419614667,0,4,22.7,51.0,32.0,1.0,144.8
9442,1780419614700,0,4,22.7,51.8,35.2,1.6,148.9
9443,1780419614733,0,4,22.2,51.1,48.4,2.1,151.1
9444,1780419614767,0,4,22.4,49.0,25.7,2.4,142.2
9445,1780419614800,0,4,22.4,53.4,23.4,3.0,146.1
9446,1780419614833,0,4,22.2,49.3,49.7,1.1,141.7
9447,1780419614867,0,4,22.7,53.8,21.9,1.3,143.9
9448,1780419614900,0,4,22.6,52.8,36.2,1.9,157.6
9449,1780419614933,0,4,22.3,49.6,46.7,1.5,153.9
9450,1780419614967,0,4,22.3,51.1,21.0,1.6,155.4
9451,1780419615000,0,4,22.2,52.5,43.5,3.9,144.4
9452,1780419615033,0,4,22.4,53.4,46.2,3.7,143.8
9453,1780419615067,0,4,22.2,52.6,52.8,4.0,150.0
9454,1780419615100,0,4,22.5,51.0,29.2,2.1,149.6
9455,1780419615133,0,4,22.3,48.2,51.5,3.8,150.1
9456,1780419615167,0,4,22.3,53.8,53.3,3.3,157.3
9457,1780419615200,0,4,22.6,50.5,43.9,1.5,155.3
9458,1780419615233,0,4,22.7,50.6,40.4,3.4,155.4
9459,1780419615267,0,4,22.5,49.9,46.9,2.1,155.5
9460,1780419615300,0,4,22.4,50.3,21.1,3.0,158.7
9461,1780419615333,0,4,22.5,53.2,31.6,1.8,145.1
9462,1780419615367,0,4,22.3,53.8,48.2,3.8,147.1
9463,1780419615400,0,4,22.6,48.3,24.7,1.8,148.3
9464,1780419615433,0,4,22.2,51.1,44.3,1.4,159.5
9465,1780419615467,0,4,22.6,53.7,24.7,4.0,150.2
9466,1780419615500,0,4,22.6,49.2,58.9,1.5,141.0
9467,1780419615533,0,4,22.3,52.8,26.1,1.5,149.0
9468,1780419615567,0,4,22.6,52.6,50.3,1.6,155.5
9469,1780419615600,0,4,22.2,52.6,49.4,1.2,153.4
9470,1780419615633,0,4,22.5,49.5,47.9,2.9,147.7
9471,1780419615667,0,4,22.5,52.9,21.6,1.5,150.8
9472,1780419615700,0,4,22.3,52.6,40.6,3.3,155.0
9473,1780419615733,0,4,22.2,53.9,50.0,3.4,159.0
9474,1780419615767,0,4,22.6,52.6,45.8,2.2,143.3
9475,1780419615800,0,4,22.7,49.0,32.2,2.6,153.2
9476,1780419615833,0,4,22.6,51.8,48.5,3.4,148.1
9477,1780419615867,0,4,22.3,50.3,57.4,2.1,152.7
9478,1780419615900,0,4,22.2,48.6,44.4,1.1,142.1
9479,1780419615933,0,4,22.2,51.0,20.8,2.2,141.2
9480,1780419615967,0,4,22.6,50.7,47.7,2.6,140.8
9481,1780419616000,0,4,22.6,52.8,52.7,3.8,157.7
9482,1780419616033,0,4,22.7,53.1,24.0,3.7,155.5
9483,1780419616067,0,4,22.4,49.8,46.7,3.2,156.6
9484,1780419616100,0,4,22.7,51.2,28.7,1.7,141.1
9485,1780419616133,0,4,22.8,52.6,49.8,2.9,151.4
9486,1780419616167,0,4,22.5,52.0,22.9,1.3,147.0
9487,1780419616200,0,4,22.3,48.7,27.5,3.3,143.4
9488,1780419616233,0,4,22.3,51.7,27.8,1.2,155.6
9489,1780419616267,0,4,22.2,49.5,33.6,2.3,159.6
9490,1780419616300,0,4,22.6,50.0,32.8,3.8,150.1
9491,1780419616333,0,4,22.5,51.1,25.3,3.0,144.8
9492,1780419616367,0,4,22.8,53.4,33.0,1.9,148.8
9493,1780419616400,0,4,22.4,52.6,51.4,3.4,149.2
9494,1780419616433,0,4,22.3,50.1,43.8,2.7,156.9
9495,1780419616467,0,4,22.5,53.4,52.5,1.5,154.1
9496,1780419616500,0,4,22.5,53.7,25.7,2.7,158.4
9497,1780419616533,0,4,22.7,50.6,31.5,2.0,143.0
9498,1780419616567,0,4,22.8,51.1,56.0,1.9,145.0
9499,1780419616600,0,4,22.3,50.9,35.8,2.9,153.6
9500,1780419616633,0,4,22.8,51.7,36.6,3.5,159.5
9501,1780419616667,0,4,22.2,52.7,25.7,3.3,149.3
9502,1780419616700,0,4,22.7,52.3,48.9,3.2,152.4
9503,1780419616733,0,4,22.8,48.3,50.6,3.1,147.4
9504,1780419616767,0,4,22.6,50.7,26.1,1.2,151.0
9505,1780419616800,0,4,22.4,51.8,38.5,1.3,158.8
9506,1780419616833,0,4,22.7,51.3,32.1,1.9,141.3
9507,1780419616867,0,4,22.4,48.3,20.9,2.7,146.5
9508,1780419616900,0,4,22.5,52.6,33.7,3.3,144.5
9509,1780419616933,0,4,22.6,52.3,44.3,1.6,142.9
9510,1780419616967,0,4,22.7,51.1,35.2,2.9,156.3
9511,1780419617000,0,4,22.5,53.4,25.6,3.8,155.8
9512,1780419617033,0,4,22.5,53.6,37.3,1.8,150.7
9513,1780419617067,0,4,22.7,54.0,43.3,3.0,144.3
9514,1780419617100,0,4,22.4,53.2,43.7,2.5,141.3
9515,1780419617133,0,4,22.5,52.7,22.1,2.0,142.8
9516,1780419617167,0,4,22.2,53.5,45.0,1.4,154.5
9517,1780419617200,0,4,22.8,53.6,20.6,3.1,147.8
9518,1780419617233,0,4,22.3,52.7,28.0,2.3,142.1
9519,1780419617267,0,4,22.4,49.5,33.0,2.0,148.4
9520,1780419617300,0,4,22.3,53.6,46.1,2.6,152.4
9521,1780419617333,0,4,22.6,50.7,33.7,2.3,152.5
9522,1780419617367,0,4,22.4,53.7,29.0,1.5,153.4
9523,1780419617400,0,4,22.2,52.6,44.4,1.4,148.4
9524,1780419617433,0,4,22.7,52.0,51.8,2.3,146.3
9525,1780419617467,0,4,22.5,53.1,30.9,2.6,158.4
9526,1780419617500,0,4,22.4,51.3,20.2,2.1,141.4
9527,1780419617533,0,4,22.3,49.8,53.5,3.4,155.5
9528,1780419617567,0,4,22.7,49.2,45.5,2.5,149.9
9529,1780419617600,0,4,22.7,49.6,27.7,3.3,158.2
9530,1780419617633,0,4,22.6,51.9,28.1,1.7,152.5
9531,1780419617667,0,4,22.7,52.8,27.4,3.5,155.5
9532,1780419617700,0,4,22.3,53.5,56.6,1.0,152.3
9533,1780419617733,0,4,22.2,49.7,57.6,3.6,150.3
9534,1780419617767,0,4,22.3,48.5,55.4,3.4,145.7
9535,1780419617800,0,4,22.6,48.7,53.8,1.4,157.7
9536,1780419617833,0,4,22.4,50.6,49.9,1.3,155.3
9537,1780419617867,0,4,22.6,52.8,25.9,3.1,145.7
9538,1780419617900,0,4,22.7,49.8,53.9,4.0,140.2
9539,1780419617933,0,4,22.6,52.1,58.5,3.3,153.8
9540,1780419617967,0,4,22.7,52.8,40.6,1.7,157.1
9541,1780419618000,0,4,22.4,49.6,24.9,1.8,155.5
9542,1780419618033,0,4,22.8,52.1,58.8,2.9,142.2
9543,1780419618067,0,4,22.7,50.5,56.1,2.5,142.2
9544,1780419618100,0,4,22.4,49.7,39.9,1.7,155.2
9545,1780419618133,0,4,22.6,52.1,27.1,2.6,141.0
9546,1780419618167,0,4,22.4,52.3,50.8,3.2,143.3
9547,1780419618200,0,4,22.3,52.5,58.3,2.7,141.3
9548,1780419618233,0,4,22.3,50.6,44.5,2.6,146.8
9549,1780419618267,0,4,22.5,50.6,48.3,2.2,154.9
9550,1780419618300,0,4,22.2,50.5,25.2,1.7,150.7
9551,1780419618333,0,4,22.5,48.1,36.9,1.5,153.8
9552,1780419618367,0,4,22.7,49.6,43.4,3.9,144.9
9553,1780419618400,0,4,22.2,50.0,21.0,3.0,147.5
9554,1780419618433,0,4,22.2,51.4,23.2,1.9,157.8
9555,1780419618467,0,4,22.8,53.3,49.9,3.9,156.8
9556,1780419618500,0,4,22.2,50.2,29.4,1.8,158.1
9557,1780419618533,0,4,22.6,49.8,23.9,3.8,152.3
9558,1780419618567,0,4,22.6,49.9,56.3,2.7,140.3
9559,1780419618600,0,4,22.4,48.6,47.3,1.8,158.7
9560,1780419618633,0,4,22.6,53.7,28.2,3.2,158.7
9561,1780419618667,0,4,22.7,52.3,58.1,2.3,148.3
9562,1780419618700,0,4,22.7,48.6,59.4,1.5,157.1
9563,1780419618733,0,4,22.3,48.1,36.1,3.6,148.8
9564,1780419618767,0,4,22.5,52.3,36.5,2.2,145.8
9565,1780419618800,0,4,22.4,50.6,29.9,2.8,141.2
9566,1780419618833,0,4,22.5,50.6,24.7,1.3,141.9
9567,1780419618867,0,4,22.7,50.7,43.8,3.9,150.3
9568,1780419618900,0,4,22.4,48.1,36.8,2.0,142.1
9569,1780419618933,0,4,22.8,52.1,38.5,3.0,146.3
9570,1780419618967,0,4,22.3,48.2,35.1,3.7,148.5
9571,1780419619000,0,4,22.5,48.8,39.2,3.4,152.2
9572,1780419619033,0,4,22.3,49.6,33.1,3.9,151.3
9573,1780419619067,0,4,22.8,53.6,25.6,2.3,143.7
9574,1780419619100,0,4,22.7,52.3,42.1,3.6,157.3
9575,1780419619133,0,4,22.5,52.0,37.8,3.1,145.2
9576,1780419619167,0,4,22.6,50.5,57.8,3.5,156.2
9577,1780419619200,0,4,22.7,52.2,47.6,2.5,154.5
9578,1780419619233,0,4,22.2,52.1,23.1,2.4,146.3
9579,1780419619267,0,4,22.7,50.1,24.8,1.1,144.5
9580,1780419619300,0,4,22.3,54.0,45.1,3.3,158.7
9581,1780419619333,0,4,22.7,53.8,23.9,1.6,157.9
9582,1780419619367,0,4,22.4,49.6,20.2,1.2,153.1
9583,1780419619400,0,4,22.8,49.3,28.6,3.6,142.6
9584,1780419619433,0,4,22.5,53.3,32.9,2.3,158.8
9585,1780419619467,0,4,22.5,50.4,26.8,3.5,142.8
9586,1780419619500,0,4,22.5,53.2,40.2,1.6,140.4
9587,1780419619533,0,4,22.3,48.6,33.3,3.7,144.9
9588,1780419619567,0,4,22.8,51.7,38.0,2.4,141.5
9589,1780419619600,0,4,22.2,49.9,37.7,1.8,145.7
9590,1780419619633,0,4,22.7,51.2,49.6,1.1,150.0
9591,1780419619667,0,4,22.5,52.8,27.0,1.4,146.4
9592,1780419619700,0,4,22.4,49.9,55.0,3.5,147.2
9593,1780419619733,0,4,22.7,51.0,44.6,3.6,153.1
9594,1780419619767,0,4,22.3,50.6,28.6,3.5,151.4
9595,1780419619800,0,4,22.4,49.0,41.0,2.9,147.7
9596,1780419619833,0,4,22.5,52.1,48.5,3.4,146.4
9597,1780419619867,0,4,22.5,52.9,27.7,3.1,159.8
9598,1780419619900,0,4,22.3,50.0,57.5,3.3,156.3
9599,1780419619933,0,4,22.7,49.6,58.6,4.0,145.3
9600,1780419619967,0,4,22.8,52.6,48.2,2.5,151.0
9601,1780419620000,0,4,22.4,49.4,45.8,1.5,149.2
9602,1780419620033,0,4,22.3,52.9,44.5,2.8,143.2
9603,1780419620067,0,4,22.8,53.4,22.2,1.5,141.5
9604,1780419620100,0,4,22.8,49.8,49.1,1.2,155.9
9605,1780419620133,0,4,22.7,51.7,34.8,2.6,157.0
9606,1780419620167,0,4,22.4,53.8,24.4,2.1,159.9
9607,1780419620200,0,4,22.6,50.8,45.7,3.7,149.3
9608,1780419620233,0,4,22.4,50.8,28.6,1.6,141.3
9609,1780419620267,0,4,22.3,52.6,31.4,1.2,152.9
9610,1780419620300,0,4,22.5,48.4,57.6,1.9,141.4
9611,1780419620333,0,4,22.6,51.6,56.0,2.3,156.5
9612,1780419620367,0,4,22.7,52.8,29.7,2.2,157.3
9613,1780419620400,0,4,22.3,50.6,34.7,1.9,154.6
9614,1780419620433,0,4,22.6,50.4,48.4,3.1,159.8
9615,1780419620467,0,4,22.6,53.1,25.3,3.9,140.3
9616,1780419620500,0,4,22.4,51.1,31.2,3.6,156.6
9617,1780419620533,0,4,22.4,50.9,55.2,2.5,153.5
9618,1780419620567,0,4,22.3,49.6,50.3,2.4,146.1
9619,1780419620600,0,4,22.6,48.3,25.7,2.2,149.1
9620,1780419620633,0,4,22.7,51.7,46.7,1.0,148.4
9621,1780419620667,0,4,22.7,53.6,45.0,1.9,152.9
9622,1780419620700,0,4,22.8,51.9,52.6,2.2,144.2
9623,1780419620733,0,4,22.6,49.0,22.8,3.9,143.2
9624,1780419620767,0,4,22.5,48.5,23.1,2.6,144.5
9625,1780419620800,0,4,22.6,52.9,20.6,3.7,159.5
9626,1780419620833,0,4,22.6,52.1,22.4,2.6,155.3
9627,1780419620867,0,4,22.8,49.5,40.1,2.9,155.0
9628,1780419620900,0,4,22.5,52.0,52.8,1.2,145.0
9629,1780419620933,0,4,22.7,53.8,38.2,1.1,151.7
9630,1780419620967,0,4,22.5,49.2,26.3,3.1,156.8
9631,1780419621000,0,4,22.3,50.1,29.2,2.3,148.1
9632,1780419621033,0,4,22.6,50.1,45.3,2.1,158.5
9633,1780419621067,0,4,22.4,53.2,47.7,2.9,152.8
9634,1780419621100,0,4,22.7,51.5,43.4,1.2,155.8
9635,1780419621133,0,4,22.7,51.7,47.4,1.3,149.3
9636,1780419621167,0,4,22.6,51.7,44.5,3.8,151.9
9637,1780419621200,0,4,22.3,53.7,26.7,2.4,151.3
9638,1780419621233,0,4,22.7,50.1,26.7,2.4,159.0
9639,1780419621267,0,4,22.8,52.3,44.0,3.2,150.2
9640,1780419621300,0,4,22.3,53.6,28.8,2.3,159.2
9641,1780419621333,0,4,22.4,52.5,42.9,2.4,149.8
9642,1780419621367,0,4,22.8,50.5,20.3,2.4,153.3
9643,1780419621400,0,4,22.8,52.8,56.4,3.8,141.0
9644,1780419621433,0,4,22.2,52.2,55.0,3.6,153.0
9645,1780419621467,0,4,22.7,50.3,31.0,2.6,155.9
9646,1780419621500,0,4,22.2,50.7,54.9,3.2,156.7
9647,1780419621533,0,4,22.3,48.4,56.3,3.2,141.3
9648,1780419621567,0,4,22.2,53.1,53.5,2.0,149.0
9649,1780419621600,0,4,22.2,49.6,23.7,1.1,145.9
9650,1780419621633,0,4,22.6,51.3,28.2,2.9,145.2
9651,1780419621667,0,4,22.4,50.2,22.5,2.6,156.4
9652,1780419621700,0,4,22.5,50.8,36.8,1.2,140.3
9653,1780419621733,0,4,22.7,52.3,54.6,1.3,144.3
9654,1780419621767,0,4,22.8,49.8,37.5,1.0,155.5
9655,1780419621800,0,4,22.4,52.8,52.0,1.6,152.5
9656,1780419621833,0,4,22.3,50.8,58.1,2.4,154.7
9657,1780419621867,0,4,22.4,52.5,51.6,2.9,146.0
9658,1780419621900,0,4,22.7,50.5,29.7,2.3,145.5
9659,1780419621933,0,4,22.4,50.3,59.1,1.5,156.5
9660,1780419621967,0,4,22.4,52.8,35.5,2.7,142.2
9661,1780419622000,0,4,22.3,49.0,47.5,1.8,156.5
9662,1780419622033,0,4,22.7,52.5,40.7,1.2,148.4
9663,1780419622067,0,4,22.4,49.2,23.7,2.7,158.1
9664,1780419622100,0,4,22.2,51.7,37.3,2.7,157.5
9665,1780419622133,0,4,22.6,52.6,34.2,2.2,150.6
9666,1780419622167,0,4,22.3,50.4,21.0,1.5,158.4
9667,1780419622200,0,4,22.3,49.7,52.2,1.6,147.7
9668,1780419622233,0,4,22.2,50.3,29.3,1.5,152.6
9669,1780419622267,0,4,22.7,53.1,33.1,2.0,143.7
9670,1780419622300,0,4,22.4,51.3,52.9,2.3,155.4
9671,1780419622333,0,4,22.5,52.3,37.0,3.0,140.1
9672,1780419622367,0,4,22.4,49.1,57.5,3.9,157.3
9673,1780419622400,0,4,22.2,49.1,49.3,2.0,142.5
9674,1780419622433,0,4,22.8,53.1,29.1,3.3,142.9
9675,1780419622467,0,4,22.5,48.7,56.1,3.7,140.4
9676,1780419622500,0,4,22.4,50.3,55.3,2.1,154.3
9677,1780419622533,0,4,22.4,52.8,42.6,3.5,143.4
9678,1780419622567,0,4,22.2,52.1,37.2,3.7,156.1
9679,1780419622600,0,4,22.4,49.6,42.2,1.4,156.6
9680,1780419622633,0,4,22.8,50.2,56.0,3.3,158.9
9681,1780419622667,0,4,22.4,49.7,28.8,2.5,141.2
9682,1780419622700,0,4,22.7,52.4,24.6,2.8,145.6
9683,1780419622733,0,4,22.6,48.7,21.5,3.5,148.5
9684,1780419622767,0,4,22.5,48.9,47.3,2.8,155.9
9685,1780419622800,0,4,22.6,48.8,48.2,2.2,153.0
9686,1780419622833,0,4,22.6,49.2,47.9,1.8,149.3
9687,1780419622867,0,4,22.3,51.4,54.7,2.5,143.2
9688,1780419622900,0,4,22.6,53.1,44.1,3.5,158.0
9689,1780419622933,0,4,22.3,50.3,36.3,2.3,159.0
9690,1780419622967,0,4,22.6,52.5,24.7,2.0,147.0
9691,1780419623000,0,4,22.2,50.8,24.2,4.0,147.0
9692,1780419623033,0,4,22.3,52.6,39.0,1.9,155.6
9693,1780419623067,0,4,22.6,49.5,26.8,1.7,150.7
9694,1780419623100,0,4,22.4,53.7,30.2,2.3,156.6
9695,1780419623133,0,4,22.5,52.5,31.0,1.9,141.8
9696,1780419623167,0,4,22.8,49.7,27.5,3.3,151.5
9697,1780419623200,0,4,22.3,50.5,49.1,3.9,158.7
9698,1780419623233,0,4,22.5,49.7,34.1,3.8,141.2
9699,1780419623267,0,4,22.3,51.5,41.2,2.5,159.0
9700,1780419623300,0,4,22.8,51.1,31.8,1.1,155.2
9701,1780419623333,0,4,22.5,51.9,40.0,3.9,146.8
9702,1780419623367,0,4,22.3,53.4,32.1,1.2,146.0
9703,1780419623400,0,4,22.6,49.5,40.1,2.0,140.1
9704,1780419623433,0,4,22.6,52.6,29.0,1.0,154.0
9705,1780419623467,0,4,22.6,53.9,24.3,2.2,154.0
9706,1780419623500,0,4,22.5,52.0,49.4,2.1,152.3
9707,1780419623533,0,4,22.5,50.7,46.3,1.7,150.4
9708,1780419623567,0,4,22.5,48.0,41.0,2.2,159.4
9709,1780419623600,0,4,22.8,50.6,54.5,1.9,149.7
9710,1780419623633,0,4,22.4,53.4,31.5,3.9,146.0
9711,1780419623667,0,4,22.5,53.2,22.1,1.7,141.4
9712,1780419623700,0,4,22.4,51.1,46.8,1.9,141.3
9713,1780419623733,0,4,22.7,51.6,37.5,3.1,150.2
9714,1780419623767,0,4,22.3,51.6,49.2,2.7,155.3
9715,1780419623800,0,4,22.6,51.1,25.2,3.9,159.7
9716,1780419623833,0,4,22.7,51.0,23.4,1.3,156.3
9717,1780419623867,0,4,22.6,52.8,49.9,2.5,158.3
9718,1780419623900,0,4,22.8,49.1,50.1,1.2,143.6
9719,1780419623933,0,4,22.3,53.4,20.8,3.9,157.4
9720,1780419623967,0,4,22.2,51.6,56.8,3.6,156.8
9721,1780419624000,0,4,22.2,49.5,50.4,3.4,152.1
9722,1780419624033,0,4,22.3,52.1,23.0,3.2,154.2
9723,1780419624067,0,4,22.6,51.7,44.6,2.3,154.8
9724,1780419624100,0,4,22.2,52.8,41.7,2.5,140.4
9725,1780419624133,0,4,22.5,52.9,43.2,3.6,158.3
9726,1780419624167,0,4,22.4,51.5,53.5,1.7,154.5
9727,1780419624200,0,4,22.4,49.6,52.6,3.5,150.2
9728,1780419624233,0,4,22.7,51.0,52.8,2.1,149.8
9729,1780419624267,0,4,22.8,51.8,21.5,2.1,156.3
9730,1780419624300,0,4,22.4,54.0,30.9,3.6,155.9
9731,1780419624333,0,4,22.8,48.1,23.2,1.7,146.9
9732,1780419624367,0,4,22.3,48.7,40.9,2.7,140.7
9733,1780419624400,0,4,22.5,49.6,20.1,1.5,140.8
9734,1780419624433,0,4,22.7,51.9,48.1,1.2,159.8
9735,1780419624467,0,4,22.8,51.9,54.2,2.0,148.6
9736,1780419624500,0,4,22.6,48.1,37.7,1.1,155.6
9737,1780419624533,0,4,22.7,52.6,58.7,3.0,159.0
9738,1780419624567,0,4,22.4,49.2,41.5,2.0,155.3
9739,1780419624600,0,4,22.5,48.6,20.2,1.7,146.5
9740,1780419624633,0,4,22.6,51.5,27.4,2.3,144.2
9741,1780419624667,0,4,22.3,51.4,24.3,2.4,144.0
9742,1780419624700,0,4,22.4,49.0,35.4,2.2,149.9
9743,1780419624733,0,4,22.7,51.4,46.1,2.8,146.2
9744,1780419624767,0,4,22.4,48.4,56.4,1.5,157.5
9745,1780419624800,0,4,22.7,53.3,48.9,1.1,154.4
9746,1780419624833,0,4,22.5,52.7,50.9,2.8,145.2
9747,1780419624867,0,4,22.7,48.2,27.0,3.1,147.1
9748,1780419624900,0,4,22.3,48.9,50.3,2.7,153.3
9749,1780419624933,0,4,22.3,51.6,26.5,1.5,140.7
9750,1780419624967,0,4,22.3,53.2,46.0,3.6,156.7
9751,1780419625000,0,4,22.4,53.8,30.3,1.3,145.5
9752,1780419625033,0,4,22.5,49.2,56.2,1.0,146.6
9753,1780419625067,0,4,22.4,49.5,24.9,2.4,159.2
9754,1780419625100,0,4,22.3,52.7,57.9,1.3,149.2
9755,1780419625133,0,4,22.5,49.6,39.6,4.0,154.7
9756,1780419625167,0,4,22.4,51.6,57.1,3.1,143.8
9757,1780419625200,0,4,22.8,52.2,41.2,3.9,155.0
9758,1780419625233,0,4,22.2,48.9,22.8,2.3,151.5
9759,1780419625267,0,4,22.7,50.4,58.3,1.5,155.2
9760,1780419625300,0,4,22.2,50.7,38.0,1.5,148.0
9761,1780419625333,0,4,22.7,50.6,22.9,1.6,146.3
9762,1780419625367,0,4,22.3,48.7,40.0,2.9,159.5
9763,1780419625400,0,4,22.7,51.0,56.3,2.3,155.3
9764,1780419625433,0,4,22.3,53.3,51.1,3.6,154.6
9765,1780419625467,0,4,22.4,49.5,39.0,2.3,157.1
9766,1780419625500,0,4,22.5,52.7,20.5,3.3,140.9
9767,1780419625533,0,4,22.6,48.5,33.0,2.6,150.0
9768,1780419625567,0,4,22.7,52.7,55.1,3.2,141.2
9769,1780419625600,0,4,22.5,49.2,40.0,3.2,146.1
9770,1780419625633,0,4,22.4,48.0,45.2,2.0,151.5
9771,1780419625667,0,4,22.6,54.0,36.0,2.8,155.4
9772,1780419625700,0,4,22.4,48.8,30.6,3.3,159.3
9773,1780419625733,0,4,22.8,49.2,34.5,2.6,159.6
9774,1780419625767,0,4,22.4,53.9,36.7,3.7,143.3
9775,1780419625800,0,4,22.5,53.5,55.6,3.0,158.2
9776,1780419625833,0,4,22.3,53.5,25.3,1.1,141.5
9777,1780419625867,0,4,22.8,50.2,34.6,1.3,148.5
9778,1780419625900,0,4,22.4,53.3,33.9,1.4,150.7
9779,1780419625933,0,4,22.5,48.9,27.3,2.5,144.0
9780,1780419625967,0,4,22.6,51.7,49.0,2.7,141.7
9781,1780419626000,0,4,22.3,53.1,28.9,1.7,154.2
9782,1780419626033,0,4,22.4,49.8,39.8,2.4,156.1
9783,1780419626067,0,4,22.4,48.5,40.4,3.6,157.8
9784,1780419626100,0,4,22.4,50.7,20.9,1.4,143.3
9785,1780419626133,0,4,22.5,52.9,32.6,3.4,150.2
9786,1780419626167,0,4,22.6,49.1,55.8,2.1,153.0
9787,1780419626200,0,4,22.2,52.6,23.3,3.3,141.2
9788,1780419626233,0,4,22.5,53.4,42.8,2.9,143.2
9789,1780419626267,0,4,22.3,53.5,59.6,3.3,142.4
9790,1780419626300,0,4,22.4,52.9,56.9,1.8,150.1
9791,1780419626333,0,4,22.7,48.9,28.5,2.6,145.9
9792,1780419626367,0,4,22.2,52.4,40.4,3.6,146.4
9793,1780419626400,0,4,22.5,49.2,39.6,2.0,146.1
9794,1780419626433,0,4,22.4,52.3,50.3,3.4,146.0
9795,1780419626467,0,4,22.8,48.0,21.4,1.2,141.4
9796,1780419626500,0,4,22.8,52.2,57.3,3.1,148.9
9797,1780419626533,0,4,22.4,50.3,25.5,3.2,154.8
9798,1780419626567,0,4,22.5,49.6,55.9,2.1,149.8
9799,1780419626600,0,4,22.7,53.1,27.1,2.8,142.8
9800,1780419626633,0,4,22.2,50.1,59.0,1.6,153.5
9801,1780419626667,0,4,22.6,50.4,40.9,3.6,148.9
9802,1780419626700,0,4,22.3,48.5,48.1,1.3,154.7
9803,1780419626733,0,4,22.8,50.6,30.6,1.2,141.7
9804,1780419626767,0,4,22.7,52.4,28.7,3.9,158.3
9805,1780419626800,0,4,22.5,52.5,42.2,1.8,143.7
9806,1780419626833,0,4,22.6,52.0,34.4,2.8,158.0
9807,1780419626867,0,4,22.2,50.6,54.5,2.7,155.6
9808,1780419626900,0,4,22.8,48.2,22.7,3.1,140.6
9809,1780419626933,0,4,22.4,49.9,37.8,3.6,157.5
9810,1780419626967,0,4,22.6,49.7,44.7,3.1,143.8
9811,1780419627000,0,4,22.3,51.3,44.6,1.4,156.4
9812,1780419627033,0,4,22.7,49.5,54.6,1.1,148.1
9813,1780419627067,0,4,22.4,49.6,55.6,3.2,154.9
9814,1780419627100,0,4,22.3,53.6,23.5,1.5,154.0
9815,1780419627133,0,4,22.2,48.5,22.4,2.4,141.6
9816,1780419627167,0,4,22.2,52.8,45.9,1.4,152.1
9817,1780419627200,0,4,22.6,51.9,58.7,3.2,154.4
9818,1780419627233,0,4,22.5,48.9,24.2,1.6,152.2
9819,1780419627267,0,4,22.5,52.1,29.4,1.6,146.6
9820,1780419627300,0,4,22.2,52.9,29.5,2.8,157.9
9821,1780419627333,0,4,22.4,49.1,57.0,1.7,149.3
9822,1780419627367,0,4,22.6,49.7,22.0,3.8,155.7
9823,1780419627400,0,4,22.6,49.3,38.5,1.2,150.2
9824,1780419627433,0,4,22.2,52.8,24.7,1.1,140.7
9825,1780419627467,0,4,22.3,51.2,26.9,2.4,147.6
9826,1780419627500,0,4,22.5,49.0,56.8,2.6,144.5
9827,1780419627533,0,4,22.4,50.2,23.8,3.0,141.1
9828,1780419627567,0,4,22.8,48.9,44.1,1.2,140.6
9829,1780419627600,0,4,22.4,52.5,43.4,1.6,155.0
9830,1780419627633,0,4,22.8,49.9,50.4,3.7,150.7
9831,1780419627667,0,4,22.4,52.2,32.3,3.9,150.2
9832,1780419627700,0,4,22.4,50.3,59.8,1.3,140.8
9833,1780419627733,0,4,22.6,52.4,54.2,3.0,158.9
9834,1780419627767,0,4,22.2,52.1,39.4,1.3,145.9
9835,1780419627800,0,4,22.7,50.9,47.3,1.9,147.2
9836,1780419627833,0,4,22.3,50.4,49.4,2.2,143.7
9837,1780419627867,0,4,22.6,53.9,25.2,3.2,157.0
9838,1780419627900,0,4,22.6,52.7,26.4,2.0,140.7
9839,1780419627933,0,4,22.5,52.8,46.0,2.2,144.2
9840,1780419627967,0,4,22.6,52.7,52.3,3.2,157.0
9841,1780419628000,0,4,22.4,51.0,40.2,1.1,147.0
9842,1780419628033,0,4,22.7,48.7,20.0,3.9,154.4
9843,1780419628067,0,4,22.6,49.8,53.0,2.9,140.6
9844,1780419628100,0,4,22.4,48.5,40.5,3.7,148.8
9845,1780419628133,0,4,22.2,53.4,46.9,1.3,145.0
9846,1780419628167,0,4,22.3,50.7,43.5,1.7,155.1
9847,1780419628200,0,4,22.7,48.8,46.0,3.9,146.4
9848,1780419628233,0,4,22.5,53.6,51.3,1.2,143.0
9849,1780419628267,0,4,22.5,53.9,24.5,2.9,146.8
9850,1780419628300,0,4,22.7,53.3,33.3,3.8,151.3
9851,1780419628333,0,4,22.4,48.5,40.5,1.9,160.0
9852,1780419628367,0,4,22.4,48.9,25.9,1.6,143.9
9853,1780419628400,0,4,22.5,52.1,33.6,2.1,146.3
9854,1780419628433,0,4,22.7,50.3,21.9,3.4,148.1
9855,1780419628467,0,4,22.7,48.0,51.4,2.1,144.4
9856,1780419628500,0,4,22.6,48.8,59.7,3.0,147.8
9857,1780419628533,0,4,22.7,52.1,57.5,2.9,153.1
9858,1780419628567,0,4,22.7,50.5,40.7,2.2,143.8
9859,1780419628600,0,4,22.7,48.9,33.3,3.4,156.8
9860,1780419628633,0,4,22.4,50.1,47.4,2.6,140.8
9861,1780419628667,0,4,22.8,48.3,57.9,3.6,159.5
9862,1780419628700,0,4,22.6,49.8,29.8,1.1,157.3
9863,1780419628733,0,4,22.4,51.8,33.0,1.7,140.1
9864,1780419628767,0,4,22.3,49.6,27.7,3.8,151.8
9865,1780419628800,0,4,22.8,50.3,31.7,3.8,159.3
9866,1780419628833,0,4,22.6,53.4,43.2,1.4,141.4
9867,1780419628867,0,4,22.6,49.0,56.0,1.2,158.8
9868,1780419628900,0,4,22.3,53.6,57.8,1.9,156.1
9869,1780419628933,0,4,22.2,52.1,32.9,2.8,141.1
9870,1780419628967,0,4,22.5,48.0,26.5,1.3,153.4
9871,1780419629000,0,4,22.4,50.8,35.9,3.2,149.1
9872,1780419629033,0,4,22.5,52.6,43.5,3.5,141.9
9873,1780419629067,0,4,22.7,52.1,43.6,3.7,142.9
9874,1780419629100,0,4,22.4,48.8,58.7,1.0,158.6
9875,1780419629133,0,4,22.6,49.1,46.4,2.7,152.7
9876,1780419629167,0,4,22.4,52.0,49.2,1.1,143.6
9877,1780419629200,0,4,22.7,49.6,29.7,1.3,147.2
9878,1780419629233,0,4,22.5,51.6,22.2,3.8,157.3
9879,1780419629267,0,4,22.5,53.4,58.2,2.2,152.2
9880,1780419629300,0,4,22.3,49.2,53.7,4.0,158.3
9881,1780419629333,0,4,22.2,52.2,26.7,3.8,151.3
9882,1780419629367,0,4,22.2,50.6,49.2,1.4,148.6
9883,1780419629400,0,4,22.4,50.5,55.1,2.3,140.3
9884,1780419629433,0,4,22.3,49.0,28.7,1.5,148.1
9885,1780419629467,0,4,22.4,51.5,45.8,2.3,154.7
9886,1780419629500,0,4,22.6,52.2,22.9,1.3,152.9
9887,1780419629533,0,4,22.6,51.8,58.0,1.1,158.9
9888,1780419629567,0,4,22.6,49.9,53.5,2.3,145.9
9889,1780419629600,0,4,22.4,53.6,59.1,3.0,160.0
9890,1780419629633,0,4,22.2,50.8,22.7,1.7,157.0
9891,1780419629667,0,4,22.6,53.7,36.7,2.1,146.9
9892,1780419629700,0,4,22.7,53.7,24.2,1.1,154.3
9893,1780419629733,0,4,22.3,51.0,39.3,1.6,146.8
9894,1780419629767,0,4,22.5,48.5,49.7,3.2,155.6
9895,1780419629800,0,4,22.4,49.3,46.0,3.7,158.8
9896,1780419629833,0,4,22.4,52.5,38.3,2.4,147.1
9897,1780419629867,0,4,22.8,49.3,48.8,3.5,147.7
9898,1780419629900,0,4,22.5,51.3,22.8,3.0,150.8
9899,1780419629933,0,4,22.6,49.8,50.3,1.4,155.1
9900,1780419629967,0,4,22.6,48.6,26.4,2.2,156.7
9901,1780419630000,0,4,22.6,50.9,46.9,3.6,148.6
9902,1780419630033,0,4,22.3,49.9,23.1,1.1,151.0
9903,1780419630067,0,4,22.7,51.7,45.3,4.0,159.4
9904,1780419630100,0,4,22.7,53.0,24.9,1.7,154.6
9905,1780419630133,0,4,22.4,48.1,59.7,2.6,155.9
9906,1780419630167,0,4,22.6,51.9,20.9,1.7,142.5
9907,1780419630200,0,4,22.4,52.9,45.3,2.3,148.3
9908,1780419630233,0,4,22.4,48.6,23.5,1.0,158.0
9909,1780419630267,0,4,22.7,51.7,48.9,2.2,156.3
9910,1780419630300,0,4,22.7,48.6,54.5,3.5,154.6
9911,1780419630333,0,4,22.7,52.4,59.4,4.0,156.1
9912,1780419630367,0,4,22.7,53.4,57.6,1.6,147.2
9913,1780419630400,0,4,22.7,52.9,33.8,3.3,142.8
9914,1780419630433,0,4,22.4,50.6,46.7,2.9,147.1
9915,1780419630467,0,4,22.2,49.3,56.5,3.8,159.7
9916,1780419630500,0,4,22.3,52.4,51.8,1.6,146.2
9917,1780419630533,0,4,22.3,53.1,29.5,3.2,151.4
9918,1780419630567,0,4,22.4,51.9,46.3,3.8,149.6
9919,1780419630600,0,4,22.5,54.0,49.8,3.3,158.6
9920,1780419630633,0,4,22.5,53.0,33.4,4.0,148.1
9921,1780419630667,0,4,22.3,48.9,34.4,1.4,151.1
9922,1780419630700,0,4,22.5,49.6,34.6,2.6,149.8
9923,1780419630733,0,4,22.8,50.6,57.8,3.3,149.0
9924,1780419630767,0,4,22.7,50.6,50.7,3.5,154.4
9925,1780419630800,0,4,22.8,48.3,20.1,2.1,144.7
9926,1780419630833,0,4,22.7,49.3,37.6,1.6,156.1
9927,1780419630867,0,4,22.2,51.4,40.4,3.4,141.7
9928,1780419630900,0,4,22.2,51.7,41.0,3.4,152.4
9929,1780419630933,0,4,22.6,52.5,33.7,1.7,158.9
9930,1780419630967,0,4,22.5,50.1,59.5,2.2,152.9
9931,1780419631000,0,4,22.3,53.6,44.2,1.1,141.5
9932,1780419631033,0,4,22.5,53.4,31.9,3.7,153.4
9933,1780419631067,0,4,22.3,48.6,46.4,3.8,152.9
9934,1780419631100,0,4,22.2,52.0,44.1,3.8,147.8
9935,1780419631133,0,4,22.2,49.3,47.2,3.9,149.1
9936,1780419631167,0,4,22.5,52.8,46.4,2.4,147.9
9937,1780419631200,0,4,22.7,52.9,20.7,2.1,155.9
9938,1780419631233,0,4,22.3,51.6,58.9,1.1,146.7
9939,1780419631267,0,4,22.3,51.0,34.7,3.5,140.1
9940,1780419631300,0,4,22.5,50.5,52.8,1.5,140.4
9941,1780419631333,0,4,22.5,53.3,56.5,1.4,150.4
9942,1780419631367,0,4,22.7,48.8,25.9,2.3,145.0
9943,1780419631400,0,4,22.4,53.4,51.1,1.4,158.2
9944,1780419631433,0,4,22.8,50.7,22.3,3.9,157.9
9945,1780419631467,0,4,22.8,53.8,54.4,3.1,141.6
9946,1780419631500,0,4,22.4,51.9,20.9,1.8,151.8
9947,1780419631533,0,4,22.8,53.0,33.1,1.7,155.0
9948,1780419631567,0,4,22.5,50.5,33.0,3.5,150.9
9949,1780419631600,0,4,22.3,49.0,33.5,2.9,153.6
9950,1780419631633,0,4,22.5,49.2,57.8,1.7,146.8
9951,1780419631667,0,4,22.2,49.5,40.2,3.1,146.5
9952,1780419631700,0,4,22.4,53.3,41.3,1.4,156.5
9953,1780419631733,0,4,22.3,53.7,30.5,3.3,148.1
9954,1780419631767,0,4,22.3,51.3,38.9,1.3,156.6
9955,1780419631800,0,4,22.5,53.1,39.8,3.2,145.9
9956,1780419631833,0,4,22.4,51.9,21.7,1.5,140.8
9957,1780419631867,0,4,22.5,52.9,39.7,1.5,147.9
9958,1780419631900,0,4,22.3,52.7,33.1,2.7,152.2
9959,1780419631933,0,4,22.4,48.1,42.2,1.4,151.4
9960,1780419631967,0,4,22.3,49.9,52.7,2.6,149.4
9961,1780419632000,0,4,22.3,48.8,53.0,3.4,147.0
9962,1780419632033,0,4,22.3,50.9,40.3,2.4,140.6
9963,1780419632067,0,4,22.5,48.3,27.1,2.2,152.2
9964,1780419632100,0,4,22.6,51.2,48.5,2.3,142.7
9965,1780419632133,0,4,22.5,51.2,30.7,1.7,159.3
9966,1780419632167,0,4,22.6,50.5,25.9,1.6,145.6
9967,1780419632200,0,4,22.2,52.9,27.9,3.4,146.5
9968,1780419632233,0,4,22.8,49.8,29.6,1.1,147.9
9969,1780419632267,0,4,22.4,48.5,26.4,3.9,155.8
9970,1780419632300,0,4,22.2,52.5,30.7,1.3,145.8
9971,1780419632333,0,4,22.7,49.4,44.6,3.4,149.3
9972,1780419632367,0,4,22.2,52.8,23.7,1.1,142.7
9973,1780419632400,0,4,22.5,49.1,49.0,2.2,143.5
9974,1780419632433,0,4,22.8,50.2,54.5,2.3,153.6
9975,1780419632467,0,4,22.5,51.9,36.6,1.3,147.3
9976,1780419632500,0,4,22.6,51.8,35.0,1.2,140.1
9977,1780419632533,0,4,22.3,53.9,21.1,2.9,155.4
9978,1780419632567,0,4,22.3,48.9,46.5,3.1,153.2
9979,1780419632600,0,4,22.3,52.5,50.4,3.1,142.9
9980,1780419632633,0,4,22.3,49.7,22.7,2.0,147.4
9981,1780419632667,0,4,22.4,49.5,53.4,2.5,144.2
9982,1780419632700,0,4,22.8,50.2,22.6,1.1,155.1
9983,1780419632733,0,4,22.5,51.5,54.4,1.9,146.2
9984,1780419632767,0,4,22.7,49.3,24.7,2.0,150.1
9985,1780419632800,0,4,22.5,48.2,54.5,3.3,159.7
9986,1780419632833,0,4,22.7,51.6,36.3,2.7,147.4
9987,1780419632867,0,4,22.4,48.8,45.8,2.7,145.0
9988,1780419632900,0,4,22.4,52.3,26.7,3.8,156.4
9989,1780419632933,0,4,22.5,53.3,37.5,2.4,154.1
9990,1780419632967,0,4,22.7,53.0,38.3,1.4,151.3
9991,1780419633000,0,4,22.3,49.8,55.8,2.8,155.0
9992,1780419633033,0,4,22.5,52.9,34.9,3.4,152.8
9993,1780419633067,0,4,22.4,48.2,42.8,2.8,148.5
9994,1780419633100,0,4,22.3,49.3,35.7,2.9,143.7
9995,1780419633133,0,4,22.6,48.7,38.5,2.9,142.4
9996,1780419633167,0,4,22.7,53.7,55.1,2.4,150.7
9997,1780419633200,0,4,22.4,49.8,21.4,2.8,149.6
9998,1780419633233,0,4,22.7,52.6,42.5,2.3,146.1
9999,1780419633267,0,4,22.3,49.0,30.3,1.1,145.3
10000,1780419633300,0,4,22.3,53.1,30.1,2.0,146.2
10001,1780419633333,0,4,22.5,53.6,52.7,1.0,140.9
10002,1780419633367,0,4,22.3,52.2,57.3,2.9,140.6
10003,1780419633400,0,4,22.3,53.1,27.4,3.8,158.8
10004,1780419633433,0,4,22.6,53.4,48.8,3.4,154.5
10005,1780419633467,0,4,22.8,52.9,53.4,3.2,149.1
10006,1780419633500,0,4,22.4,50.5,23.8,3.9,149.9
10007,1780419633533,0,4,22.4,50.8,57.7,2.0,149.7
10008,1780419633567,0,4,22.7,48.7,31.3,3.8,141.6
10009,1780419633600,0,4,22.8,52.3,44.7,3.2,140.8
10010,1780419633633,0,4,22.4,53.9,27.3,3.4,148.6
10011,1780419633667,0,4,22.3,53.8,36.2,1.5,153.8
10012,1780419633700,0,4,22.5,49.9,26.5,3.0,147.6
10013,1780419633733,0,4,22.6,50.5,22.7,3.2,144.3
10014,1780419633767,0,4,22.6,49.4,21.3,3.3,141.8
10015,1780419633800,0,4,22.7,50.9,57.0,2.3,156.4
10016,1780419633833,0,4,22.8,52.4,32.5,3.1,153.4
10017,1780419633867,0,4,22.3,49.0,37.0,1.9,150.4
10018,1780419633900,0,4,22.7,49.4,29.4,2.4,145.5
10019,1780419633933,0,4,22.3,50.5,24.0,2.2,153.6
10020,1780419633967,0,4,22.6,50.5,47.7,1.7,146.2
10021,1780419634000,0,4,22.3,50.3,41.0,3.4,145.3
10022,1780419634033,0,4,22.4,48.9,26.2,1.4,146.4
10023,1780419634067,0,4,22.4,53.9,39.9,1.2,144.7
10024,1780419634100,0,4,22.4,50.0,55.4,1.7,159.4
10025,1780419634133,0,4,22.2,52.7,44.4,2.0,155.0
10026,1780419634167,0,4,22.6,53.8,23.9,2.8,159.5
10027,1780419634200,0,4,22.2,51.8,59.8,2.5,146.6
10028,1780419634233,0,4,22.8,48.9,21.1,1.7,143.5
10029,1780419634267,0,4,22.4,48.7,24.8,3.0,158.3
10030,1780419634300,0,4,22.7,50.3,57.4,2.7,145.9
10031,1780419634333,0,4,22.2,49.6,46.2,3.5,148.3
10032,1780419634367,0,4,22.4,50.8,23.5,2.2,156.4
10033,1780419634400,0,4,22.5,50.9,41.7,1.7,152.0
10034,1780419634433,0,4,22.4,50.2,21.1,3.9,151.9
10035,1780419634467,0,4,22.5,49.9,42.8,4.0,140.7
10036,1780419634500,0,4,22.5,52.2,32.5,2.7,152.9
10037,1780419634533,0,4,22.7,49.7,23.3,2.7,158.9
10038,1780419634567,0,4,22.5,48.6,59.5,1.7,143.8
10039,1780419634600,0,4,22.6,52.1,58.3,1.7,159.4
10040,1780419634633,0,4,22.6,52.5,28.1,3.5,144.8
10041,1780419634667,0,4,22.3,48.2,49.5,1.1,158.2
10042,1780419634700,0,4,22.4,48.7,32.7,2.0,146.4
10043,1780419634733,0,4,22.5,49.2,59.7,2.5,140.0
10044,1780419634767,0,4,22.5,51.4,22.1,2.3,159.7
10045,1780419634800,0,4,22.2,53.6,31.1,2.9,151.6
10046,1780419634833,0,4,22.7,51.6,27.5,3.9,156.5
10047,1780419634867,0,4,22.5,52.3,38.5,2.4,147.0
10048,1780419634900,0,4,22.3,53.1,55.0,1.7,154.6
10049,1780419634933,0,4,22.4,53.3,35.5,1.4,147.1
10050,1780419634967,0,4,22.4,49.3,58.9,3.0,143.6
10051,1780419635000,0,4,22.3,51.1,28.5,2.2,159.5
10052,1780419635033,0,4,22.6,48.8,26.8,2.1,140.5
10053,1780419635067,0,4,22.5,53.6,48.0,3.7,142.2
10054,1780419635100,0,4,22.7,52.3,33.7,1.8,157.4
10055,1780419635133,0,4,22.6,53.4,30.2,1.3,157.0
10056,1780419635167,0,4,22.3,50.9,46.8,2.6,154.7
10057,1780419635200,0,4,22.6,53.8,24.3,2.9,152.3
10058,1780419635233,0,4,22.7,48.5,44.4,2.1,155.6
10059,1780419635267,0,4,22.4,51.7,35.4,3.3,142.5
10060,1780419635300,0,4,22.2,49.3,24.6,2.1,149.0
10061,1780419635333,0,4,22.6,53.6,48.9,2.5,152.4
10062,1780419635367,0,4,22.5,49.8,36.4,1.5,151.6
10063,1780419635400,0,4,22.8,50.8,34.3,2.8,155.3
10064,1780419635433,0,4,22.6,51.2,46.2,3.3,158.7
10065,1780419635467,0,4,22.2,49.6,43.7,2.1,152.4
10066,1780419635500,0,4,22.6,50.1,48.9,2.9,154.9
10067,1780419635533,0,4,22.6,53.3,42.2,3.8,150.2
10068,1780419635567,0,4,22.6,50.5,29.0,1.4,152.2
10069,1780419635600,0,4,22.6,52.4,49.1,2.9,153.7
10070,1780419635633,0,4,22.5,52.5,55.9,3.4,155.0
10071,1780419635667,0,4,22.7,53.2,30.3,1.8,146.0
10072,1780419635700,0,4,22.2,50.8,51.3,2.3,148.6
10073,1780419635733,0,4,22.2,53.8,37.5,3.8,155.3
10074,1780419635767,0,4,22.8,48.8,48.7,1.2,154.3
10075,1780419635800,0,4,22.3,53.8,20.9,2.0,143.2
10076,1780419635833,0,4,22.3,53.7,32.7,1.7,142.3
10077,1780419635867,0,4,22.7,50.3,59.7,2.6,142.7
10078,1780419635900,0,4,22.3,53.4,33.0,2.1,146.2
10079,1780419635933,0,4,22.4,51.7,45.2,3.5,146.7
10080,1780419635967,0,4,22.4,49.5,49.8,4.0,150.3
10081,1780419636000,0,4,22.3,51.0,29.9,2.8,148.5
10082,1780419636033,0,4,22.8,49.4,59.2,3.0,147.9
10083,1780419636067,0,4,22.6,48.5,41.7,1.7,152.4
10084,1780419636100,0,4,22.7,52.1,20.7,1.6,145.1
10085,1780419636133,0,4,22.5,50.7,21.6,1.9,149.4
10086,1780419636167,0,4,22.6,52.1,28.4,3.2,144.9
10087,1780419636200,0,4,22.6,51.3,59.8,3.2,152.4
10088,1780419636233,0,4,22.7,53.6,35.2,2.5,146.2
10089,1780419636267,0,4,22.3,48.9,56.0,3.5,144.6
10090,1780419636300,0,4,22.5,50.7,37.5,3.1,159.2
10091,1780419636333,0,4,22.6,51.5,47.8,2.4,142.3
10092,1780419636367,0,4,22.5,49.8,43.2,1.4,158.8
10093,1780419636400,0,4,22.7,49.9,49.7,1.6,155.7
10094,1780419636433,0,4,22.5,51.3,43.8,3.6,150.4
10095,1780419636467,0,4,22.2,52.0,24.0,1.4,142.1
10096,1780419636500,0,4,22.5,52.0,35.7,3.8,149.7
10097,1780419636533,0,4,22.8,48.2,39.6,2.0,156.6
10098,1780419636567,0,4,22.4,51.6,24.0,3.3,147.8
10099,1780419636600,0,4,22.4,49.9,56.7,1.1,156.9
10100,1780419636633,0,4,22.4,51.4,27.1,3.1,159.6
10101,1780419636667,0,4,22.4,48.7,41.8,2.8,141.7
10102,1780419636700,0,4,22.7,48.4,57.7,3.7,156.9
10103,1780419636733,0,4,22.5,49.5,22.7,3.1,146.3
10104,1780419636767,0,4,22.4,49.0,35.4,2.2,157.4
10105,1780419636800,0,4,22.4,49.9,31.0,3.3,149.7
10106,1780419636833,0,4,22.6,48.5,37.6,3.8,140.5
10107,1780419636867,0,4,22.2,52.8,33.3,2.5,141.2
10108,1780419636900,0,4,22.6,50.0,27.5,1.7,142.7
10109,1780419636933,0,4,22.4,52.4,33.8,2.5,156.8
10110,1780419636967,0,4,22.6,50.0,21.4,1.5,155.3
10111,1780419637000,0,4,22.7,49.4,25.4,2.0,144.0
10112,1780419637033,0,4,22.7,52.7,42.1,3.8,140.1
10113,1780419637067,0,4,22.3,49.6,24.7,2.8,140.8
10114,1780419637100,0,4,22.5,48.6,51.7,2.9,148.4
10115,1780419637133,0,4,22.8,48.1,48.2,3.1,140.1
10116,1780419637167,0,4,22.4,52.4,21.4,2.3,142.5
10117,1780419637200,0,4,22.3,51.1,49.8,2.0,145.3
10118,1780419637233,0,4,22.8,48.5,59.8,1.5,152.3
10119,1780419637267,0,4,22.2,48.5,27.3,2.2,150.0
10120,1780419637300,0,4,22.8,48.5,60.0,2.4,143.1
10121,1780419637333,0,4,22.3,52.7,31.7,2.7,144.3
10122,1780419637367,0,4,22.4,49.4,42.7,2.1,147.9
10123,1780419637400,0,4,22.8,53.7,41.3,1.8,144.3
10124,1780419637433,0,4,22.7,49.8,56.9,1.2,141.5
10125,1780419637467,0,4,22.3,50.3,34.1,2.5,144.2
10126,1780419637500,0,4,22.6,49.6,30.8,3.4,153.0
10127,1780419637533,0,4,22.3,52.4,26.1,2.5,140.7
10128,1780419637567,0,4,22.4,48.4,27.5,2.3,157.8
10129,1780419637600,0,4,22.5,49.4,23.6,1.2,155.4
10130,1780419637633,0,4,22.7,49.6,37.8,2.6,153.3
10131,1780419637667,0,4,22.7,48.5,36.9,4.0,156.0
10132,1780419637700,0,4,22.7,53.8,48.5,2.4,140.0
10133,1780419637733,0,4,22.4,52.0,52.5,2.9,158.0
10134,1780419637767,0,4,22.4,53.9,35.7,1.2,141.4
10135,1780419637800,0,4,22.3,50.4,59.6,1.1,153.9
10136,1780419637833,0,4,22.3,53.5,29.9,2.8,157.4
10137,1780419637867,0,4,22.6,52.1,21.8,1.1,155.3
10138,1780419637900,0,4,22.3,51.6,20.1,1.6,152.7
10139,1780419637933,0,4,22.4,48.1,33.3,3.1,151.4
10140,1780419637967,0,4,22.5,49.3,34.9,1.6,147.0
10141,1780419638000,0,4,22.2,53.7,46.3,2.6,141.6
10142,1780419638033,0,4,22.3,49.9,59.5,2.9,152.3
10143,1780419638067,0,4,22.4,50.0,44.5,2.9,153.1
10144,1780419638100,0,4,22.3,49.6,50.3,3.0,154.1
10145,1780419638133,0,4,22.3,48.4,51.3,3.3,160.0
10146,1780419638167,0,4,22.5,50.7,50.5,3.6,143.9
10147,1780419638200,0,4,22.3,48.7,34.2,2.9,153.8
10148,1780419638233,0,4,22.3,52.2,55.2,1.9,141.9
10149,1780419638267,0,4,22.4,48.4,21.5,1.2,156.1
10150,1780419638300,0,4,22.5,51.4,50.3,3.5,154.4
10151,1780419638333,0,4,22.3,50.9,28.7,1.5,153.1
10152,1780419638367,0,4,22.5,48.7,53.3,1.9,147.8
10153,1780419638400,0,4,22.4,53.9,55.6,1.5,147.1
10154,1780419638433,0,4,22.6,48.1,47.7,2.5,157.9
10155,1780419638467,0,4,22.4,51.4,53.1,2.6,156.8
10156,1780419638500,0,4,22.5,48.6,46.9,3.6,151.1
10157,1780419638533,0,4,22.4,50.8,25.7,1.3,141.6
10158,1780419638567,0,4,22.8,48.8,26.2,3.3,141.7
10159,1780419638600,0,4,22.8,52.2,31.7,1.3,153.0
10160,1780419638633,0,4,22.3,48.5,23.2,1.2,147.5
10161,1780419638667,0,4,22.4,49.9,40.9,3.7,143.1
10162,1780419638700,0,4,22.3,52.3,24.4,2.3,155.7
10163,1780419638733,0,4,22.2,49.8,30.3,2.0,154.3
10164,1780419638767,0,4,22.5,52.5,30.4,1.4,146.9
10165,1780419638800,0,4,22.6,51.3,30.0,2.0,149.9
10166,1780419638833,0,4,22.4,48.9,51.7,2.5,144.4
10167,1780419638867,0,4,22.3,50.5,43.9,1.0,156.2
10168,1780419638900,0,4,22.8,53.0,23.3,2.5,152.2
10169,1780419638933,0,4,22.5,53.1,21.9,1.6,142.9
10170,1780419638967,0,4,22.7,52.5,46.5,3.1,154.2
10171,1780419639000,0,4,22.3,49.8,51.3,2.8,148.3
10172,1780419639033,0,4,22.3,49.6,32.5,1.7,155.0
10173,1780419639067,0,4,22.3,51.2,30.9,3.8,150.9
10174,1780419639100,0,4,22.7,52.8,54.3,3.9,144.8
10175,1780419639133,0,4,22.6,51.0,44.9,2.1,141.1
10176,1780419639167,0,4,22.5,51.0,32.0,3.0,150.2
10177,1780419639200,0,4,22.7,49.8,52.1,1.1,159.3
10178,1780419639233,0,4,22.7,49.1,33.7,2.3,150.2
10179,1780419639267,0,4,22.4,48.9,56.1,3.5,148.4
10180,1780419639300,0,4,22.2,52.1,27.5,2.2,150.9
10181,1780419639333,0,4,22.6,53.2,30.5,1.7,159.4
10182,1780419639367,0,4,22.6,53.1,51.4,2.5,141.6
10183,1780419639400,0,4,22.4,49.3,58.4,1.6,143.8
10184,1780419639433,0,4,22.8,51.9,43.1,1.6,155.6
10185,1780419639467,0,4,22.5,48.3,43.7,1.7,148.4
10186,1780419639500,0,4,22.4,51.3,38.4,3.1,148.0
10187,1780419639533,0,4,22.4,52.7,33.1,4.0,140.1
10188,1780419639567,0,4,22.4,48.4,44.7,3.3,150.5
10189,1780419639600,0,4,22.3,49.0,31.2,3.0,142.5
10190,1780419639633,0,4,22.8,52.4,44.1,2.8,152.6
10191,1780419639667,0,4,22.4,53.6,54.0,3.6,149.9
10192,1780419639700,0,4,22.6,49.2,59.0,3.8,143.1
10193,1780419639733,0,4,22.3,49.4,53.9,2.3,149.1
10194,1780419639767,0,4,22.8,48.7,37.9,3.7,147.7
10195,1780419639800,0,4,22.4,51.7,58.9,1.1,142.5
10196,1780419639833,0,4,22.3,53.2,38.5,3.2,150.8
10197,1780419639867,0,4,22.7,51.0,30.1,3.8,157.7
10198,1780419639900,0,4,22.6,48.6,52.9,2.4,156.6
10199,1780419639933,0,4,22.7,49.0,35.5,1.1,154.9
10200,1780419639967,0,4,22.7,50.3,49.4,3.7,159.7
10201,1780419640000,0,4,22.4,49.9,41.6,2.0,158.1
10202,1780419640033,0,4,22.7,49.4,47.4,1.5,140.5
10203,1780419640067,0,4,22.3,53.4,27.0,2.8,143.7
10204,1780419640100,0,4,22.6,50.7,36.0,2.8,144.0
10205,1780419640133,0,4,22.4,53.6,52.9,1.8,141.3
10206,1780419640167,0,4,22.7,52.0,48.3,1.6,147.6
10207,1780419640200,0,4,22.6,48.8,35.6,1.3,141.4
10208,1780419640233,0,4,22.2,49.0,32.8,3.7,149.4
10209,1780419640267,0,4,22.8,51.1,59.2,3.2,140.8
10210,1780419640300,0,4,22.8,49.9,29.0,1.8,157.8
10211,1780419640333,0,4,22.7,48.9,49.7,3.4,147.9
10212,1780419640367,0,4,22.6,52.2,36.2,1.0,148.8
10213,1780419640400,0,4,22.8,51.3,29.2,1.6,153.7
10214,1780419640433,0,4,22.2,52.3,29.9,1.3,158.5
10215,1780419640467,0,4,22.6,51.0,38.0,3.9,157.1
10216,1780419640500,0,4,22.2,50.6,39.3,1.8,144.9
10217,1780419640533,0,4,22.6,53.5,26.8,1.0,154.3
10218,1780419640567,0,4,22.4,48.9,22.8,1.5,140.8
10219,1780419640600,0,4,22.4,49.1,38.7,1.4,156.3
10220,1780419640633,0,4,22.6,52.3,41.6,3.7,144.3
10221,1780419640667,0,4,22.3,51.7,51.1,3.7,145.4
10222,1780419640700,0,4,22.2,50.8,31.7,2.7,144.6
10223,1780419640733,0,4,22.3,49.5,22.2,2.3,157.3
10224,1780419640767,0,4,22.6,49.1,52.6,3.2,147.2
10225,1780419640800,0,4,22.3,51.6,26.2,1.6,146.0
10226,1780419640833,0,4,22.2,53.8,27.5,1.0,154.1
10227,1780419640867,0,4,22.3,49.7,32.2,3.6,141.1
10228,1780419640900,0,4,22.6,53.3,27.5,2.9,157.7
10229,1780419640933,0,4,22.7,52.5,32.7,3.0,143.1
10230,1780419640967,0,4,22.8,52.7,36.4,1.5,141.8
10231,1780419641000,0,4,22.2,48.8,34.4,1.5,154.6
10232,1780419641033,0,4,22.5,50.5,36.7,3.2,144.4
10233,1780419641067,0,4,22.3,53.4,57.0,2.4,147.6
10234,1780419641100,0,4,22.6,49.8,59.6,3.4,144.0
10235,1780419641133,0,4,22.6,50.4,41.4,3.9,153.9
10236,1780419641167,0,4,22.7,48.7,57.0,1.3,158.0
10237,1780419641200,0,4,22.3,51.1,33.4,1.9,159.0
10238,1780419641233,0,4,22.3,52.4,30.7,2.1,143.9
10239,1780419641267,0,4,22.4,53.3,51.7,1.9,141.9
10240,1780419641300,0,4,22.5,52.4,46.9,2.1,149.8
10241,1780419641333,0,4,22.3,50.0,51.1,1.5,154.5
10242,1780419641367,0,4,22.5,53.2,52.4,1.9,144.2
10243,1780419641400,0,4,22.7,52.4,30.3,3.2,141.1
10244,1780419641433,0,4,22.4,48.4,54.9,2.6,155.6
10245,1780419641467,0,4,22.8,52.7,36.4,2.5,155.5
10246,1780419641500,0,4,22.4,53.1,59.4,2.6,144.9
10247,1780419641533,0,4,22.4,51.0,44.6,2.9,153.2
10248,1780419641567,0,4,22.7,53.0,47.9,2.3,149.0
10249,1780419641600,0,4,22.7,49.5,59.5,2.9,141.1
10250,1780419641633,0,4,22.5,52.2,49.5,2.0,141.2
10251,1780419641667,0,4,22.3,48.1,27.8,2.8,159.6
10252,1780419641700,0,4,22.3,52.2,21.9,2.5,146.3
10253,1780419641733,0,4,22.2,53.6,47.0,4.0,144.8
10254,1780419641767,0,4,22.6,54.0,21.0,1.6,148.6
10255,1780419641800,0,4,22.5,50.6,44.0,3.4,146.3
10256,1780419641833,0,4,22.2,53.5,21.0,1.2,159.3
10257,1780419641867,0,4,22.3,52.4,54.1,2.0,141.8
10258,1780419641900,0,4,22.6,52.5,35.1,1.3,145.3
10259,1780419641933,0,4,22.5,50.8,43.4,2.0,145.0
10260,1780419641967,0,4,22.2,53.9,53.3,1.8,142.7
10261,1780419642000,0,4,22.2,50.3,24.9,2.1,140.6
10262,1780419642033,0,4,22.4,53.4,33.1,2.8,150.1
10263,1780419642067,0,4,22.4,50.5,20.4,3.1,154.3
10264,1780419642100,0,4,22.3,51.8,57.6,1.6,144.1
10265,1780419642133,0,4,22.6,53.6,28.2,1.1,145.1
10266,1780419642167,0,4,22.8,51.7,37.0,3.2,159.0
10267,1780419642200,0,4,22.4,50.5,36.7,2.1,154.6
10268,1780419642233,0,4,22.6,54.0,48.3,2.3,146.5
10269,1780419642267,0,4,22.3,49.0,28.8,3.7,150.3
10270,1780419642300,0,4,22.4,50.4,59.4,2.1,143.1
10271,1780419642333,0,4,22.7,48.2,55.3,2.5,151.6
10272,1780419642367,0,4,22.2,49.8,49.6,2.9,145.8
10273,1780419642400,0,4,22.4,52.9,25.0,1.2,140.8
10274,1780419642433,0,4,22.3,49.2,36.0,3.7,159.8
10275,1780419642467,0,4,22.3,50.3,23.9,1.8,150.7
10276,1780419642500,0,4,22.4,53.5,48.3,1.6,156.8
10277,1780419642533,0,4,22.4,48.1,41.9,1.6,140.3
10278,1780419642567,0,4,22.5,53.3,47.7,1.9,148.7
10279,1780419642600,0,4,22.7,48.0,40.2,2.8,157.3
10280,1780419642633,0,4,22.2,49.4,26.7,3.9,156.8
10281,1780419642667,0,4,22.5,52.7,50.1,3.8,142.6
10282,1780419642700,0,4,22.5,50.0,48.1,1.9,155.6
10283,1780419642733,0,4,22.4,51.0,36.2,2.6,144.1
10284,1780419642767,0,4,22.3,52.4,58.8,3.9,140.0
10285,1780419642800,0,4,22.7,51.4,40.3,1.2,149.7
10286,1780419642833,0,4,22.3,50.6,49.6,1.6,155.8
10287,1780419642867,0,4,22.4,52.8,26.0,2.9,142.7
10288,1780419642900,0,4,22.6,51.1,51.1,1.8,148.7
10289,1780419642933,0,4,22.3,49.7,42.8,1.1,146.3
10290,1780419642967,0,4,22.4,50.6,39.0,3.0,142.2
10291,1780419643000,0,4,22.4,50.9,22.7,2.4,148.1
10292,1780419643033,0,4,22.5,48.4,32.9,3.7,140.1
10293,1780419643067,0,4,22.6,48.8,53.1,3.5,152.2
10294,1780419643100,0,4,22.6,51.5,38.5,1.5,146.5
10295,1780419643133,0,4,22.4,49.3,41.8,3.5,157.4
10296,1780419643167,0,4,22.7,52.8,59.7,2.2,144.0
10297,1780419643200,0,4,22.5,51.3,36.7,3.6,140.1
10298,1780419643233,0,4,22.3,53.2,27.8,3.9,157.7
10299,1780419643267,0,4,22.5,48.9,25.9,3.1,155.9
10300,1780419643300,0,4,22.8,48.2,34.2,2.2,158.6
10301,1780419643333,0,4,22.4,52.0,40.1,2.5,154.3
10302,1780419643367,0,4,22.7,51.0,44.5,1.6,146.5
10303,1780419643400,0,4,22.8,51.1,51.0,3.6,150.8
10304,1780419643433,0,4,22.3,53.7,49.7,1.3,150.1
10305,1780419643467,0,4,22.6,49.8,27.6,2.4,158.5
10306,1780419643500,0,4,22.4,48.0,53.6,3.6,159.0
10307,1780419643533,0,4,22.7,51.5,57.9,2.9,142.9
10308,1780419643567,0,4,22.3,53.4,31.4,1.1,151.6
10309,1780419643600,0,4,22.4,50.5,56.1,3.3,151.9
10310,1780419643633,0,4,22.4,48.7,42.7,1.9,155.7
10311,1780419643667,0,4,22.5,52.5,55.1,2.2,148.3
10312,1780419643700,0,4,22.8,49.0,37.3,2.8,159.1
10313,1780419643733,0,4,22.6,53.7,57.9,1.6,140.3
10314,1780419643767,0,4,22.2,48.8,20.7,2.2,154.8
10315,1780419643800,0,4,22.6,52.1,47.6,3.3,157.5
10316,1780419643833,0,4,22.7,48.6,30.7,3.3,152.9
10317,1780419643867,0,4,22.2,50.7,43.9,1.9,149.7
10318,1780419643900,0,4,22.7,51.1,38.5,2.3,148.2
10319,1780419643933,0,4,22.8,48.0,43.1,1.0,149.3
10320,1780419643967,0,4,22.2,48.4,39.4,1.7,144.1
10321,1780419644000,0,4,22.7,51.4,58.4,1.1,159.2
10322,1780419644033,0,4,22.4,54.0,57.4,2.5,140.8
10323,1780419644067,0,4,22.4,48.9,23.3,2.2,154.5
10324,1780419644100,0,4,22.6,51.2,38.0,3.2,141.1
10325,1780419644133,0,4,22.5,50.0,51.4,3.7,141.9
10326,1780419644167,0,4,22.2,51.5,27.9,1.1,159.4
10327,1780419644200,0,4,22.7,48.0,48.7,2.1,156.4
10328,1780419644233,0,4,22.5,53.1,37.3,1.3,154.6
10329,1780419644267,0,4,22.4,53.1,32.0,1.2,141.2
10330,1780419644300,0,4,22.5,52.3,50.0,3.9,151.5
10331,1780419644333,0,4,22.7,48.4,50.5,2.2,158.6
10332,1780419644367,0,4,22.6,51.2,39.0,1.2,153.7
10333,1780419644400,0,4,22.8,53.9,36.1,2.4,142.2
10334,1780419644433,0,4,22.5,51.9,53.3,1.3,140.1
10335,1780419644467,0,4,22.6,51.8,47.4,3.8,141.2
10336,1780419644500,0,4,22.7,53.2,21.6,3.9,151.1
10337,1780419644533,0,4,22.6,48.5,40.1,2.4,149.3
10338,1780419644567,0,4,22.2,49.2,41.5,3.7,158.1
10339,1780419644600,0,4,22.8,50.5,46.0,3.7,154.0
10340,1780419644633,0,4,22.5,52.6,46.4,2.1,153.4
10341,1780419644667,0,4,22.4,48.1,29.4,3.5,147.1
10342,1780419644700,0,4,22.8,51.8,28.4,2.2,149.9
10343,1780419644733,0,4,22.7,50.5,45.0,2.2,144.1
10344,1780419644767,0,4,22.6,48.4,45.5,3.3,142.8
10345,1780419644800,0,4,22.3,52.7,31.2,1.8,140.1
10346,1780419644833,0,4,22.3,50.2,57.6,2.1,157.7
10347,1780419644867,0,4,22.6,51.9,37.1,2.3,155.1
10348,1780419644900,0,4,22.4,51.7,56.4,3.1,143.3
10349,1780419644933,0,4,22.5,53.4,50.5,2.9,140.5
10350,1780419644967,0,4,22.8,51.1,49.5,2.3,147.8
10351,1780419645000,0,4,22.5,49.1,46.6,2.3,156.9
10352,1780419645033,0,4,22.7,53.1,56.0,1.8,157.4
10353,1780419645067,0,4,22.3,51.9,33.6,2.9,157.8
10354,1780419645100,0,4,22.3,53.2,49.3,1.1,153.2
10355,1780419645133,0,4,22.4,49.3,42.8,3.0,143.9
10356,1780419645167,0,4,22.6,53.2,57.6,1.8,142.8
10357,1780419645200,0,4,22.4,50.9,31.8,3.3,140.2
10358,1780419645233,0,4,22.5,48.9,38.2,3.2,159.7
10359,1780419645267,0,4,22.7,50.1,46.8,1.3,151.1
10360,1780419645300,0,4,22.2,51.2,24.9,3.3,141.3
10361,1780419645333,0,4,22.5,50.6,44.1,1.7,143.3
10362,1780419645367,0,4,22.8,53.5,21.6,2.6,150.3
10363,1780419645400,0,4,22.8,50.1,43.6,1.5,153.3
10364,1780419645433,0,4,22.4,50.9,57.1,3.4,156.1
10365,1780419645467,0,4,22.3,48.4,21.0,3.6,148.8
10366,1780419645500,0,4,22.7,51.2,53.5,2.1,151.2
10367,1780419645533,0,4,22.5,48.7,45.3,1.6,157.9
10368,1780419645567,0,4,22.4,52.5,22.0,1.8,158.1
10369,1780419645600,0,4,22.3,51.4,46.6,2.2,157.3
10370,1780419645633,0,4,22.3,49.3,20.2,1.8,152.1
10371,1780419645667,0,4,22.5,52.3,26.3,1.1,154.0
10372,1780419645700,0,4,22.8,48.8,32.5,1.4,153.8
10373,1780419645733,0,4,22.2,52.3,36.8,1.6,150.6
10374,1780419645767,0,4,22.2,50.4,59.3,2.3,144.9
10375,1780419645800,0,4,22.6,52.8,48.7,2.6,159.9
10376,1780419645833,0,4,22.6,49.5,39.3,3.5,146.7
10377,1780419645867,0,4,22.3,52.8,43.0,1.2,143.7
10378,1780419645900,0,4,22.3,53.7,28.1,1.2,140.3
10379,1780419645933,0,4,22.3,52.8,58.1,3.1,146.4
10380,1780419645967,0,4,22.5,52.1,56.2,3.6,151.7
10381,1780419646000,0,4,22.4,50.4,35.7,2.5,159.7
10382,1780419646033,0,4,22.2,49.5,25.9,1.4,148.0
10383,1780419646067,0,4,22.4,52.4,27.9,1.4,151.8
10384,1780419646100,0,4,22.5,52.3,50.6,1.2,157.2
10385,1780419646133,0,4,22.7,49.2,52.2,3.0,149.7
10386,1780419646167,0,4,22.6,50.3,43.9,1.5,141.2
10387,1780419646200,0,4,22.4,48.6,33.1,3.6,145.9
10388,1780419646233,0,4,22.4,51.0,26.8,3.9,142.8
10389,1780419646267,0,4,22.3,50.6,49.7,1.2,157.8
10390,1780419646300,0,4,22.8,49.3,34.2,3.0,152.5
10391,1780419646333,0,4,22.4,51.7,21.6,2.0,149.8
10392,1780419646367,0,4,22.5,48.3,41.2,3.9,151.7
10393,1780419646400,0,4,22.4,48.5,22.6,2.6,151.6
10394,1780419646433,0,4,22.2,53.4,26.0,2.1,155.2
10395,1780419646467,0,4,22.7,52.5,48.1,1.5,144.7
10396,1780419646500,0,4,22.6,51.1,56.2,2.4,156.4
10397,1780419646533,0,4,22.8,52.5,51.7,1.4,143.9
10398,1780419646567,0,4,22.8,51.2,30.1,2.1,143.8
10399,1780419646600,0,4,22.6,54.0,49.3,2.2,151.9
10400,1780419646633,0,4,22.5,49.0,40.0,3.3,143.9
10401,1780419646667,0,4,22.5,52.6,20.7,1.2,155.9
10402,1780419646700,0,4,22.3,51.0,53.2,3.1,142.5
10403,1780419646733,0,4,22.3,51.8,25.2,2.9,158.9
10404,1780419646767,0,4,22.2,50.9,53.8,1.2,149.3
10405,1780419646800,0,4,22.2,53.3,33.3,2.5,145.0
10406,1780419646833,0,4,22.5,53.4,24.4,3.7,157.9
10407,1780419646867,0,4,22.7,49.1,27.1,3.0,140.8
10408,1780419646900,0,4,22.5,50.8,55.0,2.5,141.5
10409,1780419646933,0,4,22.5,53.2,52.1,3.5,158.8
10410,1780419646967,0,4,22.6,51.3,57.5,3.9,141.8
10411,1780419647000,0,4,22.5,51.8,43.6,3.6,159.1
10412,1780419647033,0,4,22.6,49.8,42.3,2.5,150.2
10413,1780419647067,0,4,22.6,48.9,37.2,3.7,140.9
10414,1780419647100,0,4,22.7,53.4,39.9,2.3,148.1
10415,1780419647133,0,4,22.7,51.2,58.0,3.7,141.8
10416,1780419647167,0,4,22.8,48.6,40.4,3.4,145.2
10417,1780419647200,0,4,22.5,52.5,49.3,2.5,148.5
10418,1780419647233,0,4,22.4,53.5,37.9,1.6,148.0
10419,1780419647267,0,4,22.5,48.3,27.2,3.2,155.7
10420,1780419647300,0,4,22.7,53.2,46.4,3.2,154.3
10421,1780419647333,0,4,22.7,52.1,34.0,1.2,145.2
10422,1780419647367,0,4,22.6,48.5,51.8,2.4,159.3
10423,1780419647400,0,4,22.7,50.7,26.4,3.8,143.4
10424,1780419647433,0,4,22.2,51.7,58.2,4.0,153.3
10425,1780419647467,0,4,22.3,48.0,46.8,1.3,158.2
10426,1780419647500,0,4,22.4,53.6,52.9,1.2,155.3
10427,1780419647533,0,4,22.3,48.3,30.3,3.1,156.8
10428,1780419647567,0,4,22.3,48.9,47.4,1.2,152.4
10429,1780419647600,0,4,22.5,49.2,47.5,1.7,145.6
10430,1780419647633,0,4,22.8,51.7,50.7,2.5,150.3
10431,1780419647667,0,4,22.5,52.9,32.5,1.5,147.0
10432,1780419647700,0,4,22.3,53.3,54.6,2.4,147.1
10433,1780419647733,0,4,22.3,51.4,27.4,1.9,157.2
10434,1780419647767,0,4,22.4,50.6,57.8,3.3,143.5
10435,1780419647800,0,4,22.3,48.4,45.0,2.7,158.7
10436,1780419647833,0,4,22.7,51.9,47.7,2.9,151.7
10437,1780419647867,0,4,22.8,53.6,49.2,1.6,157.2
10438,1780419647900,0,4,22.8,51.8,52.8,3.2,149.0
10439,1780419647933,0,4,22.4,53.2,31.6,2.6,157.2
10440,1780419647967,0,4,22.3,48.9,39.0,1.7,145.0
10441,1780419648000,0,4,22.4,50.3,42.3,3.7,148.4
10442,1780419648033,0,4,22.7,52.7,57.8,1.0,143.7
10443,1780419648067,0,4,22.5,48.0,37.8,2.8,157.4
10444,1780419648100,0,4,22.5,50.5,46.9,2.8,149.1
10445,1780419648133,0,4,22.2,48.8,60.0,3.7,145.3
10446,1780419648167,0,4,22.2,51.6,38.1,2.8,157.7
10447,1780419648200,0,4,22.5,51.5,31.5,3.1,157.2
10448,1780419648233,0,4,22.4,51.3,57.8,3.2,152.0
10449,1780419648267,0,4,22.4,49.3,35.0,3.0,142.8
10450,1780419648300,0,4,22.8,49.4,52.5,3.4,153.8
10451,1780419648333,0,4,22.2,53.2,59.3,2.1,159.8
10452,1780419648367,0,4,22.2,50.7,50.9,3.6,156.4
10453,1780419648400,0,4,22.5,53.1,38.9,3.1,153.7
10454,1780419648433,0,4,22.4,50.0,21.1,3.9,149.6
10455,1780419648467,0,4,22.3,53.4,57.8,3.8,151.0
10456,1780419648500,0,4,22.4,48.1,40.0,3.5,152.5
10457,1780419648533,0,4,22.2,48.2,22.9,3.1,142.2
10458,1780419648567,0,4,22.7,51.0,50.8,2.5,151.8
10459,1780419648600,0,4,22.7,51.0,55.1,1.4,143.4
10460,1780419648633,0,4,22.2,50.9,38.0,3.6,156.0
10461,1780419648667,0,4,22.2,52.0,53.4,1.9,142.1
10462,1780419648700,0,4,22.3,53.5,44.9,2.6,147.6
10463,1780419648733,0,4,22.6,51.8,34.4,2.7,143.3
10464,1780419648767,0,4,22.8,48.2,59.1,2.6,150.7
10465,1780419648800,0,4,22.4,49.3,59.4,3.9,141.5
10466,1780419648833,0,4,22.8,48.0,49.2,3.1,140.8
10467,1780419648867,0,4,22.5,48.9,20.8,3.8,154.6
10468,1780419648900,0,4,22.3,53.9,49.4,2.1,154.9
10469,1780419648933,0,4,22.6,53.6,40.6,2.1,152.5
10470,1780419648967,0,4,22.6,50.5,53.6,2.4,152.5
10471,1780419649000,0,4,22.8,50.3,48.0,1.3,141.0
10472,1780419649033,0,4,22.8,53.0,38.4,2.9,158.4
10473,1780419649067,0,4,22.3,52.2,51.5,2.7,157.5
10474,1780419649100,0,4,22.6,50.4,41.4,3.0,158.6
10475,1780419649133,0,4,22.4,48.3,44.1,2.6,157.3
10476,1780419649167,0,4,22.5,52.7,50.4,1.2,144.1
10477,1780419649200,0,4,22.4,50.7,42.3,4.0,153.3
10478,1780419649233,0,4,22.3,49.8,48.5,2.1,149.0
10479,1780419649267,0,4,22.5,53.5,48.6,2.8,140.9
10480,1780419649300,0,4,22.5,53.0,54.3,1.3,155.3
10481,1780419649333,0,4,22.5,53.2,53.7,2.3,151.2
10482,1780419649367,0,4,22.3,52.3,24.9,2.7,150.2
10483,1780419649400,0,4,22.6,52.9,59.9,2.7,153.7
10484,1780419649433,0,4,22.7,52.5,53.9,2.8,154.3
10485,1780419649467,0,4,22.5,49.7,56.7,1.1,157.8
10486,1780419649500,0,4,22.5,50.2,42.0,2.6,143.1
10487,1780419649533,0,4,22.5,49.9,59.7,3.3,140.3
10488,1780419649567,0,4,22.7,50.8,23.5,2.0,155.2
10489,1780419649600,0,4,22.2,52.8,23.1,1.4,152.7
10490,1780419649633,0,4,22.5,52.0,38.4,1.2,150.1
10491,1780419649667,0,4,22.4,49.9,32.2,2.4,155.6
10492,1780419649700,0,4,22.4,50.9,49.0,1.6,152.9
10493,1780419649733,0,4,22.8,51.1,33.0,1.2,144.7
10494,1780419649767,0,4,22.4,51.4,57.9,2.4,140.2
10495,1780419649800,0,4,22.5,48.0,40.7,3.9,147.7
10496,1780419649833,0,4,22.6,53.8,36.2,3.0,143.3
10497,1780419649867,0,4,22.4,49.1,21.8,1.2,142.1
10498,1780419649900,0,4,22.7,49.7,55.7,3.5,150.6
10499,1780419649933,0,4,22.4,49.4,29.9,2.4,158.8
10500,1780419649967,0,4,22.4,50.5,59.4,1.2,159.2
10501,1780419650000,0,4,22.7,48.6,39.2,1.6,153.8
10502,1780419650033,0,4,22.3,50.7,38.6,2.4,149.2
10503,1780419650067,0,4,22.6,48.6,51.2,3.4,143.2
10504,1780419650100,0,4,22.2,49.3,21.7,3.0,153.5
10505,1780419650133,0,4,22.4,49.7,32.9,1.6,149.9
10506,1780419650167,0,4,22.4,49.2,22.0,2.0,153.4
10507,1780419650200,0,4,22.6,53.2,30.0,3.6,145.4
10508,1780419650233,0,4,22.4,49.0,58.8,3.3,158.2
10509,1780419650267,0,4,22.7,51.4,51.0,2.3,157.1
10510,1780419650300,0,4,22.4,53.3,42.0,1.3,149.6
10511,1780419650333,0,4,22.6,49.7,44.5,1.7,145.3
10512,1780419650367,0,4,22.3,53.7,44.0,3.9,154.5
10513,1780419650400,0,4,22.6,51.6,51.1,3.5,156.3
10514,1780419650433,0,4,22.6,48.8,35.0,3.3,153.6
10515,1780419650467,0,4,22.3,52.7,55.4,1.6,148.5
10516,1780419650500,0,4,22.6,50.1,59.0,3.4,158.4
10517,1780419650533,0,4,22.3,50.8,32.0,3.7,152.1
10518,1780419650567,0,4,22.6,50.6,51.8,2.0,142.7
10519,1780419650600,0,4,22.6,50.1,51.7,2.7,144.4
10520,1780419650633,0,4,22.6,52.6,52.1,1.4,148.9
10521,1780419650667,0,4,22.7,51.9,35.1,3.6,146.1
10522,1780419650700,0,4,22.7,51.3,21.5,4.0,158.7
10523,1780419650733,0,4,22.5,52.4,39.1,1.8,144.3
10524,1780419650767,0,4,22.4,50.3,51.4,2.0,159.3
10525,1780419650800,0,4,22.6,49.3,34.6,3.7,151.9
10526,1780419650833,0,4,22.6,48.2,50.1,4.0,151.4
10527,1780419650867,0,4,22.7,49.8,21.0,2.5,143.2
10528,1780419650900,0,4,22.4,51.6,43.8,2.9,158.0
10529,1780419650933,0,4,22.4,53.1,23.4,3.9,158.0
10530,1780419650967,0,4,22.5,53.0,21.8,3.5,154.1
10531,1780419651000,0,4,22.7,53.9,38.0,2.3,153.6
10532,1780419651033,0,4,22.7,52.7,38.1,3.3,140.4
10533,1780419651067,0,4,22.2,52.1,29.9,3.0,145.3
10534,1780419651100,0,4,22.7,53.7,49.2,4.0,140.6
10535,1780419651133,0,4,22.5,53.2,49.7,3.5,154.6
10536,1780419651167,0,4,22.5,52.1,32.3,3.5,149.9
10537,1780419651200,0,4,22.5,50.1,20.0,2.0,150.4
10538,1780419651233,0,4,22.8,48.6,20.3,2.0,149.5
10539,1780419651267,0,4,22.5,51.1,33.4,2.1,145.4
10540,1780419651300,0,4,22.6,52.4,33.9,2.0,150.5
10541,1780419651333,0,4,22.4,50.3,59.0,1.8,150.8
10542,1780419651367,0,4,22.7,53.2,35.0,3.1,158.4
10543,1780419651400,0,4,22.6,50.3,36.7,1.4,158.8
10544,1780419651433,0,4,22.6,52.6,31.7,1.8,157.2
10545,1780419651467,0,4,22.7,52.2,52.1,1.9,149.0
10546,1780419651500,0,4,22.5,52.1,49.0,1.5,157.2
10547,1780419651533,0,4,22.3,52.4,42.4,3.5,153.2
10548,1780419651567,0,4,22.3,52.7,24.5,2.7,144.6
10549,1780419651600,0,4,22.6,50.6,31.5,1.5,154.1
10550,1780419651633,0,4,22.6,50.5,23.1,2.5,153.9
10551,1780419651667,0,4,22.8,48.4,37.7,1.3,153.5
10552,1780419651700,0,4,22.7,51.1,35.2,3.3,143.1
10553,1780419651733,0,4,22.3,49.2,52.1,3.8,159.4
10554,1780419651767,0,4,22.4,51.3,58.4,3.8,147.9
10555,1780419651800,0,4,22.2,49.5,33.0,2.9,147.9
10556,1780419651833,0,4,22.5,52.6,44.3,1.7,148.5
10557,1780419651867,0,4,22.2,50.0,39.6,3.1,156.5
10558,1780419651900,0,4,22.6,51.3,46.1,2.8,144.5
10559,1780419651933,0,4,22.5,52.5,48.8,1.4,148.3
10560,1780419651967,0,4,22.7,48.0,59.6,3.6,158.0
10561,1780419652000,0,4,22.4,49.1,60.0,3.2,140.1
10562,1780419652033,0,4,22.2,51.6,56.0,1.7,152.9
10563,1780419652067,0,4,22.3,50.4,55.8,1.4,153.2
10564,1780419652100,0,4,22.6,52.2,56.3,3.4,156.7
10565,1780419652133,0,4,22.3,51.6,37.2,2.1,147.8
10566,1780419652167,0,4,22.4,53.7,43.1,2.4,143.2
10567,1780419652200,0,4,22.5,52.2,23.1,3.5,147.6
10568,1780419652233,0,4,22.5,50.7,42.2,3.2,154.1
10569,1780419652267,0,4,22.6,51.4,33.8,2.6,156.4
10570,1780419652300,0,4,22.6,53.6,31.2,2.4,155.8
10571,1780419652333,0,4,22.7,53.6,46.3,2.3,155.0
10572,1780419652367,0,4,22.8,49.7,26.0,2.0,153.6
10573,1780419652400,0,4,22.8,50.0,33.4,3.3,153.1
10574,1780419652433,0,4,22.4,52.7,52.6,1.9,148.9
10575,1780419652467,0,4,22.6,50.1,51.9,1.6,154.5
10576,1780419652500,0,4,22.4,48.5,43.3,2.8,150.0
10577,1780419652533,0,4,22.6,53.6,26.4,3.0,149.2
10578,1780419652567,0,4,22.6,53.4,46.1,3.3,153.5
10579,1780419652600,0,4,22.5,48.5,42.0,3.2,140.5
10580,1780419652633,0,4,22.3,50.1,52.3,3.6,158.1
10581,1780419652667,0,4,22.8,50.1,41.1,1.3,147.5
10582,1780419652700,0,4,22.5,53.5,58.2,2.9,156.0
10583,1780419652733,0,4,22.5,53.5,21.2,3.8,143.6
10584,1780419652767,0,4,22.8,51.7,30.5,2.1,150.0
10585,1780419652800,0,4,22.8,52.2,42.5,3.2,157.6
10586,1780419652833,0,4,22.7,50.5,54.9,1.1,145.6
10587,1780419652867,0,4,22.6,51.0,23.0,2.4,154.7
10588,1780419652900,0,4,22.8,49.2,20.7,2.2,159.0
10589,1780419652933,0,4,22.4,51.7,29.7,3.7,146.6
10590,1780419652967,0,4,22.5,48.9,38.4,1.1,140.7
10591,1780419653000,0,4,22.3,49.3,37.1,1.6,150.6
10592,1780419653033,0,4,22.4,48.0,50.5,1.2,157.3
10593,1780419653067,0,4,22.5,49.3,29.4,2.3,153.1
10594,1780419653100,0,4,22.4,53.8,45.8,1.9,158.0
10595,1780419653133,0,4,22.7,49.7,49.4,1.4,151.6
10596,1780419653167,0,4,22.5,51.1,24.8,2.1,143.2
10597,1780419653200,0,4,22.6,49.0,50.4,1.8,144.3
10598,1780419653233,0,4,22.7,53.9,37.0,2.7,150.1
10599,1780419653267,0,4,22.8,52.3,59.3,1.9,146.6
10600,1780419653300,0,4,22.6,52.2,24.0,2.3,150.4
10601,1780419653333,0,4,22.3,51.2,56.4,3.9,151.5
10602,1780419653367,0,4,22.6,53.6,47.0,2.8,152.1
10603,1780419653400,0,4,22.2,53.5,49.4,2.8,155.0
10604,1780419653433,0,4,22.6,49.5,21.6,3.7,144.1
10605,1780419653467,0,4,22.2,50.0,50.4,1.1,156.2
10606,1780419653500,0,4,22.3,53.3,27.4,2.9,149.9
10607,1780419653533,0,4,22.6,52.5,58.5,3.4,148.6
10608,1780419653567,0,4,22.2,51.9,32.4,2.1,150.4
10609,1780419653600,0,4,22.4,50.3,30.9,3.7,145.5
10610,1780419653633,0,4,22.5,53.7,50.2,2.7,147.5
10611,1780419653667,0,4,22.8,50.3,53.1,2.2,153.6
10612,1780419653700,0,4,22.6,49.0,29.8,2.3,144.8
10613,1780419653733,0,4,22.7,52.2,36.3,2.8,150.1
10614,1780419653767,0,4,22.7,49.8,50.5,3.9,146.7
10615,1780419653800,0,4,22.3,51.2,48.0,2.6,158.6
10616,1780419653833,0,4,22.8,53.4,53.1,1.4,159.3
10617,1780419653867,0,4,22.6,53.9,30.2,1.7,150.1
10618,1780419653900,0,4,22.8,53.1,44.6,1.6,142.6
10619,1780419653933,0,4,22.6,48.1,31.3,3.7,151.0
10620,1780419653967,0,4,22.7,52.9,49.8,3.3,149.5
10621,1780419654000,0,4,22.3,52.6,28.3,1.0,151.3
10622,1780419654033,0,4,22.4,52.1,29.9,1.2,143.2
10623,1780419654067,0,4,22.2,51.5,57.4,2.9,151.4
10624,1780419654100,0,4,22.8,48.5,59.5,3.4,146.9
10625,1780419654133,0,4,22.4,48.4,32.4,2.3,146.0
10626,1780419654167,0,4,22.8,49.6,56.8,1.7,158.6
10627,1780419654200,0,4,22.3,50.3,56.5,1.3,140.6
10628,1780419654233,0,4,22.6,49.0,40.8,3.4,159.6
10629,1780419654267,0,4,22.2,53.8,32.7,2.8,158.4
10630,1780419654300,0,4,22.3,51.2,32.7,3.7,144.1
10631,1780419654333,0,4,22.3,52.8,38.7,2.5,145.9
10632,1780419654367,0,4,22.8,52.1,40.7,2.0,151.2
10633,1780419654400,0,4,22.5,52.3,39.1,2.3,156.4
10634,1780419654433,0,4,22.6,52.3,29.4,1.3,140.4
10635,1780419654467,0,4,22.2,50.6,40.2,3.6,144.4
10636,1780419654500,0,4,22.5,52.4,44.0,3.4,146.6
10637,1780419654533,0,4,22.5,53.6,48.0,1.7,147.2
10638,1780419654567,0,4,22.6,48.5,53.4,2.5,159.2
10639,1780419654600,0,4,22.3,49.2,33.7,1.1,143.3
10640,1780419654633,0,4,22.7,53.9,37.0,2.2,153.0
10641,1780419654667,0,4,22.5,51.2,39.5,2.9,150.6
10642,1780419654700,0,4,22.2,48.3,28.0,3.7,151.4
10643,1780419654733,0,4,22.8,52.6,52.5,2.7,140.6
10644,1780419654767,0,4,22.4,51.2,37.5,1.7,146.1
10645,1780419654800,0,4,22.2,49.1,42.4,2.7,150.7
10646,1780419654833,0,4,22.5,48.8,29.9,3.0,156.1
10647,1780419654867,0,4,22.7,49.8,25.9,1.9,142.6
10648,1780419654900,0,4,22.3,48.2,30.8,2.4,159.6
10649,1780419654933,0,4,22.4,49.0,34.5,2.4,154.2
10650,1780419654967,0,4,22.7,50.2,46.9,1.2,145.9
10651,1780419655000,0,4,22.2,50.5,59.9,1.9,141.7
10652,1780419655033,0,4,22.7,49.1,59.1,1.3,145.1
10653,1780419655067,0,4,22.7,48.9,29.5,1.3,149.4
10654,1780419655100,0,4,22.4,48.2,50.1,1.4,155.5
10655,1780419655133,0,4,22.5,49.4,35.8,1.3,148.0
10656,1780419655167,0,4,22.3,50.2,34.5,2.1,152.1
10657,1780419655200,0,4,22.4,50.8,21.4,1.2,158.6
10658,1780419655233,0,4,22.2,51.1,58.0,1.2,147.3
10659,1780419655267,0,4,22.8,48.4,39.7,2.3,157.1
10660,1780419655300,0,4,22.3,49.2,54.0,3.8,159.8
10661,1780419655333,0,4,22.8,49.9,31.2,1.3,157.7
10662,1780419655367,0,4,22.5,51.7,48.5,2.9,147.4
10663,1780419655400,0,4,22.4,48.3,47.4,2.5,159.0
10664,1780419655433,0,4,22.5,49.5,22.2,2.4,144.5
10665,1780419655467,0,4,22.5,53.8,46.1,3.2,150.3
10666,1780419655500,0,4,22.6,50.5,36.0,1.1,159.0
10667,1780419655533,0,4,22.6,53.5,29.6,1.1,154.4
10668,1780419655567,0,4,22.4,51.8,39.1,3.0,154.6
10669,1780419655600,0,4,22.3,52.3,57.8,1.2,150.2
10670,1780419655633,0,4,22.4,53.6,33.7,2.1,147.5
10671,1780419655667,0,4,22.3,48.0,42.2,3.9,143.8
10672,1780419655700,0,4,22.4,49.6,53.3,3.7,156.9
10673,1780419655733,0,4,22.6,53.6,26.7,3.5,143.3
10674,1780419655767,0,4,22.5,49.2,24.3,3.4,148.3
10675,1780419655800,0,4,22.4,50.8,58.4,2.7,148.9
10676,1780419655833,0,4,22.5,53.3,32.8,3.3,140.4
10677,1780419655867,0,4,22.6,50.1,35.9,2.5,143.8
10678,1780419655900,0,4,22.7,48.7,20.7,2.9,140.6
10679,1780419655933,0,4,22.4,53.8,44.6,3.3,149.8
10680,1780419655967,0,4,22.3,50.5,49.3,1.3,145.9
10681,1780419656000,0,4,22.6,53.0,51.6,2.1,149.7
10682,1780419656033,0,4,22.7,53.6,25.2,1.7,144.9
10683,1780419656067,0,4,22.6,49.0,36.2,1.1,145.9
10684,1780419656100,0,4,22.4,51.6,23.0,4.0,142.4
10685,1780419656133,0,4,22.7,51.5,38.7,1.8,147.3
10686,1780419656167,0,4,22.5,49.2,38.5,3.4,153.2
10687,1780419656200,0,4,22.7,53.3,43.4,3.8,154.8
10688,1780419656233,0,4,22.4,49.8,40.5,2.3,143.3
10689,1780419656267,0,4,22.2,49.1,52.2,1.2,144.2
10690,1780419656300,0,4,22.3,48.5,41.9,3.0,146.2
10691,1780419656333,0,4,22.8,49.4,29.0,1.3,159.0
10692,1780419656367,0,4,22.3,51.4,24.5,3.0,158.6
10693,1780419656400,0,4,22.2,48.1,33.9,3.5,152.2
10694,1780419656433,0,4,22.3,51.1,33.8,1.4,143.6
10695,1780419656467,0,4,22.8,53.8,24.2,3.9,143.4
10696,1780419656500,0,4,22.7,49.1,23.7,2.2,154.1
10697,1780419656533,0,4,22.6,51.0,36.3,2.9,143.5
10698,1780419656567,0,4,22.8,52.8,37.1,1.4,153.9
10699,1780419656600,0,4,22.4,53.0,43.2,2.4,143.8
10700,1780419656633,0,4,22.2,51.8,31.8,1.9,152.4
10701,1780419656667,0,4,22.6,49.3,59.7,1.2,145.2
10702,1780419656700,0,4,22.5,50.2,58.6,3.7,142.3
10703,1780419656733,0,4,22.7,53.8,58.2,3.2,147.9
10704,1780419656767,0,4,22.3,52.6,23.6,2.4,156.0
10705,1780419656800,0,4,22.4,53.3,20.4,3.8,143.3
10706,1780419656833,0,4,22.3,48.1,33.9,2.7,153.5
10707,1780419656867,0,4,22.7,52.8,53.7,2.2,159.2
10708,1780419656900,0,4,22.7,48.7,34.7,1.0,151.3
10709,1780419656933,0,4,22.4,49.8,34.3,2.0,142.8
10710,1780419656967,0,4,22.6,53.0,26.3,1.5,141.1
10711,1780419657000,0,4,22.5,52.5,25.9,2.5,141.2
10712,1780419657033,0,4,22.7,49.4,38.8,2.1,141.8
10713,1780419657067,0,4,22.6,51.1,42.5,3.6,152.9
10714,1780419657100,0,4,22.4,54.0,42.6,3.0,144.5
10715,1780419657133,0,4,22.4,53.2,23.4,2.8,157.8
10716,1780419657167,0,4,22.8,53.4,24.2,1.1,146.4
10717,1780419657200,0,4,22.4,50.2,39.0,2.2,159.0
10718,1780419657233,0,4,22.5,52.9,33.4,1.6,154.5
10719,1780419657267,0,4,22.7,52.3,29.1,3.8,145.6
10720,1780419657300,0,4,22.7,50.4,58.9,3.5,143.6
10721,1780419657333,0,4,22.5,52.3,23.6,1.8,155.0
10722,1780419657367,0,4,22.4,51.0,58.0,1.1,140.1
10723,1780419657400,0,4,22.6,50.8,47.7,2.2,150.2
10724,1780419657433,0,4,22.7,53.2,58.2,1.8,145.3
10725,1780419657467,0,4,22.2,52.1,31.7,3.5,145.0
10726,1780419657500,0,4,22.5,51.5,58.6,1.0,146.8
10727,1780419657533,0,4,22.3,49.9,50.1,3.5,154.9
10728,1780419657567,0,4,22.3,48.3,58.2,3.3,140.8
10729,1780419657600,0,4,22.7,49.2,43.0,2.8,142.9
10730,1780419657633,0,4,22.7,51.9,50.6,4.0,150.3
10731,1780419657667,0,4,22.3,50.8,33.4,1.3,146.7
10732,1780419657700,0,4,22.4,51.6,49.9,3.8,142.9
10733,1780419657733,0,4,22.3,53.4,45.2,1.6,154.7
10734,1780419657767,0,4,22.8,52.5,57.1,2.6,159.4
10735,1780419657800,0,4,22.2,49.6,44.3,1.5,147.0
10736,1780419657833,0,4,22.4,53.7,49.2,2.1,159.8
10737,1780419657867,0,4,22.4,50.1,27.8,2.3,152.0
10738,1780419657900,0,4,22.8,52.6,44.6,1.3,146.0
10739,1780419657933,0,4,22.5,49.7,31.0,2.6,150.6
10740,1780419657967,0,4,22.7,52.0,52.9,2.8,148.4
10741,1780419658000,0,4,22.3,50.3,56.4,2.0,140.8
10742,1780419658033,0,4,22.3,53.6,45.6,1.7,157.7
10743,1780419658067,0,4,22.7,53.9,52.2,3.8,159.1
10744,1780419658100,0,4,22.2,51.4,52.3,3.7,143.8
10745,1780419658133,0,4,22.2,52.5,24.3,3.0,146.0
10746,1780419658167,0,4,22.3,49.4,35.3,3.6,155.2
10747,1780419658200,0,4,22.7,52.0,39.9,3.4,144.9
10748,1780419658233,0,4,22.5,53.1,20.6,3.3,140.9
10749,1780419658267,0,4,22.4,52.9,45.6,3.4,140.2
10750,1780419658300,0,4,22.6,48.4,52.6,3.1,156.4
10751,1780419658333,0,4,22.6,48.6,29.0,1.0,142.0
10752,1780419658367,0,4,22.6,51.2,23.0,1.5,159.9
10753,1780419658400,0,4,22.7,53.9,46.8,1.9,152.6
10754,1780419658433,0,4,22.2,53.8,58.9,3.0,141.0
10755,1780419658467,0,4,22.3,50.8,29.3,2.9,153.2
10756,1780419658500,0,4,22.8,51.8,53.5,3.9,155.3
10757,1780419658533,0,4,22.8,50.3,32.2,3.3,146.5
10758,1780419658567,0,4,22.5,49.4,40.3,3.7,140.7
10759,1780419658600,0,4,22.7,51.1,44.1,2.8,154.8
10760,1780419658633,0,4,22.5,51.1,56.8,1.5,155.7
10761,1780419658667,0,4,22.4,49.8,55.9,2.6,147.4
10762,1780419658700,0,4,22.4,49.2,22.9,1.3,158.9
10763,1780419658733,0,4,22.3,49.8,57.6,3.2,147.1
10764,1780419658767,0,4,22.3,48.8,30.1,2.3,141.0
10765,1780419658800,0,4,22.4,49.8,56.6,1.8,143.6
10766,1780419658833,0,4,22.4,50.6,21.1,2.8,140.2
10767,1780419658867,0,4,22.2,53.9,57.2,3.2,144.9
10768,1780419658900,0,4,22.7,50.3,59.5,2.2,156.9
10769,1780419658933,0,4,22.4,48.7,22.7,3.5,159.4
10770,1780419658967,0,4,22.4,53.9,24.8,1.6,147.8
10771,1780419659000,0,4,22.3,53.1,44.9,4.0,152.8
10772,1780419659033,0,4,22.4,48.5,28.7,2.0,140.6
10773,1780419659067,0,4,22.5,52.9,43.4,3.3,142.0
10774,1780419659100,0,4,22.2,50.7,25.8,2.4,151.8
10775,1780419659133,0,4,22.6,49.8,20.2,2.7,146.8
10776,1780419659167,0,4,22.7,52.1,39.1,2.5,141.8
10777,1780419659200,0,4,22.8,48.7,58.7,2.8,157.4
10778,1780419659233,0,4,22.5,51.4,54.8,3.8,147.9
10779,1780419659267,0,4,22.4,53.8,23.4,2.6,147.7
10780,1780419659300,0,4,22.6,50.5,49.0,2.6,144.2
10781,1780419659333,0,4,22.5,52.6,30.1,1.3,143.7
10782,1780419659367,0,4,22.7,50.3,38.5,3.4,151.9
10783,1780419659400,0,4,22.4,51.2,24.1,3.4,148.1
10784,1780419659433,0,4,22.6,49.6,33.2,3.8,146.9
10785,1780419659467,0,4,22.4,50.9,51.2,3.5,143.0
10786,1780419659500,0,4,22.6,53.0,39.3,2.0,152.5
10787,1780419659533,0,4,22.3,51.7,34.6,2.4,154.0
10788,1780419659567,0,4,22.5,49.3,57.5,1.6,141.7
10789,1780419659600,0,4,22.5,52.7,57.6,2.4,143.9
10790,1780419659633,0,4,22.5,49.5,30.3,1.6,148.2
10791,1780419659667,0,4,22.3,49.2,53.8,2.7,142.9
10792,1780419659700,0,4,22.3,53.6,40.1,2.2,145.1
10793,1780419659733,0,4,22.8,53.2,45.7,1.4,146.7
10794,1780419659767,0,4,22.6,51.0,30.3,2.2,148.4
10795,1780419659800,0,4,22.4,51.6,37.6,1.2,154.7
10796,1780419659833,0,4,22.2,50.0,37.9,2.2,145.6
10797,1780419659867,0,4,22.7,50.5,53.5,2.8,140.0
10798,1780419659900,0,4,22.7,48.0,26.0,3.7,145.4
10799,1780419659933,0,4,22.6,52.1,40.7,4.0,143.7
10800,1780419659967,0,4,22.8,49.0,30.2,3.2,153.8
10801,1780419660000,0,4,22.8,50.5,35.5,2.6,145.2
10802,1780419660033,0,4,22.6,52.5,32.8,3.9,149.2
10803,1780419660067,0,4,22.8,52.6,39.9,1.2,143.9
10804,1780419660100,0,4,22.3,50.5,26.6,2.0,155.1
10805,1780419660133,0,4,22.3,49.8,30.2,1.1,142.0
10806,1780419660167,0,4,22.3,49.4,22.6,1.1,153.5
10807,1780419660200,0,4,22.7,53.5,41.8,2.0,154.7
10808,1780419660233,0,4,22.7,51.3,33.5,2.7,154.1
10809,1780419660267,0,4,22.4,49.1,56.0,3.6,153.4
10810,1780419660300,0,4,22.5,50.5,47.0,2.3,144.9
10811,1780419660333,0,4,22.7,49.0,39.5,3.8,141.9
10812,1780419660367,0,4,22.5,48.4,51.0,2.2,143.0
10813,1780419660400,0,4,22.8,48.5,47.1,1.1,149.0
10814,1780419660433,0,4,22.2,52.8,34.9,3.9,145.5
10815,1780419660467,0,4,22.2,53.8,40.1,1.3,143.8
10816,1780419660500,0,4,22.4,52.2,52.8,2.8,151.2
10817,1780419660533,0,4,22.7,52.8,21.1,2.0,152.4
10818,1780419660567,0,4,22.5,50.4,46.2,1.1,149.1
10819,1780419660600,0,4,22.5,49.2,43.5,3.8,156.0
10820,1780419660633,0,4,22.4,50.9,33.5,3.6,152.6
10821,1780419660667,0,4,22.7,53.6,29.3,1.0,151.1
10822,1780419660700,0,4,22.5,48.1,58.5,3.8,158.8
10823,1780419660733,0,4,22.3,48.2,45.7,3.7,151.8
10824,1780419660767,0,4,22.5,51.2,53.2,3.3,146.4
10825,1780419660800,0,4,22.6,49.3,28.6,3.8,151.3
10826,1780419660833,0,4,22.2,49.6,45.9,3.2,159.3
10827,1780419660867,0,4,22.7,50.9,40.4,1.9,147.5
10828,1780419660900,0,4,22.7,52.6,42.3,1.0,157.9
10829,1780419660933,0,4,22.5,53.0,46.7,1.8,144.5
10830,1780419660967,0,4,22.4,50.6,57.1,1.9,149.0
10831,1780419661000,0,4,22.6,52.6,59.6,3.4,155.0
10832,1780419661033,0,4,22.6,52.8,37.7,3.8,149.4
10833,1780419661067,0,4,22.8,49.9,32.7,2.9,150.7
10834,1780419661100,0,4,22.3,48.6,45.4,3.4,157.5
10835,1780419661133,0,4,22.5,50.6,46.5,3.3,151.6
10836,1780419661167,0,4,22.3,50.2,33.9,2.9,148.0
10837,1780419661200,0,4,22.4,53.4,40.1,1.1,144.8
10838,1780419661233,0,4,22.7,48.0,49.9,3.9,141.7
10839,1780419661267,0,4,22.6,53.4,38.0,3.6,140.6
10840,1780419661300,0,4,22.4,49.9,58.6,4.0,159.5
10841,1780419661333,0,4,22.7,52.2,58.2,1.8,156.0
10842,1780419661367,0,4,22.4,51.7,59.6,2.2,150.8
10843,1780419661400,0,4,22.8,48.1,48.2,3.2,147.0
10844,1780419661433,0,4,22.6,51.2,57.3,2.3,150.5
10845,1780419661467,0,4,22.6,53.7,54.9,1.6,152.6
10846,1780419661500,0,4,22.4,52.8,47.9,2.8,140.8
10847,1780419661533,0,4,22.2,49.0,20.3,1.1,150.7
10848,1780419661567,0,4,22.7,48.5,37.5,3.4,140.1
10849,1780419661600,0,4,22.7,50.6,53.9,1.7,146.5
10850,1780419661633,0,4,22.7,49.9,51.6,2.9,154.1
10851,1780419661667,0,4,22.3,49.5,28.5,2.8,141.3
10852,1780419661700,0,4,22.6,53.5,48.1,1.1,158.4
10853,1780419661733,0,4,22.3,53.7,41.4,3.6,150.0
10854,1780419661767,0,4,22.8,48.1,53.9,3.1,156.1
10855,1780419661800,0,4,22.4,52.0,42.6,3.9,146.7
10856,1780419661833,0,4,22.3,50.6,39.2,2.3,154.1
10857,1780419661867,0,4,22.3,50.1,25.2,3.0,150.5
10858,1780419661900,0,4,22.5,49.9,59.0,1.5,146.8
10859,1780419661933,0,4,22.5,52.9,36.9,2.4,159.4
10860,1780419661967,0,4,22.2,49.0,23.5,1.1,147.1
10861,1780419662000,0,4,22.3,49.6,39.9,3.5,149.3
10862,1780419662033,0,4,22.8,51.5,44.9,4.0,149.0
10863,1780419662067,0,4,22.7,48.7,40.6,2.2,147.9
10864,1780419662100,0,4,22.5,53.4,47.4,1.4,146.6
10865,1780419662133,0,4,22.7,50.1,47.1,1.9,155.0
10866,1780419662167,0,4,22.2,50.5,36.7,2.4,151.4
10867,1780419662200,0,4,22.4,53.4,44.4,3.2,154.8
10868,1780419662233,0,4,22.3,50.7,26.1,1.1,152.1
10869,1780419662267,0,4,22.3,51.9,38.0,4.0,159.2
10870,1780419662300,0,4,22.5,50.8,21.4,3.0,157.5
10871,1780419662333,0,4,22.3,53.2,31.9,2.3,146.3
10872,1780419662367,0,4,22.6,52.9,37.1,2.0,146.8
10873,1780419662400,0,4,22.4,53.6,32.6,1.6,142.3
10874,1780419662433,0,4,22.7,49.5,24.4,1.9,158.8
10875,1780419662467,0,4,22.4,52.2,41.1,1.1,157.4
10876,1780419662500,0,4,22.6,52.5,39.8,3.1,149.0
10877,1780419662533,0,4,22.3,50.5,38.1,3.1,151.8
10878,1780419662567,0,4,22.4,52.1,22.8,2.3,149.6
10879,1780419662600,0,4,22.4,50.0,27.1,1.1,140.3
10880,1780419662633,0,4,22.3,50.9,59.9,1.2,144.4
10881,1780419662667,0,4,22.2,52.9,51.4,3.9,159.9
10882,1780419662700,0,4,22.6,53.7,48.5,2.4,156.1
10883,1780419662733,0,4,22.7,52.5,32.4,1.5,152.5
10884,1780419662767,0,4,22.3,50.9,53.4,3.8,149.5
10885,1780419662800,0,4,22.3,48.5,35.3,2.1,156.4
10886,1780419662833,0,4,22.7,49.2,34.5,1.2,154.5
10887,1780419662867,0,4,22.4,48.9,43.9,2.1,149.6
10888,1780419662900,0,4,22.6,51.2,51.7,2.6,144.5
10889,1780419662933,0,4,22.2,50.7,44.0,2.4,143.6
10890,1780419662967,0,4,22.4,48.4,39.6,2.8,154.6
10891,1780419663000,0,4,22.5,53.8,27.5,3.5,147.5
10892,1780419663033,0,4,22.6,53.9,43.9,2.7,146.6
10893,1780419663067,0,4,22.7,48.8,49.0,2.4,153.1
10894,1780419663100,0,4,22.4,53.8,35.2,2.3,146.1
10895,1780419663133,0,4,22.7,51.4,27.9,2.1,140.1
10896,1780419663167,0,4,22.2,50.6,50.5,2.1,150.7
10897,1780419663200,0,4,22.7,50.9,39.5,3.4,150.7
10898,1780419663233,0,4,22.6,48.9,52.5,1.5,140.2
10899,1780419663267,0,4,22.7,51.8,53.3,2.0,159.9
10900,1780419663300,0,4,22.7,49.1,48.1,1.2,148.6
10901,1780419663333,0,4,22.6,52.8,44.4,1.7,157.4
10902,1780419663367,0,4,22.5,49.8,20.7,3.2,140.1
10903,1780419663400,0,4,22.8,51.8,46.7,2.1,155.3
10904,1780419663433,0,4,22.4,51.2,51.4,2.7,156.6
10905,1780419663467,0,4,22.2,53.1,30.1,3.5,145.6
10906,1780419663500,0,4,22.4,51.0,44.3,1.3,155.2
10907,1780419663533,0,4,22.3,53.2,43.9,3.6,151.2
10908,1780419663567,0,4,22.2,49.4,21.4,1.3,150.1
10909,1780419663600,0,4,22.3,53.8,56.6,2.5,156.9
10910,1780419663633,0,4,22.3,50.7,48.8,1.8,143.6
10911,1780419663667,0,4,22.3,51.7,35.2,2.4,156.4
10912,1780419663700,0,4,22.8,48.4,25.2,1.1,141.8
10913,1780419663733,0,4,22.7,53.1,37.5,3.3,154.9
10914,1780419663767,0,4,22.7,51.3,40.0,1.4,140.7
10915,1780419663800,0,4,22.3,53.6,34.7,2.6,144.1
10916,1780419663833,0,4,22.2,50.4,43.4,3.7,159.0
10917,1780419663867,0,4,22.5,52.4,40.8,3.2,148.8
10918,1780419663900,0,4,22.6,48.2,42.3,2.7,158.8
10919,1780419663933,0,4,22.3,52.0,29.5,1.7,154.3
10920,1780419663967,0,4,22.2,49.8,25.4,1.5,143.4
10921,1780419664000,0,4,22.7,54.0,22.7,2.7,141.1
10922,1780419664033,0,4,22.3,52.7,29.5,1.9,153.5
10923,1780419664067,0,4,22.5,50.3,47.7,3.9,145.4
10924,1780419664100,0,4,22.3,51.6,29.0,2.9,152.8
10925,1780419664133,0,4,22.7,50.5,54.2,3.8,153.0
10926,1780419664167,0,4,22.6,52.8,33.2,3.9,154.7
10927,1780419664200,0,4,22.6,53.2,49.1,3.1,141.1
10928,1780419664233,0,4,22.8,50.1,41.2,2.0,145.3
10929,1780419664267,0,4,22.3,51.5,56.5,1.4,153.6
10930,1780419664300,0,4,22.6,48.5,51.6,3.3,146.6
10931,1780419664333,0,4,22.5,50.5,44.6,2.3,156.1
10932,1780419664367,0,4,22.2,49.9,26.9,1.6,152.8
10933,1780419664400,0,4,22.7,51.6,21.9,3.6,153.0
10934,1780419664433,0,4,22.7,49.8,40.2,2.3,142.1
10935,1780419664467,0,4,22.7,52.4,58.2,2.9,151.7
10936,1780419664500,0,4,22.4,52.3,47.2,3.3,147.1
10937,1780419664533,0,4,22.8,51.2,24.1,3.8,141.8
10938,1780419664567,0,4,22.5,50.3,34.6,1.4,143.7
10939,1780419664600,0,4,22.2,50.8,22.1,2.8,145.4
10940,1780419664633,0,4,22.5,50.4,42.0,3.8,143.8
10941,1780419664667,0,4,22.2,52.3,26.6,1.7,145.1
10942,1780419664700,0,4,22.5,48.6,32.0,1.2,140.5
10943,1780419664733,0,4,22.8,50.4,55.0,1.4,152.0
10944,1780419664767,0,4,22.3,51.0,49.7,2.7,156.5
10945,1780419664800,0,4,22.7,48.7,38.3,3.4,151.4
10946,1780419664833,0,4,22.6,50.5,55.1,2.7,149.3
10947,1780419664867,0,4,22.3,49.1,27.0,2.1,153.2
10948,1780419664900,0,4,22.7,52.3,35.1,2.1,148.0
10949,1780419664933,0,4,22.6,50.8,48.3,3.1,149.1
10950,1780419664967,0,4,22.5,49.1,55.2,2.5,157.0
10951,1780419665000,0,4,22.7,50.9,33.4,1.1,143.3
10952,1780419665033,0,4,22.7,50.8,30.7,3.3,157.4
10953,1780419665067,0,4,22.7,51.7,28.5,1.9,156.3
10954,1780419665100,0,4,22.7,51.5,21.8,2.1,141.6
10955,1780419665133,0,4,22.5,50.1,37.1,3.0,146.3
10956,1780419665167,0,4,22.3,52.6,20.2,1.1,157.2
10957,1780419665200,0,4,22.6,49.8,43.5,3.4,151.2
10958,1780419665233,0,4,22.8,48.3,35.7,3.4,146.5
10959,1780419665267,0,4,22.5,49.1,27.6,3.1,145.0
10960,1780419665300,0,4,22.2,52.9,37.9,4.0,143.9
10961,1780419665333,0,4,22.2,52.0,42.1,1.4,158.8
10962,1780419665367,0,4,22.6,51.4,25.8,1.4,153.8
10963,1780419665400,0,4,22.7,54.0,47.6,3.0,154.7
10964,1780419665433,0,4,22.7,53.8,43.5,2.5,147.0
10965,1780419665467,0,4,22.4,53.7,48.4,2.2,143.0
10966,1780419665500,0,4,22.3,50.8,38.1,3.5,149.6
10967,1780419665533,0,4,22.3,53.7,54.6,3.6,156.9
10968,1780419665567,0,4,22.5,49.7,56.1,1.5,151.7
10969,1780419665600,0,4,22.5,48.6,30.6,1.7,145.8
10970,1780419665633,0,4,22.4,51.3,44.2,1.6,149.9
10971,1780419665667,0,4,22.6,53.6,50.6,3.7,147.6
10972,1780419665700,0,4,22.7,53.1,22.1,3.9,140.7
10973,1780419665733,0,4,22.5,50.1,26.6,3.1,144.9
10974,1780419665767,0,4,22.8,53.0,38.4,3.5,150.6
10975,1780419665800,0,4,22.6,53.4,26.9,3.3,148.1
10976,1780419665833,0,4,22.3,52.3,32.5,3.8,150.5
10977,1780419665867,0,4,22.6,51.6,55.1,1.5,150.2
10978,1780419665900,0,4,22.6,48.7,52.1,1.2,144.1
10979,1780419665933,0,4,22.4,50.1,31.2,3.5,156.3
10980,1780419665967,0,4,22.7,50.9,20.6,1.9,157.3
10981,1780419666000,0,4,22.8,52.8,45.3,2.6,146.9
10982,1780419666033,0,4,22.2,52.7,40.4,1.5,152.5
10983,1780419666067,0,4,22.5,48.7,46.9,1.8,140.2
10984,1780419666100,0,4,22.5,50.6,45.8,2.6,143.6
10985,1780419666133,0,4,22.2,49.8,47.4,3.4,157.2
10986,1780419666167,0,4,22.7,48.1,59.9,3.7,141.9
10987,1780419666200,0,4,22.3,49.2,52.1,3.6,159.9
10988,1780419666233,0,4,22.3,48.7,21.4,1.4,154.9
10989,1780419666267,0,4,22.6,49.0,47.4,2.6,150.1
10990,1780419666300,0,4,22.5,52.9,21.6,1.9,153.5
10991,1780419666333,0,4,22.3,52.7,59.5,2.7,153.7
10992,1780419666367,0,4,22.4,48.1,43.4,1.3,145.4
10993,1780419666400,0,4,22.7,48.1,37.9,3.6,147.4
10994,1780419666433,0,4,22.6,48.5,20.6,2.1,144.1
10995,1780419666467,0,4,22.8,48.9,45.1,2.7,157.5
10996,1780419666500,0,4,22.5,48.5,53.9,1.4,144.1
10997,1780419666533,0,4,22.4,49.9,27.2,2.0,156.6
10998,1780419666567,0,4,22.4,54.0,53.8,2.7,153.6
10999,1780419666600,0,4,22.7,53.9,21.0,1.6,153.7
11000,1780419666633,0,4,22.6,48.1,27.8,3.0,140.5
11001,1780419666667,0,4,22.6,52.9,36.2,1.4,143.3
11002,1780419666700,0,4,22.4,52.4,23.7,2.6,156.7
11003,1780419666733,0,4,22.6,53.1,46.4,2.8,154.9
11004,1780419666767,0,4,22.7,50.7,37.8,2.6,156.3
11005,1780419666800,0,4,22.7,49.8,54.9,2.1,144.9
11006,1780419666833,0,4,22.7,52.8,29.0,1.9,156.6
11007,1780419666867,0,4,22.5,48.9,53.9,1.1,141.4
11008,1780419666900,0,4,22.6,48.1,41.6,3.3,156.2
11009,1780419666933,0,4,22.4,52.6,48.7,3.8,140.1
11010,1780419666967,0,4,22.8,48.8,33.2,2.8,150.2
11011,1780419667000,0,4,22.8,49.6,23.1,2.4,152.4
11012,1780419667033,0,4,22.4,50.0,22.6,1.8,142.1
11013,1780419667067,0,4,22.7,48.5,31.9,2.6,150.4
11014,1780419667100,0,4,22.3,48.7,28.0,1.6,152.8
11015,1780419667133,0,4,22.3,50.2,32.9,2.2,159.2
11016,1780419667167,0,4,22.3,50.1,58.6,1.6,141.7
11017,1780419667200,0,4,22.7,53.2,34.4,2.4,140.6
11018,1780419667233,0,4,22.2,52.3,36.6,1.9,151.8
11019,1780419667267,0,4,22.4,53.5,54.9,1.6,154.7
11020,1780419667300,0,4,22.2,49.1,34.8,1.9,148.4
11021,1780419667333,0,4,22.5,51.4,36.1,2.7,148.2
11022,1780419667367,0,4,22.5,51.1,35.8,2.7,140.9
11023,1780419667400,0,4,22.4,48.5,56.0,3.7,147.8
11024,1780419667433,0,4,22.5,49.1,56.0,1.5,148.3
11025,1780419667467,0,4,22.3,48.9,45.6,1.4,155.8
11026,1780419667500,0,4,22.3,50.7,38.4,2.6,144.2
11027,1780419667533,0,4,22.2,53.2,48.8,1.8,152.6
11028,1780419667567,0,4,22.7,53.2,39.0,1.5,153.2
11029,1780419667600,0,4,22.3,50.9,26.2,3.4,153.4
11030,1780419667633,0,4,22.7,52.7,56.0,1.1,141.6
11031,1780419667667,0,4,22.6,48.8,29.7,1.1,155.9
11032,1780419667700,0,4,22.3,52.8,29.9,3.2,149.9
11033,1780419667733,0,4,22.3,53.9,51.4,2.7,142.1
11034,1780419667767,0,4,22.7,51.0,28.1,3.2,157.1
11035,1780419667800,0,4,22.7,53.0,42.6,1.7,148.9
11036,1780419667833,0,4,22.4,48.1,31.9,3.3,156.0
11037,1780419667867,0,4,22.5,50.9,45.2,3.2,144.8
11038,1780419667900,0,4,22.6,53.7,25.0,2.3,157.4
11039,1780419667933,0,4,22.6,49.5,54.9,1.9,158.0
11040,1780419667967,0,4,22.6,49.9,54.1,1.2,154.8
11041,1780419668000,0,4,22.6,48.5,54.5,2.6,147.6
11042,1780419668033,0,4,22.2,48.0,43.8,1.6,157.4
11043,1780419668067,0,4,22.4,50.8,52.8,3.6,149.5
11044,1780419668100,0,4,22.6,53.3,56.2,1.2,147.1
11045,1780419668133,0,4,22.3,53.9,54.3,3.9,146.2
11046,1780419668167,0,4,22.8,50.9,47.9,2.5,147.6
11047,1780419668200,0,4,22.7,51.5,43.7,1.4,160.0
11048,1780419668233,0,4,22.2,52.6,47.2,2.2,149.9
11049,1780419668267,0,4,22.3,48.1,56.8,2.9,140.1
11050,1780419668300,0,4,22.4,50.3,38.9,4.0,154.6
11051,1780419668333,0,4,22.8,51.3,44.9,3.1,142.6
11052,1780419668367,0,4,22.7,48.7,37.2,1.5,155.4
11053,1780419668400,0,4,22.3,50.6,47.3,1.2,151.0
11054,1780419668433,0,4,22.5,48.2,49.9,3.4,140.1
11055,1780419668467,0,4,22.7,52.3,22.2,1.2,148.7
11056,1780419668500,0,4,22.6,50.4,57.3,2.7,143.7
11057,1780419668533,0,4,22.3,50.6,51.3,3.7,155.8
11058,1780419668567,0,4,22.5,49.2,40.6,1.0,149.7
11059,1780419668600,0,4,22.2,48.9,37.1,3.3,148.1
11060,1780419668633,0,4,22.7,52.9,44.9,1.6,157.5
11061,1780419668667,0,4,22.4,51.3,27.8,1.5,152.0
11062,1780419668700,0,4,22.8,53.3,33.3,2.6,149.0
11063,1780419668733,0,4,22.3,49.5,39.8,3.9,143.2
11064,1780419668767,0,4,22.6,49.7,21.7,1.9,157.9
11065,1780419668800,0,4,22.7,50.2,53.8,2.1,148.0
11066,1780419668833,0,4,22.2,52.0,37.1,2.2,147.2
11067,1780419668867,0,4,22.2,51.7,20.4,2.2,158.5
11068,1780419668900,0,4,22.7,50.0,42.9,3.3,147.6
11069,1780419668933,0,4,22.7,49.6,49.7,3.4,152.8
11070,1780419668967,0,4,22.2,53.4,52.4,1.7,152.9
11071,1780419669000,0,4,22.8,52.8,54.2,2.9,151.0
11072,1780419669033,0,4,22.5,52.1,59.0,1.3,157.5
11073,1780419669067,0,4,22.7,50.5,59.1,2.0,148.5
11074,1780419669100,0,4,22.3,53.5,41.8,1.4,148.1
11075,1780419669133,0,4,22.3,51.4,41.7,1.7,141.7
11076,1780419669167,0,4,22.3,53.2,43.3,2.5,154.9
11077,1780419669200,0,4,22.5,52.1,59.9,1.0,141.1
11078,1780419669233,0,4,22.6,49.1,57.8,1.3,158.2
11079,1780419669267,0,4,22.3,53.7,59.1,1.4,143.4
11080,1780419669300,0,4,22.4,52.9,44.0,3.5,147.1
11081,1780419669333,0,4,22.4,50.9,52.2,3.0,153.8
11082,1780419669367,0,4,22.4,48.4,44.8,3.1,155.6
11083,1780419669400,0,4,22.3,53.0,39.8,2.4,144.8
11084,1780419669433,0,4,22.5,53.1,23.0,1.5,157.0
11085,1780419669467,0,4,22.6,50.0,54.7,1.2,142.2
11086,1780419669500,0,4,22.4,49.8,59.8,3.8,155.3
11087,1780419669533,0,4,22.6,52.1,50.2,2.7,148.5
11088,1780419669567,0,4,22.2,51.8,42.9,2.9,157.7
11089,1780419669600,0,4,22.3,49.7,41.8,1.3,157.9
11090,1780419669633,0,4,22.4,53.2,27.1,2.5,155.5
11091,1780419669667,0,4,22.8,50.7,22.0,2.8,148.7
11092,1780419669700,0,4,22.7,52.4,46.5,3.5,150.9
11093,1780419669733,0,4,22.7,51.1,35.5,3.9,153.0
11094,1780419669767,0,4,22.3,49.6,58.0,3.1,158.0
11095,1780419669800,0,4,22.5,52.6,39.7,2.7,144.1
11096,1780419669833,0,4,22.6,52.6,40.6,4.0,151.3
11097,1780419669867,0,4,22.6,49.6,46.3,3.7,143.9
11098,1780419669900,0,4,22.3,52.5,59.4,1.3,155.8
11099,1780419669933,0,4,22.4,52.3,54.0,1.8,140.7
11100,1780419669967,0,4,22.3,53.4,55.8,1.3,149.5
11101,1780419670000,0,4,22.7,48.6,52.9,1.4,146.2
11102,1780419670033,0,4,22.2,50.7,42.9,2.7,147.9
11103,1780419670067,0,4,22.3,52.9,36.3,3.6,150.7
11104,1780419670100,0,4,22.7,51.5,50.9,1.7,140.2
11105,1780419670133,0,4,22.6,48.1,27.2,2.1,153.6
11106,1780419670167,0,4,22.5,49.3,53.8,3.4,146.5
11107,1780419670200,0,4,22.2,52.6,33.5,3.4,144.0
11108,1780419670233,0,4,22.5,49.1,48.2,2.9,142.0
11109,1780419670267,0,4,22.6,48.2,45.9,2.9,153.6
11110,1780419670300,0,4,22.3,49.2,40.0,1.5,147.4
11111,1780419670333,0,4,22.5,51.9,47.8,3.2,151.6
11112,1780419670367,0,4,22.5,52.5,39.9,1.6,144.9
11113,1780419670400,0,4,22.4,50.5,59.3,3.1,140.9
11114,1780419670433,0,4,22.4,52.5,43.7,1.4,156.7
11115,1780419670467,0,4,22.3,49.5,57.5,2.0,147.8
11116,1780419670500,0,4,22.5,48.2,30.7,3.1,160.0
11117,1780419670533,0,4,22.3,50.2,21.6,1.9,151.4
11118,1780419670567,0,4,22.7,50.3,52.6,2.8,156.9
11119,1780419670600,0,4,22.5,52.2,38.3,1.9,154.6
11120,1780419670633,0,4,22.3,51.4,23.2,4.0,146.5
11121,1780419670667,0,4,22.7,48.6,58.1,2.9,142.2
11122,1780419670700,0,4,22.8,52.6,28.6,2.5,144.1
11123,1780419670733,0,4,22.6,49.1,46.8,2.5,156.3
11124,1780419670767,0,4,22.7,49.0,39.9,3.3,152.4
11125,1780419670800,0,4,22.4,51.9,39.5,2.3,145.5
11126,1780419670833,0,4,22.5,52.1,26.2,2.7,149.5
11127,1780419670867,0,4,22.3,49.1,53.4,3.0,147.2
11128,1780419670900,0,4,22.5,53.5,34.0,2.8,143.2
11129,1780419670933,0,4,22.6,53.2,27.3,2.0,158.2
11130,1780419670967,0,4,22.4,48.5,49.6,2.2,140.6
11131,1780419671000,0,4,22.8,49.7,43.8,2.9,146.9
11132,1780419671033,0,4,22.6,49.5,46.0,1.4,153.4
11133,1780419671067,0,4,22.2,53.3,29.7,1.6,156.3
11134,1780419671100,0,4,22.5,50.0,50.4,2.1,141.9
11135,1780419671133,0,4,22.6,48.2,56.3,2.4,142.8
11136,1780419671167,0,4,22.4,50.4,45.1,3.6,154.1
11137,1780419671200,0,4,22.6,51.2,38.9,3.3,151.8
11138,1780419671233,0,4,22.7,53.5,32.7,2.7,143.9
11139,1780419671267,0,4,22.5,50.7,26.0,2.9,154.1
11140,1780419671300,0,4,22.8,51.0,22.2,3.9,151.9
11141,1780419671333,0,4,22.7,49.5,35.9,2.7,152.8
11142,1780419671367,0,4,22.4,50.2,36.4,3.6,145.4
11143,1780419671400,0,4,22.7,48.5,25.9,1.7,145.6
11144,1780419671433,0,4,22.7,51.7,35.4,1.0,151.4
11145,1780419671467,0,4,22.5,48.4,39.4,3.7,155.4
11146,1780419671500,0,4,22.2,49.0,58.9,1.7,156.3
11147,1780419671533,0,4,22.3,50.1,39.2,2.7,146.0
11148,1780419671567,0,4,22.4,50.9,22.4,3.4,147.7
11149,1780419671600,0,4,22.6,49.7,41.3,3.0,143.4
11150,1780419671633,0,4,22.4,51.9,47.4,3.1,142.4
11151,1780419671667,0,4,22.8,48.9,28.3,2.6,157.0
11152,1780419671700,0,4,22.5,52.5,49.7,2.1,141.3
11153,1780419671733,0,4,22.2,51.7,22.9,2.0,158.6
11154,1780419671767,0,4,22.4,50.3,33.0,3.2,145.2
11155,1780419671800,0,4,22.4,50.4,54.8,3.1,157.2
11156,1780419671833,0,4,22.8,48.0,22.7,3.5,140.6
11157,1780419671867,0,4,22.3,52.9,37.0,2.6,159.9
11158,1780419671900,0,4,22.3,51.6,26.4,2.5,150.9
11159,1780419671933,0,4,22.6,48.8,49.1,2.3,158.2
11160,1780419671967,0,4,22.6,53.7,57.0,1.3,142.4
11161,1780419672000,0,4,22.2,50.8,54.2,1.3,146.8
11162,1780419672033,0,4,22.6,49.5,27.1,4.0,152.1
11163,1780419672067,0,4,22.8,53.8,35.0,2.8,147.1
11164,1780419672100,0,4,22.4,50.5,39.3,1.9,150.4
11165,1780419672133,0,4,22.3,48.5,48.0,3.3,147.1
11166,1780419672167,0,4,22.3,53.5,38.4,3.2,145.8
11167,1780419672200,0,4,22.7,50.3,23.4,3.7,145.3
11168,1780419672233,0,4,22.5,53.0,56.8,3.3,141.7
11169,1780419672267,0,4,22.2,51.9,22.4,1.4,148.6
11170,1780419672300,0,4,22.4,52.9,45.7,1.2,158.4
11171,1780419672333,0,4,22.7,53.9,20.3,1.3,158.8
11172,1780419672367,0,4,22.7,53.9,49.0,3.3,143.4
11173,1780419672400,0,4,22.4,52.0,50.9,2.5,143.8
11174,1780419672433,0,4,22.4,48.4,56.3,1.3,153.8
11175,1780419672467,0,4,22.3,53.1,31.7,2.2,146.4
11176,1780419672500,0,4,22.4,49.0,49.5,1.5,148.9
11177,1780419672533,0,4,22.7,53.1,20.2,2.4,157.6
11178,1780419672567,0,4,22.7,52.9,39.2,1.7,152.7
11179,1780419672600,0,4,22.3,50.6,22.9,1.5,153.1
11180,1780419672633,0,4,22.3,48.3,55.5,1.1,150.0
11181,1780419672667,0,4,22.5,48.8,22.8,2.7,142.7
11182,1780419672700,0,4,22.7,51.7,22.0,1.9,143.4
11183,1780419672733,0,4,22.3,53.6,49.6,3.7,159.1
11184,1780419672767,0,4,22.7,49.1,34.8,3.3,146.0
11185,1780419672800,0,4,22.6,53.4,20.3,3.3,144.9
11186,1780419672833,0,4,22.8,50.2,47.9,3.4,143.2
11187,1780419672867,0,4,22.7,48.3,53.0,1.9,142.0
11188,1780419672900,0,4,22.7,52.8,21.3,4.0,144.4
11189,1780419672933,0,4,22.5,48.1,59.3,1.9,151.6
11190,1780419672967,0,4,22.5,50.4,56.2,2.2,145.2
11191,1780419673000,0,4,22.7,50.2,40.2,1.6,147.1
11192,1780419673033,0,4,22.6,49.1,40.7,2.1,146.3
11193,1780419673067,0,4,22.6,50.2,26.7,3.6,156.8
11194,1780419673100,0,4,22.7,49.8,55.8,1.2,150.2
11195,1780419673133,0,4,22.2,49.6,51.4,1.6,155.9
11196,1780419673167,0,4,22.7,52.0,34.4,2.7,153.2
11197,1780419673200,0,4,22.4,51.4,38.9,1.6,140.5
11198,1780419673233,0,4,22.8,50.0,23.3,2.7,150.4
11199,1780419673267,0,4,22.7,48.1,55.4,2.1,145.7
11200,1780419673300,0,4,22.3,49.3,55.9,3.1,157.6
11201,1780419673333,0,4,22.7,51.2,45.1,1.3,157.4
11202,1780419673367,0,4,22.7,51.0,43.7,2.4,147.0
11203,1780419673400,0,4,22.3,49.8,48.7,3.7,147.4
11204,1780419673433,0,4,22.5,48.3,31.9,2.3,142.0
11205,1780419673467,0,4,22.8,48.2,25.0,1.9,152.2
11206,1780419673500,0,4,22.7,50.6,52.5,2.4,150.9
11207,1780419673533,0,4,22.4,49.6,43.3,3.0,143.7
11208,1780419673567,0,4,22.7,48.0,25.6,1.9,144.8
11209,1780419673600,0,4,22.3,51.7,41.3,3.2,145.6
11210,1780419673633,0,4,22.4,52.4,50.6,2.6,151.7
11211,1780419673667,0,4,22.7,48.8,32.7,3.8,157.5
11212,1780419673700,0,4,22.3,49.3,57.4,2.2,140.5
11213,1780419673733,0,4,22.8,50.3,39.5,1.4,157.4
11214,1780419673767,0,4,22.7,53.7,59.4,1.1,150.9
11215,1780419673800,0,4,22.7,48.1,49.6,3.0,158.2
11216,1780419673833,0,4,22.7,48.7,35.8,2.9,157.7
11217,1780419673867,0,4,22.6,50.7,57.1,3.5,148.2
11218,1780419673900,0,4,22.5,50.1,23.2,3.6,143.9
11219,1780419673933,0,4,22.4,50.3,51.8,3.7,143.7
11220,1780419673967,0,4,22.7,50.9,21.3,3.2,154.6
11221,1780419674000,0,4,22.6,48.6,29.1,1.3,154.3
11222,1780419674033,0,4,22.2,51.6,32.3,3.8,146.8
11223,1780419674067,0,4,22.5,54.0,20.1,2.0,150.4
11224,1780419674100,0,4,22.3,49.1,26.6,3.4,144.3
11225,1780419674133,0,4,22.7,53.8,58.7,1.3,144.3
11226,1780419674167,0,4,22.5,53.9,54.2,1.9,142.9
11227,1780419674200,0,4,22.5,51.0,52.7,3.5,140.9
11228,1780419674233,0,4,22.4,49.1,49.1,3.3,149.6
11229,1780419674267,0,4,22.5,50.3,31.1,2.2,154.5
11230,1780419674300,0,4,22.5,53.5,29.9,3.5,148.7
11231,1780419674333,0,4,22.2,50.9,37.9,3.4,144.3
11232,1780419674367,0,4,22.4,50.3,39.1,2.2,157.8
11233,1780419674400,0,4,22.7,52.9,21.0,2.3,156.8
11234,1780419674433,0,4,22.7,53.0,59.3,1.0,147.3
11235,1780419674467,0,4,22.8,52.5,39.6,1.2,153.2
11236,1780419674500,0,4,22.3,49.6,21.0,3.5,154.4
11237,1780419674533,0,4,22.4,48.1,43.5,2.7,154.9
11238,1780419674567,0,4,22.3,52.8,34.7,1.8,160.0
11239,1780419674600,0,4,22.3,50.7,36.5,2.3,154.2
11240,1780419674633,0,4,22.2,48.6,53.0,3.4,140.1
11241,1780419674667,0,4,22.8,48.8,39.1,3.1,155.1
11242,1780419674700,0,4,22.6,50.0,34.4,2.1,152.7
11243,1780419674733,0,4,22.5,50.5,46.1,3.5,153.0
11244,1780419674767,0,4,22.6,49.1,43.5,1.1,143.8
11245,1780419674800,0,4,22.3,50.0,50.3,3.2,156.1
11246,1780419674833,0,4,22.3,49.8,38.4,1.8,152.4
11247,1780419674867,0,4,22.7,51.5,46.5,2.7,152.9
11248,1780419674900,0,4,22.8,52.2,36.9,1.7,155.9
11249,1780419674933,0,4,22.6,52.0,51.1,2.7,140.6
11250,1780419674967,0,4,22.7,49.1,36.2,2.1,145.9
11251,1780419675000,0,4,22.7,52.7,20.6,1.5,150.3
11252,1780419675033,0,4,22.5,50.1,48.5,2.8,140.2
11253,1780419675067,0,4,22.4,53.7,58.5,2.5,140.6
11254,1780419675100,0,4,22.2,53.2,25.8,3.3,140.5
11255,1780419675133,0,4,22.6,50.8,54.1,3.0,148.8
11256,1780419675167,0,4,22.3,51.3,36.0,1.3,143.6
11257,1780419675200,0,4,22.6,51.7,28.4,1.1,153.6
11258,1780419675233,0,4,22.5,50.4,35.4,1.2,146.7
11259,1780419675267,0,4,22.4,49.2,37.8,3.3,155.3
11260,1780419675300,0,4,22.7,48.1,32.1,1.6,146.8
11261,1780419675333,0,4,22.3,52.2,20.3,2.5,155.3
11262,1780419675367,0,4,22.8,49.2,32.5,2.2,146.2
11263,1780419675400,0,4,22.6,51.6,40.7,3.7,149.1
11264,1780419675433,0,4,22.6,49.6,32.8,1.2,151.5
11265,1780419675467,0,4,22.4,52.3,42.2,1.7,147.0
11266,1780419675500,0,4,22.5,48.5,38.6,2.1,147.2
11267,1780419675533,0,4,22.4,49.1,55.2,3.7,157.0
11268,1780419675567,0,4,22.7,50.8,56.8,1.9,155.8
11269,1780419675600,0,4,22.6,49.7,36.0,1.3,145.5
11270,1780419675633,0,4,22.3,48.0,29.1,1.2,148.7
11271,1780419675667,0,4,22.6,48.3,22.4,3.9,141.3
11272,1780419675700,0,4,22.7,48.8,25.7,1.5,142.0
11273,1780419675733,0,4,22.8,53.1,29.3,2.9,149.6
11274,1780419675767,0,4,22.3,52.3,59.2,3.3,141.1
11275,1780419675800,0,4,22.3,52.0,42.5,1.5,147.6
11276,1780419675833,0,4,22.6,51.3,30.9,1.8,158.9
11277,1780419675867,0,4,22.7,52.3,46.6,3.6,152.6
11278,1780419675900,0,4,22.5,51.9,25.3,3.7,150.7
11279,1780419675933,0,4,22.2,52.5,30.0,3.7,143.9
11280,1780419675967,0,4,22.8,50.4,40.7,1.8,154.8
11281,1780419676000,0,4,22.4,48.0,43.5,1.0,144.2
11282,1780419676033,0,4,22.6,51.4,40.7,3.5,144.1
11283,1780419676067,0,4,22.4,48.9,58.0,3.9,149.9
11284,1780419676100,0,4,22.7,50.9,52.1,1.5,145.3
11285,1780419676133,0,4,22.5,49.1,41.6,3.0,154.8
11286,1780419676167,0,4,22.7,51.2,40.8,1.5,152.8
11287,1780419676200,0,4,22.7,48.4,40.2,2.8,146.9
11288,1780419676233,0,4,22.6,50.4,58.6,2.2,148.2
11289,1780419676267,0,4,22.6,49.6,39.1,2.9,147.2
11290,1780419676300,0,4,22.5,52.0,29.3,1.9,156.8
11291,1780419676333,0,4,22.5,51.2,35.4,1.7,153.6
11292,1780419676367,0,4,22.8,49.6,44.4,2.1,156.1
11293,1780419676400,0,4,22.8,50.4,45.6,1.5,144.2
11294,1780419676433,0,4,22.5,53.7,51.7,1.8,154.7
11295,1780419676467,0,4,22.7,50.5,20.1,1.5,158.0
11296,1780419676500,0,4,22.7,49.0,57.2,2.3,159.8
11297,1780419676533,0,4,22.7,53.8,28.2,1.9,142.3
11298,1780419676567,0,4,22.5,48.6,22.0,2.4,153.5
11299,1780419676600,0,4,22.6,48.3,35.8,1.8,141.4
11300,1780419676633,0,4,22.5,51.8,43.0,2.8,147.0
11301,1780419676667,0,4,22.3,52.4,55.3,1.1,155.4
11302,1780419676700,0,4,22.4,51.7,45.4,2.8,159.5
11303,1780419676733,0,4,22.4,49.0,45.7,2.0,159.6
11304,1780419676767,0,4,22.7,53.8,41.5,3.8,154.4
11305,1780419676800,0,4,22.6,48.8,44.9,3.2,146.3
11306,1780419676833,0,4,22.7,49.1,31.5,2.7,146.3
11307,1780419676867,0,4,22.5,53.7,42.4,1.9,149.1
11308,1780419676900,0,4,22.6,51.0,57.5,1.3,152.7
11309,1780419676933,0,4,22.6,52.1,21.8,3.1,146.8
11310,1780419676967,0,4,22.4,50.0,48.4,1.3,142.8
11311,1780419677000,0,4,22.7,49.3,31.6,1.8,145.5
11312,1780419677033,0,4,22.7,52.0,54.3,4.0,156.3
11313,1780419677067,0,4,22.3,49.3,45.5,1.9,158.9
11314,1780419677100,0,4,22.8,48.4,34.2,2.8,141.2
11315,1780419677133,0,4,22.7,52.3,53.5,2.2,152.1
11316,1780419677167,0,4,22.6,50.6,53.8,3.9,157.3
11317,1780419677200,0,4,22.4,50.0,37.1,1.1,159.4
11318,1780419677233,0,4,22.2,48.1,49.2,1.8,143.0
11319,1780419677267,0,4,22.2,52.3,29.4,2.5,155.0
11320,1780419677300,0,4,22.4,50.0,32.7,2.9,146.0
11321,1780419677333,0,4,22.6,53.2,51.5,2.6,143.2
11322,1780419677367,0,4,22.5,49.3,34.3,2.9,157.3
11323,1780419677400,0,4,22.3,53.4,40.1,2.8,157.3
11324,1780419677433,0,4,22.5,49.9,46.2,3.6,141.0
11325,1780419677467,0,4,22.5,51.0,27.9,3.4,148.7
11326,1780419677500,0,4,22.5,49.4,55.4,3.2,155.0
11327,1780419677533,0,4,22.4,52.0,55.7,2.0,149.3
11328,1780419677567,0,4,22.4,51.3,24.0,1.2,157.7
11329,1780419677600,0,4,22.4,50.8,46.5,1.6,143.5
11330,1780419677633,0,4,22.5,49.0,43.8,3.0,144.7
11331,1780419677667,0,4,22.3,48.8,52.1,1.5,153.1
11332,1780419677700,0,4,22.3,48.4,23.2,2.0,156.3
11333,1780419677733,0,4,22.3,53.2,36.9,2.0,144.4
11334,1780419677767,0,4,22.7,53.5,23.7,2.1,148.2
11335,1780419677800,0,4,22.7,53.1,39.3,3.8,144.8
11336,1780419677833,0,4,22.8,53.6,25.0,1.3,145.3
11337,1780419677867,0,4,22.6,53.0,44.6,1.4,147.6
11338,1780419677900,0,4,22.7,49.8,47.9,4.0,151.0
11339,1780419677933,0,4,22.8,51.8,33.5,1.3,144.7
11340,1780419677967,0,4,22.7,51.0,54.9,2.4,149.5
11341,1780419678000,0,4,22.2,49.6,25.6,1.4,144.0
11342,1780419678033,0,4,22.2,54.0,59.3,1.5,146.1
11343,1780419678067,0,4,22.3,49.2,33.8,2.5,149.7
11344,1780419678100,0,4,22.8,48.5,55.1,2.9,153.8
11345,1780419678133,0,4,22.6,48.1,32.0,2.5,140.1
11346,1780419678167,0,4,22.4,53.9,35.9,1.7,142.9
11347,1780419678200,0,4,22.6,49.2,35.3,3.4,142.1
11348,1780419678233,0,4,22.7,51.3,55.5,4.0,147.4
11349,1780419678267,0,4,22.3,51.6,35.7,3.9,157.8
11350,1780419678300,0,4,22.3,52.6,59.2,2.9,152.2
11351,1780419678333,0,4,22.3,50.4,28.0,2.4,146.3
11352,1780419678367,0,4,22.5,53.2,45.3,2.6,145.4
11353,1780419678400,0,4,22.7,49.4,49.8,3.8,148.3
11354,1780419678433,0,4,22.5,50.1,49.7,2.6,148.0
11355,1780419678467,0,4,22.6,49.5,52.4,2.0,157.6
11356,1780419678500,0,4,22.6,50.8,37.8,2.2,159.4
11357,1780419678533,0,4,22.4,53.8,24.1,1.4,141.8
11358,1780419678567,0,4,22.4,52.8,25.6,1.7,141.7
11359,1780419678600,0,4,22.5,51.8,20.6,2.0,155.6
11360,1780419678633,0,4,22.4,53.3,21.0,2.6,144.3
11361,1780419678667,0,4,22.5,48.4,25.6,3.2,156.0
11362,1780419678700,0,4,22.5,53.5,56.5,3.6,156.3
11363,1780419678733,0,4,22.8,48.6,23.3,1.2,143.1
11364,1780419678767,0,4,22.6,49.2,34.3,1.8,151.5
11365,1780419678800,0,4,22.2,48.4,31.4,1.5,152.2
11366,1780419678833,0,4,22.6,49.3,20.7,1.5,149.7
11367,1780419678867,0,4,22.6,53.7,37.5,2.2,145.2
11368,1780419678900,0,4,22.7,49.0,37.0,4.0,157.3
11369,1780419678933,0,4,22.8,52.5,26.4,3.3,140.9
11370,1780419678967,0,4,22.4,50.7,36.6,1.0,143.3
11371,1780419679000,0,4,22.4,50.0,43.5,3.2,157.5
11372,1780419679033,0,4,22.7,50.2,23.2,3.1,144.9
11373,1780419679067,0,4,22.3,52.1,44.1,1.2,157.4
11374,1780419679100,0,4,22.4,53.6,37.2,3.2,147.9
11375,1780419679133,0,4,22.2,50.9,55.9,3.8,141.7
11376,1780419679167,0,4,22.8,48.4,32.0,2.7,159.8
11377,1780419679200,0,4,22.6,53.2,25.9,2.4,159.7
11378,1780419679233,0,4,22.5,52.5,58.1,1.3,157.9
11379,1780419679267,0,4,22.5,52.9,49.9,2.3,143.8
11380,1780419679300,0,4,22.3,49.9,27.9,1.3,153.0
11381,1780419679333,0,4,22.8,50.9,53.2,2.9,152.3
11382,1780419679367,0,4,22.2,51.3,36.9,1.4,148.2
11383,1780419679400,0,4,22.2,49.3,38.7,2.1,143.2
11384,1780419679433,0,4,22.3,51.7,30.4,2.6,152.5
11385,1780419679467,0,4,22.6,50.3,58.5,2.6,150.0
11386,1780419679500,0,4,22.4,48.5,58.7,3.9,148.3
11387,1780419679533,0,4,22.5,51.8,27.7,2.9,158.7
11388,1780419679567,0,4,22.5,48.8,44.2,2.8,152.9
11389,1780419679600,0,4,22.4,49.3,55.7,3.7,157.2
11390,1780419679633,0,4,22.6,49.3,49.3,1.9,143.6
11391,1780419679667,0,4,22.2,53.2,41.7,1.5,141.2
11392,1780419679700,0,4,22.7,53.7,58.1,3.2,159.8
11393,1780419679733,0,4,22.7,51.1,22.5,2.7,142.1
11394,1780419679767,0,4,22.7,52.9,58.3,1.7,152.8
11395,1780419679800,0,4,22.6,48.5,26.9,2.9,154.2
11396,1780419679833,0,4,22.5,48.5,39.9,2.9,157.2
11397,1780419679867,0,4,22.7,53.7,20.6,2.4,143.3
11398,1780419679900,0,4,22.2,48.5,26.6,1.8,149.9
11399,1780419679933,0,4,22.5,48.3,46.0,3.7,141.6
11400,1780419679967,0,4,22.4,49.2,38.4,2.4,152.2
11401,1780419680000,0,4,22.2,48.9,24.5,3.7,158.5
11402,1780419680033,0,4,22.6,49.9,54.1,3.3,159.9
11403,1780419680067,0,4,22.2,51.4,29.5,2.7,152.9
11404,1780419680100,0,4,22.6,49.0,51.3,4.0,151.5
11405,1780419680133,0,4,22.3,50.6,35.9,1.0,151.9
11406,1780419680167,0,4,22.5,49.2,38.8,3.9,146.0
11407,1780419680200,0,4,22.3,50.1,22.8,1.5,156.3
11408,1780419680233,0,4,22.6,49.6,59.6,3.1,143.8
11409,1780419680267,0,4,22.4,50.2,22.8,3.6,158.6
11410,1780419680300,0,4,22.7,48.2,27.8,2.2,144.4
11411,1780419680333,0,4,22.3,52.9,35.6,3.3,150.1
11412,1780419680367,0,4,22.7,50.6,29.2,3.1,149.1
11413,1780419680400,0,4,22.5,48.3,50.6,1.1,141.6
11414,1780419680433,0,4,22.4,53.8,54.0,1.2,148.2
11415,1780419680467,0,4,22.8,48.0,33.1,2.2,152.1
11416,1780419680500,0,4,22.8,50.5,33.4,3.3,159.0
11417,1780419680533,0,4,22.4,52.2,36.4,2.3,152.3
11418,1780419680567,0,4,22.4,51.2,45.3,2.4,146.7
11419,1780419680600,0,4,22.5,52.9,57.3,1.8,154.6
11420,1780419680633,0,4,22.4,52.9,58.9,1.7,153.2
11421,1780419680667,0,4,22.3,52.2,26.3,3.9,158.6
11422,1780419680700,0,4,22.5,50.9,47.0,1.4,157.0
11423,1780419680733,0,4,22.3,49.2,26.0,2.3,156.3
11424,1780419680767,0,4,22.8,50.5,29.4,2.2,150.6
11425,1780419680800,0,4,22.4,53.3,24.6,1.2,141.8
11426,1780419680833,0,4,22.3,50.5,57.7,2.0,144.9
11427,1780419680867,0,4,22.2,50.4,46.6,1.9,151.3
11428,1780419680900,0,4,22.7,53.3,20.9,1.7,153.4
11429,1780419680933,0,4,22.2,48.9,24.1,2.9,158.4
11430,1780419680967,0,4,22.3,51.2,33.7,3.1,141.3
11431,1780419681000,0,4,22.3,49.6,32.8,3.3,146.6
11432,1780419681033,0,4,22.5,50.9,56.5,3.9,145.9
11433,1780419681067,0,4,22.6,51.0,51.5,3.3,158.2
11434,1780419681100,0,4,22.4,53.2,51.7,2.2,146.9
11435,1780419681133,0,4,22.2,52.0,46.5,3.1,142.3
11436,1780419681167,0,4,22.3,51.7,21.0,2.9,158.2
11437,1780419681200,0,4,22.4,52.1,31.4,2.8,143.5
11438,1780419681233,0,4,22.5,50.5,45.8,3.8,149.7
11439,1780419681267,0,4,22.6,51.2,30.9,2.3,140.5
11440,1780419681300,0,4,22.2,53.3,40.5,2.1,146.6
11441,1780419681333,0,4,22.5,52.5,38.4,2.6,156.7
11442,1780419681367,0,4,22.6,49.6,41.2,3.3,159.1
11443,1780419681400,0,4,22.8,49.2,35.1,1.7,140.2
11444,1780419681433,0,4,22.2,49.6,25.8,2.9,146.0
11445,1780419681467,0,4,22.3,50.8,56.4,1.5,142.6
11446,1780419681500,0,4,22.7,52.6,40.4,3.4,149.9
11447,1780419681533,0,4,22.7,51.2,57.2,3.8,141.8
11448,1780419681567,0,4,22.7,50.1,36.2,2.7,154.1
11449,1780419681600,0,4,22.7,53.9,30.0,2.5,147.7
11450,1780419681633,0,4,22.4,52.5,48.6,3.8,157.3
11451,1780419681667,0,4,22.2,51.2,39.6,1.9,153.6
11452,1780419681700,0,4,22.6,51.6,20.1,3.4,158.3
11453,1780419681733,0,4,22.2,52.7,49.2,3.3,150.6
11454,1780419681767,0,4,22.4,50.6,56.7,3.0,146.4
11455,1780419681800,0,4,22.4,53.1,45.9,1.2,159.4
11456,1780419681833,0,4,22.2,52.9,45.1,3.2,142.5
11457,1780419681867,0,4,22.7,48.5,33.7,3.0,145.2
11458,1780419681900,0,4,22.6,49.1,51.2,1.5,154.1
11459,1780419681933,0,4,22.8,49.0,56.0,2.4,158.6
11460,1780419681967,0,4,22.5,49.1,28.8,1.4,157.9
11461,1780419682000,0,4,22.2,53.4,32.6,3.3,142.4
11462,1780419682033,0,4,22.4,50.6,21.2,1.1,148.7
11463,1780419682067,0,4,22.4,50.6,22.9,3.7,147.9
11464,1780419682100,0,4,22.7,53.2,53.0,1.7,152.2
11465,1780419682133,0,4,22.4,50.8,35.8,3.6,148.8
11466,1780419682167,0,4,22.5,49.1,30.2,1.6,149.6
11467,1780419682200,0,4,22.2,50.1,53.7,3.6,142.2
11468,1780419682233,0,4,22.3,51.4,56.5,2.5,147.0
11469,1780419682267,0,4,22.8,52.7,54.9,2.0,153.2
11470,1780419682300,0,4,22.5,53.2,27.7,3.9,147.7
11471,1780419682333,0,4,22.8,48.7,51.3,1.7,159.9
11472,1780419682367,0,4,22.8,48.5,54.7,3.5,145.6
11473,1780419682400,0,4,22.4,52.6,48.3,3.6,156.9
11474,1780419682433,0,4,22.4,51.1,58.7,1.4,154.3
11475,1780419682467,0,4,22.6,49.9,42.7,3.3,140.5
11476,1780419682500,0,4,22.6,48.8,48.9,1.4,154.8
11477,1780419682533,0,4,22.7,52.5,29.9,1.3,151.8
11478,1780419682567,0,4,22.6,49.5,57.1,1.5,142.8
11479,1780419682600,0,4,22.6,51.0,26.5,3.3,147.2
11480,1780419682633,0,4,22.2,52.7,41.0,1.7,157.0
11481,1780419682667,0,4,22.5,53.4,31.2,3.7,153.9
11482,1780419682700,0,4,22.7,51.7,28.4,1.8,153.5
11483,1780419682733,0,4,22.3,52.6,20.8,2.4,144.1
11484,1780419682767,0,4,22.7,48.4,38.1,1.2,149.1
11485,1780419682800,0,4,22.7,50.0,52.7,3.5,144.4
11486,1780419682833,0,4,22.6,53.0,33.0,1.2,155.0
11487,1780419682867,0,4,22.6,50.8,37.9,2.0,146.4
11488,1780419682900,0,4,22.4,51.8,53.4,1.3,150.5
11489,1780419682933,0,4,22.3,52.5,31.2,1.5,145.6
11490,1780419682967,0,4,22.5,52.9,51.6,1.1,157.8
11491,1780419683000,0,4,22.3,51.1,26.8,2.9,155.9
11492,1780419683033,0,4,22.5,52.1,39.7,1.6,157.9
11493,1780419683067,0,4,22.8,50.2,57.5,3.0,149.2
11494,1780419683100,0,4,22.8,54.0,25.3,1.3,157.2
11495,1780419683133,0,4,22.5,48.5,37.8,3.3,159.2
11496,1780419683167,0,4,22.3,50.6,22.2,2.3,158.2
11497,1780419683200,0,4,22.7,49.7,29.6,2.0,146.7
11498,1780419683233,0,4,22.7,49.7,59.2,2.1,150.7
11499,1780419683267,0,4,22.5,52.9,50.5,1.2,151.7
11500,1780419683300,0,4,22.6,48.4,58.6,3.2,155.3
11501,1780419683333,0,4,22.3,48.9,46.5,1.1,157.1
11502,1780419683367,0,4,22.5,49.5,50.5,3.3,142.9
11503,1780419683400,0,4,22.8,51.2,56.0,1.5,145.0
11504,1780419683433,0,4,22.6,50.8,43.3,1.0,144.8
11505,1780419683467,0,4,22.5,50.7,55.1,2.6,149.1
11506,1780419683500,0,4,22.5,51.4,20.1,2.2,155.3
11507,1780419683533,0,4,22.3,53.5,54.8,1.6,143.9
11508,1780419683567,0,4,22.4,51.4,54.0,1.1,142.2
11509,1780419683600,0,4,22.7,51.4,38.4,3.0,143.3
11510,1780419683633,0,4,22.4,52.3,22.6,3.4,154.8
11511,1780419683667,0,4,22.6,51.1,45.7,2.0,156.5
11512,1780419683700,0,4,22.4,48.5,56.4,3.4,148.0
11513,1780419683733,0,4,22.7,53.2,58.6,1.4,152.9
11514,1780419683767,0,4,22.3,49.8,47.3,3.5,143.3
11515,1780419683800,0,4,22.3,49.9,40.6,2.6,154.9
11516,1780419683833,0,4,22.5,52.3,45.8,3.1,156.4
11517,1780419683867,0,4,22.8,48.8,39.8,2.7,140.2
11518,1780419683900,0,4,22.7,50.9,28.8,3.6,145.3
11519,1780419683933,0,4,22.3,52.2,52.3,2.8,144.0
11520,1780419683967,0,4,22.8,48.7,26.0,3.6,145.0
11521,1780419684000,0,4,22.5,53.0,39.5,1.3,157.1
11522,1780419684033,0,4,22.3,48.4,38.1,1.4,153.4
11523,1780419684067,0,4,22.3,48.7,57.1,1.4,144.6
11524,1780419684100,0,4,22.6,53.6,53.7,1.4,150.8
11525,1780419684133,0,4,22.6,52.3,28.9,2.3,151.4
11526,1780419684167,0,4,22.7,50.1,32.4,2.2,159.2
11527,1780419684200,0,4,22.3,51.2,49.3,1.8,152.8
11528,1780419684233,0,4,22.7,48.4,43.7,2.2,143.3
11529,1780419684267,0,4,22.5,48.3,23.3,3.6,157.3
11530,1780419684300,0,4,22.5,50.9,48.5,2.3,148.3
11531,1780419684333,0,4,22.6,48.1,25.3,2.4,157.6
11532,1780419684367,0,4,22.5,53.7,21.5,1.1,148.1
11533,1780419684400,0,4,22.8,48.5,49.4,3.7,142.0
11534,1780419684433,0,4,22.5,53.5,39.3,1.8,147.0
11535,1780419684467,0,4,22.5,51.5,20.8,1.3,156.3
11536,1780419684500,0,4,22.5,52.8,56.7,2.1,148.5
11537,1780419684533,0,4,22.6,52.9,35.4,3.4,146.5
11538,1780419684567,0,4,22.3,50.0,34.2,1.6,147.8
11539,1780419684600,0,4,22.3,51.5,37.2,2.3,148.8
11540,1780419684633,0,4,22.5,49.9,48.9,1.5,156.7
11541,1780419684667,0,4,22.2,49.3,38.9,2.1,155.6
11542,1780419684700,0,4,22.4,53.6,41.3,2.3,153.1
11543,1780419684733,0,4,22.4,49.6,33.6,3.6,154.9
11544,1780419684767,0,4,22.3,50.3,52.0,1.7,157.5
11545,1780419684800,0,4,22.8,49.3,29.1,3.4,151.0
11546,1780419684833,0,4,22.2,51.0,58.6,3.6,156.0
11547,1780419684867,0,4,22.7,50.7,28.4,1.2,151.0
11548,1780419684900,0,4,22.3,52.7,35.2,1.1,154.5
11549,1780419684933,0,4,22.2,49.0,26.5,3.0,153.1
11550,1780419684967,0,4,22.5,50.9,47.8,3.5,150.9
11551,1780419685000,0,4,22.3,50.6,21.7,2.6,141.8
11552,1780419685033,0,4,22.5,49.4,47.1,1.6,145.7
11553,1780419685067,0,4,22.4,50.3,38.3,2.8,142.6
11554,1780419685100,0,4,22.3,51.2,40.5,2.0,155.0
11555,1780419685133,0,4,22.3,53.5,24.1,2.9,154.6
11556,1780419685167,0,4,22.6,50.0,45.5,3.1,146.1
11557,1780419685200,0,4,22.7,52.7,31.0,3.3,149.8
11558,1780419685233,0,4,22.6,51.0,54.7,1.6,150.3
11559,1780419685267,0,4,22.3,48.7,31.6,3.7,146.5
11560,1780419685300,0,4,22.7,49.1,43.1,1.1,151.0
11561,1780419685333,0,4,22.2,48.7,52.8,3.9,157.9
11562,1780419685367,0,4,22.5,51.5,49.5,3.9,147.6
11563,1780419685400,0,4,22.5,49.0,30.0,3.7,157.8
11564,1780419685433,0,4,22.6,50.0,35.6,2.9,159.3
11565,1780419685467,0,4,22.8,52.2,23.4,2.6,149.4
11566,1780419685500,0,4,22.7,49.6,38.0,3.4,148.8
11567,1780419685533,0,4,22.5,50.1,22.6,1.9,145.1
11568,1780419685567,0,4,22.6,53.3,23.4,3.3,141.2
11569,1780419685600,0,4,22.3,49.6,54.2,2.4,156.5
11570,1780419685633,0,4,22.4,53.0,20.7,3.4,157.8
11571,1780419685667,0,4,22.3,53.5,59.5,3.4,148.0
11572,1780419685700,0,4,22.3,52.6,54.7,1.2,143.9
11573,1780419685733,0,4,22.2,50.3,40.7,2.3,146.8
11574,1780419685767,0,4,22.5,49.3,35.8,2.7,146.5
11575,1780419685800,0,4,22.4,48.3,31.2,3.1,158.3
11576,1780419685833,0,4,22.6,50.2,33.4,3.7,147.7
11577,1780419685867,0,4,22.4,48.1,55.8,3.1,145.9
11578,1780419685900,0,4,22.6,49.0,55.2,1.0,152.1
11579,1780419685933,0,4,22.3,49.3,43.2,1.9,150.2
11580,1780419685967,0,4,22.4,48.2,32.9,2.9,147.2
11581,1780419686000,0,4,22.3,50.2,45.5,2.7,149.7
11582,1780419686033,0,4,22.4,48.5,55.4,2.3,145.3
11583,1780419686067,0,4,22.4,49.2,41.4,3.0,142.8
11584,1780419686100,0,4,22.6,49.4,49.8,2.4,155.4
11585,1780419686133,0,4,22.4,49.7,56.8,1.8,150.9
11586,1780419686167,0,4,22.6,48.6,54.5,2.9,155.7
11587,1780419686200,0,4,22.2,49.1,44.8,1.5,143.8
11588,1780419686233,0,4,22.8,49.4,34.5,1.9,142.7
11589,1780419686267,0,4,22.5,50.4,24.6,2.6,144.1
11590,1780419686300,0,4,22.7,50.7,59.5,3.6,144.1
11591,1780419686333,0,4,22.4,50.8,59.9,2.5,150.5
11592,1780419686367,0,4,22.8,48.7,41.7,2.0,157.8
11593,1780419686400,0,4,22.7,49.5,30.5,2.8,149.4
11594,1780419686433,0,4,22.3,52.9,43.3,1.1,144.2
11595,1780419686467,0,4,22.3,52.8,31.2,1.6,149.1
11596,1780419686500,0,4,22.3,51.1,37.4,1.7,151.1
11597,1780419686533,0,4,22.6,49.2,53.2,2.6,150.9
11598,1780419686567,0,4,22.5,48.1,57.8,2.8,152.1
11599,1780419686600,0,4,22.5,52.5,30.3,3.0,147.0
11600,1780419686633,0,4,22.6,50.3,58.0,4.0,141.5
11601,1780419686667,0,4,22.5,50.7,40.4,2.6,141.0
11602,1780419686700,0,4,22.7,50.7,28.4,3.4,156.9
11603,1780419686733,0,4,22.2,50.0,34.7,3.9,155.0
11604,1780419686767,0,4,22.2,50.0,27.5,2.2,144.2
11605,1780419686800,0,4,22.2,49.5,42.5,2.6,154.1
11606,1780419686833,0,4,22.5,49.7,44.8,3.6,157.3
11607,1780419686867,0,4,22.7,51.5,41.6,2.1,141.0
11608,1780419686900,0,4,22.7,52.6,30.3,1.4,159.0
11609,1780419686933,0,4,22.3,48.6,31.1,3.5,145.4
11610,1780419686967,0,4,22.5,52.3,22.9,1.4,148.8
11611,1780419687000,0,4,22.5,48.7,53.3,2.4,142.6
11612,1780419687033,0,4,22.3,52.1,59.6,3.5,157.3
11613,1780419687067,0,4,22.5,52.0,53.5,3.0,153.6
11614,1780419687100,0,4,22.7,50.2,47.5,1.9,151.3
11615,1780419687133,0,4,22.8,48.2,45.1,1.7,149.0
11616,1780419687167,0,4,22.4,51.6,49.2,2.8,144.3
11617,1780419687200,0,4,22.8,49.6,24.6,3.6,149.1
11618,1780419687233,0,4,22.8,48.9,41.1,3.3,159.4
11619,1780419687267,0,4,22.5,54.0,36.4,2.7,140.2
11620,1780419687300,0,4,22.7,51.8,48.3,2.5,142.4
11621,1780419687333,0,4,22.3,52.3,47.4,3.2,159.1
11622,1780419687367,0,4,22.2,50.6,21.8,3.9,150.7
11623,1780419687400,0,4,22.6,48.0,59.7,2.6,145.8
11624,1780419687433,0,4,22.7,49.6,49.0,2.2,152.0
11625,1780419687467,0,4,22.7,51.8,48.6,3.2,159.3
11626,1780419687500,0,4,22.6,49.4,57.0,1.1,155.0
11627,1780419687533,0,4,22.4,52.4,25.2,1.8,149.7
11628,1780419687567,0,4,22.3,52.1,41.7,3.6,158.6
11629,1780419687600,0,4,22.4,49.9,46.3,3.1,156.1
11630,1780419687633,0,4,22.5,51.6,30.2,2.2,143.4
11631,1780419687667,0,4,22.5,52.9,20.1,2.4,157.2
11632,1780419687700,0,4,22.4,50.7,32.6,2.7,154.7
11633,1780419687733,0,4,22.5,52.4,26.4,1.8,149.7
11634,1780419687767,0,4,22.3,53.2,51.7,1.0,158.7
11635,1780419687800,0,4,22.2,49.0,59.0,1.3,157.7
11636,1780419687833,0,4,22.5,49.6,58.5,2.9,144.7
11637,1780419687867,0,4,22.5,53.6,28.8,2.3,145.9
11638,1780419687900,0,4,22.6,50.0,27.2,2.6,150.2
11639,1780419687933,0,4,22.6,48.5,49.3,1.2,143.3
11640,1780419687967,0,4,22.4,50.9,32.9,1.9,145.6
11641,1780419688000,0,4,22.7,49.6,36.8,3.4,157.6
11642,1780419688033,0,4,22.6,50.2,26.3,3.4,147.3
11643,1780419688067,0,4,22.3,53.9,41.2,1.1,147.6
11644,1780419688100,0,4,22.5,48.7,37.2,2.2,158.2
11645,1780419688133,0,4,22.3,51.8,28.9,3.8,153.5
11646,1780419688167,0,4,22.6,48.4,59.5,1.2,156.9
11647,1780419688200,0,4,22.7,50.2,27.9,2.0,150.1
11648,1780419688233,0,4,22.4,50.2,43.2,3.4,148.7
11649,1780419688267,0,4,22.7,53.4,46.7,3.7,149.8
11650,1780419688300,0,4,22.7,48.9,24.1,1.8,140.2
11651,1780419688333,0,4,22.7,48.5,53.5,3.4,141.5
11652,1780419688367,0,4,22.5,52.9,30.7,2.8,147.5
11653,1780419688400,0,4,22.7,50.1,51.7,3.5,149.3
11654,1780419688433,0,4,22.4,49.7,39.0,1.4,148.3
11655,1780419688467,0,4,22.3,52.0,36.2,3.6,147.7
11656,1780419688500,0,4,22.4,53.7,42.6,2.5,141.6
11657,1780419688533,0,4,22.8,52.5,54.1,3.6,144.7
11658,1780419688567,0,4,22.5,48.6,58.1,1.1,147.8
11659,1780419688600,0,4,22.4,51.8,34.4,1.7,159.6
11660,1780419688633,0,4,22.7,52.9,55.7,4.0,150.6
11661,1780419688667,0,4,22.7,51.5,45.3,3.8,145.0
11662,1780419688700,0,4,22.3,52.3,22.5,2.4,158.4
11663,1780419688733,0,4,22.7,50.9,29.1,3.3,149.3
11664,1780419688767,0,4,22.5,51.6,37.1,1.5,148.7
11665,1780419688800,0,4,22.2,50.5,49.4,1.9,147.5
11666,1780419688833,0,4,22.5,50.5,54.9,1.2,150.9
11667,1780419688867,0,4,22.5,48.1,53.8,4.0,143.9
11668,1780419688900,0,4,22.7,52.7,43.3,3.5,156.7
11669,1780419688933,0,4,22.6,52.2,36.0,3.1,159.9
11670,1780419688967,0,4,22.3,53.4,26.4,3.5,143.2
11671,1780419689000,0,4,22.7,49.7,50.2,1.9,146.8
11672,1780419689033,0,4,22.4,52.7,26.1,2.2,142.1
11673,1780419689067,0,4,22.5,48.2,45.0,2.5,155.5
11674,1780419689100,0,4,22.5,49.4,57.5,2.4,154.6
11675,1780419689133,0,4,22.7,52.0,40.0,3.6,155.4
11676,1780419689167,0,4,22.8,51.4,57.3,1.8,151.7
11677,1780419689200,0,4,22.8,52.1,51.5,2.3,148.4
11678,1780419689233,0,4,22.2,49.5,52.8,2.8,141.1
11679,1780419689267,0,4,22.6,49.3,25.3,3.6,149.9
11680,1780419689300,0,4,22.7,52.1,46.4,2.1,141.3
11681,1780419689333,0,4,22.7,49.5,45.5,3.6,145.9
11682,1780419689367,0,4,22.5,52.8,45.9,3.9,151.7
11683,1780419689400,0,4,22.7,52.6,56.0,1.7,144.9
11684,1780419689433,0,4,22.2,52.2,40.9,3.9,148.5
11685,1780419689467,0,4,22.7,48.3,39.3,1.9,140.5
11686,1780419689500,0,4,22.6,52.8,33.8,2.1,143.7
11687,1780419689533,0,4,22.4,53.9,22.3,1.1,146.6
11688,1780419689567,0,4,22.4,51.0,26.9,3.5,152.6
11689,1780419689600,0,4,22.5,48.3,54.2,2.8,142.9
11690,1780419689633,0,4,22.6,49.4,49.9,1.3,146.0
11691,1780419689667,0,4,22.7,49.8,53.5,2.6,143.1
11692,1780419689700,0,4,22.3,53.5,59.3,2.5,146.8
11693,1780419689733,0,4,22.4,53.1,50.2,1.4,143.5
11694,1780419689767,0,4,22.5,48.9,54.7,1.7,141.9
11695,1780419689800,0,4,22.5,48.5,32.6,2.1,147.8
11696,1780419689833,0,4,22.6,49.4,53.4,3.0,155.7
11697,1780419689867,0,4,22.2,52.0,21.7,1.8,159.7
11698,1780419689900,0,4,22.4,48.6,41.0,3.9,141.9
11699,1780419689933,0,4,22.8,53.0,26.4,1.9,149.4
11700,1780419689967,0,4,22.7,50.0,48.9,1.4,155.3
11701,1780419690000,0,4,22.2,52.0,47.6,2.6,141.8
11702,1780419690033,0,4,22.8,49.3,43.2,3.6,152.8
11703,1780419690067,0,4,22.4,52.7,30.9,1.3,148.1
11704,1780419690100,0,4,22.6,49.6,28.8,2.2,157.7
11705,1780419690133,0,4,22.6,48.2,43.7,1.2,147.7
11706,1780419690167,0,4,22.6,53.6,30.6,1.8,145.3
11707,1780419690200,0,4,22.4,48.5,23.5,2.1,156.3
11708,1780419690233,0,4,22.5,49.5,56.0,2.7,157.2
11709,1780419690267,0,4,22.6,53.2,51.3,3.8,145.4
11710,1780419690300,0,4,22.7,52.9,40.0,3.8,144.5
11711,1780419690333,0,4,22.2,49.2,47.2,2.7,144.4
11712,1780419690367,0,4,22.2,53.2,32.1,3.0,159.6
11713,1780419690400,0,4,22.6,51.2,30.9,3.3,140.3
11714,1780419690433,0,4,22.7,50.0,38.3,3.2,152.6
11715,1780419690467,0,4,22.6,52.4,31.6,2.1,158.2
11716,1780419690500,0,4,22.4,53.5,45.9,2.3,145.2
11717,1780419690533,0,4,22.7,51.2,57.9,3.0,142.9
11718,1780419690567,0,4,22.5,51.6,39.6,2.4,142.1
11719,1780419690600,0,4,22.8,48.3,52.4,1.3,142.7
11720,1780419690633,0,4,22.6,50.2,51.2,2.7,147.3
11721,1780419690667,0,4,22.4,48.1,59.2,2.0,154.3
11722,1780419690700,0,4,22.5,52.5,41.9,1.2,151.2
11723,1780419690733,0,4,22.6,48.0,41.3,2.7,141.7
11724,1780419690767,0,4,22.4,50.0,24.7,1.4,140.1
11725,1780419690800,0,4,22.7,53.2,22.4,2.6,144.3
11726,1780419690833,0,4,22.3,50.2,46.6,2.9,140.7
11727,1780419690867,0,4,22.4,48.1,26.6,1.5,156.1
11728,1780419690900,0,4,22.7,52.3,43.2,3.5,142.8
11729,1780419690933,0,4,22.4,50.0,31.6,3.2,152.3
11730,1780419690967,0,4,22.5,52.1,51.9,2.4,159.5
11731,1780419691000,0,4,22.3,52.9,43.6,3.8,146.1
11732,1780419691033,0,4,22.5,49.1,47.0,2.6,154.4
11733,1780419691067,0,4,22.6,49.2,30.9,2.2,144.7
11734,1780419691100,0,4,22.8,52.2,43.6,2.1,141.3
11735,1780419691133,0,4,22.2,49.8,33.4,1.6,148.3
11736,1780419691167,0,4,22.5,50.7,41.9,2.0,153.0
11737,1780419691200,0,4,22.8,54.0,44.1,3.3,157.3
11738,1780419691233,0,4,22.8,52.2,57.5,2.9,141.8
11739,1780419691267,0,4,22.2,53.0,51.9,2.8,151.1
11740,1780419691300,0,4,22.8,51.1,38.5,1.1,153.2
11741,1780419691333,0,4,22.5,51.9,22.9,2.3,142.3
11742,1780419691367,0,4,22.5,51.3,56.7,1.0,144.1
11743,1780419691400,0,4,22.8,51.0,52.1,1.3,147.3
11744,1780419691433,0,4,22.3,52.6,44.5,1.8,151.3
11745,1780419691467,0,4,22.6,48.8,43.7,3.6,146.7
11746,1780419691500,0,4,22.3,52.7,57.6,4.0,152.0
11747,1780419691533,0,4,22.7,51.3,43.9,2.9,143.2
11748,1780419691567,0,4,22.6,51.4,30.5,3.3,149.6
11749,1780419691600,0,4,22.7,49.8,58.1,3.6,158.5
11750,1780419691633,0,4,22.5,50.5,23.9,3.0,151.2
11751,1780419691667,0,4,22.4,48.9,21.7,3.5,151.7
11752,1780419691700,0,4,22.5,50.0,59.4,2.7,144.0
11753,1780419691733,0,4,22.5,48.3,50.1,2.0,159.7
11754,1780419691767,0,4,22.3,48.1,46.6,3.2,149.5
11755,1780419691800,0,4,22.3,51.8,24.6,3.7,150.3
11756,1780419691833,0,4,22.7,49.8,53.6,3.4,141.0
11757,1780419691867,0,4,22.7,51.6,35.1,3.0,144.0
11758,1780419691900,0,4,22.5,49.7,26.1,1.9,157.9
11759,1780419691933,0,4,22.8,53.2,20.4,2.5,145.2
11760,1780419691967,0,4,22.7,48.5,47.5,3.2,141.8
11761,1780419692000,0,4,22.5,48.6,30.9,3.1,143.1
11762,1780419692033,0,4,22.5,49.5,56.8,1.1,141.4
11763,1780419692067,0,4,22.5,50.0,29.1,1.3,145.6
11764,1780419692100,0,4,22.5,53.6,28.6,1.5,156.3
11765,1780419692133,0,4,22.8,51.4,32.4,3.4,147.7
11766,1780419692167,0,4,22.4,53.0,43.7,2.7,156.2
11767,1780419692200,0,4,22.7,52.8,29.3,3.5,142.2
11768,1780419692233,0,4,22.2,50.9,52.6,1.8,154.2
11769,1780419692267,0,4,22.7,53.2,56.0,3.6,153.8
11770,1780419692300,0,4,22.6,50.7,56.1,1.0,150.7
11771,1780419692333,0,4,22.4,51.5,52.8,2.1,147.7
11772,1780419692367,0,4,22.7,53.8,53.7,2.1,150.4
11773,1780419692400,0,4,22.4,54.0,28.0,3.4,146.7
11774,1780419692433,0,4,22.4,50.3,23.7,1.4,144.7
11775,1780419692467,0,4,22.3,49.6,33.3,3.2,146.1
11776,1780419692500,0,4,22.4,50.9,34.2,1.8,151.4
11777,1780419692533,0,4,22.5,51.1,52.6,1.5,158.5
11778,1780419692567,0,4,22.7,49.3,55.3,1.9,148.7
11779,1780419692600,0,4,22.4,48.1,44.6,2.0,155.2
11780,1780419692633,0,4,22.5,48.5,45.8,3.7,150.0
11781,1780419692667,0,4,22.4,49.2,29.4,4.0,158.1
11782,1780419692700,0,4,22.6,50.8,25.0,1.2,151.5
11783,1780419692733,0,4,22.2,48.4,40.5,1.8,149.8
11784,1780419692767,0,4,22.6,48.3,34.3,2.6,152.2
11785,1780419692800,0,4,22.3,50.6,30.4,2.3,146.8
11786,1780419692833,0,4,22.5,48.8,44.4,3.4,156.5
11787,1780419692867,0,4,22.4,48.6,56.0,3.5,148.4
11788,1780419692900,0,4,22.5,52.9,41.2,2.8,158.7
11789,1780419692933,0,4,22.5,48.1,37.8,3.0,148.2
11790,1780419692967,0,4,22.2,48.8,25.9,3.9,148.9
11791,1780419693000,0,4,22.6,48.6,33.8,1.7,154.5
11792,1780419693033,0,4,22.4,51.6,58.6,2.1,154.0
11793,1780419693067,0,4,22.3,53.2,21.9,1.7,142.5
11794,1780419693100,0,4,22.7,50.2,56.4,1.7,154.2
11795,1780419693133,0,4,22.5,50.0,32.6,3.7,149.8
11796,1780419693167,0,4,22.6,48.8,23.9,2.6,157.1
11797,1780419693200,0,4,22.7,52.8,52.1,2.7,141.2
11798,1780419693233,0,4,22.6,51.9,33.8,1.7,148.5
11799,1780419693267,0,4,22.2,50.0,59.2,3.7,154.9
11800,1780419693300,0,4,22.6,49.8,45.7,3.4,145.4
11801,1780419693333,0,4,22.4,51.3,28.3,3.8,151.2
11802,1780419693367,0,4,22.3,51.3,50.7,2.3,140.9
11803,1780419693400,0,4,22.5,53.8,21.5,3.6,154.6
11804,1780419693433,0,4,22.4,53.1,38.1,1.5,145.8
11805,1780419693467,0,4,22.6,50.3,50.8,3.2,157.3
11806,1780419693500,0,4,22.6,48.2,57.6,2.1,146.4
11807,1780419693533,0,4,22.4,49.2,48.1,3.7,148.8
11808,1780419693567,0,4,22.2,52.4,44.9,1.8,150.8
11809,1780419693600,0,4,22.4,49.5,51.6,3.8,156.6
11810,1780419693633,0,4,22.2,52.7,33.0,1.3,157.0
11811,1780419693667,0,4,22.6,51.1,23.9,2.6,158.5
11812,1780419693700,0,4,22.6,51.7,58.8,1.7,143.5
11813,1780419693733,0,4,22.6,48.1,37.2,3.2,143.6
11814,1780419693767,0,4,22.3,51.7,24.3,3.8,142.0
11815,1780419693800,0,4,22.6,52.7,40.5,2.4,157.8
11816,1780419693833,0,4,22.3,48.8,43.6,2.6,151.2
11817,1780419693867,0,4,22.5,49.9,37.7,3.2,145.2
11818,1780419693900,0,4,22.3,53.0,27.5,1.3,155.0
11819,1780419693933,0,4,22.3,48.3,24.9,3.6,144.9
11820,1780419693967,0,4,22.4,51.2,56.1,2.8,143.2
11821,1780419694000,0,4,22.5,48.1,47.3,3.8,142.2
11822,1780419694033,0,4,22.7,52.7,32.3,1.4,159.2
11823,1780419694067,0,4,22.3,53.5,35.5,1.9,145.6
11824,1780419694100,0,4,22.3,53.1,58.9,3.9,153.0
11825,1780419694133,0,4,22.6,49.8,34.5,2.6,149.5
11826,1780419694167,0,4,22.6,48.4,30.7,2.1,150.2
11827,1780419694200,0,4,22.3,48.3,49.4,3.1,154.7
11828,1780419694233,0,4,22.6,49.2,31.8,2.3,144.1
11829,1780419694267,0,4,22.2,50.3,51.3,3.0,155.4
11830,1780419694300,0,4,22.6,52.6,31.2,1.5,140.4
11831,1780419694333,0,4,22.3,53.5,41.7,3.5,144.5
11832,1780419694367,0,4,22.3,50.3,22.5,2.2,145.3
11833,1780419694400,0,4,22.6,53.3,20.1,3.7,156.6
11834,1780419694433,0,4,22.7,50.8,49.9,3.4,156.3
11835,1780419694467,0,4,22.5,53.0,54.5,1.4,151.5
11836,1780419694500,0,4,22.7,51.3,24.2,3.4,148.8
11837,1780419694533,0,4,22.5,52.8,25.2,2.4,151.9
11838,1780419694567,0,4,22.2,48.8,23.5,2.4,147.6
11839,1780419694600,0,4,22.2,53.0,58.9,3.9,150.9
11840,1780419694633,0,4,22.2,49.1,41.8,2.2,145.2
11841,1780419694667,0,4,22.4,53.1,27.6,3.0,159.0
11842,1780419694700,0,4,22.4,51.1,31.9,2.4,144.7
11843,1780419694733,0,4,22.5,50.1,29.6,2.3,141.4
11844,1780419694767,0,4,22.4,48.5,44.7,1.1,150.5
11845,1780419694800,0,4,22.5,53.7,31.5,1.4,158.2
11846,1780419694833,0,4,22.7,53.8,47.9,1.7,153.6
11847,1780419694867,0,4,22.6,49.6,40.8,1.7,152.4
11848,1780419694900,0,4,22.7,51.1,48.0,2.0,140.1
11849,1780419694933,0,4,22.3,48.0,46.2,1.6,150.4
11850,1780419694967,0,4,22.7,50.7,42.5,3.3,156.1
11851,1780419695000,0,4,22.6,53.5,23.9,3.3,154.4
11852,1780419695033,0,4,22.7,53.5,33.6,3.2,144.8
11853,1780419695067,0,4,22.3,50.3,37.3,1.9,146.2
11854,1780419695100,0,4,22.7,49.8,30.1,1.8,156.8
11855,1780419695133,0,4,22.5,49.3,41.1,3.7,140.2
11856,1780419695167,0,4,22.5,51.2,31.6,1.2,148.9
11857,1780419695200,0,4,22.5,48.8,38.8,1.6,158.8
11858,1780419695233,0,4,22.5,51.0,33.4,1.5,159.1
11859,1780419695267,0,4,22.8,49.3,39.2,1.9,156.8
11860,1780419695300,0,4,22.4,53.6,53.3,1.0,145.3
11861,1780419695333,0,4,22.6,50.0,37.9,1.0,146.2
11862,1780419695367,0,4,22.6,49.2,35.9,3.2,143.8
11863,1780419695400,0,4,22.2,50.6,35.0,1.5,156.1
11864,1780419695433,0,4,22.3,48.9,59.0,3.8,147.9
11865,1780419695467,0,4,22.6,49.0,41.6,2.9,158.0
11866,1780419695500,0,4,22.6,50.4,23.6,3.1,145.1
11867,1780419695533,0,4,22.7,49.0,46.3,2.3,147.4
11868,1780419695567,0,4,22.4,52.3,58.7,2.2,147.0
11869,1780419695600,0,4,22.4,48.5,34.2,1.6,152.7
11870,1780419695633,0,4,22.2,48.1,44.6,1.7,151.4
11871,1780419695667,0,4,22.4,51.3,45.3,3.5,157.9
11872,1780419695700,0,4,22.3,53.4,37.9,2.8,140.1
11873,1780419695733,0,4,22.7,49.6,21.0,1.3,142.1
11874,1780419695767,0,4,22.3,53.6,45.7,2.1,146.4
11875,1780419695800,0,4,22.5,48.5,35.1,2.9,148.4
11876,1780419695833,0,4,22.5,49.0,47.6,3.0,144.9
11877,1780419695867,0,4,22.8,51.6,40.0,1.2,140.9
11878,1780419695900,0,4,22.4,51.0,32.9,2.6,145.9
11879,1780419695933,0,4,22.8,51.2,54.0,2.4,151.6
11880,1780419695967,0,4,22.4,50.4,56.8,3.6,158.5
11881,1780419696000,0,4,22.5,48.3,54.2,1.8,159.3
11882,1780419696033,0,4,22.6,51.2,59.2,2.2,145.2
11883,1780419696067,0,4,22.8,49.1,47.9,2.0,140.5
11884,1780419696100,0,4,22.2,51.0,27.5,2.9,157.0
11885,1780419696133,0,4,22.8,50.7,58.0,3.2,159.6
11886,1780419696167,0,4,22.7,53.5,54.8,1.3,152.6
11887,1780419696200,0,4,22.4,49.1,39.4,2.1,140.2
11888,1780419696233,0,4,22.5,53.7,32.3,4.0,149.0
11889,1780419696267,0,4,22.8,48.7,54.8,2.4,150.9
11890,1780419696300,0,4,22.7,51.4,38.0,3.6,146.6
11891,1780419696333,0,4,22.3,52.8,39.6,1.4,147.2
11892,1780419696367,0,4,22.3,50.8,59.3,3.5,158.1
11893,1780419696400,0,4,22.4,48.2,59.3,3.5,143.1
11894,1780419696433,0,4,22.3,51.2,26.7,2.2,140.2
11895,1780419696467,0,4,22.6,49.6,56.9,1.4,159.3
11896,1780419696500,0,4,22.5,53.7,52.0,3.9,142.9
11897,1780419696533,0,4,22.4,51.6,47.6,2.8,154.9
11898,1780419696567,0,4,22.8,52.9,30.1,3.0,155.1
11899,1780419696600,0,4,22.3,52.1,48.4,2.8,151.0
11900,1780419696633,0,4,22.3,53.8,58.6,2.9,149.9
11901,1780419696667,0,4,22.4,53.8,32.4,1.9,155.0
11902,1780419696700,0,4,22.5,48.3,46.1,1.8,147.0
11903,1780419696733,0,4,22.4,52.6,54.6,2.5,147.6
11904,1780419696767,0,4,22.8,51.7,41.2,1.3,154.7
11905,1780419696800,0,4,22.2,53.8,34.5,1.7,156.8
11906,1780419696833,0,4,22.3,53.6,33.8,1.6,145.7
11907,1780419696867,0,4,22.3,49.0,39.4,2.9,157.6
11908,1780419696900,0,4,22.5,51.4,22.6,3.2,141.1
11909,1780419696933,0,4,22.7,48.3,22.6,2.6,142.6
11910,1780419696967,0,4,22.3,51.8,57.5,2.2,159.5
11911,1780419697000,0,4,22.7,51.3,51.2,3.4,142.2
11912,1780419697033,0,4,22.2,50.8,25.1,1.5,155.5
11913,1780419697067,0,4,22.7,50.5,56.9,2.5,156.0
11914,1780419697100,0,4,22.2,49.9,42.3,1.5,153.8
11915,1780419697133,0,4,22.3,53.4,58.2,1.8,147.3
11916,1780419697167,0,4,22.4,50.9,23.2,2.1,142.4
11917,1780419697200,0,4,22.6,49.5,46.5,2.4,146.1
11918,1780419697233,0,4,22.4,51.4,53.2,1.8,158.3
11919,1780419697267,0,4,22.2,52.7,56.3,2.1,148.5
11920,1780419697300,0,4,22.6,50.3,58.5,3.3,149.5
11921,1780419697333,0,4,22.8,50.5,22.2,2.5,151.9
11922,1780419697367,0,4,22.7,51.7,44.8,4.0,156.6
11923,1780419697400,0,4,22.8,49.7,30.1,2.2,154.4
11924,1780419697433,0,4,22.3,52.9,55.9,2.3,148.8
11925,1780419697467,0,4,22.4,51.2,36.6,1.4,152.6
11926,1780419697500,0,4,22.4,51.3,57.5,3.1,155.2
11927,1780419697533,0,4,22.4,48.8,48.5,2.8,144.5
11928,1780419697567,0,4,22.4,50.0,25.3,2.1,154.1
11929,1780419697600,0,4,22.6,48.6,52.0,3.4,154.9
11930,1780419697633,0,4,22.3,50.7,29.3,3.9,151.2
11931,1780419697667,0,4,22.4,49.0,54.1,2.9,156.2
11932,1780419697700,0,4,22.6,50.0,52.8,1.8,145.7
11933,1780419697733,0,4,22.4,53.7,41.0,1.8,156.9
11934,1780419697767,0,4,22.7,48.5,21.5,1.4,145.7
11935,1780419697800,0,4,22.7,48.1,57.7,3.3,142.3
11936,1780419697833,0,4,22.4,48.9,38.3,1.8,148.7
11937,1780419697867,0,4,22.6,50.7,24.7,2.6,147.9
11938,1780419697900,0,4,22.4,52.6,34.0,1.3,153.3
11939,1780419697933,0,4,22.8,52.6,43.6,3.3,148.6
11940,1780419697967,0,4,22.7,51.8,41.8,1.5,141.7
11941,1780419698000,0,4,22.2,48.7,40.1,3.9,155.6
11942,1780419698033,0,4,22.6,49.2,38.3,3.7,154.1
11943,1780419698067,0,4,22.5,53.0,25.9,2.6,150.1
11944,1780419698100,0,4,22.4,54.0,33.1,1.6,140.3
11945,1780419698133,0,4,22.4,50.6,35.5,3.8,157.0
11946,1780419698167,0,4,22.5,52.3,39.7,1.0,154.4
11947,1780419698200,0,4,22.5,52.2,31.9,2.4,148.3
11948,1780419698233,0,4,22.3,53.9,44.5,3.2,154.9
11949,1780419698267,0,4,22.5,51.5,45.4,2.3,141.7
11950,1780419698300,0,4,22.7,52.6,23.5,2.1,151.0
11951,1780419698333,0,4,22.7,48.7,46.1,2.7,141.0
11952,1780419698367,0,4,22.2,53.4,30.7,1.8,140.0
11953,1780419698400,0,4,22.7,51.4,41.5,2.6,150.7
11954,1780419698433,0,4,22.5,49.0,51.5,1.4,146.4
11955,1780419698467,0,4,22.4,49.1,41.8,1.3,144.8
11956,1780419698500,0,4,22.7,49.7,39.8,2.2,143.1
11957,1780419698533,0,4,22.4,52.3,44.8,3.1,151.0
11958,1780419698567,0,4,22.5,52.0,51.1,3.1,144.7
11959,1780419698600,0,4,22.5,49.3,41.2,2.7,148.3
11960,1780419698633,0,4,22.4,53.4,54.5,1.2,152.0
11961,1780419698667,0,4,22.4,52.6,35.6,2.9,150.8
11962,1780419698700,0,4,22.4,51.7,46.7,3.5,142.5
11963,1780419698733,0,4,22.7,50.0,27.6,2.6,156.5
11964,1780419698767,0,4,22.7,49.8,34.3,2.9,146.9
11965,1780419698800,0,4,22.6,48.3,31.5,3.0,150.7
11966,1780419698833,0,4,22.3,50.6,47.1,1.8,145.0
11967,1780419698867,0,4,22.6,48.9,56.1,2.4,142.1
11968,1780419698900,0,4,22.4,48.8,45.7,2.3,152.9
11969,1780419698933,0,4,22.6,51.9,45.6,3.3,142.6
11970,1780419698967,0,4,22.4,53.8,56.5,1.0,158.4
11971,1780419699000,0,4,22.2,49.5,57.5,1.7,159.3
11972,1780419699033,0,4,22.5,51.8,41.2,3.3,145.4
11973,1780419699067,0,4,22.7,51.4,48.1,1.0,153.0
11974,1780419699100,0,4,22.4,53.5,38.7,1.8,154.0
11975,1780419699133,0,4,22.8,51.6,45.5,2.7,148.4
11976,1780419699167,0,4,22.3,50.8,27.5,3.2,153.9
11977,1780419699200,0,4,22.5,53.5,22.7,3.8,150.0
11978,1780419699233,0,4,22.5,53.6,30.7,2.2,145.7
11979,1780419699267,0,4,22.3,51.5,46.1,2.8,151.0
11980,1780419699300,0,4,22.6,52.2,41.2,2.8,144.1
11981,1780419699333,0,4,22.4,49.7,57.4,2.8,159.1
11982,1780419699367,0,4,22.7,53.5,54.5,3.3,147.4
11983,1780419699400,0,4,22.3,48.6,46.1,2.8,146.8
11984,1780419699433,0,4,22.4,53.8,52.3,2.4,148.8
11985,1780419699467,0,4,22.3,48.5,27.4,2.6,151.1
11986,1780419699500,0,4,22.6,50.9,38.3,3.0,154.5
11987,1780419699533,0,4,22.5,49.6,58.9,2.0,145.1
11988,1780419699567,0,4,22.4,48.1,33.6,1.4,143.0
11989,1780419699600,0,4,22.6,53.2,24.8,3.5,147.5
11990,1780419699633,0,4,22.4,48.8,27.3,2.6,140.2
11991,1780419699667,0,4,22.6,52.5,21.5,1.8,140.4
11992,1780419699700,0,4,22.3,50.5,41.3,2.5,144.1
11993,1780419699733,0,4,22.3,51.7,45.0,2.6,154.0
11994,1780419699767,0,4,22.4,52.6,39.6,3.3,141.5
11995,1780419699800,0,4,22.7,49.8,57.2,1.1,150.4
11996,1780419699833,0,4,22.5,51.7,30.9,2.0,146.2
11997,1780419699867,0,4,22.5,50.2,46.5,2.3,152.6
11998,1780419699900,0,4,22.7,53.4,30.3,3.5,146.9
11999,1780419699933,0,4,22.5,49.8,29.7,3.9,149.4
12000,1780419699967,0,4,22.8,49.9,50.4,2.8,147.7
12001,1780419700000,0,4,22.7,52.1,31.4,2.2,140.9
12002,1780419700033,0,4,22.6,50.2,48.2,1.1,151.6
12003,1780419700067,0,4,22.6,51.8,32.0,1.3,152.8
12004,1780419700100,0,4,22.8,51.8,55.4,1.7,156.7
12005,1780419700133,0,4,22.3,52.1,46.9,2.2,152.0
12006,1780419700167,0,4,22.6,53.3,49.7,3.1,143.4
12007,1780419700200,0,4,22.4,48.7,49.8,2.9,154.5
12008,1780419700233,0,4,22.4,48.7,53.3,3.8,141.8
12009,1780419700267,0,4,22.2,49.5,37.6,2.5,151.7
12010,1780419700300,0,4,22.2,49.0,36.2,2.4,151.0
12011,1780419700333,0,4,22.6,49.7,22.6,1.2,146.5
12012,1780419700367,0,4,22.6,50.5,22.1,3.6,140.8
12013,1780419700400,0,4,22.4,50.1,26.8,2.0,146.9
12014,1780419700433,0,4,22.6,53.1,46.4,1.3,159.8
12015,1780419700467,0,4,22.6,53.8,39.5,1.3,159.6
12016,1780419700500,0,4,22.7,48.7,45.4,1.3,145.8
12017,1780419700533,0,4,22.3,50.1,22.2,3.7,159.0
12018,1780419700567,0,4,22.8,49.4,27.0,3.9,154.0
12019,1780419700600,0,4,22.4,48.6,39.9,1.8,146.5
12020,1780419700633,0,4,22.6,50.3,32.4,1.8,154.3
12021,1780419700667,0,4,22.4,51.3,31.9,1.0,154.9
12022,1780419700700,0,4,22.4,49.7,46.3,1.6,157.3
12023,1780419700733,0,4,22.6,51.6,29.5,1.8,144.2
12024,1780419700767,0,4,22.7,50.9,32.1,3.6,153.5
12025,1780419700800,0,4,22.6,53.9,58.2,3.5,148.8
12026,1780419700833,0,4,22.6,52.5,27.8,1.9,148.7
12027,1780419700867,0,4,22.3,51.6,41.9,2.9,150.6
12028,1780419700900,0,4,22.7,51.9,52.2,1.3,157.1
12029,1780419700933,0,4,22.8,53.9,34.2,1.5,149.4
12030,1780419700967,0,4,22.6,48.1,25.5,2.7,157.4
12031,1780419701000,0,4,22.4,52.7,46.0,3.9,143.4
12032,1780419701033,0,4,22.3,53.1,29.0,2.8,153.7
12033,1780419701067,0,4,22.3,52.3,54.2,2.1,158.0
12034,1780419701100,0,4,22.7,50.8,22.4,1.9,140.8
12035,1780419701133,0,4,22.7,53.4,23.8,1.4,143.9
12036,1780419701167,0,4,22.5,51.7,43.2,3.5,156.2
12037,1780419701200,0,4,22.3,48.5,22.2,2.1,141.8
12038,1780419701233,0,4,22.8,49.7,41.7,2.6,146.2
12039,1780419701267,0,4,22.3,49.3,28.6,2.1,140.7
12040,1780419701300,0,4,22.3,53.2,49.8,2.3,147.0
12041,1780419701333,0,4,22.6,51.7,43.0,2.9,143.1
12042,1780419701367,0,4,22.5,50.2,44.4,2.7,143.0
12043,1780419701400,0,4,22.3,52.4,40.4,3.7,155.6
12044,1780419701433,0,4,22.4,48.4,24.4,3.5,144.5
12045,1780419701467,0,4,22.5,52.1,52.4,1.1,156.7
12046,1780419701500,0,4,22.3,48.1,48.9,2.1,151.2
12047,1780419701533,0,4,22.3,49.7,37.5,2.3,147.0
12048,1780419701567,0,4,22.5,50.3,46.3,2.1,143.7
12049,1780419701600,0,4,22.2,49.5,45.3,1.6,150.2
12050,1780419701633,0,4,22.5,51.6,44.7,3.7,148.0
12051,1780419701667,0,4,22.4,50.8,33.0,2.4,158.3
12052,1780419701700,0,4,22.7,50.0,38.0,3.6,150.8
12053,1780419701733,0,4,22.8,51.4,49.4,3.9,155.5
12054,1780419701767,0,4,22.3,49.7,38.8,3.1,151.0
12055,1780419701800,0,4,22.4,48.6,53.6,3.7,145.3
12056,1780419701833,0,4,22.5,50.7,46.9,2.0,145.2
12057,1780419701867,0,4,22.4,48.3,37.2,4.0,151.2
12058,1780419701900,0,4,22.7,52.8,48.8,1.2,150.9
12059,1780419701933,0,4,22.2,49.2,22.2,2.8,151.5
12060,1780419701967,0,4,22.6,52.7,45.3,3.2,151.2
12061,1780419702000,0,4,22.4,50.7,20.4,2.9,140.2
12062,1780419702033,0,4,22.8,51.4,56.3,3.0,150.0
12063,1780419702067,0,4,22.8,52.7,39.8,2.6,156.9
12064,1780419702100,0,4,22.4,50.9,54.1,1.9,141.1
12065,1780419702133,0,4,22.3,53.4,54.0,1.6,153.5
12066,1780419702167,0,4,22.7,52.0,39.0,1.4,144.5
12067,1780419702200,0,4,22.8,51.9,47.0,2.8,148.5
12068,1780419702233,0,4,22.7,53.2,34.4,3.4,152.5
12069,1780419702267,0,4,22.6,48.4,46.9,1.0,143.1
12070,1780419702300,0,4,22.3,52.8,43.2,3.7,154.2
12071,1780419702333,0,4,22.6,48.5,49.5,3.7,149.8
12072,1780419702367,0,4,22.4,53.1,20.9,2.7,157.4
12073,1780419702400,0,4,22.3,50.2,44.5,3.0,155.8
12074,1780419702433,0,4,22.3,52.1,26.5,2.6,142.3
12075,1780419702467,0,4,22.6,48.8,20.3,2.2,157.8
12076,1780419702500,0,4,22.5,53.2,58.7,1.9,155.7
12077,1780419702533,0,4,22.7,49.7,42.4,3.1,150.1
12078,1780419702567,0,4,22.6,49.3,39.2,1.2,147.7
12079,1780419702600,0,4,22.4,52.4,39.9,3.9,151.0
12080,1780419702633,0,4,22.6,50.3,21.5,1.4,153.1
12081,1780419702667,0,4,22.5,52.3,59.8,1.9,156.5
12082,1780419702700,0,4,22.5,52.3,55.9,3.3,149.4
12083,1780419702733,0,4,22.8,53.2,23.8,2.8,150.3
12084,1780419702767,0,4,22.5,52.2,20.8,1.3,144.8
12085,1780419702800,0,4,22.7,53.6,53.2,1.6,144.9
12086,1780419702833,0,4,22.4,52.8,22.8,3.0,148.9
12087,1780419702867,0,4,22.6,51.6,29.6,2.8,143.5
12088,1780419702900,0,4,22.3,52.9,30.7,3.2,148.5
12089,1780419702933,0,4,22.7,52.1,33.4,3.5,141.8
12090,1780419702967,0,4,22.4,48.6,44.8,3.3,149.1
12091,1780419703000,0,4,22.3,49.1,42.0,2.7,153.0
12092,1780419703033,0,4,22.4,50.2,45.5,3.9,145.7
12093,1780419703067,0,4,22.4,51.7,36.8,2.2,145.7
12094,1780419703100,0,4,22.8,51.0,26.8,3.1,151.0
12095,1780419703133,0,4,22.4,49.0,48.6,2.0,147.2
12096,1780419703167,0,4,22.5,48.2,27.7,1.2,143.8
12097,1780419703200,0,4,22.7,52.8,51.6,2.4,159.6
12098,1780419703233,0,4,22.2,53.6,20.8,3.7,152.9
12099,1780419703267,0,4,22.4,53.3,49.6,1.9,143.2
12100,1780419703300,0,4,22.2,53.6,44.3,2.7,150.8
12101,1780419703333,0,4,22.3,50.2,57.4,1.4,141.6
12102,1780419703367,0,4,22.4,51.0,23.0,2.1,140.1
12103,1780419703400,0,4,22.3,52.3,44.5,2.8,156.8
12104,1780419703433,0,4,22.4,49.8,25.6,2.7,151.9
12105,1780419703467,0,4,22.5,49.7,44.1,2.7,155.1
12106,1780419703500,0,4,22.4,53.3,26.8,1.8,149.9
12107,1780419703533,0,4,22.7,53.7,36.9,3.7,146.8
12108,1780419703567,0,4,22.3,51.1,56.5,2.3,157.9
12109,1780419703600,0,4,22.7,52.6,57.5,3.7,157.1
12110,1780419703633,0,4,22.4,50.9,22.9,3.6,147.6
12111,1780419703667,0,4,22.2,51.3,41.5,3.8,153.6
12112,1780419703700,0,4,22.3,53.1,23.7,3.8,151.1
12113,1780419703733,0,4,22.7,53.1,20.8,3.0,145.0
12114,1780419703767,0,4,22.3,49.4,31.3,3.3,155.2
12115,1780419703800,0,4,22.3,48.5,31.0,2.7,153.9
12116,1780419703833,0,4,22.8,53.2,50.5,2.6,152.1
12117,1780419703867,0,4,22.5,51.7,35.1,2.3,153.4
12118,1780419703900,0,4,22.7,51.6,40.6,3.1,156.1
12119,1780419703933,0,4,22.4,52.1,48.7,2.9,148.4
12120,1780419703967,0,4,22.4,53.8,38.4,1.3,148.8
12121,1780419704000,0,4,22.6,50.8,22.9,3.8,145.4
12122,1780419704033,0,4,22.5,53.3,45.1,1.4,140.3
12123,1780419704067,0,4,22.5,53.5,33.2,1.6,155.2
12124,1780419704100,0,4,22.6,51.0,45.8,3.1,154.6
12125,1780419704133,0,4,22.3,50.2,25.0,3.5,147.3
12126,1780419704167,0,4,22.4,48.5,30.0,2.0,151.4
12127,1780419704200,0,4,22.3,53.3,21.5,3.9,159.9
12128,1780419704233,0,4,22.3,52.3,37.4,3.1,158.8
12129,1780419704267,0,4,22.4,51.5,49.2,2.3,147.4
12130,1780419704300,0,4,22.3,52.5,34.2,1.1,158.4
12131,1780419704333,0,4,22.8,49.4,43.1,1.6,144.7
12132,1780419704367,0,4,22.6,48.3,54.4,1.2,152.6
12133,1780419704400,0,4,22.6,50.3,49.7,2.7,142.0
12134,1780419704433,0,4,22.8,51.0,46.0,2.9,154.1
12135,1780419704467,0,4,22.7,50.2,20.5,1.1,144.1
12136,1780419704500,0,4,22.4,52.4,49.3,1.9,146.1
12137,1780419704533,0,4,22.7,50.8,39.6,2.8,150.1
12138,1780419704567,0,4,22.6,53.1,46.8,2.8,145.8
12139,1780419704600,0,4,22.7,49.4,34.5,3.9,147.0
12140,1780419704633,0,4,22.6,50.9,23.9,2.5,154.4
12141,1780419704667,0,4,22.6,48.3,41.6,3.3,156.1
12142,1780419704700,0,4,22.3,51.8,59.4,1.7,143.6
12143,1780419704733,0,4,22.2,52.4,40.5,2.1,157.8
12144,1780419704767,0,4,22.5,51.1,26.0,2.7,159.7
12145,1780419704800,0,4,22.7,50.2,39.6,2.7,144.5
12146,1780419704833,0,4,22.3,48.7,37.7,3.3,151.7
12147,1780419704867,0,4,22.3,51.5,25.8,3.1,158.6
12148,1780419704900,0,4,22.4,52.1,59.0,1.6,156.0
12149,1780419704933,0,4,22.7,49.8,59.0,2.1,145.7
12150,1780419704967,0,4,22.6,50.7,40.3,3.7,148.0
12151,1780419705000,0,4,22.7,52.1,57.9,3.5,150.2
12152,1780419705033,0,4,22.4,49.4,43.0,2.6,159.7
12153,1780419705067,0,4,22.7,50.7,50.2,2.0,155.6
12154,1780419705100,0,4,22.6,50.1,58.7,3.3,145.8
12155,1780419705133,0,4,22.8,51.0,46.7,1.6,144.8
12156,1780419705167,0,4,22.3,50.0,39.0,1.4,143.8
12157,1780419705200,0,4,22.6,52.1,47.7,1.7,159.4
12158,1780419705233,0,4,22.3,51.7,37.2,3.8,151.9
12159,1780419705267,0,4,22.7,51.8,46.5,1.4,146.3
12160,1780419705300,0,4,22.5,51.1,53.8,3.1,142.9
12161,1780419705333,0,4,22.5,50.0,31.4,1.7,144.3
12162,1780419705367,0,4,22.3,50.4,55.6,1.8,144.0
12163,1780419705400,0,4,22.4,53.6,46.6,1.8,145.0
12164,1780419705433,0,4,22.5,52.9,45.8,2.2,148.7
12165,1780419705467,0,4,22.3,52.2,39.3,1.1,157.1
12166,1780419705500,0,4,22.8,51.8,58.6,3.0,145.9
12167,1780419705533,0,4,22.6,48.6,56.5,1.7,146.9
12168,1780419705567,0,4,22.7,50.2,23.0,2.8,148.5
12169,1780419705600,0,4,22.5,53.7,35.8,1.3,156.3
12170,1780419705633,0,4,22.5,52.9,54.0,2.8,149.2
12171,1780419705667,0,4,22.5,53.2,40.4,2.5,152.3
12172,1780419705700,0,4,22.6,52.5,48.0,2.6,153.5
12173,1780419705733,0,4,22.5,53.4,27.2,3.1,155.9
12174,1780419705767,0,4,22.2,51.0,23.6,2.4,158.1
12175,1780419705800,0,4,22.8,50.8,22.0,3.2,150.8
12176,1780419705833,0,4,22.3,53.9,45.2,3.0,140.2
12177,1780419705867,0,4,22.5,49.9,33.6,1.0,155.9
12178,1780419705900,0,4,22.4,49.8,39.7,3.5,140.1
12179,1780419705933,0,4,22.7,52.9,57.4,2.9,153.3
12180,1780419705967,0,4,22.5,50.2,37.6,2.2,146.7
12181,1780419706000,0,4,22.6,50.3,59.8,1.0,154.9
12182,1780419706033,0,4,22.7,49.0,30.7,1.3,147.6
12183,1780419706067,0,4,22.4,50.2,35.8,3.3,143.2
12184,1780419706100,0,4,22.7,53.9,29.8,2.1,158.5
12185,1780419706133,0,4,22.3,50.0,40.1,1.3,151.4
12186,1780419706167,0,4,22.7,49.1,44.5,2.0,156.1
12187,1780419706200,0,4,22.3,52.8,48.4,1.6,155.6
12188,1780419706233,0,4,22.4,50.4,23.3,3.3,152.3
12189,1780419706267,0,4,22.2,48.4,39.2,1.2,151.9
12190,1780419706300,0,4,22.3,50.9,20.6,3.1,155.9
12191,1780419706333,0,4,22.3,49.4,26.1,1.7,155.5
12192,1780419706367,0,4,22.7,48.6,53.0,2.2,145.8
12193,1780419706400,0,4,22.6,50.9,58.9,2.2,149.2
12194,1780419706433,0,4,22.3,50.8,47.0,2.7,147.7
12195,1780419706467,0,4,22.6,53.0,21.3,1.9,157.4
12196,1780419706500,0,4,22.4,51.0,22.6,1.8,148.1
12197,1780419706533,0,4,22.5,51.9,37.7,1.8,156.2
12198,1780419706567,0,4,22.3,50.6,25.0,3.0,140.5
12199,1780419706600,0,4,22.4,49.2,44.3,2.2,153.5
12200,1780419706633,0,4,22.7,49.1,47.5,2.4,158.8
12201,1780419706667,0,4,22.6,51.3,36.4,1.0,143.1
12202,1780419706700,0,4,22.5,49.0,50.4,2.9,146.0
12203,1780419706733,0,4,22.5,53.8,51.5,2.6,141.5
12204,1780419706767,0,4,22.4,52.5,45.7,1.9,145.1
12205,1780419706800,0,4,22.4,53.5,59.4,4.0,147.1
12206,1780419706833,0,4,22.7,52.5,58.1,2.8,155.6
12207,1780419706867,0,4,22.6,51.8,35.0,1.5,140.1
12208,1780419706900,0,4,22.7,52.5,51.6,2.7,155.9
12209,1780419706933,0,4,22.8,50.6,23.7,3.1,151.8
12210,1780419706967,0,4,22.6,49.5,43.5,1.9,156.3
12211,1780419707000,0,4,22.4,53.7,47.1,1.1,142.4
12212,1780419707033,0,4,22.7,50.1,55.5,1.2,156.6
12213,1780419707067,0,4,22.6,51.0,29.3,3.8,152.1
12214,1780419707100,0,4,22.6,52.0,54.7,2.2,146.6
12215,1780419707133,0,4,22.2,49.9,50.6,3.3,147.6
12216,1780419707167,0,4,22.3,51.2,43.7,2.2,158.6
12217,1780419707200,0,4,22.3,53.0,40.2,1.5,144.6
12218,1780419707233,0,4,22.8,49.5,28.2,2.9,140.4
12219,1780419707267,0,4,22.4,49.5,38.4,3.9,144.5
12220,1780419707300,0,4,22.5,51.1,43.8,1.1,151.0
12221,1780419707333,0,4,22.6,51.6,29.3,2.4,153.7
12222,1780419707367,0,4,22.7,49.4,22.7,3.3,145.7
12223,1780419707400,0,4,22.8,51.2,51.8,2.0,143.9
12224,1780419707433,0,4,22.6,50.1,51.9,1.3,152.0
12225,1780419707467,0,4,22.2,48.4,39.2,2.6,141.8
12226,1780419707500,0,4,22.7,53.2,33.3,1.8,146.4
12227,1780419707533,0,4,22.2,51.4,41.4,1.1,145.9
12228,1780419707567,0,4,22.4,53.4,51.9,2.4,145.5
12229,1780419707600,0,4,22.3,48.7,56.6,1.8,141.9
12230,1780419707633,0,4,22.8,51.9,20.4,2.8,157.1
12231,1780419707667,0,4,22.2,52.8,29.9,2.5,152.5
12232,1780419707700,0,4,22.4,49.2,28.8,2.2,142.3
12233,1780419707733,0,4,22.7,53.9,46.4,3.4,149.5
12234,1780419707767,0,4,22.6,51.7,24.2,2.5,144.3
12235,1780419707800,0,4,22.4,51.0,32.7,3.2,148.6
12236,1780419707833,0,4,22.5,50.4,28.7,1.5,152.2
12237,1780419707867,0,4,22.2,50.0,57.2,2.3,144.5
12238,1780419707900,0,4,22.3,49.5,27.6,2.3,148.4
12239,1780419707933,0,4,22.4,48.4,42.1,2.0,149.8
12240,1780419707967,0,4,22.5,48.6,53.2,2.9,156.3
12241,1780419708000,0,4,22.4,52.6,36.7,2.2,142.1
12242,1780419708033,0,4,22.5,51.3,33.9,2.8,141.5
12243,1780419708067,0,4,22.7,51.4,34.5,2.9,157.6
12244,1780419708100,0,4,22.5,51.1,24.7,2.5,140.7
12245,1780419708133,0,4,22.6,52.9,37.9,2.9,156.3
12246,1780419708167,0,4,22.4,48.3,29.3,1.4,145.9
12247,1780419708200,0,4,22.4,48.8,36.7,2.3,149.3
12248,1780419708233,0,4,22.6,48.5,40.7,2.8,141.9
12249,1780419708267,0,4,22.8,49.4,28.9,3.2,141.5
12250,1780419708300,0,4,22.6,50.1,56.3,2.4,145.1
12251,1780419708333,0,4,22.8,52.4,35.3,1.2,152.1
12252,1780419708367,0,4,22.3,53.2,42.2,1.3,159.8
12253,1780419708400,0,4,22.6,52.2,53.3,2.2,151.8
12254,1780419708433,0,4,22.2,52.8,53.5,3.6,153.0
12255,1780419708467,0,4,22.3,49.3,49.7,1.7,144.9
12256,1780419708500,0,4,22.4,49.4,45.5,1.2,155.0
12257,1780419708533,0,4,22.3,52.1,56.2,1.0,151.0
12258,1780419708567,0,4,22.6,49.4,23.7,1.3,145.3
12259,1780419708600,0,4,22.6,51.9,57.7,3.4,153.5
12260,1780419708633,0,4,22.5,50.0,50.0,3.3,148.7
12261,1780419708667,0,4,22.4,53.7,36.3,3.5,144.9
12262,1780419708700,0,4,22.5,53.3,40.4,2.0,145.0
12263,1780419708733,0,4,22.4,53.5,53.0,1.7,145.6
12264,1780419708767,0,4,22.7,52.0,41.9,2.6,156.4
12265,1780419708800,0,4,22.5,50.5,21.5,1.7,146.2
12266,1780419708833,0,4,22.5,51.1,25.3,1.4,156.0
12267,1780419708867,0,4,22.5,52.6,46.1,2.1,144.3
12268,1780419708900,0,4,22.4,53.8,42.6,1.1,156.6
12269,1780419708933,0,4,22.3,51.0,57.9,2.5,143.0
12270,1780419708967,0,4,22.7,48.6,35.8,1.8,140.4
12271,1780419709000,0,4,22.2,52.0,27.7,3.7,156.0
12272,1780419709033,0,4,22.8,52.5,55.1,1.4,147.4
12273,1780419709067,0,4,22.6,52.0,40.2,1.3,142.4
12274,1780419709100,0,4,22.6,50.7,59.7,3.1,143.9
12275,1780419709133,0,4,22.2,48.1,24.4,2.2,148.9
12276,1780419709167,0,4,22.8,49.2,32.4,1.0,142.8
12277,1780419709200,0,4,22.8,53.7,50.5,3.4,152.2
12278,1780419709233,0,4,22.7,50.7,26.8,2.4,155.2
12279,1780419709267,0,4,22.3,49.4,31.8,3.1,155.9
12280,1780419709300,0,4,22.5,50.0,54.0,2.9,141.8
12281,1780419709333,0,4,22.7,48.1,59.9,3.5,146.0
12282,1780419709367,0,4,22.6,48.0,52.9,1.4,148.5
12283,1780419709400,0,4,22.7,51.9,33.3,2.8,152.1
12284,1780419709433,0,4,22.4,50.6,30.9,1.2,148.8
12285,1780419709467,0,4,22.8,53.0,40.8,3.2,145.5
12286,1780419709500,0,4,22.4,49.3,55.2,1.5,150.9
12287,1780419709533,0,4,22.3,49.0,25.4,3.3,146.1
12288,1780419709567,0,4,22.5,51.2,34.3,3.9,153.1
12289,1780419709600,0,4,22.4,51.0,43.8,3.9,158.1
12290,1780419709633,0,4,22.5,50.8,22.1,1.5,144.9
12291,1780419709667,0,4,22.2,53.2,38.2,2.9,141.2
12292,1780419709700,0,4,22.3,48.7,56.7,2.3,155.7
12293,1780419709733,0,4,22.3,53.7,43.7,1.5,156.6
12294,1780419709767,0,4,22.6,53.4,37.3,1.5,146.1
12295,1780419709800,0,4,22.2,53.7,31.9,2.3,147.9
12296,1780419709833,0,4,22.7,49.6,58.6,3.8,141.0
12297,1780419709867,0,4,22.6,53.2,23.8,1.5,149.0
12298,1780419709900,0,4,22.6,52.9,34.4,1.6,158.6
12299,1780419709933,0,4,22.8,49.0,27.3,2.7,146.2
12300,1780419709967,0,4,22.6,48.9,29.6,1.8,155.7
12301,1780419710000,0,4,22.4,48.1,58.3,2.0,143.9
12302,1780419710033,0,4,22.3,49.0,37.4,1.5,158.5
12303,1780419710067,0,4,22.7,53.5,53.7,3.4,142.8
12304,1780419710100,0,4,22.6,52.6,33.7,2.8,150.2
12305,1780419710133,0,4,22.7,48.1,48.6,3.0,157.8
12306,1780419710167,0,4,22.8,51.4,20.3,3.4,145.1
12307,1780419710200,0,4,22.5,49.6,24.6,2.2,157.4
12308,1780419710233,0,4,22.3,50.7,57.1,3.4,156.0
12309,1780419710267,0,4,22.6,51.2,28.3,1.6,153.3
12310,1780419710300,0,4,22.4,48.4,21.4,3.7,141.5
12311,1780419710333,0,4,22.7,50.1,47.8,3.9,141.4
12312,1780419710367,0,4,22.4,50.0,48.3,2.7,147.8
12313,1780419710400,0,4,22.7,50.4,27.2,2.7,154.9
12314,1780419710433,0,4,22.8,48.8,30.7,3.8,159.3
12315,1780419710467,0,4,22.5,48.4,55.1,3.8,157.2
12316,1780419710500,0,4,22.5,53.2,50.4,1.6,149.4
12317,1780419710533,0,4,22.7,49.3,59.3,1.9,154.5
12318,1780419710567,0,4,22.7,51.8,59.3,2.2,158.0
12319,1780419710600,0,4,22.6,50.3,22.1,2.3,150.5
12320,1780419710633,0,4,22.8,50.1,33.9,3.8,148.6
12321,1780419710667,0,4,22.2,52.7,47.4,1.7,153.4
12322,1780419710700,0,4,22.3,50.5,39.2,1.1,158.1
12323,1780419710733,0,4,22.4,50.7,55.4,1.0,155.6
12324,1780419710767,0,4,22.3,50.3,45.8,1.4,149.7
12325,1780419710800,0,4,22.3,53.2,55.5,1.4,145.2
12326,1780419710833,0,4,22.7,48.9,40.1,3.0,145.4
12327,1780419710867,0,4,22.7,50.5,43.8,1.8,153.0
12328,1780419710900,0,4,22.7,49.6,24.0,3.4,157.2
12329,1780419710933,0,4,22.8,49.4,54.8,3.5,148.0
12330,1780419710967,0,4,22.2,52.6,45.9,2.4,158.2
12331,1780419711000,0,4,22.5,48.4,53.4,3.4,155.5
12332,1780419711033,0,4,22.6,50.2,21.0,4.0,140.6
12333,1780419711067,0,4,22.7,53.8,23.1,1.5,146.1
12334,1780419711100,0,4,22.5,50.0,26.8,3.2,155.0
12335,1780419711133,0,4,22.3,49.9,20.8,3.0,159.1
12336,1780419711167,0,4,22.3,49.9,29.9,2.8,157.1
12337,1780419711200,0,4,22.2,52.2,39.6,3.2,144.6
12338,1780419711233,0,4,22.4,53.5,41.2,2.8,158.6
12339,1780419711267,0,4,22.8,50.2,58.1,2.7,158.4
12340,1780419711300,0,4,22.3,48.0,58.0,1.2,146.1
12341,1780419711333,0,4,22.7,48.7,43.2,1.5,143.9
12342,1780419711367,0,4,22.4,51.7,47.4,2.8,158.8
12343,1780419711400,0,4,22.3,53.9,29.1,1.1,144.3
12344,1780419711433,0,4,22.4,53.9,41.8,2.7,147.9
12345,1780419711467,0,4,22.5,51.5,23.7,3.9,155.7
12346,1780419711500,0,4,22.6,50.8,42.7,3.1,144.6
12347,1780419711533,0,4,22.5,50.7,47.8,2.3,152.8
12348,1780419711567,0,4,22.3,48.4,27.9,2.7,147.7
12349,1780419711600,0,4,22.5,52.3,31.5,3.7,159.7
12350,1780419711633,0,4,22.7,51.9,22.5,3.5,141.0
12351,1780419711667,0,4,22.6,49.6,49.1,3.8,158.4
12352,1780419711700,0,4,22.7,53.8,56.2,2.3,140.5
12353,1780419711733,0,4,22.7,52.0,54.5,2.8,155.0
12354,1780419711767,0,4,22.8,50.9,31.9,3.2,148.5
12355,1780419711800,0,4,22.8,49.2,48.7,3.2,147.4
12356,1780419711833,0,4,22.4,50.4,29.9,3.6,142.6
12357,1780419711867,0,4,22.3,48.6,21.3,3.1,149.2
12358,1780419711900,0,4,22.4,50.8,55.0,2.5,143.7
12359,1780419711933,0,4,22.7,52.6,56.7,3.8,152.8
12360,1780419711967,0,4,22.2,50.3,22.3,1.8,146.0
12361,1780419712000,0,4,22.2,53.6,54.7,2.3,152.2
12362,1780419712033,0,4,22.4,50.3,20.5,1.2,157.1
12363,1780419712067,0,4,22.6,50.0,25.1,3.0,145.9
12364,1780419712100,0,4,22.6,50.6,22.7,3.9,152.4
12365,1780419712133,0,4,22.2,53.0,55.1,1.2,146.4
12366,1780419712167,0,4,22.6,49.6,41.5,2.3,145.0
12367,1780419712200,0,4,22.4,49.6,28.8,2.4,156.3
12368,1780419712233,0,4,22.4,52.2,41.0,2.7,145.2
12369,1780419712267,0,4,22.3,51.9,49.4,3.7,155.8
12370,1780419712300,0,4,22.4,49.6,52.8,3.9,140.7
12371,1780419712333,0,4,22.6,52.8,50.2,2.1,151.8
12372,1780419712367,0,4,22.4,51.4,41.9,2.1,151.1
12373,1780419712400,0,4,22.5,49.6,27.3,2.0,140.1
12374,1780419712433,0,4,22.5,52.7,31.2,2.3,144.5
12375,1780419712467,0,4,22.2,52.8,45.8,1.6,158.7
12376,1780419712500,0,4,22.6,50.0,52.6,2.7,152.3
12377,1780419712533,0,4,22.6,50.3,42.1,3.0,157.3
12378,1780419712567,0,4,22.6,49.9,40.9,1.2,159.3
12379,1780419712600,0,4,22.5,53.6,56.1,2.8,152.6
12380,1780419712633,0,4,22.7,48.4,31.6,1.3,157.1
12381,1780419712667,0,4,22.6,50.8,57.1,3.0,144.0
12382,1780419712700,0,4,22.4,52.0,22.5,2.3,147.2
12383,1780419712733,0,4,22.5,49.5,21.6,2.5,154.7
12384,1780419712767,0,4,22.5,52.3,56.0,2.9,145.7
12385,1780419712800,0,4,22.6,52.9,41.2,1.5,142.3
12386,1780419712833,0,4,22.2,51.6,50.2,2.2,156.0
12387,1780419712867,0,4,22.3,50.0,56.7,1.2,141.6
12388,1780419712900,0,4,22.6,50.5,28.2,3.6,142.4
12389,1780419712933,0,4,22.6,50.3,33.3,3.3,151.8
12390,1780419712967,0,4,22.5,52.0,47.9,1.3,159.1
12391,1780419713000,0,4,22.3,49.9,20.4,3.3,156.3
12392,1780419713033,0,4,22.4,51.6,20.2,1.3,150.5
12393,1780419713067,0,4,22.4,50.4,27.9,1.9,147.8
12394,1780419713100,0,4,22.4,52.6,43.7,3.5,141.5
12395,1780419713133,0,4,22.5,48.2,50.6,1.0,151.0
12396,1780419713167,0,4,22.3,50.5,28.9,3.7,147.2
12397,1780419713200,0,4,22.5,49.9,20.9,2.3,144.2
12398,1780419713233,0,4,22.5,52.4,26.1,1.5,146.9
12399,1780419713267,0,4,22.6,48.7,25.4,2.8,150.6
12400,1780419713300,0,4,22.3,51.4,24.8,3.6,147.8
12401,1780419713333,0,4,22.4,49.7,47.8,1.0,159.4
12402,1780419713367,0,4,22.7,53.5,25.2,2.0,153.9
12403,1780419713400,0,4,22.7,52.9,59.8,2.7,155.2
12404,1780419713433,0,4,22.7,50.2,47.9,2.2,140.8
12405,1780419713467,0,4,22.5,49.5,35.9,2.2,147.1
12406,1780419713500,0,4,22.4,49.5,45.7,1.9,153.0
12407,1780419713533,0,4,22.8,53.9,54.3,2.9,147.9
12408,1780419713567,0,4,22.3,48.3,33.3,1.3,147.9
12409,1780419713600,0,4,22.7,53.2,32.4,2.2,156.0
12410,1780419713633,0,4,22.8,53.4,43.6,3.3,153.6
12411,1780419713667,0,4,22.2,49.4,52.8,2.4,151.6
12412,1780419713700,0,4,22.3,48.4,31.3,2.7,152.5
12413,1780419713733,0,4,22.7,53.0,47.7,3.8,149.1
12414,1780419713767,0,4,22.4,48.5,27.7,2.1,153.0
12415,1780419713800,0,4,22.7,53.3,54.6,3.9,144.5
12416,1780419713833,0,4,22.6,49.9,52.1,3.8,144.6
12417,1780419713867,0,4,22.3,52.9,53.6,1.7,146.1
12418,1780419713900,0,4,22.3,52.1,22.9,1.9,158.4
12419,1780419713933,0,4,22.2,48.2,25.3,3.7,145.3
12420,1780419713967,0,4,22.6,51.5,55.8,2.4,156.0
12421,1780419714000,0,4,22.8,52.1,57.0,1.2,154.6
12422,1780419714033,0,4,22.2,50.5,40.2,1.6,152.8
12423,1780419714067,0,4,22.4,53.1,45.2,3.0,157.4
12424,1780419714100,0,4,22.4,49.5,52.0,3.7,156.2
12425,1780419714133,0,4,22.5,52.9,48.8,3.1,153.8
12426,1780419714167,0,4,22.7,53.1,32.3,1.9,148.5
12427,1780419714200,0,4,22.5,50.2,29.1,2.6,159.2
12428,1780419714233,0,4,22.6,48.4,35.0,1.7,149.6
12429,1780419714267,0,4,22.2,48.4,49.5,1.4,153.9
12430,1780419714300,0,4,22.7,48.3,34.4,3.3,153.6
12431,1780419714333,0,4,22.5,49.8,26.2,1.9,144.8
12432,1780419714367,0,4,22.4,53.6,41.1,1.8,149.7
12433,1780419714400,0,4,22.4,49.6,57.3,1.7,154.5
12434,1780419714433,0,4,22.2,53.9,38.7,1.8,149.8
12435,1780419714467,0,4,22.3,52.6,46.1,3.9,154.9
12436,1780419714500,0,4,22.3,48.0,54.9,2.7,156.9
12437,1780419714533,0,4,22.3,50.1,34.1,1.9,159.1
12438,1780419714567,0,4,22.6,48.8,38.8,2.6,144.1
12439,1780419714600,0,4,22.5,53.1,30.0,1.0,156.5
12440,1780419714633,0,4,22.7,50.3,30.3,3.9,144.5
12441,1780419714667,0,4,22.5,53.5,38.2,1.6,147.5
12442,1780419714700,0,4,22.4,50.9,53.0,1.4,156.1
12443,1780419714733,0,4,22.6,50.7,45.5,1.5,152.4
12444,1780419714767,0,4,22.6,50.3,51.3,1.2,147.3
12445,1780419714800,0,4,22.6,52.8,55.1,3.0,149.9
12446,1780419714833,0,4,22.5,52.6,35.7,3.4,149.5
12447,1780419714867,0,4,22.6,48.3,30.1,2.4,146.0
12448,1780419714900,0,4,22.7,48.9,20.8,1.4,144.0
12449,1780419714933,0,4,22.2,49.2,36.6,3.8,142.6
12450,1780419714967,0,4,22.5,52.2,39.9,2.9,140.5
12451,1780419715000,0,4,22.4,52.0,42.2,2.4,142.4
12452,1780419715033,0,4,22.3,49.5,41.6,3.3,144.1
12453,1780419715067,0,4,22.7,52.3,45.5,3.3,140.5
12454,1780419715100,0,4,22.4,49.9,33.5,1.3,152.9
12455,1780419715133,0,4,22.8,51.9,39.3,3.2,140.8
12456,1780419715167,0,4,22.3,48.5,57.3,3.9,155.8
12457,1780419715200,0,4,22.5,49.5,28.9,2.5,142.2
12458,1780419715233,0,4,22.6,52.8,57.1,3.7,147.6
12459,1780419715267,0,4,22.7,53.6,33.2,1.9,159.9
12460,1780419715300,0,4,22.3,50.0,49.3,3.4,153.3
12461,1780419715333,0,4,22.8,53.7,31.8,2.0,150.5
12462,1780419715367,0,4,22.5,51.7,48.1,2.6,158.7
12463,1780419715400,0,4,22.4,50.4,22.1,2.3,140.4
12464,1780419715433,0,4,22.3,49.9,32.7,1.5,155.2
12465,1780419715467,0,4,22.6,49.2,42.5,3.5,156.1
12466,1780419715500,0,4,22.6,49.5,40.7,1.6,153.8
12467,1780419715533,0,4,22.4,48.1,35.1,2.3,142.1
12468,1780419715567,0,4,22.5,49.8,21.3,3.9,158.4
12469,1780419715600,0,4,22.3,50.9,25.9,3.3,156.5
12470,1780419715633,0,4,22.6,53.4,43.6,4.0,150.2
12471,1780419715667,0,4,22.6,52.6,24.9,2.6,155.0
12472,1780419715700,0,4,22.5,50.6,57.0,1.6,144.9
12473,1780419715733,0,4,22.4,49.9,48.9,3.4,159.8
12474,1780419715767,0,4,22.2,53.8,27.5,3.4,140.7
12475,1780419715800,0,4,22.5,48.0,34.9,1.1,140.5
12476,1780419715833,0,4,22.5,52.5,57.7,3.0,140.5
12477,1780419715867,0,4,22.2,49.3,22.4,2.5,143.9
12478,1780419715900,0,4,22.3,53.3,58.6,3.5,149.0
12479,1780419715933,0,4,22.7,48.5,32.3,2.9,156.7
12480,1780419715967,0,4,22.5,51.8,56.9,1.7,152.3
12481,1780419716000,0,4,22.4,53.0,25.8,2.3,143.2
12482,1780419716033,0,4,22.2,52.9,35.1,1.8,148.4
12483,1780419716067,0,4,22.6,49.8,55.6,3.9,154.2
12484,1780419716100,0,4,22.6,50.5,30.4,3.8,148.7
12485,1780419716133,0,4,22.6,52.3,26.3,2.3,140.4
12486,1780419716167,0,4,22.3,54.0,32.1,2.2,150.5
12487,1780419716200,0,4,22.7,50.4,44.5,1.2,152.3
12488,1780419716233,0,4,22.8,48.2,59.0,1.5,151.9
12489,1780419716267,0,4,22.6,53.7,36.4,2.5,152.9
12490,1780419716300,0,4,22.6,51.3,32.1,1.3,152.1
12491,1780419716333,0,4,22.7,49.3,24.7,2.0,154.1
12492,1780419716367,0,4,22.3,52.6,20.4,3.6,145.7
12493,1780419716400,0,4,22.4,49.0,20.4,3.8,152.8
12494,1780419716433,0,4,22.2,52.7,46.7,1.6,152.9
12495,1780419716467,0,4,22.5,50.3,59.9,1.8,150.8
12496,1780419716500,0,4,22.3,50.4,58.1,1.8,154.1
12497,1780419716533,0,4,22.5,51.1,24.1,3.8,146.6
12498,1780419716567,0,4,22.6,48.2,40.5,1.9,153.3
12499,1780419716600,0,4,22.6,48.4,34.7,2.9,158.4
12500,1780419716633,0,4,22.5,49.1,29.2,1.6,157.0
12501,1780419716667,0,4,22.3,52.8,49.3,3.8,154.0
12502,1780419716700,0,4,22.2,50.8,49.6,3.7,158.4
12503,1780419716733,0,4,22.6,49.3,33.9,1.2,156.7
12504,1780419716767,0,4,22.4,49.1,22.4,2.1,154.2
12505,1780419716800,0,4,22.3,53.8,51.7,1.0,145.1
12506,1780419716833,0,4,22.2,48.4,37.6,1.3,140.0
12507,1780419716867,0,4,22.5,53.1,35.5,2.3,158.3
12508,1780419716900,0,4,22.3,53.7,52.5,2.3,151.9
12509,1780419716933,0,4,22.4,49.7,56.6,2.5,143.0
12510,1780419716967,0,4,22.4,50.8,54.4,1.2,153.5
12511,1780419717000,0,4,22.7,50.2,20.7,1.5,140.6
12512,1780419717033,0,4,22.2,51.9,54.8,1.1,147.0
12513,1780419717067,0,4,22.7,48.8,46.6,2.1,159.8
12514,1780419717100,0,4,22.3,51.1,31.6,1.8,156.2
12515,1780419717133,0,4,22.3,53.0,44.3,3.9,157.2
12516,1780419717167,0,4,22.6,48.7,22.6,2.7,148.5
12517,1780419717200,0,4,22.8,52.4,31.5,3.8,148.5
12518,1780419717233,0,4,22.4,51.3,33.0,1.3,147.7
12519,1780419717267,0,4,22.7,50.0,45.2,3.0,143.3
12520,1780419717300,0,4,22.4,51.5,33.7,1.1,141.8
12521,1780419717333,0,4,22.7,51.3,37.7,1.4,159.6
12522,1780419717367,0,4,22.4,53.8,34.4,1.0,158.3
12523,1780419717400,0,4,22.4,49.1,21.0,1.3,156.6
12524,1780419717433,0,4,22.4,48.8,57.6,3.1,143.2
12525,1780419717467,0,4,22.7,48.6,40.3,3.9,156.3
12526,1780419717500,0,4,22.3,51.4,38.0,3.9,145.6
12527,1780419717533,0,4,22.8,48.1,31.1,2.4,144.3
12528,1780419717567,0,4,22.6,49.0,38.3,3.2,143.7
12529,1780419717600,0,4,22.6,50.1,22.2,2.0,158.3
12530,1780419717633,0,4,22.6,48.2,50.4,2.7,150.8
12531,1780419717667,0,4,22.4,51.3,56.4,1.5,153.8
12532,1780419717700,0,4,22.6,48.6,31.1,1.4,146.3
12533,1780419717733,0,4,22.4,52.4,55.6,1.4,140.0
12534,1780419717767,0,4,22.5,52.2,20.3,3.8,140.7
12535,1780419717800,0,4,22.7,48.4,26.9,2.8,143.7
12536,1780419717833,0,4,22.4,50.3,47.6,1.1,159.7
12537,1780419717867,0,4,22.5,51.7,46.1,2.9,154.9
12538,1780419717900,0,4,22.8,49.9,22.0,3.4,153.4
12539,1780419717933,0,4,22.4,50.7,35.3,1.9,151.7
12540,1780419717967,0,4,22.5,50.9,28.2,1.8,157.1
12541,1780419718000,0,4,22.6,49.9,42.9,1.5,154.9
12542,1780419718033,0,4,22.7,51.4,51.5,2.2,148.5
12543,1780419718067,0,4,22.4,48.1,43.9,2.4,159.3
12544,1780419718100,0,4,22.5,53.9,23.0,2.2,144.8
12545,1780419718133,0,4,22.4,49.4,55.6,1.4,143.6
12546,1780419718167,0,4,22.8,49.5,56.6,3.9,160.0
12547,1780419718200,0,4,22.5,53.9,24.4,3.7,152.0
12548,1780419718233,0,4,22.2,50.4,20.4,1.1,152.3
12549,1780419718267,0,4,22.5,48.0,47.7,2.2,143.3
12550,1780419718300,0,4,22.3,53.7,29.6,3.4,151.1
12551,1780419718333,0,4,22.8,51.8,41.0,2.8,145.7
12552,1780419718367,0,4,22.2,51.1,31.3,3.1,149.0
12553,1780419718400,0,4,22.3,52.4,39.6,3.7,153.0
12554,1780419718433,0,4,22.5,49.8,48.2,3.9,143.1
12555,1780419718467,0,4,22.6,52.0,21.5,3.1,145.6
12556,1780419718500,0,4,22.7,52.6,51.5,1.7,144.0
12557,1780419718533,0,4,22.8,49.5,59.3,3.5,147.7
12558,1780419718567,0,4,22.5,53.1,41.1,1.7,151.8
12559,1780419718600,0,4,22.3,50.7,51.7,3.5,143.2
12560,1780419718633,0,4,22.4,53.6,50.3,3.8,152.5
12561,1780419718667,0,4,22.5,51.8,52.3,2.2,151.7
12562,1780419718700,0,4,22.7,48.3,33.4,1.4,144.0
12563,1780419718733,0,4,22.4,54.0,58.5,3.7,140.3
12564,1780419718767,0,4,22.3,51.8,56.6,3.0,155.3
12565,1780419718800,0,4,22.5,50.0,24.1,3.7,158.6
12566,1780419718833,0,4,22.4,48.6,56.7,2.6,141.7
12567,1780419718867,0,4,22.2,48.1,51.0,3.8,141.3
12568,1780419718900,0,4,22.5,51.1,47.1,3.5,154.9
12569,1780419718933,0,4,22.5,51.9,30.9,1.1,155.3
12570,1780419718967,0,4,22.6,50.6,31.2,2.8,159.5
12571,1780419719000,0,4,22.8,52.9,52.1,2.3,158.7
12572,1780419719033,0,4,22.7,50.8,41.6,3.4,151.0
12573,1780419719067,0,4,22.7,50.0,45.7,1.7,154.7
12574,1780419719100,0,4,22.8,48.8,37.0,2.8,141.4
12575,1780419719133,0,4,22.6,48.4,22.0,3.1,159.1
12576,1780419719167,0,4,22.8,52.1,53.5,2.6,147.8
12577,1780419719200,0,4,22.6,48.3,21.5,3.0,155.0
12578,1780419719233,0,4,22.7,53.4,57.6,1.8,154.0
12579,1780419719267,0,4,22.4,48.5,52.5,1.5,149.1
12580,1780419719300,0,4,22.7,50.8,43.4,3.0,145.1
12581,1780419719333,0,4,22.6,52.7,39.5,2.6,150.9
12582,1780419719367,0,4,22.4,51.1,45.4,1.1,140.5
12583,1780419719400,0,4,22.3,50.7,26.0,3.9,154.3
12584,1780419719433,0,4,22.6,52.4,59.0,3.5,159.9
12585,1780419719467,0,4,22.7,49.3,32.7,1.9,156.0
12586,1780419719500,0,4,22.7,51.8,21.9,3.0,142.3
12587,1780419719533,0,4,22.2,48.1,48.2,1.9,154.4
12588,1780419719567,0,4,22.7,52.7,37.1,1.4,146.4
12589,1780419719600,0,4,22.2,49.5,58.0,2.1,155.3
12590,1780419719633,0,4,22.7,53.7,47.1,3.1,150.2
12591,1780419719667,0,4,22.7,53.3,40.7,3.5,157.1
12592,1780419719700,0,4,22.4,53.3,40.3,1.0,152.5
12593,1780419719733,0,4,22.5,49.7,46.0,2.2,154.4
12594,1780419719767,0,4,22.5,51.7,55.8,1.3,154.2
12595,1780419719800,0,4,22.8,52.3,57.0,3.7,154.4
12596,1780419719833,0,4,22.6,52.5,47.4,3.0,158.1
12597,1780419719867,0,4,22.3,52.2,41.0,3.0,146.4
12598,1780419719900,0,4,22.2,48.2,30.4,1.6,160.0
12599,1780419719933,0,4,22.6,52.8,44.2,1.5,146.4
12600,1780419719967,0,4,22.5,50.6,45.2,3.7,154.4
12601,1780419720000,0,4,22.6,48.2,43.0,1.1,156.0
12602,1780419720033,0,4,22.7,49.0,50.2,3.4,146.2
12603,1780419720067,0,4,22.6,50.8,46.6,2.2,149.3
12604,1780419720100,0,4,22.7,49.5,34.2,2.4,155.0
12605,1780419720133,0,4,22.8,51.1,33.6,3.3,159.5
12606,1780419720167,0,4,22.6,51.8,47.6,1.1,153.7
12607,1780419720200,0,4,22.7,49.0,25.7,3.4,157.5
12608,1780419720233,0,4,22.6,50.6,38.1,1.4,159.6
12609,1780419720267,0,4,22.6,52.4,21.4,1.6,154.0
12610,1780419720300,0,4,22.4,53.6,46.4,2.5,149.6
12611,1780419720333,0,4,22.5,49.1,30.0,3.8,159.8
12612,1780419720367,0,4,22.4,52.1,30.3,3.3,152.0
12613,1780419720400,0,4,22.3,48.9,34.0,3.8,154.0
12614,1780419720433,0,4,22.6,48.7,26.8,2.3,149.9
12615,1780419720467,0,4,22.5,48.1,35.6,2.1,142.5
12616,1780419720500,0,4,22.7,52.1,26.8,2.7,140.6
12617,1780419720533,0,4,22.5,52.1,28.2,1.4,155.8
12618,1780419720567,0,4,22.5,50.9,59.8,1.5,154.3
12619,1780419720600,0,4,22.5,53.6,50.7,1.1,140.8
12620,1780419720633,0,4,22.7,50.3,20.5,1.3,150.6
12621,1780419720667,0,4,22.7,48.7,34.6,1.9,149.9
12622,1780419720700,0,4,22.3,53.2,57.6,1.7,148.0
12623,1780419720733,0,4,22.6,52.2,51.0,3.2,159.6
12624,1780419720767,0,4,22.3,53.3,44.5,3.3,142.8
12625,1780419720800,0,4,22.3,51.0,25.7,2.9,146.5
12626,1780419720833,0,4,22.5,48.4,55.9,3.3,140.5
12627,1780419720867,0,4,22.8,48.8,53.2,3.3,156.7
12628,1780419720900,0,4,22.4,52.5,40.2,1.2,154.2
12629,1780419720933,0,4,22.4,52.8,58.5,3.0,156.2
12630,1780419720967,0,4,22.6,52.8,57.2,3.5,157.3
12631,1780419721000,0,4,22.5,51.0,35.7,2.2,141.1
12632,1780419721033,0,4,22.5,49.9,48.6,1.0,151.4
12633,1780419721067,0,4,22.2,48.9,42.9,1.7,150.8
12634,1780419721100,0,4,22.6,48.7,43.3,3.7,159.8
12635,1780419721133,0,4,22.7,52.0,44.7,2.3,157.3
12636,1780419721167,0,4,22.3,48.5,58.8,3.7,148.4
12637,1780419721200,0,4,22.8,48.2,21.9,1.7,156.6
12638,1780419721233,0,4,22.8,50.0,44.7,2.0,154.3
12639,1780419721267,0,4,22.7,52.7,55.6,1.7,151.8
12640,1780419721300,0,4,22.3,49.3,42.5,3.8,143.2
12641,1780419721333,0,4,22.4,52.7,46.0,2.1,157.7
12642,1780419721367,0,4,22.3,52.4,45.3,2.8,150.0
12643,1780419721400,0,4,22.6,53.4,22.1,2.0,159.8
12644,1780419721433,0,4,22.3,48.4,26.8,1.7,152.0
12645,1780419721467,0,4,22.5,50.1,29.9,2.1,150.3
12646,1780419721500,0,4,22.7,49.1,37.8,1.5,143.0
12647,1780419721533,0,4,22.7,51.5,32.6,1.2,159.6
12648,1780419721567,0,4,22.3,54.0,26.8,2.8,150.7
12649,1780419721600,0,4,22.7,52.0,49.1,2.0,141.9
12650,1780419721633,0,4,22.6,52.1,52.9,1.1,155.6
12651,1780419721667,0,4,22.3,51.2,29.0,1.7,142.7
12652,1780419721700,0,4,22.5,53.1,20.6,3.8,140.5
12653,1780419721733,0,4,22.7,53.6,49.2,3.6,148.0
12654,1780419721767,0,4,22.6,53.9,36.8,2.4,140.8
12655,1780419721800,0,4,22.3,51.8,53.4,1.1,141.5
12656,1780419721833,0,4,22.6,52.6,28.5,1.5,157.3
12657,1780419721867,0,4,22.3,53.2,38.4,1.5,151.2
12658,1780419721900,0,4,22.4,48.1,45.8,2.8,141.6
12659,1780419721933,0,4,22.3,49.8,27.4,2.1,147.1
12660,1780419721967,0,4,22.4,48.7,30.0,3.7,155.4
12661,1780419722000,0,4,22.5,53.3,49.5,2.5,151.8
12662,1780419722033,0,4,22.6,49.7,37.8,3.3,141.9
12663,1780419722067,0,4,22.5,53.3,24.5,1.6,150.8
12664,1780419722100,0,4,22.7,50.6,42.0,2.2,151.9
12665,1780419722133,0,4,22.7,48.5,36.5,1.8,144.3
12666,1780419722167,0,4,22.5,51.6,56.0,2.5,159.6
12667,1780419722200,0,4,22.3,51.1,27.3,2.2,140.6
12668,1780419722233,0,4,22.5,52.6,36.5,3.8,148.8
12669,1780419722267,0,4,22.6,51.0,55.1,3.7,147.9
12670,1780419722300,0,4,22.5,52.1,27.3,1.9,154.3
12671,1780419722333,0,4,22.7,48.0,21.3,2.8,153.6
12672,1780419722367,0,4,22.7,50.4,45.0,2.3,151.4
12673,1780419722400,0,4,22.8,49.6,28.8,1.1,141.8
12674,1780419722433,0,4,22.6,49.7,46.7,2.8,150.0
12675,1780419722467,0,4,22.3,53.5,34.6,3.3,145.0
12676,1780419722500,0,4,22.3,51.1,50.5,2.6,144.8
12677,1780419722533,0,4,22.7,49.8,58.2,2.2,154.1
12678,1780419722567,0,4,22.3,51.0,40.3,4.0,143.4
12679,1780419722600,0,4,22.7,53.0,22.2,1.1,144.3
12680,1780419722633,0,4,22.7,51.4,25.6,3.3,144.4
12681,1780419722667,0,4,22.3,48.8,25.7,3.7,145.1
12682,1780419722700,0,4,22.5,51.7,32.5,2.8,154.7
12683,1780419722733,0,4,22.5,52.7,45.7,1.3,154.2
12684,1780419722767,0,4,22.7,52.9,49.0,1.1,148.1
12685,1780419722800,0,4,22.4,52.2,24.4,3.6,149.7
12686,1780419722833,0,4,22.8,53.0,28.9,1.2,145.0
12687,1780419722867,0,4,22.7,48.9,57.2,1.7,146.7
12688,1780419722900,0,4,22.4,50.3,47.7,2.3,151.5
12689,1780419722933,0,4,22.4,52.5,48.3,2.1,142.3
12690,1780419722967,0,4,22.5,48.5,57.9,2.1,149.5
12691,1780419723000,0,4,22.7,50.5,58.9,3.4,154.6
12692,1780419723033,0,4,22.7,53.2,20.2,1.9,158.0
12693,1780419723067,0,4,22.8,48.7,32.9,4.0,152.2
12694,1780419723100,0,4,22.6,50.8,47.3,3.6,148.0
12695,1780419723133,0,4,22.5,53.9,36.9,1.4,158.2
12696,1780419723167,0,4,22.5,50.7,25.5,1.9,149.6
12697,1780419723200,0,4,22.4,51.8,36.7,3.8,147.8
12698,1780419723233,0,4,22.5,49.9,29.3,2.6,151.8
12699,1780419723267,0,4,22.5,49.8,38.6,2.6,141.9
12700,1780419723300,0,4,22.6,48.0,53.4,3.8,144.6
12701,1780419723333,0,4,22.3,50.5,42.2,1.1,148.3
12702,1780419723367,0,4,22.4,53.7,56.9,3.3,154.2
12703,1780419723400,0,4,22.8,48.7,44.3,2.8,142.9
12704,1780419723433,0,4,22.7,53.8,48.5,2.5,148.1
12705,1780419723467,0,4,22.7,52.5,25.0,3.7,157.7
12706,1780419723500,0,4,22.2,53.0,50.6,2.8,152.3
12707,1780419723533,0,4,22.6,51.7,25.9,2.4,155.0
12708,1780419723567,0,4,22.7,49.2,28.1,2.0,159.8
12709,1780419723600,0,4,22.6,52.8,47.7,3.0,143.9
12710,1780419723633,0,4,22.4,52.6,34.2,1.9,141.6
12711,1780419723667,0,4,22.6,48.6,41.6,1.8,155.9
12712,1780419723700,0,4,22.5,49.3,46.3,1.2,152.6
12713,1780419723733,0,4,22.8,53.4,23.8,3.0,140.3
12714,1780419723767,0,4,22.6,50.7,59.0,3.8,146.0
12715,1780419723800,0,4,22.8,53.9,30.1,2.2,157.0
12716,1780419723833,0,4,22.7,49.2,24.2,3.1,141.0
12717,1780419723867,0,4,22.4,52.0,35.9,2.5,142.8
12718,1780419723900,0,4,22.7,51.9,28.3,2.4,151.9
12719,1780419723933,0,4,22.5,50.9,25.0,1.7,151.3
12720,1780419723967,0,4,22.7,53.5,50.8,2.5,151.0
12721,1780419724000,0,4,22.7,50.1,26.6,3.0,151.2
12722,1780419724033,0,4,22.8,51.0,31.5,1.3,140.0
12723,1780419724067,0,4,22.6,48.3,36.0,1.1,146.0
12724,1780419724100,0,4,22.6,50.2,49.4,2.3,146.3
12725,1780419724133,0,4,22.5,52.9,57.8,1.1,152.7
12726,1780419724167,0,4,22.5,49.9,47.5,3.6,159.8
12727,1780419724200,0,4,22.6,48.1,59.3,2.0,140.9
12728,1780419724233,0,4,22.7,51.2,25.5,2.8,146.8
12729,1780419724267,0,4,22.5,52.7,56.9,3.1,140.2
12730,1780419724300,0,4,22.8,51.6,50.6,2.5,154.7
12731,1780419724333,0,4,22.3,53.0,33.8,2.9,145.6
12732,1780419724367,0,4,22.8,49.5,46.3,3.2,142.2
12733,1780419724400,0,4,22.4,53.8,40.5,2.2,159.9
12734,1780419724433,0,4,22.5,48.7,22.6,2.0,150.7
12735,1780419724467,0,4,22.4,49.4,25.1,1.3,143.1
12736,1780419724500,0,4,22.5,49.5,54.4,3.5,152.3
12737,1780419724533,0,4,22.3,53.1,41.6,2.7,142.7
12738,1780419724567,0,4,22.6,48.9,53.0,1.5,145.7
12739,1780419724600,0,4,22.2,51.3,59.2,2.4,156.6
12740,1780419724633,0,4,22.8,51.9,27.9,1.7,150.5
12741,1780419724667,0,4,22.7,53.9,49.0,3.6,148.8
12742,1780419724700,0,4,22.2,49.9,26.3,2.4,154.8
12743,1780419724733,0,4,22.5,52.9,51.0,2.8,146.0
12744,1780419724767,0,4,22.5,51.0,22.0,2.4,154.8
12745,1780419724800,0,4,22.4,50.1,57.1,3.8,142.1
12746,1780419724833,0,4,22.8,53.8,42.4,3.1,153.7
12747,1780419724867,0,4,22.7,49.0,23.5,3.3,155.0
12748,1780419724900,0,4,22.6,53.0,44.5,3.5,154.4
12749,1780419724933,0,4,22.7,53.0,51.4,2.6,143.2
12750,1780419724967,0,4,22.7,52.9,44.3,3.9,149.5
12751,1780419725000,0,4,22.6,51.9,31.6,2.1,147.1
12752,1780419725033,0,4,22.7,53.3,35.8,1.4,143.1
12753,1780419725067,0,4,22.8,51.8,25.6,2.7,148.4
12754,1780419725100,0,4,22.2,51.9,22.5,2.6,156.2
12755,1780419725133,0,4,22.6,48.5,43.1,3.2,145.7
12756,1780419725167,0,4,22.3,53.9,25.6,3.3,150.4
12757,1780419725200,0,4,22.8,48.9,52.0,2.2,145.8
12758,1780419725233,0,4,22.2,52.9,35.4,3.2,151.6
12759,1780419725267,0,4,22.3,50.9,45.6,2.3,149.6
12760,1780419725300,0,4,22.5,51.6,56.6,3.2,142.7
12761,1780419725333,0,4,22.4,53.1,23.1,3.5,144.0
12762,1780419725367,0,4,22.3,50.5,56.2,3.6,145.4
12763,1780419725400,0,4,22.8,53.0,48.7,1.9,146.3
12764,1780419725433,0,4,22.5,53.1,50.8,1.9,145.5
12765,1780419725467,0,4,22.2,48.8,33.0,3.4,153.7
12766,1780419725500,0,4,22.3,50.1,48.4,1.2,141.7
12767,1780419725533,0,4,22.4,50.5,26.2,1.4,146.9
12768,1780419725567,0,4,22.7,50.1,57.6,3.8,158.4
12769,1780419725600,0,4,22.6,48.1,42.6,3.2,156.4
12770,1780419725633,0,4,22.6,49.3,51.7,2.6,142.0
12771,1780419725667,0,4,22.4,50.5,28.3,3.7,149.8
12772,1780419725700,0,4,22.4,51.8,54.6,2.0,156.4
12773,1780419725733,0,4,22.6,51.6,51.6,3.9,147.2
12774,1780419725767,0,4,22.4,49.1,28.5,3.2,148.6
12775,1780419725800,0,4,22.5,51.0,59.3,2.6,150.5
12776,1780419725833,0,4,22.4,51.0,54.9,1.1,159.0
12777,1780419725867,0,4,22.3,50.6,21.4,3.6,149.4
12778,1780419725900,0,4,22.2,49.3,39.7,3.3,156.7
12779,1780419725933,0,4,22.3,50.5,55.8,1.2,145.6
12780,1780419725967,0,4,22.7,53.6,27.7,1.6,153.3
12781,1780419726000,0,4,22.4,49.1,38.4,1.1,158.9
12782,1780419726033,0,4,22.4,53.7,41.5,1.2,146.6
12783,1780419726067,0,4,22.3,49.2,23.8,2.2,153.3
12784,1780419726100,0,4,22.3,52.7,29.6,3.0,151.9
12785,1780419726133,0,4,22.3,48.5,34.1,1.9,152.9
12786,1780419726167,0,4,22.4,52.8,59.2,2.6,159.8
12787,1780419726200,0,4,22.6,49.2,47.7,2.7,147.0
12788,1780419726233,0,4,22.4,49.0,32.1,2.8,147.6
12789,1780419726267,0,4,22.7,49.3,38.2,3.8,143.5
12790,1780419726300,0,4,22.3,48.7,27.2,1.3,159.5
12791,1780419726333,0,4,22.5,52.2,59.7,1.0,143.7
12792,1780419726367,0,4,22.4,52.7,44.3,1.9,142.5
12793,1780419726400,0,4,22.4,49.6,40.4,1.7,153.3
12794,1780419726433,0,4,22.8,51.4,52.5,2.2,159.6
12795,1780419726467,0,4,22.3,50.7,35.2,2.2,140.3
12796,1780419726500,0,4,22.4,50.4,31.4,3.3,150.5
12797,1780419726533,0,4,22.4,52.2,51.3,3.9,143.9
12798,1780419726567,0,4,22.3,51.2,27.8,2.4,140.4
12799,1780419726600,0,4,22.3,53.1,36.3,2.6,140.8
12800,1780419726633,0,4,22.6,50.4,28.7,1.7,148.3
12801,1780419726667,0,4,22.8,52.2,59.8,3.5,158.9
12802,1780419726700,0,4,22.8,48.1,29.3,2.1,144.2
12803,1780419726733,0,4,22.3,49.3,46.0,2.9,157.5
12804,1780419726767,0,4,22.3,52.8,47.7,2.6,156.8
12805,1780419726800,0,4,22.3,50.2,35.8,1.6,154.8
12806,1780419726833,0,4,22.3,52.0,49.2,1.2,145.1
12807,1780419726867,0,4,22.7,52.8,33.9,2.6,152.0
12808,1780419726900,0,4,22.5,48.3,27.0,3.9,142.4
12809,1780419726933,0,4,22.3,52.3,38.0,3.7,157.1
12810,1780419726967,0,4,22.4,52.7,50.1,3.8,141.8
12811,1780419727000,0,4,22.6,48.1,46.1,2.7,149.5
12812,1780419727033,0,4,22.3,50.1,41.8,3.0,144.2
12813,1780419727067,0,4,22.8,48.8,20.6,2.6,144.4
12814,1780419727100,0,4,22.3,52.4,55.6,1.4,157.7
12815,1780419727133,0,4,22.4,51.5,42.6,3.4,152.9
12816,1780419727167,0,4,22.5,53.7,24.3,3.9,158.5
12817,1780419727200,0,4,22.5,51.4,42.3,2.6,151.9
12818,1780419727233,0,4,22.8,50.4,33.5,2.8,157.5
12819,1780419727267,0,4,22.7,51.1,32.4,3.7,156.5
12820,1780419727300,0,4,22.3,50.9,57.1,1.7,144.2
12821,1780419727333,0,4,22.6,53.2,57.7,1.0,156.0
12822,1780419727367,0,4,22.4,49.5,31.7,3.9,146.9
12823,1780419727400,0,4,22.8,51.2,56.5,3.1,141.2
12824,1780419727433,0,4,22.6,49.7,51.3,2.4,155.2
12825,1780419727467,0,4,22.7,50.9,30.2,2.1,156.5
12826,1780419727500,0,4,22.8,52.1,32.6,1.2,157.8
12827,1780419727533,0,4,22.5,51.8,34.2,2.5,155.6
12828,1780419727567,0,4,22.2,48.5,43.1,3.0,148.9
12829,1780419727600,0,4,22.5,50.5,20.0,2.8,144.1
12830,1780419727633,0,4,22.6,49.5,40.4,2.9,158.5
12831,1780419727667,0,4,22.7,49.0,35.1,2.8,154.7
12832,1780419727700,0,4,22.7,49.2,38.5,3.1,140.4
12833,1780419727733,0,4,22.7,50.5,50.5,1.3,154.6
12834,1780419727767,0,4,22.6,51.2,40.3,2.9,157.0
12835,1780419727800,0,4,22.7,49.6,52.9,3.7,153.3
12836,1780419727833,0,4,22.2,51.9,34.0,2.7,148.1
12837,1780419727867,0,4,22.7,52.3,36.9,2.1,140.6
12838,1780419727900,0,4,22.7,52.9,34.7,3.9,146.1
12839,1780419727933,0,4,22.3,52.5,41.4,3.6,152.2
12840,1780419727967,0,4,22.4,48.4,35.7,3.0,157.6
12841,1780419728000,0,4,22.5,51.3,41.4,3.8,155.8
12842,1780419728033,0,4,22.5,49.6,31.3,3.1,143.9
12843,1780419728067,0,4,22.6,50.5,44.5,2.9,158.7
12844,1780419728100,0,4,22.8,48.5,20.0,2.5,149.0
12845,1780419728133,0,4,22.8,50.4,41.6,1.9,144.5
12846,1780419728167,0,4,22.7,48.9,53.2,3.1,142.2
12847,1780419728200,0,4,22.3,49.6,44.8,2.7,151.1
12848,1780419728233,0,4,22.8,53.2,33.2,4.0,152.6
12849,1780419728267,0,4,22.2,48.9,51.8,2.5,143.6
12850,1780419728300,0,4,22.6,50.6,39.6,3.5,155.4
12851,1780419728333,0,4,22.6,52.9,51.2,2.5,140.4
12852,1780419728367,0,4,22.6,52.6,48.4,2.3,140.5
12853,1780419728400,0,4,22.6,53.5,22.9,3.7,156.0
12854,1780419728433,0,4,22.7,50.7,43.7,2.9,159.2
12855,1780419728467,0,4,22.4,52.8,49.7,3.6,141.1
12856,1780419728500,0,4,22.3,48.6,30.5,3.9,148.6
12857,1780419728533,0,4,22.8,48.4,36.6,2.4,143.2
12858,1780419728567,0,4,22.3,51.2,43.3,2.0,150.8
12859,1780419728600,0,4,22.3,49.2,53.2,1.3,143.4
12860,1780419728633,0,4,22.6,53.1,51.5,1.2,159.7
12861,1780419728667,0,4,22.4,52.2,45.9,2.9,143.6
12862,1780419728700,0,4,22.7,49.9,26.2,2.6,157.8
12863,1780419728733,0,4,22.6,51.7,27.5,1.8,145.7
12864,1780419728767,0,4,22.5,52.9,49.3,2.3,156.1
12865,1780419728800,0,4,22.8,53.1,43.6,2.7,143.9
12866,1780419728833,0,4,22.3,49.2,48.4,1.4,141.9
12867,1780419728867,0,4,22.3,50.5,40.6,1.6,153.5
12868,1780419728900,0,4,22.6,52.0,51.3,3.5,154.1
12869,1780419728933,0,4,22.6,51.1,56.8,3.8,156.1
12870,1780419728967,0,4,22.5,49.2,34.8,2.9,145.1
12871,1780419729000,0,4,22.8,53.4,30.3,2.7,144.0
12872,1780419729033,0,4,22.5,53.2,35.1,1.0,154.4
12873,1780419729067,0,4,22.7,51.1,35.2,2.0,156.2
12874,1780419729100,0,4,22.4,51.6,50.3,2.5,144.2
12875,1780419729133,0,4,22.3,48.3,57.3,3.1,147.9
12876,1780419729167,0,4,22.4,52.1,26.5,3.8,143.0
12877,1780419729200,0,4,22.7,53.4,39.4,1.1,152.7
12878,1780419729233,0,4,22.4,51.4,34.8,3.3,142.2
12879,1780419729267,0,4,22.8,49.0,53.0,3.1,152.0
12880,1780419729300,0,4,22.5,51.0,26.0,2.9,156.5
12881,1780419729333,0,4,22.4,52.9,42.2,1.5,142.3
12882,1780419729367,0,4,22.3,48.0,32.9,2.3,159.9
12883,1780419729400,0,4,22.7,48.5,20.9,1.7,150.9
12884,1780419729433,0,4,22.2,51.4,54.3,3.8,151.0
12885,1780419729467,0,4,22.8,48.2,22.6,2.9,144.9
12886,1780419729500,0,4,22.8,49.5,36.4,1.9,159.5
12887,1780419729533,0,4,22.4,53.0,38.6,3.2,151.7
12888,1780419729567,0,4,22.5,53.5,23.5,2.2,142.0
12889,1780419729600,0,4,22.6,52.8,54.7,1.3,143.7
12890,1780419729633,0,4,22.5,49.7,43.3,3.5,156.0
12891,1780419729667,0,4,22.2,53.2,50.2,2.4,152.3
12892,1780419729700,0,4,22.7,49.4,24.7,3.4,155.0
12893,1780419729733,0,4,22.6,48.9,42.0,1.8,151.9
12894,1780419729767,0,4,22.3,52.5,58.6,2.7,141.6
12895,1780419729800,0,4,22.2,48.3,57.2,1.1,146.1
12896,1780419729833,0,4,22.5,51.9,47.3,1.0,156.7
12897,1780419729867,0,4,22.5,50.4,51.7,1.6,143.7
12898,1780419729900,0,4,22.5,50.5,46.1,3.1,152.5
12899,1780419729933,0,4,22.4,49.2,22.0,1.4,153.8
12900,1780419729967,0,4,22.3,49.6,42.2,3.1,157.2
12901,1780419730000,0,4,22.3,52.8,25.8,3.7,140.3
12902,1780419730033,0,4,22.7,52.3,57.7,1.7,147.1
12903,1780419730067,0,4,22.5,49.8,35.4,2.8,153.3
12904,1780419730100,0,4,22.4,53.7,46.3,3.8,150.6
12905,1780419730133,0,4,22.7,49.2,28.6,1.9,149.4
12906,1780419730167,0,4,22.7,51.0,40.4,1.5,143.7
12907,1780419730200,0,4,22.6,49.5,22.0,1.9,143.0
12908,1780419730233,0,4,22.4,52.8,43.6,2.1,157.0
12909,1780419730267,0,4,22.4,52.0,57.4,2.9,143.2
12910,1780419730300,0,4,22.3,49.9,48.9,2.2,144.7
12911,1780419730333,0,4,22.7,53.0,31.2,1.6,150.6
12912,1780419730367,0,4,22.6,51.8,23.9,3.4,151.2
12913,1780419730400,0,4,22.3,48.1,25.4,2.9,152.4
12914,1780419730433,0,4,22.4,49.5,39.7,3.6,144.5
12915,1780419730467,0,4,22.7,53.8,44.4,3.3,158.3
12916,1780419730500,0,4,22.5,50.4,58.8,2.0,154.1
12917,1780419730533,0,4,22.7,49.8,20.7,2.9,144.5
12918,1780419730567,0,4,22.3,50.6,59.3,1.7,142.9
12919,1780419730600,0,4,22.4,53.2,55.2,3.4,146.8
12920,1780419730633,0,4,22.6,53.3,49.2,2.8,158.8
12921,1780419730667,0,4,22.7,52.5,41.0,2.9,158.3
12922,1780419730700,0,4,22.7,52.6,50.6,3.3,150.3
12923,1780419730733,0,4,22.3,51.3,42.3,2.4,153.6
12924,1780419730767,0,4,22.5,50.6,28.0,3.8,146.1
12925,1780419730800,0,4,22.8,51.1,30.0,3.0,153.7
12926,1780419730833,0,4,22.4,53.2,25.4,3.9,156.9
12927,1780419730867,0,4,22.3,50.2,26.9,1.5,145.0
12928,1780419730900,0,4,22.6,49.3,38.8,3.7,158.0
12929,1780419730933,0,4,22.6,53.6,35.2,1.0,145.1
12930,1780419730967,0,4,22.5,51.0,49.5,1.3,145.4
12931,1780419731000,0,4,22.8,51.3,40.4,3.8,140.2
12932,1780419731033,0,4,22.7,52.5,30.9,3.6,159.5
12933,1780419731067,0,4,22.6,53.6,28.9,3.3,149.0
12934,1780419731100,0,4,22.5,54.0,22.8,1.6,147.5
12935,1780419731133,0,4,22.7,52.4,43.8,3.4,151.8
12936,1780419731167,0,4,22.2,52.9,50.6,3.7,147.3
12937,1780419731200,0,4,22.4,50.1,35.7,1.8,150.9
12938,1780419731233,0,4,22.2,51.5,39.4,2.0,146.8
12939,1780419731267,0,4,22.7,49.0,36.9,2.1,143.9
12940,1780419731300,0,4,22.7,50.4,38.3,2.5,155.9
12941,1780419731333,0,4,22.3,53.4,58.5,1.9,155.3
12942,1780419731367,0,4,22.7,52.2,24.5,4.0,149.4
12943,1780419731400,0,4,22.5,49.3,36.1,1.5,157.9
12944,1780419731433,0,4,22.3,52.1,40.7,1.5,152.6
12945,1780419731467,0,4,22.8,48.3,26.1,2.5,153.6
12946,1780419731500,0,4,22.6,49.2,26.2,3.7,141.1
12947,1780419731533,0,4,22.4,48.9,22.9,1.8,148.6
12948,1780419731567,0,4,22.3,53.7,37.3,1.7,153.1
12949,1780419731600,0,4,22.7,53.6,34.2,2.7,150.0
12950,1780419731633,0,4,22.3,53.0,52.8,3.6,151.1
12951,1780419731667,0,4,22.3,51.5,52.4,3.6,144.6
12952,1780419731700,0,4,22.3,51.3,26.0,3.9,155.4
12953,1780419731733,0,4,22.6,49.9,37.7,1.1,159.2
12954,1780419731767,0,4,22.2,49.9,34.7,2.0,156.4
12955,1780419731800,0,4,22.5,52.3,56.0,3.5,152.6
12956,1780419731833,0,4,22.6,48.1,43.1,3.9,141.0
12957,1780419731867,0,4,22.8,48.1,48.8,1.7,148.9
12958,1780419731900,0,4,22.5,50.5,44.0,3.3,159.5
12959,1780419731933,0,4,22.7,52.8,36.0,3.3,153.5
12960,1780419731967,0,4,22.7,51.0,37.4,1.6,152.1
12961,1780419732000,0,4,22.6,52.5,28.5,2.3,152.6
12962,1780419732033,0,4,22.8,49.4,51.9,1.1,149.7
12963,1780419732067,0,4,22.7,52.6,25.5,2.0,158.5
12964,1780419732100,0,4,22.5,48.9,29.4,3.0,140.4
12965,1780419732133,0,4,22.4,52.6,39.8,3.0,157.6
12966,1780419732167,0,4,22.2,49.9,28.9,1.5,150.8
12967,1780419732200,0,4,22.3,52.9,58.2,3.0,150.4
12968,1780419732233,0,4,22.6,50.6,50.8,3.1,142.0
12969,1780419732267,0,4,22.7,52.7,48.9,1.7,153.2
12970,1780419732300,0,4,22.4,48.1,22.5,2.6,141.3
12971,1780419732333,0,4,22.5,53.0,21.8,1.5,148.6
12972,1780419732367,0,4,22.5,49.5,56.1,3.4,142.0
12973,1780419732400,0,4,22.7,51.5,31.9,3.4,155.1
12974,1780419732433,0,4,22.5,48.3,45.1,2.8,142.3
12975,1780419732467,0,4,22.2,50.8,39.9,1.8,154.5
12976,1780419732500,0,4,22.5,51.7,33.9,1.1,155.2
12977,1780419732533,0,4,22.5,50.9,34.5,2.1,148.1
12978,1780419732567,0,4,22.3,51.9,33.9,2.2,156.8
12979,1780419732600,0,4,22.7,49.1,31.0,1.4,153.9
12980,1780419732633,0,4,22.4,49.1,59.6,1.6,158.9
12981,1780419732667,0,4,22.5,49.2,56.5,2.0,147.4
12982,1780419732700,0,4,22.4,49.5,38.6,1.2,156.9
12983,1780419732733,0,4,22.3,52.1,25.0,1.5,155.3
12984,1780419732767,0,4,22.7,49.0,54.7,2.0,155.6
12985,1780419732800,0,4,22.3,52.6,31.2,1.7,141.1
12986,1780419732833,0,4,22.6,53.2,32.5,1.8,147.9
12987,1780419732867,0,4,22.3,50.1,32.1,3.1,147.4
12988,1780419732900,0,4,22.8,50.3,56.6,3.0,158.1
12989,1780419732933,0,4,22.6,52.4,49.1,3.8,141.0
12990,1780419732967,0,4,22.7,48.9,26.4,2.8,152.0
12991,1780419733000,0,4,22.4,52.0,24.3,3.5,155.7
12992,1780419733033,0,4,22.7,51.9,54.8,2.5,149.9
12993,1780419733067,0,4,22.8,53.1,24.9,2.3,153.8
12994,1780419733100,0,4,22.2,50.9,38.2,3.7,159.7
12995,1780419733133,0,4,22.3,53.5,34.3,1.9,147.1
12996,1780419733167,0,4,22.6,50.0,30.1,4.0,158.5
12997,1780419733200,0,4,22.4,53.4,54.1,3.9,159.7
12998,1780419733233,0,4,22.7,53.7,58.4,3.7,149.2
12999,1780419733267,0,4,22.5,53.7,36.6,1.8,155.3
13000,1780419733300,0,4,22.7,53.9,37.3,1.5,147.6
13001,1780419733333,0,4,22.8,52.4,29.4,1.3,144.4
13002,1780419733367,0,4,22.7,52.9,22.9,3.4,147.3
13003,1780419733400,0,4,22.4,53.9,59.1,3.8,158.2
13004,1780419733433,0,4,22.7,51.2,41.5,2.8,150.6
13005,1780419733467,0,4,22.4,51.5,49.4,3.0,142.4
13006,1780419733500,0,4,22.6,53.2,21.2,2.3,153.0
13007,1780419733533,0,4,22.5,52.6,34.7,2.2,146.5
13008,1780419733567,0,4,22.6,53.3,60.0,2.4,155.0
13009,1780419733600,0,4,22.3,49.4,43.6,3.8,159.6
13010,1780419733633,0,4,22.5,50.5,33.7,3.4,153.2
13011,1780419733667,0,4,22.4,51.6,52.2,1.1,158.2
13012,1780419733700,0,4,22.7,50.3,27.5,2.0,145.8
13013,1780419733733,0,4,22.2,51.5,50.9,1.3,143.5
13014,1780419733767,0,4,22.7,52.6,37.5,3.8,146.6
13015,1780419733800,0,4,22.7,52.2,26.2,3.7,147.4
13016,1780419733833,0,4,22.4,52.6,52.0,1.5,152.8
13017,1780419733867,0,4,22.8,54.0,37.7,2.5,157.1
13018,1780419733900,0,4,22.5,48.1,58.0,4.0,153.5
13019,1780419733933,0,4,22.8,50.0,33.9,2.3,156.4
13020,1780419733967,0,4,22.3,51.4,58.3,3.3,155.3
13021,1780419734000,0,4,22.6,53.8,27.6,2.0,141.9
13022,1780419734033,0,4,22.7,50.2,37.5,3.0,141.0
13023,1780419734067,0,4,22.4,53.7,29.6,2.5,154.0
13024,1780419734100,0,4,22.7,52.4,28.4,4.0,147.1
13025,1780419734133,0,4,22.6,53.5,59.0,2.0,153.8
13026,1780419734167,0,4,22.5,53.4,22.9,1.7,157.4
13027,1780419734200,0,4,22.6,52.0,34.5,3.4,158.8
13028,1780419734233,0,4,22.2,51.0,56.8,3.8,147.6
13029,1780419734267,0,4,22.5,50.3,42.8,2.0,150.4
13030,1780419734300,0,4,22.7,52.2,23.8,3.5,159.9
13031,1780419734333,0,4,22.6,52.2,37.6,3.4,150.9
13032,1780419734367,0,4,22.4,51.6,43.6,2.6,149.7
13033,1780419734400,0,4,22.5,52.9,23.6,2.3,150.4
13034,1780419734433,0,4,22.6,48.3,20.9,1.5,151.8
13035,1780419734467,0,4,22.7,50.0,42.5,3.4,155.8
13036,1780419734500,0,4,22.3,48.5,57.8,3.8,141.1
13037,1780419734533,0,4,22.6,51.1,43.7,2.3,158.3
13038,1780419734567,0,4,22.6,53.9,49.4,3.6,148.7
13039,1780419734600,0,4,22.5,51.0,32.5,3.5,146.8
13040,1780419734633,0,4,22.6,49.9,21.2,3.3,143.2
13041,1780419734667,0,4,22.4,51.0,53.5,2.0,154.3
13042,1780419734700,0,4,22.8,53.3,29.7,3.9,157.2
13043,1780419734733,0,4,22.8,53.5,27.4,1.1,150.4
13044,1780419734767,0,4,22.2,48.9,39.1,3.7,148.9
13045,1780419734800,0,4,22.3,53.9,59.4,3.4,156.3
13046,1780419734833,0,4,22.4,52.9,27.2,1.6,159.8
13047,1780419734867,0,4,22.3,51.6,43.5,3.8,144.4
13048,1780419734900,0,4,22.7,53.7,41.7,1.0,146.3
13049,1780419734933,0,4,22.4,53.7,52.9,3.3,153.5
13050,1780419734967,0,4,22.8,48.9,33.4,2.0,150.6
13051,1780419735000,0,4,22.5,49.7,47.2,2.6,152.3
13052,1780419735033,0,4,22.8,51.1,27.9,2.0,150.3
13053,1780419735067,0,4,22.5,53.9,40.3,2.0,153.9
13054,1780419735100,0,4,22.6,52.6,55.8,3.8,149.4
13055,1780419735133,0,4,22.6,53.0,36.2,3.1,140.6
13056,1780419735167,0,4,22.3,53.0,46.3,1.3,148.5
13057,1780419735200,0,4,22.4,51.6,20.3,2.0,149.8
13058,1780419735233,0,4,22.4,49.5,52.8,1.5,144.4
13059,1780419735267,0,4,22.3,53.4,38.0,3.4,159.6
13060,1780419735300,0,4,22.6,48.5,46.9,3.6,159.3
13061,1780419735333,0,4,22.5,48.7,53.8,3.3,159.9
13062,1780419735367,0,4,22.4,51.6,59.2,2.1,160.0
13063,1780419735400,0,4,22.7,52.7,29.6,4.0,157.5
13064,1780419735433,0,4,22.7,49.5,27.5,3.9,144.0
13065,1780419735467,0,4,22.3,49.2,39.6,3.9,146.6
13066,1780419735500,0,4,22.7,52.6,39.9,3.7,147.4
13067,1780419735533,0,4,22.3,51.6,22.5,2.8,153.3
13068,1780419735567,0,4,22.5,49.9,49.5,1.8,157.3
13069,1780419735600,0,4,22.4,53.6,26.7,3.2,145.2
13070,1780419735633,0,4,22.5,53.7,26.9,1.3,142.2
13071,1780419735667,0,4,22.8,50.1,20.2,2.2,155.6
13072,1780419735700,0,4,22.2,49.9,39.8,3.5,143.2
13073,1780419735733,0,4,22.7,51.8,27.4,4.0,147.1
13074,1780419735767,0,4,22.5,50.3,44.3,2.3,142.1
13075,1780419735800,0,4,22.5,50.3,55.1,2.6,143.1
13076,1780419735833,0,4,22.4,50.9,35.7,3.3,143.3
13077,1780419735867,0,4,22.4,51.7,22.4,2.9,157.5
13078,1780419735900,0,4,22.3,50.7,35.1,3.6,154.7
13079,1780419735933,0,4,22.6,53.8,24.9,3.7,158.6
13080,1780419735967,0,4,22.4,50.4,32.1,2.5,157.3
13081,1780419736000,0,4,22.4,48.7,34.1,1.6,158.6
13082,1780419736033,0,4,22.7,51.5,53.9,2.6,149.2
13083,1780419736067,0,4,22.3,49.3,53.6,2.1,153.1
13084,1780419736100,0,4,22.7,51.1,23.4,3.5,153.0
13085,1780419736133,0,4,22.4,53.8,21.2,3.3,149.5
13086,1780419736167,0,4,22.3,52.4,46.9,3.0,148.0
13087,1780419736200,0,4,22.3,50.5,58.8,1.9,157.5
13088,1780419736233,0,4,22.7,52.8,23.6,2.6,152.4
13089,1780419736267,0,4,22.5,53.3,35.2,2.5,140.2
13090,1780419736300,0,4,22.8,50.1,42.0,1.5,140.5
13091,1780419736333,0,4,22.8,51.4,36.4,3.6,153.8
13092,1780419736367,0,4,22.5,49.3,59.9,1.4,151.7
13093,1780419736400,0,4,22.5,52.4,37.5,2.1,140.6
13094,1780419736433,0,4,22.4,51.3,40.4,3.6,145.8
13095,1780419736467,0,4,22.5,52.0,59.4,1.3,156.3
13096,1780419736500,0,4,22.7,53.3,44.3,4.0,141.8
13097,1780419736533,0,4,22.2,53.7,47.6,2.4,141.8
13098,1780419736567,0,4,22.5,53.4,59.3,2.3,148.8
13099,1780419736600,0,4,22.7,52.8,40.7,1.9,141.1
13100,1780419736633,0,4,22.5,52.4,30.7,1.7,147.5
13101,1780419736667,0,4,22.6,49.8,51.9,1.7,158.3
13102,1780419736700,0,4,22.5,49.9,40.7,1.3,148.7
13103,1780419736733,0,4,22.5,52.4,51.2,3.0,149.2
13104,1780419736767,0,4,22.6,52.5,54.3,2.2,154.7
13105,1780419736800,0,4,22.7,48.8,51.8,3.7,142.9
13106,1780419736833,0,4,22.2,50.2,44.8,2.9,142.9
13107,1780419736867,0,4,22.7,50.4,45.3,3.2,142.0
13108,1780419736900,0,4,22.8,49.0,40.7,3.2,143.4
13109,1780419736933,0,4,22.6,49.8,35.2,3.9,140.1
13110,1780419736967,0,4,22.8,50.5,44.4,2.4,147.3
13111,1780419737000,0,4,22.5,52.6,31.8,3.4,151.7
13112,1780419737033,0,4,22.8,53.5,59.7,3.1,140.5
13113,1780419737067,0,4,22.2,52.4,52.0,1.5,149.9
13114,1780419737100,0,4,22.7,52.5,28.2,3.1,159.1
13115,1780419737133,0,4,22.2,51.9,54.0,1.7,151.7
13116,1780419737167,0,4,22.6,50.7,41.3,1.1,143.7
13117,1780419737200,0,4,22.7,51.9,29.0,3.9,159.4
13118,1780419737233,0,4,22.5,49.4,32.6,2.2,158.7
13119,1780419737267,0,4,22.8,50.9,20.5,3.7,144.0
13120,1780419737300,0,4,22.6,51.7,48.9,1.8,157.5
13121,1780419737333,0,4,22.3,48.5,29.8,1.2,154.9
13122,1780419737367,0,4,22.7,51.1,33.6,3.4,155.6
13123,1780419737400,0,4,22.7,52.0,49.3,1.1,148.1
13124,1780419737433,0,4,22.4,52.1,30.3,3.4,159.6
13125,1780419737467,0,4,22.7,52.6,55.2,1.0,148.1
13126,1780419737500,0,4,22.4,50.9,59.3,2.8,140.8
13127,1780419737533,0,4,22.6,53.0,22.3,3.0,142.9
13128,1780419737567,0,4,22.6,50.0,42.8,2.5,152.3
13129,1780419737600,0,4,22.3,51.8,33.6,1.8,144.9
13130,1780419737633,0,4,22.8,53.8,37.5,1.2,158.6
13131,1780419737667,0,4,22.7,52.0,45.7,3.8,143.1
13132,1780419737700,0,4,22.8,49.3,36.5,2.0,154.2
13133,1780419737733,0,4,22.4,52.8,53.3,3.2,149.9
13134,1780419737767,0,4,22.3,53.5,42.7,2.8,150.7
13135,1780419737800,0,4,22.5,52.8,27.2,2.3,152.4
13136,1780419737833,0,4,22.5,48.6,37.6,2.9,150.1
13137,1780419737867,0,4,22.8,51.8,34.7,3.6,154.4
13138,1780419737900,0,4,22.6,53.7,24.0,2.5,153.2
13139,1780419737933,0,4,22.4,49.2,38.5,2.9,149.5
13140,1780419737967,0,4,22.7,51.3,57.5,1.5,159.6
13141,1780419738000,0,4,22.3,48.8,56.8,3.6,143.2
13142,1780419738033,0,4,22.8,48.9,20.9,3.2,145.3
13143,1780419738067,0,4,22.5,53.4,40.9,2.2,142.7
13144,1780419738100,0,4,22.5,48.0,35.4,2.1,149.9
13145,1780419738133,0,4,22.8,52.8,56.2,2.2,151.7
13146,1780419738167,0,4,22.4,50.0,52.2,3.9,149.5
13147,1780419738200,0,4,22.2,53.1,21.6,3.5,159.5
13148,1780419738233,0,4,22.7,52.7,37.8,2.4,146.0
13149,1780419738267,0,4,22.7,50.0,37.2,3.3,157.1
13150,1780419738300,0,4,22.3,54.0,44.9,1.7,152.0
13151,1780419738333,0,4,22.5,48.2,43.4,2.8,146.4
13152,1780419738367,0,4,22.7,50.2,55.3,1.5,152.5
13153,1780419738400,0,4,22.4,48.9,33.9,3.9,156.7
13154,1780419738433,0,4,22.6,49.8,24.5,2.1,145.9
13155,1780419738467,0,4,22.6,48.8,47.2,1.1,151.9
13156,1780419738500,0,4,22.4,50.6,25.0,2.4,146.8
13157,1780419738533,0,4,22.2,53.5,41.6,2.1,157.2
13158,1780419738567,0,4,22.4,48.5,47.8,2.1,142.6
13159,1780419738600,0,4,22.3,50.5,51.4,1.3,158.1
13160,1780419738633,0,4,22.4,48.4,35.9,3.6,145.9
13161,1780419738667,0,4,22.3,50.3,25.8,2.8,141.9
13162,1780419738700,0,4,22.4,49.1,36.6,2.4,153.1
13163,1780419738733,0,4,22.5,48.4,42.5,1.6,143.7
13164,1780419738767,0,4,22.4,53.6,53.1,1.7,140.8
13165,1780419738800,0,4,22.5,53.7,27.6,3.7,152.8
13166,1780419738833,0,4,22.7,51.9,42.5,3.9,157.5
13167,1780419738867,0,4,22.7,48.8,52.9,1.3,143.3
13168,1780419738900,0,4,22.4,52.4,46.5,3.3,142.0
13169,1780419738933,0,4,22.6,48.5,24.8,2.1,151.3
13170,1780419738967,0,4,22.2,50.9,54.0,1.2,154.7
13171,1780419739000,0,4,22.3,51.8,57.6,3.1,157.9
13172,1780419739033,0,4,22.3,52.9,24.2,1.8,142.5
13173,1780419739067,0,4,22.4,52.8,33.6,3.9,146.7
13174,1780419739100,0,4,22.8,51.6,51.7,2.2,157.1
13175,1780419739133,0,4,22.2,51.3,26.0,1.5,154.2
13176,1780419739167,0,4,22.2,52.3,58.5,3.1,142.9
13177,1780419739200,0,4,22.6,48.4,36.9,2.7,153.4
13178,1780419739233,0,4,22.3,48.9,28.7,1.7,156.5
13179,1780419739267,0,4,22.6,52.2,57.5,2.9,147.2
13180,1780419739300,0,4,22.8,52.2,57.2,2.1,142.3
13181,1780419739333,0,4,22.4,51.8,33.3,2.5,144.9
13182,1780419739367,0,4,22.6,52.9,42.1,2.7,146.9
13183,1780419739400,0,4,22.7,53.7,40.1,2.6,146.7
13184,1780419739433,0,4,22.7,48.6,36.4,1.5,147.6
13185,1780419739467,0,4,22.8,53.1,23.5,2.1,157.3
13186,1780419739500,0,4,22.2,53.3,22.9,3.4,157.4
13187,1780419739533,0,4,22.6,51.9,55.6,1.2,155.6
13188,1780419739567,0,4,22.2,51.5,43.9,3.0,154.8
13189,1780419739600,0,4,22.4,49.9,31.9,1.6,142.3
13190,1780419739633,0,4,22.4,52.9,49.1,3.0,155.9
13191,1780419739667,0,4,22.8,52.3,31.4,3.5,140.7
13192,1780419739700,0,4,22.3,50.0,25.7,1.2,155.1
13193,1780419739733,0,4,22.7,49.1,28.4,3.5,145.0
13194,1780419739767,0,4,22.5,53.9,57.7,1.5,155.0
13195,1780419739800,0,4,22.5,51.7,53.1,2.5,158.2
13196,1780419739833,0,4,22.6,48.1,39.5,2.0,153.7
13197,1780419739867,0,4,22.2,49.0,22.7,1.8,154.7
13198,1780419739900,0,4,22.6,48.2,49.8,1.9,147.3
13199,1780419739933,0,4,22.4,50.4,39.4,2.3,142.7
13200,1780419739967,0,4,22.4,53.4,29.0,1.3,147.0
13201,1780419740000,0,4,22.3,48.5,35.1,2.5,155.1
13202,1780419740033,0,4,22.6,51.3,32.6,1.6,143.2
13203,1780419740067,0,4,22.3,52.2,56.5,1.3,145.7
13204,1780419740100,0,4,22.8,52.4,20.2,2.9,148.8
13205,1780419740133,0,4,22.3,48.3,50.7,3.3,149.3
13206,1780419740167,0,4,22.6,53.9,59.0,1.8,155.6
13207,1780419740200,0,4,22.8,50.9,48.1,2.1,149.7
13208,1780419740233,0,4,22.6,49.8,36.1,3.1,149.2
13209,1780419740267,0,4,22.6,48.8,32.8,3.5,156.2
13210,1780419740300,0,4,22.3,51.2,26.7,1.5,147.7
13211,1780419740333,0,4,22.4,52.6,22.9,1.8,159.7
13212,1780419740367,0,4,22.2,51.1,52.7,2.2,155.2
13213,1780419740400,0,4,22.3,48.4,31.6,3.8,149.7
13214,1780419740433,0,4,22.6,51.4,44.4,1.4,157.3
13215,1780419740467,0,4,22.6,53.5,47.5,3.5,158.7
13216,1780419740500,0,4,22.3,53.0,40.8,3.4,149.4
13217,1780419740533,0,4,22.8,52.7,58.8,2.6,147.4
13218,1780419740567,0,4,22.3,49.5,52.0,2.8,144.6
13219,1780419740600,0,4,22.7,50.5,45.9,3.8,159.7
13220,1780419740633,0,4,22.4,49.4,24.6,2.0,157.5
13221,1780419740667,0,4,22.6,48.6,58.7,1.9,155.0
13222,1780419740700,0,4,22.3,53.9,58.2,1.9,152.6
13223,1780419740733,0,4,22.4,49.3,31.7,1.8,140.7
13224,1780419740767,0,4,22.4,49.5,51.9,2.8,142.3
13225,1780419740800,0,4,22.6,53.0,41.4,3.8,158.4
13226,1780419740833,0,4,22.8,53.6,57.6,3.1,158.8
13227,1780419740867,0,4,22.7,52.6,52.4,2.4,157.2
13228,1780419740900,0,4,22.2,49.3,35.5,3.9,151.0
13229,1780419740933,0,4,22.6,49.6,27.8,1.4,145.3
13230,1780419740967,0,4,22.6,51.8,22.4,3.9,146.7
13231,1780419741000,0,4,22.5,53.4,52.0,3.7,142.6
13232,1780419741033,0,4,22.6,50.5,25.1,3.7,157.4
13233,1780419741067,0,4,22.3,52.0,28.2,1.5,145.5
13234,1780419741100,0,4,22.3,48.1,37.2,1.2,142.2
13235,1780419741133,0,4,22.3,49.8,25.4,3.2,141.2
13236,1780419741167,0,4,22.4,48.5,31.8,2.2,155.3
13237,1780419741200,0,4,22.4,50.3,43.6,2.5,157.1
13238,1780419741233,0,4,22.7,53.9,29.7,1.1,149.1
13239,1780419741267,0,4,22.6,53.6,58.4,3.5,146.9
13240,1780419741300,0,4,22.3,49.5,22.0,4.0,151.9
13241,1780419741333,0,4,22.3,51.0,54.4,3.7,152.6
13242,1780419741367,0,4,22.4,51.0,40.9,1.1,147.9
13243,1780419741400,0,4,22.6,52.0,20.7,2.9,143.3
13244,1780419741433,0,4,22.5,53.5,30.2,2.3,150.7
13245,1780419741467,0,4,22.3,50.8,27.5,4.0,151.6
13246,1780419741500,0,4,22.5,48.3,33.9,4.0,155.8
13247,1780419741533,0,4,22.5,52.1,27.8,3.9,156.6
13248,1780419741567,0,4,22.8,53.7,45.2,3.8,159.3
13249,1780419741600,0,4,22.5,50.6,29.8,1.3,147.9
13250,1780419741633,0,4,22.4,52.1,20.1,1.0,152.1
13251,1780419741667,0,4,22.5,49.1,38.9,1.1,144.4
13252,1780419741700,0,4,22.5,49.8,33.7,2.1,157.7
13253,1780419741733,0,4,22.6,51.2,38.0,3.7,142.2
13254,1780419741767,0,4,22.5,49.8,22.8,2.4,152.8
13255,1780419741800,0,4,22.5,52.9,45.5,4.0,159.5
13256,1780419741833,0,4,22.6,52.2,28.8,1.6,151.1
13257,1780419741867,0,4,22.7,49.0,53.6,1.9,151.9
13258,1780419741900,0,4,22.4,53.1,28.4,2.0,158.3
13259,1780419741933,0,4,22.5,53.4,39.0,2.8,141.7
13260,1780419741967,0,4,22.6,50.0,30.0,2.8,149.8
13261,1780419742000,0,4,22.5,50.2,20.5,3.4,148.7
13262,1780419742033,0,4,22.7,48.6,55.1,2.2,150.7
13263,1780419742067,0,4,22.7,48.4,35.2,3.6,150.4
13264,1780419742100,0,4,22.5,49.9,40.7,3.1,142.9
13265,1780419742133,0,4,22.7,51.4,55.8,3.2,144.9
13266,1780419742167,0,4,22.4,48.5,56.6,1.9,151.1
13267,1780419742200,0,4,22.3,49.4,41.0,3.8,148.8
13268,1780419742233,0,4,22.5,53.4,47.9,1.1,140.6
13269,1780419742267,0,4,22.6,49.8,48.1,3.0,153.7
13270,1780419742300,0,4,22.3,52.6,51.9,2.6,157.2
13271,1780419742333,0,4,22.4,53.2,35.4,3.0,145.9
13272,1780419742367,0,4,22.3,50.7,46.1,1.2,158.7
13273,1780419742400,0,4,22.8,51.2,48.2,3.4,144.8
13274,1780419742433,0,4,22.4,52.8,27.4,3.6,155.1
13275,1780419742467,0,4,22.6,49.2,59.1,3.4,157.1
13276,1780419742500,0,4,22.6,49.9,38.6,3.7,141.5
13277,1780419742533,0,4,22.5,51.5,34.4,2.6,146.3
13278,1780419742567,0,4,22.8,52.1,24.6,2.3,150.2
13279,1780419742600,0,4,22.8,52.7,26.2,3.9,159.8
13280,1780419742633,0,4,22.7,53.1,41.9,3.1,158.2
13281,1780419742667,0,4,22.6,48.8,34.7,3.8,151.9
13282,1780419742700,0,4,22.4,53.7,47.2,2.1,158.5
13283,1780419742733,0,4,22.4,48.3,23.2,1.9,151.5
13284,1780419742767,0,4,22.4,49.7,50.5,2.6,143.7
13285,1780419742800,0,4,22.6,48.6,56.2,3.3,146.0
13286,1780419742833,0,4,22.6,53.9,31.4,1.2,141.4
13287,1780419742867,0,4,22.8,49.4,25.3,2.5,152.3
13288,1780419742900,0,4,22.7,49.8,22.8,2.9,151.8
13289,1780419742933,0,4,22.3,50.8,35.7,2.4,150.6
13290,1780419742967,0,4,22.2,53.3,29.4,2.8,145.2
13291,1780419743000,0,4,22.5,52.8,35.2,1.3,159.1
13292,1780419743033,0,4,22.6,53.5,48.2,3.7,145.3
13293,1780419743067,0,4,22.3,51.6,22.5,1.1,155.4
13294,1780419743100,0,4,22.3,50.4,26.3,3.2,158.0
13295,1780419743133,0,4,22.3,50.3,33.6,1.6,145.3
13296,1780419743167,0,4,22.4,53.2,23.4,2.1,152.5
13297,1780419743200,0,4,22.5,49.7,26.2,3.2,142.0
13298,1780419743233,0,4,22.3,52.3,52.1,3.3,144.6
13299,1780419743267,0,4,22.7,53.2,37.0,3.7,140.9
13300,1780419743300,0,4,22.6,52.2,40.3,1.3,146.9
13301,1780419743333,0,4,22.2,51.6,29.5,2.7,145.1
13302,1780419743367,0,4,22.7,49.2,25.3,1.8,159.9
13303,1780419743400,0,4,22.8,50.6,20.0,2.2,159.0
13304,1780419743433,0,4,22.3,51.7,36.8,2.0,155.1
13305,1780419743467,0,4,22.6,52.8,59.9,2.5,147.0
13306,1780419743500,0,4,22.6,51.2,30.6,2.0,150.1
13307,1780419743533,0,4,22.3,53.5,44.3,1.8,155.7
13308,1780419743567,0,4,22.5,48.1,51.1,2.7,155.2
13309,1780419743600,0,4,22.2,51.0,38.0,2.1,156.5
13310,1780419743633,0,4,22.3,54.0,22.1,3.7,153.8
13311,1780419743667,0,4,22.8,50.6,41.9,3.3,148.3
13312,1780419743700,0,4,22.4,53.2,51.8,2.8,143.4
13313,1780419743733,0,4,22.6,52.8,39.1,3.3,143.8
13314,1780419743767,0,4,22.4,53.0,57.1,3.9,149.8
13315,1780419743800,0,4,22.3,52.2,30.7,3.4,149.2
13316,1780419743833,0,4,22.3,50.0,31.6,2.0,151.2
13317,1780419743867,0,4,22.7,49.3,27.2,2.2,151.8
13318,1780419743900,0,4,22.4,48.2,59.8,3.4,145.9
13319,1780419743933,0,4,22.7,53.1,55.7,3.9,144.3
13320,1780419743967,0,4,22.7,51.4,56.2,1.1,156.2
13321,1780419744000,0,4,22.8,52.9,56.7,1.0,140.7
13322,1780419744033,0,4,22.5,53.0,54.3,2.5,151.2
13323,1780419744067,0,4,22.6,49.7,47.9,1.7,157.7
13324,1780419744100,0,4,22.2,49.3,42.4,1.2,156.7
13325,1780419744133,0,4,22.4,50.3,43.4,3.8,152.4
13326,1780419744167,0,4,22.3,52.1,44.1,1.9,148.0
13327,1780419744200,0,4,22.6,53.5,57.4,1.5,159.8
13328,1780419744233,0,4,22.8,49.2,44.9,4.0,153.7
13329,1780419744267,0,4,22.6,52.7,50.9,3.4,146.9
13330,1780419744300,0,4,22.8,49.4,42.7,1.8,155.7
13331,1780419744333,0,4,22.5,53.2,33.0,3.4,149.2
13332,1780419744367,0,4,22.4,52.5,24.2,1.4,141.2
13333,1780419744400,0,4,22.6,52.9,32.0,1.4,149.4
13334,1780419744433,0,4,22.6,53.0,32.7,1.0,159.8
13335,1780419744467,0,4,22.3,49.3,44.6,2.6,157.9
13336,1780419744500,0,4,22.7,48.9,49.5,2.6,144.0
13337,1780419744533,0,4,22.7,53.1,22.7,2.7,154.3
13338,1780419744567,0,4,22.7,52.2,29.9,3.4,158.9
13339,1780419744600,0,4,22.2,51.9,36.4,2.6,143.9
13340,1780419744633,0,4,22.6,51.0,26.4,1.2,153.1
13341,1780419744667,0,4,22.3,48.3,47.2,2.2,143.7
13342,1780419744700,0,4,22.6,51.4,55.5,1.7,149.3
13343,1780419744733,0,4,22.6,51.9,27.4,2.0,153.5
13344,1780419744767,0,4,22.2,51.0,48.2,3.7,160.0
13345,1780419744800,0,4,22.8,49.2,29.6,1.8,155.5
13346,1780419744833,0,4,22.3,51.1,58.0,1.6,141.7
13347,1780419744867,0,4,22.3,49.8,45.3,3.8,148.9
13348,1780419744900,0,4,22.8,50.1,30.5,2.9,145.6
13349,1780419744933,0,4,22.4,49.8,52.2,2.7,147.2
13350,1780419744967,0,4,22.6,49.7,41.0,2.4,144.0
13351,1780419745000,0,4,22.7,48.2,38.8,3.7,146.9
13352,1780419745033,0,4,22.2,52.7,21.3,2.6,147.0
13353,1780419745067,0,4,22.6,50.3,39.4,2.6,143.0
13354,1780419745100,0,4,22.4,50.6,45.7,2.2,146.0
13355,1780419745133,0,4,22.7,49.0,23.9,3.6,144.0
13356,1780419745167,0,4,22.8,48.2,47.6,1.4,159.5
13357,1780419745200,0,4,22.8,50.8,50.4,3.6,148.2
13358,1780419745233,0,4,22.4,51.3,59.3,1.9,149.6
13359,1780419745267,0,4,22.3,48.1,33.1,1.4,158.7
13360,1780419745300,0,4,22.7,49.2,41.7,3.9,157.5
13361,1780419745333,0,4,22.6,53.1,48.4,1.6,151.9
13362,1780419745367,0,4,22.8,48.5,24.1,3.7,157.3
13363,1780419745400,0,4,22.4,50.2,33.1,1.9,148.6
13364,1780419745433,0,4,22.7,50.6,31.5,1.7,143.4
13365,1780419745467,0,4,22.3,49.9,55.3,1.1,151.1
13366,1780419745500,0,4,22.2,50.5,57.6,2.5,142.1
13367,1780419745533,0,4,22.3,51.0,25.7,2.7,158.6
13368,1780419745567,0,4,22.3,52.8,22.8,2.2,158.3
13369,1780419745600,0,4,22.5,53.4,26.6,1.3,141.1
13370,1780419745633,0,4,22.4,50.2,31.6,3.7,143.1
13371,1780419745667,0,4,22.6,48.6,38.0,1.3,150.7
13372,1780419745700,0,4,22.8,53.8,27.6,3.7,150.0
13373,1780419745733,0,4,22.2,49.5,38.3,2.0,149.2
13374,1780419745767,0,4,22.8,49.0,53.7,1.9,158.0
13375,1780419745800,0,4,22.3,51.6,47.9,2.2,146.5
13376,1780419745833,0,4,22.7,50.5,52.6,1.7,145.8
13377,1780419745867,0,4,22.5,48.6,49.1,2.4,155.4
13378,1780419745900,0,4,22.3,51.8,36.1,1.6,154.9
13379,1780419745933,0,4,22.5,52.0,22.9,4.0,159.0
13380,1780419745967,0,4,22.3,53.3,41.7,2.9,155.7
13381,1780419746000,0,4,22.4,51.3,48.8,2.3,140.7
13382,1780419746033,0,4,22.4,53.8,20.1,2.5,159.4
13383,1780419746067,0,4,22.8,52.2,57.1,2.8,158.0
13384,1780419746100,0,4,22.7,50.8,54.9,1.2,140.1
13385,1780419746133,0,4,22.3,49.8,49.9,2.6,152.5
13386,1780419746167,0,4,22.7,48.2,35.5,1.5,140.2
13387,1780419746200,0,4,22.8,54.0,46.0,1.7,154.1
13388,1780419746233,0,4,22.5,48.8,48.9,1.8,151.9
13389,1780419746267,0,4,22.3,49.5,50.7,1.6,140.4
13390,1780419746300,0,4,22.4,51.4,58.3,3.4,148.3
13391,1780419746333,0,4,22.5,49.6,30.7,2.2,155.8
13392,1780419746367,0,4,22.7,49.7,27.7,3.1,149.4
13393,1780419746400,0,4,22.8,48.7,33.4,3.3,155.2
13394,1780419746433,0,4,22.8,50.8,21.7,3.1,150.0
13395,1780419746467,0,4,22.6,53.3,54.6,2.0,140.9
13396,1780419746500,0,4,22.7,49.6,20.7,3.7,153.3
13397,1780419746533,0,4,22.4,53.2,25.6,2.8,140.6
13398,1780419746567,0,4,22.4,48.3,22.0,2.3,150.3
13399,1780419746600,0,4,22.3,50.4,37.0,1.8,146.4
13400,1780419746633,0,4,22.8,52.1,31.9,3.1,154.9
13401,1780419746667,0,4,22.8,52.1,43.9,4.0,158.9
13402,1780419746700,0,4,22.3,51.1,26.1,2.6,144.1
13403,1780419746733,0,4,22.3,50.8,20.2,3.4,154.3
13404,1780419746767,0,4,22.5,52.8,57.7,3.6,145.6
13405,1780419746800,0,4,22.3,50.7,59.1,3.4,149.1
13406,1780419746833,0,4,22.8,48.9,24.4,2.9,147.8
13407,1780419746867,0,4,22.3,48.9,43.1,3.5,148.8
13408,1780419746900,0,4,22.8,53.7,43.1,2.2,147.1
13409,1780419746933,0,4,22.4,51.3,57.7,3.2,142.0
13410,1780419746967,0,4,22.4,51.5,40.1,2.2,149.4
13411,1780419747000,0,4,22.7,48.8,36.1,2.5,140.2
13412,1780419747033,0,4,22.3,53.8,31.4,1.4,146.9
13413,1780419747067,0,4,22.7,52.3,34.6,1.7,145.9
13414,1780419747100,0,4,22.7,50.7,22.2,1.2,155.8
13415,1780419747133,0,4,22.6,53.4,42.8,2.1,147.9
13416,1780419747167,0,4,22.6,49.9,47.1,2.5,144.0
13417,1780419747200,0,4,22.2,49.7,47.1,1.6,145.0
13418,1780419747233,0,4,22.7,51.3,35.3,3.5,149.0
13419,1780419747267,0,4,22.5,48.5,37.8,3.3,151.2
13420,1780419747300,0,4,22.5,49.8,32.7,1.1,153.3
13421,1780419747333,0,4,22.5,51.2,34.2,1.8,147.2
13422,1780419747367,0,4,22.8,52.3,33.9,3.9,154.5
13423,1780419747400,0,4,22.6,50.6,36.7,1.1,153.0
13424,1780419747433,0,4,22.4,53.9,50.3,4.0,149.6
13425,1780419747467,0,4,22.3,51.7,25.8,1.3,145.4
13426,1780419747500,0,4,22.4,49.3,56.4,3.2,144.7
13427,1780419747533,0,4,22.3,51.2,59.8,2.7,151.6
13428,1780419747567,0,4,22.6,52.6,34.9,3.2,156.2
13429,1780419747600,0,4,22.8,49.9,59.8,2.1,158.9
13430,1780419747633,0,4,22.7,51.3,41.0,1.8,142.7
13431,1780419747667,0,4,22.4,52.1,43.2,2.0,142.4
13432,1780419747700,0,4,22.4,52.9,26.2,3.1,145.5
13433,1780419747733,0,4,22.7,48.2,40.2,2.6,153.8
13434,1780419747767,0,4,22.7,51.4,55.8,3.1,155.0
13435,1780419747800,0,4,22.3,48.7,56.2,3.8,141.8
13436,1780419747833,0,4,22.6,50.4,59.6,1.8,157.3
13437,1780419747867,0,4,22.7,53.9,22.5,3.1,158.5
13438,1780419747900,0,4,22.2,49.4,27.0,3.1,149.7
13439,1780419747933,0,4,22.3,52.8,56.5,2.2,149.8
13440,1780419747967,0,4,22.6,51.8,41.5,3.9,141.3
13441,1780419748000,0,4,22.2,48.1,36.4,1.3,148.6
13442,1780419748033,0,4,22.4,52.8,30.5,1.7,143.1
13443,1780419748067,0,4,22.5,50.1,24.8,3.6,145.6
13444,1780419748100,0,4,22.6,48.8,48.5,3.9,153.7
13445,1780419748133,0,4,22.2,51.4,33.8,1.5,154.0
13446,1780419748167,0,4,22.2,51.4,31.6,2.9,143.8
13447,1780419748200,0,4,22.7,51.2,33.7,3.2,141.0
13448,1780419748233,0,4,22.5,49.8,44.7,3.9,144.4
13449,1780419748267,0,4,22.3,48.8,40.9,2.3,140.7
13450,1780419748300,0,4,22.7,49.3,21.0,1.7,143.6
13451,1780419748333,0,4,22.5,52.0,25.6,1.4,157.3
13452,1780419748367,0,4,22.6,51.7,52.6,3.2,142.7
13453,1780419748400,0,4,22.6,52.2,58.6,1.5,156.3
13454,1780419748433,0,4,22.3,51.4,54.6,1.9,148.7
13455,1780419748467,0,4,22.4,50.9,48.3,1.8,142.5
13456,1780419748500,0,4,22.6,48.6,22.6,3.5,145.3
13457,1780419748533,0,4,22.2,51.4,36.2,1.8,155.6
13458,1780419748567,0,4,22.7,49.9,30.1,3.2,157.1
13459,1780419748600,0,4,22.2,49.6,56.3,1.3,140.8
13460,1780419748633,0,4,22.6,51.3,57.7,3.0,150.3
13461,1780419748667,0,4,22.7,52.8,20.0,1.7,144.2
13462,1780419748700,0,4,22.3,48.8,50.8,2.9,152.5
13463,1780419748733,0,4,22.7,49.3,26.7,2.1,143.5
13464,1780419748767,0,4,22.5,52.7,35.9,2.6,141.1
13465,1780419748800,0,4,22.5,53.9,47.4,2.2,146.5
13466,1780419748833,0,4,22.3,51.6,30.6,1.1,144.0
13467,1780419748867,0,4,22.2,53.6,29.3,2.7,142.0
13468,1780419748900,0,4,22.6,48.8,51.3,2.0,157.9
13469,1780419748933,0,4,22.4,53.3,42.7,3.4,154.4
13470,1780419748967,0,4,22.3,51.7,59.0,3.0,141.7
13471,1780419749000,0,4,22.7,52.9,59.0,2.6,158.0
13472,1780419749033,0,4,22.5,52.8,44.9,2.9,148.1
13473,1780419749067,0,4,22.6,52.3,42.4,3.3,153.9
13474,1780419749100,0,4,22.8,50.4,33.8,2.8,149.9
13475,1780419749133,0,4,22.2,49.6,52.4,3.9,154.3
13476,1780419749167,0,4,22.4,48.9,43.8,3.7,157.8
13477,1780419749200,0,4,22.5,52.2,20.4,4.0,146.2
13478,1780419749233,0,4,22.6,48.7,29.6,3.8,147.8
13479,1780419749267,0,4,22.8,51.4,42.4,2.7,140.9
13480,1780419749300,0,4,22.3,48.7,32.4,3.4,140.9
13481,1780419749333,0,4,22.3,48.0,53.7,1.1,143.9
13482,1780419749367,0,4,22.8,52.7,52.5,1.4,146.7
13483,1780419749400,0,4,22.2,53.3,21.2,1.6,152.5
13484,1780419749433,0,4,22.5,51.6,28.6,3.5,156.3
13485,1780419749467,0,4,22.8,52.6,50.6,1.6,143.4
13486,1780419749500,0,4,22.7,53.9,37.3,1.4,157.1
13487,1780419749533,0,4,22.5,53.7,26.5,2.9,148.9
13488,1780419749567,0,4,22.2,49.7,54.3,3.6,156.2
13489,1780419749600,0,4,22.4,51.3,57.0,2.2,140.1
13490,1780419749633,0,4,22.3,48.5,31.0,1.5,154.4
13491,1780419749667,0,4,22.5,49.0,47.1,1.4,148.8
13492,1780419749700,0,4,22.8,52.3,59.3,3.8,147.4
13493,1780419749733,0,4,22.8,48.6,35.9,2.8,153.8
13494,1780419749767,0,4,22.4,49.1,54.6,3.4,144.7
13495,1780419749800,0,4,22.7,54.0,20.7,4.0,154.6
13496,1780419749833,0,4,22.6,48.9,25.6,3.8,154.5
13497,1780419749867,0,4,22.5,53.3,20.3,4.0,144.4
13498,1780419749900,0,4,22.8,51.8,38.2,1.4,145.2
13499,1780419749933,0,4,22.7,53.1,27.9,3.5,142.1
13500,1780419749967,0,4,22.6,50.5,58.0,1.3,149.7
13501,1780419750000,0,4,22.3,49.7,43.2,3.4,147.2
13502,1780419750033,0,4,22.6,53.9,52.1,1.8,159.4
13503,1780419750067,0,4,22.7,48.9,42.6,1.8,153.9
13504,1780419750100,0,4,22.3,53.6,38.2,3.5,141.1
13505,1780419750133,0,4,22.4,50.3,43.3,2.2,150.2
13506,1780419750167,0,4,22.5,53.7,29.3,2.5,146.6
13507,1780419750200,0,4,22.3,52.0,56.3,3.6,155.8
13508,1780419750233,0,4,22.7,51.4,29.2,2.9,144.2
13509,1780419750267,0,4,22.7,49.5,30.0,3.5,140.7
13510,1780419750300,0,4,22.5,48.4,40.7,3.2,153.4
13511,1780419750333,0,4,22.8,49.6,56.3,2.5,154.5
13512,1780419750367,0,4,22.5,49.4,46.3,1.1,154.0
13513,1780419750400,0,4,22.6,49.2,38.4,3.8,157.1
13514,1780419750433,0,4,22.7,52.6,58.5,3.0,145.5
13515,1780419750467,0,4,22.7,49.7,54.1,2.8,145.0
13516,1780419750500,0,4,22.8,48.1,20.7,3.3,140.3
13517,1780419750533,0,4,22.5,51.3,29.5,2.0,154.2
13518,1780419750567,0,4,22.2,51.5,46.2,2.5,143.0
13519,1780419750600,0,4,22.5,49.4,51.9,1.5,146.8
13520,1780419750633,0,4,22.3,53.7,54.3,3.7,150.8
13521,1780419750667,0,4,22.2,52.7,55.1,3.0,145.2
13522,1780419750700,0,4,22.5,50.0,24.6,1.8,152.9
13523,1780419750733,0,4,22.5,48.1,31.1,3.3,153.9
13524,1780419750767,0,4,22.5,52.2,41.3,2.3,146.3
13525,1780419750800,0,4,22.3,51.4,43.0,2.4,150.8
13526,1780419750833,0,4,22.4,52.8,26.4,2.2,157.2
13527,1780419750867,0,4,22.8,51.2,26.9,1.1,141.4
13528,1780419750900,0,4,22.2,51.7,31.8,3.6,143.9
13529,1780419750933,0,4,22.7,48.5,20.8,1.7,149.5
13530,1780419750967,0,4,22.2,52.2,30.0,3.8,148.7
13531,1780419751000,0,4,22.2,50.5,54.9,1.9,153.6
13532,1780419751033,0,4,22.5,50.6,24.0,1.5,151.4
13533,1780419751067,0,4,22.6,48.3,55.5,2.2,151.2
13534,1780419751100,0,4,22.2,51.3,49.2,1.2,152.6
13535,1780419751133,0,4,22.5,53.4,43.6,3.0,150.4
13536,1780419751167,0,4,22.6,53.5,30.2,1.4,140.3
13537,1780419751200,0,4,22.3,53.5,39.7,2.3,147.5
13538,1780419751233,0,4,22.4,49.2,47.3,1.0,154.1
13539,1780419751267,0,4,22.4,49.0,53.6,1.9,141.2
13540,1780419751300,0,4,22.2,52.8,39.7,3.9,154.0
13541,1780419751333,0,4,22.6,50.9,23.6,2.8,144.3
13542,1780419751367,0,4,22.5,52.1,39.8,3.3,156.4
13543,1780419751400,0,4,22.2,52.8,52.0,3.1,157.0
13544,1780419751433,0,4,22.3,49.8,31.9,2.2,152.2
13545,1780419751467,0,4,22.7,49.4,20.8,4.0,152.8
13546,1780419751500,0,4,22.4,53.1,51.1,3.8,152.7
13547,1780419751533,0,4,22.7,53.4,30.4,1.5,158.7
13548,1780419751567,0,4,22.6,53.5,41.2,3.9,151.5
13549,1780419751600,0,4,22.3,50.6,43.0,2.0,154.2
13550,1780419751633,0,4,22.4,52.0,51.5,2.2,147.1
13551,1780419751667,0,4,22.5,50.0,28.8,1.7,157.1
13552,1780419751700,0,4,22.4,49.4,44.9,3.2,144.0
13553,1780419751733,0,4,22.3,48.8,25.2,4.0,156.3
13554,1780419751767,0,4,22.3,48.7,26.6,2.2,141.4
13555,1780419751800,0,4,22.2,52.6,46.8,3.2,140.5
13556,1780419751833,0,4,22.6,52.2,22.7,3.7,141.8
13557,1780419751867,0,4,22.5,51.4,28.0,2.4,152.2
13558,1780419751900,0,4,22.4,49.0,20.2,3.8,144.4
13559,1780419751933,0,4,22.4,50.7,30.3,2.3,146.1
13560,1780419751967,0,4,22.4,49.0,49.5,3.0,149.3
13561,1780419752000,0,4,22.7,48.7,46.5,2.3,150.7
13562,1780419752033,0,4,22.6,52.3,24.4,2.4,144.7
13563,1780419752067,0,4,22.6,51.5,42.3,2.7,144.7
13564,1780419752100,0,4,22.5,53.0,22.3,3.6,157.3
13565,1780419752133,0,4,22.6,53.4,40.5,3.3,157.1
13566,1780419752167,0,4,22.5,52.5,53.7,1.6,143.8
13567,1780419752200,0,4,22.6,51.6,21.8,1.2,149.9
13568,1780419752233,0,4,22.4,49.7,37.5,1.0,154.0
13569,1780419752267,0,4,22.6,51.1,35.3,2.8,146.4
13570,1780419752300,0,4,22.3,51.9,40.2,1.4,143.0
13571,1780419752333,0,4,22.5,48.1,20.9,3.1,156.2
13572,1780419752367,0,4,22.7,50.5,37.3,1.2,157.0
13573,1780419752400,0,4,22.8,48.4,54.0,1.3,144.9
13574,1780419752433,0,4,22.3,53.0,28.2,1.3,148.8
13575,1780419752467,0,4,22.6,53.9,28.1,2.6,142.2
13576,1780419752500,0,4,22.5,53.5,52.1,2.6,142.3
13577,1780419752533,0,4,22.6,48.8,49.6,1.3,147.9
13578,1780419752567,0,4,22.7,51.5,32.0,3.8,159.6
13579,1780419752600,0,4,22.7,48.4,37.2,3.0,152.3
13580,1780419752633,0,4,22.7,48.5,45.8,2.5,141.9
13581,1780419752667,0,4,22.6,49.3,22.6,1.8,153.1
13582,1780419752700,0,4,22.3,50.4,37.7,3.7,145.1
13583,1780419752733,0,4,22.7,49.8,45.2,1.9,154.6
13584,1780419752767,0,4,22.6,50.0,23.4,2.5,145.7
13585,1780419752800,0,4,22.6,51.4,51.3,2.2,147.7
13586,1780419752833,0,4,22.5,51.1,37.5,2.4,149.1
13587,1780419752867,0,4,22.6,53.7,56.2,2.1,149.6
13588,1780419752900,0,4,22.7,49.6,32.4,2.0,151.5
13589,1780419752933,0,4,22.6,51.7,54.4,1.3,155.7
13590,1780419752967,0,4,22.3,51.7,47.0,3.0,140.2
13591,1780419753000,0,4,22.3,51.8,21.1,1.4,141.2
13592,1780419753033,0,4,22.6,51.0,39.7,1.4,147.0
13593,1780419753067,0,4,22.7,49.6,46.2,2.3,152.0
13594,1780419753100,0,4,22.6,53.6,54.9,3.9,158.3
13595,1780419753133,0,4,22.8,53.4,52.4,3.4,154.2
13596,1780419753167,0,4,22.8,53.6,39.5,1.7,155.7
13597,1780419753200,0,4,22.5,52.6,37.1,2.3,142.6
13598,1780419753233,0,4,22.5,48.5,25.7,1.5,146.6
13599,1780419753267,0,4,22.6,51.8,25.0,2.3,141.3
13600,1780419753300,0,4,22.2,52.0,36.1,3.9,158.9
13601,1780419753333,0,4,22.3,50.0,36.1,3.7,149.0
13602,1780419753367,0,4,22.8,48.5,43.3,3.8,152.6
13603,1780419753400,0,4,22.6,50.6,57.8,1.4,157.4
13604,1780419753433,0,4,22.6,48.4,42.5,3.1,154.6
13605,1780419753467,0,4,22.6,52.2,22.1,2.5,152.5
13606,1780419753500,0,4,22.3,49.7,47.7,3.9,158.7
13607,1780419753533,0,4,22.6,52.8,20.9,2.1,146.9
13608,1780419753567,0,4,22.7,49.7,55.7,2.4,154.2
13609,1780419753600,0,4,22.2,49.8,34.3,1.2,144.3
13610,1780419753633,0,4,22.6,50.2,40.7,2.7,146.3
13611,1780419753667,0,4,22.3,52.4,21.3,2.3,142.0
13612,1780419753700,0,4,22.2,53.4,37.6,1.6,149.3
13613,1780419753733,0,4,22.7,49.3,26.7,3.5,141.8
13614,1780419753767,0,4,22.3,50.7,43.1,1.8,159.9
13615,1780419753800,0,4,22.7,50.9,39.4,3.4,148.9
13616,1780419753833,0,4,22.6,50.5,22.6,3.1,146.4
13617,1780419753867,0,4,22.3,51.0,39.2,1.9,147.4
13618,1780419753900,0,4,22.3,54.0,32.9,1.7,152.5
13619,1780419753933,0,4,22.7,53.0,47.9,3.3,158.7
13620,1780419753967,0,4,22.4,51.3,50.2,3.7,141.1
13621,1780419754000,0,4,22.6,51.1,58.4,2.9,159.7
13622,1780419754033,0,4,22.6,53.8,30.2,2.1,151.6
13623,1780419754067,0,4,22.8,53.4,48.5,1.5,149.8
13624,1780419754100,0,4,22.8,52.3,27.8,2.4,154.5
13625,1780419754133,0,4,22.4,51.6,25.5,2.3,147.1
13626,1780419754167,0,4,22.2,49.3,22.4,3.4,153.8
13627,1780419754200,0,4,22.3,51.9,41.6,3.1,143.0
13628,1780419754233,0,4,22.4,50.7,49.8,2.2,144.0
13629,1780419754267,0,4,22.3,48.2,50.6,1.1,157.4
13630,1780419754300,0,4,22.8,49.2,39.4,2.1,140.1
13631,1780419754333,0,4,22.4,53.8,38.4,1.9,145.9
13632,1780419754367,0,4,22.6,52.1,36.5,3.1,148.0
13633,1780419754400,0,4,22.5,50.6,27.2,2.6,153.2
13634,1780419754433,0,4,22.5,52.2,48.1,3.0,147.4
13635,1780419754467,0,4,22.5,53.9,22.2,3.0,140.9
13636,1780419754500,0,4,22.5,49.0,20.5,2.9,143.0
13637,1780419754533,0,4,22.8,50.5,26.2,1.5,148.4
13638,1780419754567,0,4,22.5,52.9,26.5,2.2,157.9
13639,1780419754600,0,4,22.7,52.1,49.2,2.8,153.8
13640,1780419754633,0,4,22.3,49.8,55.0,3.7,159.3
13641,1780419754667,0,4,22.6,53.2,59.7,3.0,149.3
13642,1780419754700,0,4,22.4,50.1,47.7,3.5,149.3
13643,1780419754733,0,4,22.5,49.9,24.1,3.6,149.8
13644,1780419754767,0,4,22.5,53.1,26.2,3.9,148.1
13645,1780419754800,0,4,22.3,51.2,29.8,2.2,144.9
13646,1780419754833,0,4,22.7,49.2,50.9,1.3,159.4
13647,1780419754867,0,4,22.5,50.7,37.8,3.4,145.1
13648,1780419754900,0,4,22.3,50.7,28.0,2.7,157.3
13649,1780419754933,0,4,22.8,52.5,30.3,1.1,157.5
13650,1780419754967,0,4,22.3,53.5,59.8,3.6,145.5
13651,1780419755000,0,4,22.4,51.9,56.7,3.8,147.6
13652,1780419755033,0,4,22.5,50.5,31.8,2.5,156.0
13653,1780419755067,0,4,22.4,50.9,46.9,1.1,143.2
13654,1780419755100,0,4,22.8,52.3,55.2,2.4,153.3
13655,1780419755133,0,4,22.6,53.0,48.7,3.4,147.1
13656,1780419755167,0,4,22.7,48.3,59.9,1.7,143.4
13657,1780419755200,0,4,22.4,49.9,27.7,1.1,151.6
13658,1780419755233,0,4,22.5,51.6,40.0,1.5,147.3
13659,1780419755267,0,4,22.4,50.9,25.0,2.1,140.2
13660,1780419755300,0,4,22.7,51.2,37.4,3.9,146.5
13661,1780419755333,0,4,22.7,52.3,40.9,1.7,147.6
13662,1780419755367,0,4,22.3,53.9,47.8,1.5,153.7
13663,1780419755400,0,4,22.5,48.5,24.4,2.5,155.1
13664,1780419755433,0,4,22.7,53.3,26.6,3.1,150.0
13665,1780419755467,0,4,22.3,51.0,35.9,1.3,141.6
13666,1780419755500,0,4,22.5,49.4,22.9,2.8,147.2
13667,1780419755533,0,4,22.3,50.3,32.3,1.6,148.7
13668,1780419755567,0,4,22.6,50.6,28.3,2.7,140.9
13669,1780419755600,0,4,22.3,50.8,30.7,2.8,147.9
13670,1780419755633,0,4,22.2,48.8,39.0,2.0,150.1
13671,1780419755667,0,4,22.6,52.1,44.8,3.2,144.0
13672,1780419755700,0,4,22.3,50.5,48.4,2.8,143.1
13673,1780419755733,0,4,22.7,51.1,22.2,1.8,142.7
13674,1780419755767,0,4,22.2,51.8,30.3,3.9,154.8
13675,1780419755800,0,4,22.8,52.9,33.8,2.9,151.1
13676,1780419755833,0,4,22.6,49.0,36.4,1.6,156.7
13677,1780419755867,0,4,22.7,51.2,36.9,1.8,151.5
13678,1780419755900,0,4,22.8,51.2,45.5,2.9,155.5
13679,1780419755933,0,4,22.3,49.4,57.7,3.9,141.3
13680,1780419755967,0,4,22.4,53.7,33.6,3.1,146.2
13681,1780419756000,0,4,22.4,50.9,50.2,3.1,152.5
13682,1780419756033,0,4,22.6,51.6,48.3,3.7,149.6
13683,1780419756067,0,4,22.7,49.5,43.3,2.0,143.0
13684,1780419756100,0,4,22.7,53.3,39.1,2.1,156.8
13685,1780419756133,0,4,22.3,52.9,54.1,3.7,155.0
13686,1780419756167,0,4,22.7,49.4,31.7,2.6,150.0
13687,1780419756200,0,4,22.4,53.7,27.9,1.5,152.0
13688,1780419756233,0,4,22.4,50.7,43.2,2.6,146.1
13689,1780419756267,0,4,22.4,53.4,47.4,2.5,158.4
13690,1780419756300,0,4,22.3,51.7,21.3,1.0,154.0
13691,1780419756333,0,4,22.2,48.9,47.3,3.5,142.1
13692,1780419756367,0,4,22.7,52.1,26.7,1.9,140.7
13693,1780419756400,0,4,22.4,53.4,43.8,4.0,145.6
13694,1780419756433,0,4,22.4,49.9,20.4,3.1,141.7
13695,1780419756467,0,4,22.7,48.3,32.4,3.9,144.5
13696,1780419756500,0,4,22.4,52.8,29.0,2.7,154.7
13697,1780419756533,0,4,22.8,51.6,55.6,2.7,156.5
13698,1780419756567,0,4,22.8,53.2,34.5,2.4,146.8
13699,1780419756600,0,4,22.6,49.1,34.7,2.7,147.7
13700,1780419756633,0,4,22.8,53.5,29.3,4.0,153.8
13701,1780419756667,0,4,22.7,49.9,37.8,1.1,141.3
13702,1780419756700,0,4,22.6,49.5,21.4,2.8,155.9
13703,1780419756733,0,4,22.3,52.5,41.4,2.1,157.0
13704,1780419756767,0,4,22.3,53.0,20.8,2.6,143.7
13705,1780419756800,0,4,22.3,53.6,46.3,2.0,156.1
13706,1780419756833,0,4,22.3,49.1,51.7,2.2,140.4
13707,1780419756867,0,4,22.3,48.7,33.5,4.0,146.7
13708,1780419756900,0,4,22.2,50.6,56.2,3.9,142.6
13709,1780419756933,0,4,22.6,53.3,58.0,3.3,140.0
13710,1780419756967,0,4,22.6,48.8,56.0,2.4,150.7
13711,1780419757000,0,4,22.6,51.6,24.2,2.9,141.8
13712,1780419757033,0,4,22.3,49.3,45.2,2.7,148.7
13713,1780419757067,0,4,22.7,48.1,20.6,3.7,159.9
13714,1780419757100,0,4,22.2,52.6,35.0,1.4,147.9
13715,1780419757133,0,4,22.6,48.3,50.9,3.9,146.6
13716,1780419757167,0,4,22.4,48.4,53.4,1.8,153.6
13717,1780419757200,0,4,22.3,51.3,43.7,1.7,145.9
13718,1780419757233,0,4,22.3,48.1,23.8,3.1,145.3
13719,1780419757267,0,4,22.3,50.4,47.7,3.6,141.3
13720,1780419757300,0,4,22.6,52.4,53.6,3.9,151.4
13721,1780419757333,0,4,22.3,53.5,57.4,1.4,152.1
13722,1780419757367,0,4,22.7,50.5,49.6,3.8,153.3
13723,1780419757400,0,4,22.3,50.8,26.2,2.7,152.9
13724,1780419757433,0,4,22.5,52.8,23.2,3.6,145.3
13725,1780419757467,0,4,22.3,50.1,53.4,3.7,152.0
13726,1780419757500,0,4,22.4,49.9,25.8,3.7,160.0
13727,1780419757533,0,4,22.5,52.9,30.8,2.2,142.4
13728,1780419757567,0,4,22.5,50.7,36.7,1.7,156.0
13729,1780419757600,0,4,22.7,53.8,59.5,2.6,159.6
13730,1780419757633,0,4,22.5,54.0,23.9,4.0,148.0
13731,1780419757667,0,4,22.7,51.5,59.5,2.3,151.2
13732,1780419757700,0,4,22.3,48.6,23.4,3.5,159.9
13733,1780419757733,0,4,22.7,49.2,41.3,3.0,150.2
13734,1780419757767,0,4,22.8,51.3,41.2,2.7,141.9
13735,1780419757800,0,4,22.5,49.6,41.0,2.1,143.9
13736,1780419757833,0,4,22.4,48.5,50.8,1.6,144.1
13737,1780419757867,0,4,22.8,52.2,57.7,3.2,143.8
13738,1780419757900,0,4,22.8,49.6,41.7,2.0,146.6
13739,1780419757933,0,4,22.7,53.6,25.7,3.8,152.5
13740,1780419757967,0,4,22.4,50.2,26.5,3.8,152.6
13741,1780419758000,0,4,22.5,52.5,39.1,3.0,148.6
13742,1780419758033,0,4,22.3,51.4,49.8,2.0,142.5
13743,1780419758067,0,4,22.6,53.4,41.5,3.5,142.0
13744,1780419758100,0,4,22.5,52.0,42.8,3.9,140.7
13745,1780419758133,0,4,22.6,51.2,27.9,1.3,156.5
13746,1780419758167,0,4,22.6,52.4,39.4,4.0,144.6
13747,1780419758200,0,4,22.6,48.4,57.8,2.7,154.4
13748,1780419758233,0,4,22.3,50.4,33.6,1.8,154.5
13749,1780419758267,0,4,22.3,52.1,32.6,1.2,140.5
13750,1780419758300,0,4,22.6,52.1,41.8,1.2,158.8
13751,1780419758333,0,4,22.5,50.3,38.9,1.2,145.2
13752,1780419758367,0,4,22.6,49.5,23.4,3.3,146.2
13753,1780419758400,0,4,22.6,52.5,35.6,1.0,152.8
13754,1780419758433,0,4,22.5,49.6,22.3,1.9,143.1
13755,1780419758467,0,4,22.6,49.6,40.7,1.9,151.6
13756,1780419758500,0,4,22.7,53.2,57.3,3.3,141.8
13757,1780419758533,0,4,22.3,48.9,39.1,3.4,156.4
13758,1780419758567,0,4,22.2,49.8,37.9,2.4,141.1
13759,1780419758600,0,4,22.5,49.6,30.4,1.7,141.6
13760,1780419758633,0,4,22.3,53.3,45.1,2.2,140.1
13761,1780419758667,0,4,22.2,48.7,54.8,3.9,150.9
13762,1780419758700,0,4,22.5,51.1,20.3,3.4,157.3
13763,1780419758733,0,4,22.3,48.9,43.6,3.4,156.4
13764,1780419758767,0,4,22.6,53.2,36.2,2.8,159.1
13765,1780419758800,0,4,22.4,51.8,46.1,1.9,151.0
13766,1780419758833,0,4,22.2,52.4,49.0,3.8,159.1
13767,1780419758867,0,4,22.6,52.2,27.9,3.0,151.9
13768,1780419758900,0,4,22.4,52.7,51.3,2.8,154.4
13769,1780419758933,0,4,22.5,51.1,34.8,3.8,150.2
13770,1780419758967,0,4,22.7,48.4,28.1,3.1,142.5
13771,1780419759000,0,4,22.4,52.2,33.4,2.5,141.9
13772,1780419759033,0,4,22.2,48.3,41.4,2.8,158.6
13773,1780419759067,0,4,22.4,48.4,22.2,2.8,140.5
13774,1780419759100,0,4,22.6,51.9,33.6,3.9,152.7
13775,1780419759133,0,4,22.4,49.9,30.5,2.6,155.8
13776,1780419759167,0,4,22.4,49.7,55.5,2.8,151.1
13777,1780419759200,0,4,22.6,53.2,39.2,1.3,148.4
13778,1780419759233,0,4,22.2,50.3,36.9,2.3,144.4
13779,1780419759267,0,4,22.5,51.8,23.6,3.8,152.9
13780,1780419759300,0,4,22.8,48.7,36.8,2.9,153.6
13781,1780419759333,0,4,22.2,53.7,45.3,3.1,154.6
13782,1780419759367,0,4,22.6,51.0,34.9,2.2,149.8
13783,1780419759400,0,4,22.5,49.8,30.4,2.6,146.7
13784,1780419759433,0,4,22.6,50.1,30.6,3.6,144.1
13785,1780419759467,0,4,22.8,51.9,27.5,2.5,159.0
13786,1780419759500,0,4,22.6,52.7,23.9,2.3,158.2
13787,1780419759533,0,4,22.3,53.8,51.3,3.5,149.3
13788,1780419759567,0,4,22.8,50.4,24.2,3.4,144.7
13789,1780419759600,0,4,22.6,49.0,39.3,1.2,143.1
13790,1780419759633,0,4,22.6,50.4,59.0,3.0,158.6
13791,1780419759667,0,4,22.4,50.5,58.0,1.8,158.9
13792,1780419759700,0,4,22.7,48.5,25.7,1.4,151.8
13793,1780419759733,0,4,22.2,48.6,30.4,1.2,148.4
13794,1780419759767,0,4,22.7,50.3,51.6,3.5,156.6
13795,1780419759800,0,4,22.4,48.5,34.2,3.1,149.2
13796,1780419759833,0,4,22.8,48.2,22.7,1.7,158.8
13797,1780419759867,0,4,22.5,50.2,43.2,1.4,154.8
13798,1780419759900,0,4,22.3,48.9,43.6,1.8,159.7
13799,1780419759933,0,4,22.3,53.6,42.6,1.1,151.4
13800,1780419759967,0,4,22.5,50.7,42.3,3.0,159.7
13801,1780419760000,0,4,22.7,49.3,55.6,1.0,150.4
13802,1780419760033,0,4,22.7,49.8,42.1,1.6,141.6
13803,1780419760067,0,4,22.4,50.0,46.7,3.9,157.1
13804,1780419760100,0,4,22.6,51.3,42.9,3.3,147.6
13805,1780419760133,0,4,22.4,53.5,60.0,1.8,154.4
13806,1780419760167,0,4,22.2,53.0,27.0,3.1,149.0
13807,1780419760200,0,4,22.7,52.5,34.9,2.6,152.7
13808,1780419760233,0,4,22.6,50.3,20.4,2.8,146.2
13809,1780419760267,0,4,22.3,52.2,20.1,3.2,145.1
13810,1780419760300,0,4,22.6,51.5,24.9,3.4,141.0
13811,1780419760333,0,4,22.5,49.7,25.8,2.3,152.4
13812,1780419760367,0,4,22.6,49.0,24.2,3.2,155.3
13813,1780419760400,0,4,22.2,49.9,50.1,3.8,150.6
13814,1780419760433,0,4,22.7,48.8,21.0,1.6,150.7
13815,1780419760467,0,4,22.3,48.6,34.5,1.3,149.9
13816,1780419760500,0,4,22.6,50.5,44.3,3.2,153.1
13817,1780419760533,0,4,22.3,50.6,29.0,1.5,158.2
13818,1780419760567,0,4,22.7,52.8,26.0,3.1,157.1
13819,1780419760600,0,4,22.3,50.0,32.4,2.9,140.0
13820,1780419760633,0,4,22.4,49.0,55.2,3.9,159.7
13821,1780419760667,0,4,22.5,48.9,53.8,1.8,147.2
13822,1780419760700,0,4,22.6,50.7,26.8,1.9,140.8
13823,1780419760733,0,4,22.7,52.9,20.7,3.1,159.9
13824,1780419760767,0,4,22.7,50.1,29.6,2.2,153.4
13825,1780419760800,0,4,22.4,48.4,20.6,3.9,158.1
13826,1780419760833,0,4,22.7,48.7,50.3,2.6,153.3
13827,1780419760867,0,4,22.5,52.6,48.1,3.1,145.3
13828,1780419760900,0,4,22.6,49.7,54.0,1.7,157.4
13829,1780419760933,0,4,22.3,50.9,32.4,1.9,156.7
13830,1780419760967,0,4,22.4,50.7,57.1,2.1,147.8
13831,1780419761000,0,4,22.4,51.5,40.1,3.2,157.7
13832,1780419761033,0,4,22.3,49.1,42.2,3.8,148.1
13833,1780419761067,0,4,22.8,50.4,56.9,2.8,147.4
13834,1780419761100,0,4,22.5,50.1,26.1,2.1,152.5
13835,1780419761133,0,4,22.8,53.8,45.1,3.6,159.7
13836,1780419761167,0,4,22.5,49.0,21.0,1.8,146.0
13837,1780419761200,0,4,22.2,49.5,59.1,2.6,144.9
13838,1780419761233,0,4,22.7,53.7,40.4,2.1,150.8
13839,1780419761267,0,4,22.5,52.4,35.0,3.0,145.9
13840,1780419761300,0,4,22.2,49.3,47.3,1.5,156.2
13841,1780419761333,0,4,22.2,51.6,29.8,3.5,144.9
13842,1780419761367,0,4,22.3,50.8,50.1,1.9,159.4
13843,1780419761400,0,4,22.2,51.8,20.7,2.8,153.7
13844,1780419761433,0,4,22.6,50.2,56.0,1.3,146.9
13845,1780419761467,0,4,22.8,52.1,28.3,2.4,151.7
13846,1780419761500,0,4,22.5,52.4,23.1,2.9,149.2
13847,1780419761533,0,4,22.4,52.9,38.9,2.0,155.3
13848,1780419761567,0,4,22.3,53.2,40.9,1.5,143.0
13849,1780419761600,0,4,22.2,50.5,50.8,2.9,157.8
13850,1780419761633,0,4,22.7,48.8,31.4,1.9,152.7
13851,1780419761667,0,4,22.2,52.7,59.4,4.0,140.9
13852,1780419761700,0,4,22.7,53.7,39.1,3.5,140.7
13853,1780419761733,0,4,22.4,48.7,25.5,3.8,145.6
13854,1780419761767,0,4,22.7,49.4,29.5,1.7,149.9
13855,1780419761800,0,4,22.6,48.6,24.8,3.9,154.9
13856,1780419761833,0,4,22.5,48.4,49.3,3.6,141.1
13857,1780419761867,0,4,22.4,52.3,34.7,2.8,156.0
13858,1780419761900,0,4,22.5,51.9,45.3,1.1,153.4
13859,1780419761933,0,4,22.4,49.2,41.1,2.4,156.9
13860,1780419761967,0,4,22.8,49.1,54.2,3.1,146.6
13861,1780419762000,0,4,22.7,53.7,34.6,2.1,157.9
13862,1780419762033,0,4,22.7,48.6,55.2,2.7,150.3
13863,1780419762067,0,4,22.7,52.5,33.3,1.6,154.2
13864,1780419762100,0,4,22.7,50.3,34.2,1.3,159.6
13865,1780419762133,0,4,22.5,48.6,48.8,2.1,156.8
13866,1780419762167,0,4,22.6,53.4,23.4,1.1,141.4
13867,1780419762200,0,4,22.4,48.2,51.9,2.6,159.5
13868,1780419762233,0,4,22.5,53.6,47.8,3.3,150.1
13869,1780419762267,0,4,22.5,50.3,59.6,3.8,144.9
13870,1780419762300,0,4,22.3,52.4,37.7,1.9,146.2
13871,1780419762333,0,4,22.2,54.0,22.1,3.7,149.4
13872,1780419762367,0,4,22.2,49.1,35.7,2.6,144.3
13873,1780419762400,0,4,22.2,52.5,39.7,1.5,146.0
13874,1780419762433,0,4,22.7,49.5,53.2,3.3,157.6
13875,1780419762467,0,4,22.7,49.3,53.4,1.1,157.2
13876,1780419762500,0,4,22.7,52.4,44.9,2.3,144.4
13877,1780419762533,0,4,22.7,49.6,48.1,3.6,146.3
13878,1780419762567,0,4,22.3,53.2,49.7,2.5,154.3
13879,1780419762600,0,4,22.4,48.0,33.6,3.2,141.7
13880,1780419762633,0,4,22.5,49.3,59.2,1.9,149.0
13881,1780419762667,0,4,22.4,50.3,43.6,1.5,147.0
13882,1780419762700,0,4,22.4,51.0,41.3,1.9,153.9
13883,1780419762733,0,4,22.2,51.6,34.2,3.0,146.1
13884,1780419762767,0,4,22.5,51.6,42.8,2.7,149.0
13885,1780419762800,0,4,22.8,52.8,41.7,3.6,159.5
13886,1780419762833,0,4,22.2,52.0,49.8,2.2,145.6
13887,1780419762867,0,4,22.6,50.8,45.6,3.8,144.9
13888,1780419762900,0,4,22.2,49.2,39.5,2.6,155.3
13889,1780419762933,0,4,22.4,51.7,24.1,1.3,146.0
13890,1780419762967,0,4,22.6,53.5,53.7,1.2,152.5
13891,1780419763000,0,4,22.5,50.6,49.6,2.2,144.5
13892,1780419763033,0,4,22.6,53.6,42.4,3.2,147.0
13893,1780419763067,0,4,22.3,52.4,46.0,2.0,145.9
13894,1780419763100,0,4,22.3,49.2,46.5,1.9,147.1
13895,1780419763133,0,4,22.3,51.7,40.7,2.9,151.1
13896,1780419763167,0,4,22.3,48.4,28.1,3.2,145.0
13897,1780419763200,0,4,22.3,53.7,50.8,3.0,147.2
13898,1780419763233,0,4,22.6,53.7,28.7,3.8,159.0
13899,1780419763267,0,4,22.7,50.8,25.7,3.3,156.9
13900,1780419763300,0,4,22.4,53.7,31.3,1.2,140.9
13901,1780419763333,0,4,22.7,49.8,22.0,3.8,147.6
13902,1780419763367,0,4,22.3,52.8,47.4,2.5,155.8
13903,1780419763400,0,4,22.5,53.8,36.2,3.0,146.3
13904,1780419763433,0,4,22.3,48.4,51.3,1.3,154.4
13905,1780419763467,0,4,22.6,52.5,28.6,4.0,149.7
13906,1780419763500,0,4,22.6,53.3,57.1,1.6,143.9
13907,1780419763533,0,4,22.5,53.4,53.4,1.6,156.7
13908,1780419763567,0,4,22.7,52.3,56.2,1.8,155.9
13909,1780419763600,0,4,22.7,53.6,31.8,2.9,150.0
13910,1780419763633,0,4,22.5,53.6,30.4,2.4,142.9
13911,1780419763667,0,4,22.2,48.6,40.6,2.0,157.9
13912,1780419763700,0,4,22.5,51.2,29.5,3.4,149.0
13913,1780419763733,0,4,22.2,49.7,27.2,3.9,153.7
13914,1780419763767,0,4,22.6,52.9,24.9,2.7,141.6
13915,1780419763800,0,4,22.3,50.3,44.0,2.8,159.1
13916,1780419763833,0,4,22.7,52.2,34.5,3.5,145.6
13917,1780419763867,0,4,22.4,52.2,37.8,2.4,158.9
13918,1780419763900,0,4,22.4,50.9,53.5,1.2,157.2
13919,1780419763933,0,4,22.4,51.2,21.2,3.5,145.4
13920,1780419763967,0,4,22.3,50.9,26.8,2.8,146.6
13921,1780419764000,0,4,22.4,48.1,39.9,1.8,159.0
13922,1780419764033,0,4,22.3,51.9,24.6,4.0,147.6
13923,1780419764067,0,4,22.6,52.4,49.9,1.4,144.3
13924,1780419764100,0,4,22.2,50.4,52.0,3.1,149.8
13925,1780419764133,0,4,22.4,48.7,55.5,3.0,147.8
13926,1780419764167,0,4,22.6,50.1,39.2,2.5,155.7
13927,1780419764200,0,4,22.4,53.9,53.5,3.7,143.7
13928,1780419764233,0,4,22.4,53.7,39.2,1.7,151.1
13929,1780419764267,0,4,22.6,50.2,26.7,3.0,146.1
13930,1780419764300,0,4,22.4,51.1,46.2,3.9,146.5
13931,1780419764333,0,4,22.6,51.2,57.0,4.0,146.7
13932,1780419764367,0,4,22.8,51.7,40.3,3.3,156.7
13933,1780419764400,0,4,22.6,51.6,56.6,1.7,154.6
13934,1780419764433,0,4,22.7,49.2,35.6,3.3,154.5
13935,1780419764467,0,4,22.5,48.4,47.0,3.1,146.1
13936,1780419764500,0,4,22.5,51.9,44.5,1.5,149.5
13937,1780419764533,0,4,22.4,50.5,24.0,1.5,157.5
13938,1780419764567,0,4,22.4,50.8,36.9,1.5,152.0
13939,1780419764600,0,4,22.6,48.6,32.4,3.9,153.6
13940,1780419764633,0,4,22.8,53.1,29.5,3.6,157.1
13941,1780419764667,0,4,22.6,48.3,31.3,3.4,153.8
13942,1780419764700,0,4,22.4,50.8,50.0,1.7,159.6
13943,1780419764733,0,4,22.7,48.3,36.4,1.9,154.1
13944,1780419764767,0,4,22.4,50.8,43.8,3.4,154.8
13945,1780419764800,0,4,22.3,51.2,58.6,3.4,141.1
13946,1780419764833,0,4,22.2,49.7,53.5,3.6,141.6
13947,1780419764867,0,4,22.2,52.9,33.7,1.9,140.7
13948,1780419764900,0,4,22.6,50.4,39.1,3.7,155.1
13949,1780419764933,0,4,22.2,51.8,27.7,2.9,155.0
13950,1780419764967,0,4,22.4,53.9,21.9,2.9,143.5
13951,1780419765000,0,4,22.6,52.0,33.9,1.7,144.2
13952,1780419765033,0,4,22.5,52.1,27.0,1.4,159.5
13953,1780419765067,0,4,22.5,51.2,25.9,1.3,152.9
13954,1780419765100,0,4,22.4,49.5,55.4,1.0,153.7
13955,1780419765133,0,4,22.6,49.1,37.5,2.1,149.5
13956,1780419765167,0,4,22.4,52.2,34.3,2.0,148.4
13957,1780419765200,0,4,22.2,53.2,42.6,2.0,141.2
13958,1780419765233,0,4,22.4,49.6,42.5,3.3,141.7
13959,1780419765267,0,4,22.7,51.2,32.6,1.8,143.3
13960,1780419765300,0,4,22.4,53.9,20.2,2.4,153.8
13961,1780419765333,0,4,22.7,52.2,47.4,1.0,147.7
13962,1780419765367,0,4,22.2,49.4,25.1,1.9,143.2
13963,1780419765400,0,4,22.4,52.7,21.8,1.9,143.8
13964,1780419765433,0,4,22.6,49.2,41.5,3.6,146.7
13965,1780419765467,0,4,22.6,49.4,35.5,3.2,159.9
13966,1780419765500,0,4,22.7,50.3,39.3,3.7,145.0
13967,1780419765533,0,4,22.3,53.0,21.0,3.0,155.8
13968,1780419765567,0,4,22.5,53.6,45.9,2.4,142.6
13969,1780419765600,0,4,22.6,49.3,45.4,2.2,147.1
13970,1780419765633,0,4,22.2,51.4,59.4,2.4,147.6
13971,1780419765667,0,4,22.6,53.1,24.4,1.4,154.6
13972,1780419765700,0,4,22.4,52.7,45.2,3.9,153.3
13973,1780419765733,0,4,22.4,51.9,59.4,3.0,157.4
13974,1780419765767,0,4,22.6,48.1,39.0,3.3,145.9
13975,1780419765800,0,4,22.4,48.7,24.8,3.6,159.6
13976,1780419765833,0,4,22.4,52.7,29.6,1.4,155.0
13977,1780419765867,0,4,22.2,48.1,26.2,2.9,146.6
13978,1780419765900,0,4,22.7,50.0,26.6,2.3,142.3
13979,1780419765933,0,4,22.7,53.7,29.7,4.0,147.9
13980,1780419765967,0,4,22.2,48.1,25.8,3.2,157.9
13981,1780419766000,0,4,22.4,53.7,48.1,3.4,149.3
13982,1780419766033,0,4,22.3,51.9,49.2,3.6,156.1
13983,1780419766067,0,4,22.8,53.7,59.3,1.8,143.0
13984,1780419766100,0,4,22.3,48.5,28.5,2.1,146.5
13985,1780419766133,0,4,22.6,50.1,47.3,2.4,158.3
13986,1780419766167,0,4,22.2,48.6,22.5,2.3,156.4
13987,1780419766200,0,4,22.6,50.3,25.4,1.2,147.4
13988,1780419766233,0,4,22.7,51.9,26.2,1.4,141.6
13989,1780419766267,0,4,22.2,48.7,32.6,3.5,150.8
13990,1780419766300,0,4,22.6,51.9,36.5,3.7,143.5
13991,1780419766333,0,4,22.4,51.5,27.0,2.1,157.6
13992,1780419766367,0,4,22.5,50.7,33.5,1.1,152.3
13993,1780419766400,0,4,22.2,50.7,35.5,1.4,141.9
13994,1780419766433,0,4,22.5,53.8,41.7,1.8,144.3
13995,1780419766467,0,4,22.4,49.7,30.1,1.5,142.8
13996,1780419766500,0,4,22.4,49.2,45.2,3.8,141.1
13997,1780419766533,0,4,22.3,49.6,47.5,1.7,140.5
13998,1780419766567,0,4,22.4,48.8,50.9,1.6,151.6
13999,1780419766600,0,4,22.8,51.5,53.9,1.4,145.5
14000,1780419766633,0,4,22.8,48.7,59.0,2.6,149.3
14001,1780419766667,0,4,22.5,50.9,48.9,3.6,153.9
14002,1780419766700,0,4,22.6,51.5,31.9,2.9,148.9
14003,1780419766733,0,4,22.8,53.5,30.8,1.9,146.8
14004,1780419766767,0,4,22.8,51.5,33.9,1.1,151.2
14005,1780419766800,0,4,22.7,52.0,48.5,3.3,152.8
14006,1780419766833,0,4,22.3,49.5,54.7,2.5,143.2
14007,1780419766867,0,4,22.5,48.8,58.7,2.3,143.1
14008,1780419766900,0,4,22.3,52.1,21.0,3.4,149.1
14009,1780419766933,0,4,22.4,48.8,37.5,3.7,147.8
14010,1780419766967,0,4,22.4,51.4,31.2,3.4,156.1
14011,1780419767000,0,4,22.3,48.8,39.4,3.5,153.7
14012,1780419767033,0,4,22.6,48.7,46.6,3.5,159.1
14013,1780419767067,0,4,22.5,52.8,43.2,2.2,148.9
14014,1780419767100,0,4,22.5,52.9,38.0,1.7,153.6
14015,1780419767133,0,4,22.8,52.6,52.8,3.6,145.0
14016,1780419767167,0,4,22.2,51.6,46.0,3.4,159.9
14017,1780419767200,0,4,22.4,53.4,43.2,1.1,153.3
14018,1780419767233,0,4,22.7,48.6,51.3,1.4,152.5
14019,1780419767267,0,4,22.5,51.4,57.8,3.9,147.6
14020,1780419767300,0,4,22.6,53.2,22.2,3.4,140.3
14021,1780419767333,0,4,22.6,51.9,28.9,4.0,146.7
14022,1780419767367,0,4,22.5,49.5,40.5,1.6,152.0
14023,1780419767400,0,4,22.7,51.4,21.9,1.7,141.1
14024,1780419767433,0,4,22.4,51.5,42.0,2.7,158.8
14025,1780419767467,0,4,22.3,53.1,25.6,2.6,140.2
14026,1780419767500,0,4,22.8,52.7,22.0,3.8,158.3
14027,1780419767533,0,4,22.5,51.7,57.4,3.0,141.6
14028,1780419767567,0,4,22.6,50.8,48.6,1.6,143.6
14029,1780419767600,0,4,22.8,49.5,34.7,3.7,148.0
14030,1780419767633,0,4,22.4,49.8,56.1,1.2,155.7
14031,1780419767667,0,4,22.5,53.5,58.6,3.5,140.5
14032,1780419767700,0,4,22.6,49.2,28.4,2.7,140.1
14033,1780419767733,0,4,22.7,51.9,53.9,2.5,141.0
14034,1780419767767,0,4,22.4,53.6,59.1,2.2,151.1
14035,1780419767800,0,4,22.3,51.7,25.7,2.0,153.6
14036,1780419767833,0,4,22.6,49.2,56.6,3.2,140.6
14037,1780419767867,0,4,22.2,49.7,25.8,3.3,156.5
14038,1780419767900,0,4,22.2,52.1,44.7,3.7,154.3
14039,1780419767933,0,4,22.8,51.0,37.9,3.6,146.4
14040,1780419767967,0,4,22.2,50.1,50.5,2.7,140.2
14041,1780419768000,0,4,22.4,51.1,33.1,3.9,159.2
14042,1780419768033,0,4,22.6,49.4,33.6,2.6,157.8
14043,1780419768067,0,4,22.5,50.3,43.8,2.0,151.2
14044,1780419768100,0,4,22.6,53.3,34.6,1.3,147.9
14045,1780419768133,0,4,22.5,50.6,29.3,1.4,159.7
14046,1780419768167,0,4,22.7,53.5,43.2,2.6,149.8
14047,1780419768200,0,4,22.3,52.2,21.5,2.8,157.6
14048,1780419768233,0,4,22.6,52.3,24.4,2.3,140.9
14049,1780419768267,0,4,22.7,49.7,55.2,1.9,150.6
14050,1780419768300,0,4,22.6,52.0,54.0,3.3,141.7
14051,1780419768333,0,4,22.3,49.6,28.4,3.9,154.9
14052,1780419768367,0,4,22.4,51.9,51.6,1.3,147.0
14053,1780419768400,0,4,22.5,48.3,51.4,3.7,157.3
14054,1780419768433,0,4,22.7,50.7,29.0,3.7,153.4
14055,1780419768467,0,4,22.8,50.8,42.7,1.7,141.0
14056,1780419768500,0,4,22.6,51.5,56.6,3.1,158.0
14057,1780419768533,0,4,22.4,54.0,51.5,1.1,142.8
14058,1780419768567,0,4,22.3,49.8,29.9,1.1,154.1
14059,1780419768600,0,4,22.5,50.9,52.7,2.6,144.1
14060,1780419768633,0,4,22.5,54.0,25.4,3.5,149.6
14061,1780419768667,0,4,22.7,49.6,20.1,1.7,149.9
14062,1780419768700,0,4,22.8,52.4,37.4,3.4,153.8
14063,1780419768733,0,4,22.3,49.8,26.3,4.0,154.3
14064,1780419768767,0,4,22.5,53.6,55.9,1.5,156.6
14065,1780419768800,0,4,22.6,52.6,29.7,2.9,151.8
14066,1780419768833,0,4,22.2,53.0,44.1,3.3,146.8
14067,1780419768867,0,4,22.2,53.2,59.0,3.9,156.2
14068,1780419768900,0,4,22.4,49.5,44.9,3.5,152.6
14069,1780419768933,0,4,22.6,53.1,23.6,2.3,142.8
14070,1780419768967,0,4,22.7,52.7,24.7,3.9,152.5
14071,1780419769000,0,4,22.6,52.9,57.6,1.5,155.2
14072,1780419769033,0,4,22.6,51.1,38.9,1.8,154.3
14073,1780419769067,0,4,22.3,52.4,32.2,2.4,159.7
14074,1780419769100,0,4,22.6,48.2,57.4,1.9,149.3
14075,1780419769133,0,4,22.6,49.4,24.8,2.9,148.5
14076,1780419769167,0,4,22.7,48.7,59.6,1.2,144.0
14077,1780419769200,0,4,22.2,50.5,21.0,2.9,147.4
14078,1780419769233,0,4,22.7,51.9,21.7,2.3,150.2
14079,1780419769267,0,4,22.3,48.5,26.5,3.8,154.2
14080,1780419769300,0,4,22.4,50.5,31.1,3.8,143.8
14081,1780419769333,0,4,22.2,49.4,34.1,3.5,145.3
14082,1780419769367,0,4,22.5,50.3,36.3,3.1,145.0
14083,1780419769400,0,4,22.5,51.4,22.9,2.0,148.0
14084,1780419769433,0,4,22.3,49.6,39.5,1.8,144.0
14085,1780419769467,0,4,22.8,53.0,21.1,1.4,159.6
14086,1780419769500,0,4,22.5,50.8,48.6,3.5,149.0
14087,1780419769533,0,4,22.2,51.9,36.3,2.8,144.4
14088,1780419769567,0,4,22.7,48.1,46.0,1.3,147.8
14089,1780419769600,0,4,22.6,51.5,52.2,2.0,147.1
14090,1780419769633,0,4,22.4,49.1,31.5,2.1,140.9
14091,1780419769667,0,4,22.7,52.9,36.6,1.1,144.9
14092,1780419769700,0,4,22.4,49.5,55.9,3.5,159.8
14093,1780419769733,0,4,22.3,49.0,56.7,2.4,146.4
14094,1780419769767,0,4,22.7,51.8,48.1,3.7,150.4
14095,1780419769800,0,4,22.4,49.3,23.2,3.1,149.8
14096,1780419769833,0,4,22.4,50.5,32.6,2.3,141.5
14097,1780419769867,0,4,22.3,48.4,25.5,1.7,154.9
14098,1780419769900,0,4,22.3,49.4,42.0,2.8,140.2
14099,1780419769933,0,4,22.4,49.4,25.8,3.2,157.5
14100,1780419769967,0,4,22.8,50.8,28.3,1.7,141.0
14101,1780419770000,0,4,22.7,53.4,43.9,1.8,151.0
14102,1780419770033,0,4,22.5,50.9,53.2,1.1,142.2
14103,1780419770067,0,4,22.4,50.7,28.0,2.8,144.9
14104,1780419770100,0,4,22.4,52.2,33.0,1.4,147.1
14105,1780419770133,0,4,22.7,52.9,26.5,2.0,143.0
14106,1780419770167,0,4,22.4,50.8,21.7,3.1,150.5
14107,1780419770200,0,4,22.3,48.1,52.4,1.0,159.1
14108,1780419770233,0,4,22.6,52.3,56.8,3.0,152.2
14109,1780419770267,0,4,22.7,50.9,47.6,3.1,141.1
14110,1780419770300,0,4,22.8,51.3,23.7,1.2,140.0
14111,1780419770333,0,4,22.8,50.0,24.5,2.3,153.8
14112,1780419770367,0,4,22.8,50.4,32.3,1.7,153.1
14113,1780419770400,0,4,22.7,51.3,31.8,1.5,150.6
14114,1780419770433,0,4,22.8,54.0,29.0,2.2,150.1
14115,1780419770467,0,4,22.6,53.9,52.8,2.1,155.6
14116,1780419770500,0,4,22.6,48.6,24.0,2.1,145.5
14117,1780419770533,0,4,22.3,50.7,44.9,2.3,151.0
14118,1780419770567,0,4,22.5,48.2,26.5,1.4,149.9
14119,1780419770600,0,4,22.6,49.0,40.7,1.4,154.1
14120,1780419770633,0,4,22.6,51.1,38.0,2.1,145.7
14121,1780419770667,0,4,22.3,50.3,39.0,1.2,144.3
14122,1780419770700,0,4,22.4,51.4,36.8,3.3,153.6
14123,1780419770733,0,4,22.4,53.7,59.9,1.7,157.7
14124,1780419770767,0,4,22.6,52.8,20.8,3.9,153.6
14125,1780419770800,0,4,22.2,51.7,55.0,1.9,151.3
14126,1780419770833,0,4,22.7,50.0,52.3,3.1,159.0
14127,1780419770867,0,4,22.8,51.7,40.7,3.1,152.4
14128,1780419770900,0,4,22.3,52.7,21.4,3.0,148.3
14129,1780419770933,0,4,22.2,53.0,30.5,2.6,149.0
14130,1780419770967,0,4,22.2,50.3,58.0,1.3,144.5
14131,1780419771000,0,4,22.5,53.5,55.3,1.8,155.3
14132,1780419771033,0,4,22.4,52.4,31.2,2.6,159.6
14133,1780419771067,0,4,22.3,48.3,46.4,2.6,155.6
14134,1780419771100,0,4,22.4,53.1,38.5,4.0,153.9
14135,1780419771133,0,4,22.4,51.8,29.6,3.9,146.8
14136,1780419771167,0,4,22.5,50.9,39.3,3.7,144.4
14137,1780419771200,0,4,22.6,50.3,53.6,3.1,157.9
14138,1780419771233,0,4,22.5,50.4,43.8,1.3,155.4
14139,1780419771267,0,4,22.4,53.8,36.1,2.9,153.0
14140,1780419771300,0,4,22.4,49.9,50.1,3.8,144.1
14141,1780419771333,0,4,22.6,51.0,42.9,3.3,148.0
14142,1780419771367,0,4,22.5,53.6,51.1,2.9,154.6
14143,1780419771400,0,4,22.5,50.6,24.9,1.8,151.4
14144,1780419771433,0,4,22.6,51.7,27.7,3.3,150.1
14145,1780419771467,0,4,22.2,51.0,43.3,4.0,143.9
14146,1780419771500,0,4,22.3,52.4,59.0,3.8,147.7
14147,1780419771533,0,4,22.5,51.7,55.0,1.3,147.5
14148,1780419771567,0,4,22.4,50.1,37.5,3.4,158.6
14149,1780419771600,0,4,22.5,49.1,37.6,1.8,143.1
14150,1780419771633,0,4,22.7,52.9,40.2,2.9,155.0
14151,1780419771667,0,4,22.4,48.8,41.5,2.9,159.1
14152,1780419771700,0,4,22.6,51.2,51.1,3.5,149.0
14153,1780419771733,0,4,22.3,51.4,39.3,2.2,149.9
14154,1780419771767,0,4,22.3,52.4,23.9,1.0,150.7
14155,1780419771800,0,4,22.5,50.4,41.1,2.5,153.8
14156,1780419771833,0,4,22.4,53.3,47.3,3.6,158.7
14157,1780419771867,0,4,22.3,52.7,49.0,3.8,157.7
14158,1780419771900,0,4,22.5,48.7,46.6,3.2,143.8
14159,1780419771933,0,4,22.6,50.0,57.9,3.9,150.5
14160,1780419771967,0,4,22.3,50.4,29.1,3.9,152.9
14161,1780419772000,0,4,22.3,52.0,34.9,3.7,158.6
14162,1780419772033,0,4,22.8,53.8,26.1,3.7,151.5
14163,1780419772067,0,4,22.6,53.3,34.6,3.5,145.7
14164,1780419772100,0,4,22.4,48.2,22.1,3.4,154.7
14165,1780419772133,0,4,22.3,49.6,20.2,3.1,156.1
14166,1780419772167,0,4,22.5,49.6,48.3,1.7,140.4
14167,1780419772200,0,4,22.7,52.7,49.5,3.7,159.7
14168,1780419772233,0,4,22.3,51.1,33.9,3.5,144.6
14169,1780419772267,0,4,22.7,50.7,42.4,1.5,159.7
14170,1780419772300,0,4,22.5,53.9,34.5,2.5,157.1
14171,1780419772333,0,4,22.4,49.7,30.1,2.4,142.3
14172,1780419772367,0,4,22.6,52.2,34.3,1.8,141.3
14173,1780419772400,0,4,22.3,51.0,53.4,3.9,158.3
14174,1780419772433,0,4,22.6,53.9,32.5,2.8,153.4
14175,1780419772467,0,4,22.7,49.0,57.5,3.2,146.6
14176,1780419772500,0,4,22.6,54.0,41.2,3.3,143.0
14177,1780419772533,0,4,22.7,49.1,23.6,2.4,140.1
14178,1780419772567,0,4,22.2,48.0,39.3,1.2,154.0
14179,1780419772600,0,4,22.7,53.9,21.6,2.5,142.3
14180,1780419772633,0,4,22.3,49.9,24.7,2.4,149.1
14181,1780419772667,0,4,22.4,50.2,22.6,3.9,158.5
14182,1780419772700,0,4,22.5,48.6,47.0,3.3,148.5
14183,1780419772733,0,4,22.6,48.3,59.3,2.5,148.0
14184,1780419772767,0,4,22.3,51.5,22.9,3.6,155.8
14185,1780419772800,0,4,22.7,53.5,38.3,3.4,145.2
14186,1780419772833,0,4,22.8,52.5,58.2,2.0,150.2
14187,1780419772867,0,4,22.4,49.2,52.0,2.7,152.7
14188,1780419772900,0,4,22.5,51.5,25.0,1.8,147.9
14189,1780419772933,0,4,22.3,53.0,26.1,3.8,150.2
14190,1780419772967,0,4,22.5,54.0,57.1,1.4,151.3
14191,1780419773000,0,4,22.7,48.9,36.0,1.2,140.8
14192,1780419773033,0,4,22.6,50.4,51.0,2.2,155.1
14193,1780419773067,0,4,22.4,52.4,56.4,2.7,141.1
14194,1780419773100,0,4,22.6,53.2,54.0,3.7,157.9
14195,1780419773133,0,4,22.6,49.1,23.5,2.4,150.1
14196,1780419773167,0,4,22.3,48.8,39.3,1.2,149.7
14197,1780419773200,0,4,22.2,52.4,33.7,3.9,144.2
14198,1780419773233,0,4,22.2,48.4,44.6,2.4,142.9
14199,1780419773267,0,4,22.7,49.1,25.1,3.2,152.1
14200,1780419773300,0,4,22.4,51.1,40.7,2.2,157.9
14201,1780419773333,0,4,22.6,48.8,51.6,3.9,142.8
14202,1780419773367,0,4,22.3,50.0,27.6,4.0,142.2
14203,1780419773400,0,4,22.3,50.1,30.9,1.5,141.3
14204,1780419773433,0,4,22.6,53.7,40.8,3.0,145.1
14205,1780419773467,0,4,22.2,52.8,31.3,3.7,159.5
14206,1780419773500,0,4,22.2,52.9,29.0,3.6,159.6
14207,1780419773533,0,4,22.5,49.1,24.1,1.6,143.5
14208,1780419773567,0,4,22.6,49.4,37.6,3.1,140.7
14209,1780419773600,0,4,22.4,52.4,50.9,1.2,144.4
14210,1780419773633,0,4,22.6,50.3,58.9,1.7,151.2
14211,1780419773667,0,4,22.5,48.6,22.8,3.0,158.0
14212,1780419773700,0,4,22.2,53.7,35.8,3.9,144.1
14213,1780419773733,0,4,22.5,50.7,33.8,2.4,149.0
14214,1780419773767,0,4,22.3,52.4,26.3,2.2,141.5
14215,1780419773800,0,4,22.6,49.7,27.9,1.5,151.5
14216,1780419773833,0,4,22.3,51.2,32.1,1.7,148.8
14217,1780419773867,0,4,22.5,52.0,22.9,4.0,150.9
14218,1780419773900,0,4,22.7,49.2,35.2,2.6,155.1
14219,1780419773933,0,4,22.8,50.9,43.5,2.3,157.3
14220,1780419773967,0,4,22.5,48.1,45.6,2.1,145.9
14221,1780419774000,0,4,22.6,50.4,48.1,1.0,144.7
14222,1780419774033,0,4,22.3,52.1,35.8,3.3,157.4
14223,1780419774067,0,4,22.7,51.8,23.2,3.6,144.8
14224,1780419774100,0,4,22.6,53.1,57.3,3.2,144.3
14225,1780419774133,0,4,22.5,50.1,32.8,1.9,143.3
14226,1780419774167,0,4,22.8,48.2,44.1,1.6,146.2
14227,1780419774200,0,4,22.4,50.8,31.7,2.8,155.8
14228,1780419774233,0,4,22.8,53.9,20.5,2.1,158.8
14229,1780419774267,0,4,22.5,51.6,53.4,2.8,140.4
14230,1780419774300,0,4,22.6,53.5,47.1,3.1,146.3
14231,1780419774333,0,4,22.7,52.9,40.8,1.7,154.6
14232,1780419774367,0,4,22.5,52.7,56.4,1.5,155.9
14233,1780419774400,0,4,22.3,52.7,40.8,1.8,156.6
14234,1780419774433,0,4,22.6,52.4,27.6,2.9,143.2
14235,1780419774467,0,4,22.5,54.0,31.5,1.6,155.8
14236,1780419774500,0,4,22.4,53.6,26.6,3.8,156.0
14237,1780419774533,0,4,22.4,52.9,21.8,2.5,147.7
14238,1780419774567,0,4,22.3,50.7,33.8,3.0,151.2
14239,1780419774600,0,4,22.4,51.5,30.2,1.4,155.6
14240,1780419774633,0,4,22.3,48.7,51.3,3.8,159.7
14241,1780419774667,0,4,22.8,48.3,20.1,3.9,143.1
14242,1780419774700,0,4,22.2,53.2,59.8,1.1,148.1
14243,1780419774733,0,4,22.2,50.2,53.3,1.7,152.2
14244,1780419774767,0,4,22.6,51.9,31.0,3.5,153.8
14245,1780419774800,0,4,22.2,53.5,54.2,3.6,140.5
14246,1780419774833,0,4,22.2,52.5,34.8,1.3,152.7
14247,1780419774867,0,4,22.7,54.0,56.8,3.1,144.4
14248,1780419774900,0,4,22.5,52.8,59.7,3.0,147.4
14249,1780419774933,0,4,22.6,53.8,40.6,1.5,146.5
14250,1780419774967,0,4,22.2,51.8,46.3,1.7,151.8
14251,1780419775000,0,4,22.8,51.3,26.5,2.2,142.4
14252,1780419775033,0,4,22.7,48.5,20.1,3.6,142.7
14253,1780419775067,0,4,22.7,51.1,57.2,3.9,157.6
14254,1780419775100,0,4,22.4,51.1,27.6,1.7,146.5
14255,1780419775133,0,4,22.2,50.0,27.5,3.7,143.5
14256,1780419775167,0,4,22.4,48.5,24.7,2.8,140.5
14257,1780419775200,0,4,22.5,53.2,25.9,1.2,151.9
14258,1780419775233,0,4,22.6,53.5,34.4,1.5,153.3
14259,1780419775267,0,4,22.2,50.6,34.4,3.8,147.2
14260,1780419775300,0,4,22.8,52.2,57.3,4.0,144.7
14261,1780419775333,0,4,22.4,50.6,51.7,1.6,149.3
14262,1780419775367,0,4,22.7,53.1,39.7,3.9,151.6
14263,1780419775400,0,4,22.8,49.0,28.9,1.5,159.2
14264,1780419775433,0,4,22.6,51.9,53.7,4.0,143.2
14265,1780419775467,0,4,22.5,52.7,38.4,3.0,145.4
14266,1780419775500,0,4,22.6,51.3,43.0,1.3,142.3
14267,1780419775533,0,4,22.8,53.4,37.9,1.6,157.8
14268,1780419775567,0,4,22.8,48.1,59.2,1.6,159.2
14269,1780419775600,0,4,22.4,52.8,26.4,2.5,156.5
14270,1780419775633,0,4,22.3,48.2,28.3,1.5,141.1
14271,1780419775667,0,4,22.4,51.9,35.5,2.6,157.0
14272,1780419775700,0,4,22.4,48.4,59.6,3.9,155.9
14273,1780419775733,0,4,22.4,53.1,32.1,1.4,159.5
14274,1780419775767,0,4,22.4,53.6,37.5,1.1,157.3
14275,1780419775800,0,4,22.7,48.4,54.8,2.7,156.2
14276,1780419775833,0,4,22.4,52.2,50.4,1.7,156.5
14277,1780419775867,0,4,22.5,50.5,36.1,3.1,141.4
14278,1780419775900,0,4,22.6,50.1,23.3,3.4,146.8
14279,1780419775933,0,4,22.2,53.4,32.1,3.7,150.9
14280,1780419775967,0,4,22.8,50.4,41.1,2.8,143.3
14281,1780419776000,0,4,22.6,52.7,57.9,1.8,157.2
14282,1780419776033,0,4,22.4,52.1,44.6,2.6,154.4
14283,1780419776067,0,4,22.3,49.3,52.0,3.0,151.9
14284,1780419776100,0,4,22.7,49.0,39.7,1.7,142.4
14285,1780419776133,0,4,22.4,53.9,30.0,2.2,158.8
14286,1780419776167,0,4,22.4,48.6,51.2,1.1,143.7
14287,1780419776200,0,4,22.5,51.2,55.7,3.9,153.8
14288,1780419776233,0,4,22.5,51.9,60.0,3.3,141.5
14289,1780419776267,0,4,22.6,48.6,50.1,3.0,156.5
14290,1780419776300,0,4,22.7,52.7,43.4,2.9,141.9
14291,1780419776333,0,4,22.2,50.9,40.2,2.3,150.5
14292,1780419776367,0,4,22.3,49.4,24.6,1.8,142.5
14293,1780419776400,0,4,22.6,49.1,55.8,4.0,152.2
14294,1780419776433,0,4,22.7,52.8,52.1,2.4,158.1
14295,1780419776467,0,4,22.7,53.0,55.8,3.4,142.9
14296,1780419776500,0,4,22.7,52.5,56.1,3.3,147.2
14297,1780419776533,0,4,22.6,52.2,37.6,2.1,143.5
14298,1780419776567,0,4,22.4,49.8,20.1,1.2,144.6
14299,1780419776600,0,4,22.5,51.8,43.2,4.0,149.9
14300,1780419776633,0,4,22.6,48.6,49.9,2.1,149.3
14301,1780419776667,0,4,22.2,50.2,50.8,1.5,157.6
14302,1780419776700,0,4,22.8,52.1,26.2,1.0,159.8
14303,1780419776733,0,4,22.6,51.1,52.1,1.8,159.8
14304,1780419776767,0,4,22.3,50.8,55.2,3.6,147.6
14305,1780419776800,0,4,22.5,51.1,25.3,3.1,149.1
14306,1780419776833,0,4,22.4,51.1,35.8,1.8,145.9
14307,1780419776867,0,4,22.7,49.4,30.9,2.5,156.2
14308,1780419776900,0,4,22.7,52.2,35.0,2.9,142.7
14309,1780419776933,0,4,22.7,52.1,30.3,1.6,153.6
14310,1780419776967,0,4,22.2,49.3,37.3,1.2,152.4
14311,1780419777000,0,4,22.4,50.9,34.6,1.6,141.5
14312,1780419777033,0,4,22.2,53.4,43.7,2.8,145.0
14313,1780419777067,0,4,22.7,53.4,31.1,1.9,140.5
14314,1780419777100,0,4,22.6,50.4,48.9,3.4,142.0
14315,1780419777133,0,4,22.3,50.0,56.1,3.3,154.7
14316,1780419777167,0,4,22.8,48.3,26.0,2.2,141.5
14317,1780419777200,0,4,22.5,51.5,51.8,3.1,141.4
14318,1780419777233,0,4,22.7,53.8,52.8,3.6,140.4
14319,1780419777267,0,4,22.4,49.9,27.7,2.5,150.9
14320,1780419777300,0,4,22.6,52.7,59.8,2.4,150.9
14321,1780419777333,0,4,22.5,51.9,58.9,2.8,141.8
14322,1780419777367,0,4,22.5,53.0,28.2,1.8,157.0
14323,1780419777400,0,4,22.6,48.6,43.5,3.9,153.6
14324,1780419777433,0,4,22.6,49.8,43.7,3.4,154.2
14325,1780419777467,0,4,22.7,49.4,52.2,3.2,150.5
14326,1780419777500,0,4,22.4,50.0,38.2,1.2,141.7
14327,1780419777533,0,4,22.2,48.8,24.4,3.8,157.9
14328,1780419777567,0,4,22.7,53.8,52.3,3.1,158.0
14329,1780419777600,0,4,22.3,52.8,26.2,3.8,154.2
14330,1780419777633,0,4,22.4,52.3,24.2,3.0,140.3
14331,1780419777667,0,4,22.8,48.3,45.3,2.0,153.1
14332,1780419777700,0,4,22.5,51.4,51.6,1.9,156.4
14333,1780419777733,0,4,22.3,48.4,30.4,3.2,159.4
14334,1780419777767,0,4,22.3,51.2,21.8,1.3,157.9
14335,1780419777800,0,4,22.6,50.2,38.8,2.0,146.5
14336,1780419777833,0,4,22.4,54.0,30.2,2.2,142.1
14337,1780419777867,0,4,22.5,51.1,45.1,1.1,143.8
14338,1780419777900,0,4,22.3,53.3,41.1,2.7,154.4
14339,1780419777933,0,4,22.8,53.2,55.2,3.3,156.8
14340,1780419777967,0,4,22.3,48.0,42.5,2.5,144.4
14341,1780419778000,0,4,22.7,53.2,25.0,2.9,141.9
14342,1780419778033,0,4,22.5,53.8,34.5,1.7,154.8
14343,1780419778067,0,4,22.7,50.5,49.3,2.9,151.3
14344,1780419778100,0,4,22.3,52.0,35.7,3.6,145.6
14345,1780419778133,0,4,22.5,53.1,28.1,3.5,147.0
14346,1780419778167,0,4,22.7,49.8,35.8,1.9,145.8
14347,1780419778200,0,4,22.3,50.1,35.9,1.5,156.3
14348,1780419778233,0,4,22.7,51.8,57.5,1.0,159.6
14349,1780419778267,0,4,22.5,52.2,40.2,3.5,157.7
14350,1780419778300,0,4,22.5,50.5,56.9,1.5,157.5
14351,1780419778333,0,4,22.2,53.2,39.7,1.0,155.5
14352,1780419778367,0,4,22.6,51.5,54.9,3.3,150.4
14353,1780419778400,0,4,22.8,49.6,32.4,1.9,146.2
14354,1780419778433,0,4,22.3,51.6,36.9,3.5,154.2
14355,1780419778467,0,4,22.4,52.3,58.1,2.2,141.5
14356,1780419778500,0,4,22.7,52.7,51.8,2.8,146.9
14357,1780419778533,0,4,22.6,50.2,47.5,2.0,158.5
14358,1780419778567,0,4,22.8,50.9,20.9,3.6,141.5
14359,1780419778600,0,4,22.4,53.9,25.0,2.6,149.5
14360,1780419778633,0,4,22.8,50.1,26.5,2.6,145.7
14361,1780419778667,0,4,22.5,52.4,45.7,1.1,145.9
14362,1780419778700,0,4,22.7,49.7,35.4,2.9,143.2
14363,1780419778733,0,4,22.8,52.8,53.7,2.5,153.2
14364,1780419778767,0,4,22.4,53.3,45.4,4.0,157.7
14365,1780419778800,0,4,22.7,53.2,36.9,2.5,141.6
14366,1780419778833,0,4,22.7,53.0,25.6,2.6,148.4
14367,1780419778867,0,4,22.4,53.7,44.5,3.3,142.1
14368,1780419778900,0,4,22.4,51.6,52.8,2.5,148.7
14369,1780419778933,0,4,22.5,52.0,47.4,3.6,151.3
14370,1780419778967,0,4,22.5,53.3,33.6,1.3,159.3
14371,1780419779000,0,4,22.5,49.2,57.0,3.8,140.4
14372,1780419779033,0,4,22.2,48.6,40.5,1.7,155.9
14373,1780419779067,0,4,22.6,50.2,49.5,2.5,157.9
14374,1780419779100,0,4,22.4,53.7,24.1,2.3,148.5
14375,1780419779133,0,4,22.3,50.1,58.1,2.2,158.4
14376,1780419779167,0,4,22.8,49.5,59.8,2.3,146.0
14377,1780419779200,0,4,22.4,49.4,26.0,1.6,159.9
14378,1780419779233,0,4,22.7,51.9,32.5,2.1,145.1
14379,1780419779267,0,4,22.6,53.1,33.8,2.7,148.5
14380,1780419779300,0,4,22.5,51.6,59.1,1.7,158.1
14381,1780419779333,0,4,22.2,49.5,38.3,3.1,154.8
14382,1780419779367,0,4,22.3,52.3,49.0,1.2,154.2
14383,1780419779400,0,4,22.6,53.3,57.4,3.8,149.7
14384,1780419779433,0,4,22.6,49.4,49.3,3.8,155.6
14385,1780419779467,0,4,22.7,49.0,28.1,1.8,154.1
14386,1780419779500,0,4,22.4,49.2,33.8,3.9,143.4
14387,1780419779533,0,4,22.4,48.1,40.2,2.1,153.3
14388,1780419779567,0,4,22.4,52.0,31.6,2.8,154.6
14389,1780419779600,0,4,22.3,52.9,46.3,3.6,159.7
14390,1780419779633,0,4,22.4,49.4,20.4,3.8,158.2
14391,1780419779667,0,4,22.4,48.6,49.7,1.3,142.8
14392,1780419779700,0,4,22.3,49.4,37.8,2.2,155.2
14393,1780419779733,0,4,22.5,48.6,49.3,1.7,156.0
14394,1780419779767,0,4,22.8,50.8,57.3,2.1,150.0
14395,1780419779800,0,4,22.3,51.6,30.1,1.5,160.0
14396,1780419779833,0,4,22.3,52.2,49.9,2.3,155.1
14397,1780419779867,0,4,22.7,50.6,31.0,1.5,155.4
14398,1780419779900,0,4,22.7,49.7,43.9,3.7,153.4
14399,1780419779933,0,4,22.8,52.0,34.6,3.4,145.2
14400,1780419779967,0,4,22.7,51.9,37.2,1.9,150.9
14401,1780419780000,0,4,22.3,51.2,37.4,3.1,151.3
14402,1780419780033,0,4,22.4,53.9,39.8,2.5,143.5
14403,1780419780067,0,4,22.3,48.3,57.3,2.7,154.3
14404,1780419780100,0,4,22.5,50.1,40.7,3.0,142.9
14405,1780419780133,0,4,22.8,48.5,27.3,3.4,153.7
14406,1780419780167,0,4,22.6,52.1,34.5,2.7,147.8
14407,1780419780200,0,4,22.5,51.2,48.4,2.1,157.0
14408,1780419780233,0,4,22.7,53.2,42.6,3.9,154.2
14409,1780419780267,0,4,22.3,48.7,32.4,2.4,150.3
14410,1780419780300,0,4,22.3,48.3,40.8,2.8,142.5
14411,1780419780333,0,4,22.3,49.8,34.6,3.4,157.3
14412,1780419780367,0,4,22.6,49.6,56.0,1.1,142.3
14413,1780419780400,0,4,22.2,51.4,25.9,1.2,142.8
14414,1780419780433,0,4,22.3,52.1,53.9,3.7,150.7
14415,1780419780467,0,4,22.7,52.6,45.6,2.6,140.3
14416,1780419780500,0,4,22.4,53.5,33.9,3.6,147.8
14417,1780419780533,0,4,22.7,51.2,25.4,2.2,158.3
14418,1780419780567,0,4,22.7,49.4,56.5,1.2,141.3
14419,1780419780600,0,4,22.7,52.9,34.4,1.0,157.2
14420,1780419780633,0,4,22.7,49.9,57.1,2.4,146.4
14421,1780419780667,0,4,22.2,52.3,51.7,2.4,154.4
14422,1780419780700,0,4,22.3,53.0,26.3,3.0,156.5
14423,1780419780733,0,4,22.7,51.1,24.9,2.0,156.6
14424,1780419780767,0,4,22.6,50.9,22.3,2.8,150.1
14425,1780419780800,0,4,22.7,48.7,42.4,3.1,146.7
14426,1780419780833,0,4,22.7,53.2,22.4,2.7,153.3
14427,1780419780867,0,4,22.4,53.0,38.5,2.5,146.1
14428,1780419780900,0,4,22.7,49.4,45.3,3.5,140.8
14429,1780419780933,0,4,22.6,48.9,50.1,3.4,149.9
14430,1780419780967,0,4,22.7,51.7,33.8,3.9,151.6
14431,1780419781000,0,4,22.4,50.6,52.4,1.5,158.4
14432,1780419781033,0,4,22.8,52.6,26.5,2.6,158.7
14433,1780419781067,0,4,22.2,52.8,51.6,1.7,154.0
14434,1780419781100,0,4,22.7,48.1,45.0,1.3,147.5
14435,1780419781133,0,4,22.3,53.3,26.8,3.7,146.4
14436,1780419781167,0,4,22.3,50.8,27.4,1.8,154.3
14437,1780419781200,0,4,22.3,51.5,30.1,3.7,158.2
14438,1780419781233,0,4,22.7,48.3,20.4,3.4,155.1
14439,1780419781267,0,4,22.7,48.9,28.0,2.3,159.8
14440,1780419781300,0,4,22.6,52.6,44.7,1.2,154.7
14441,1780419781333,0,4,22.5,48.5,25.5,1.6,145.6
14442,1780419781367,0,4,22.7,49.3,29.2,3.1,148.9
14443,1780419781400,0,4,22.3,48.8,59.4,2.2,143.4
14444,1780419781433,0,4,22.4,53.9,54.2,1.3,149.5
14445,1780419781467,0,4,22.2,51.8,59.1,1.4,147.8
14446,1780419781500,0,4,22.4,49.0,20.3,2.7,158.9
14447,1780419781533,0,4,22.7,52.7,47.0,3.1,147.4
14448,1780419781567,0,4,22.6,50.1,23.4,4.0,149.6
14449,1780419781600,0,4,22.4,48.1,33.9,1.1,141.9
14450,1780419781633,0,4,22.3,50.5,24.5,3.8,144.9
14451,1780419781667,0,4,22.6,51.2,39.5,2.1,158.3
14452,1780419781700,0,4,22.4,48.9,32.1,1.5,157.5
14453,1780419781733,0,4,22.7,53.3,55.2,2.1,158.1
14454,1780419781767,0,4,22.2,53.4,21.0,1.3,155.3
14455,1780419781800,0,4,22.6,52.2,49.4,1.9,152.0
14456,1780419781833,0,4,22.4,52.0,33.4,2.6,141.0
14457,1780419781867,0,4,22.8,53.5,39.9,1.4,157.1
14458,1780419781900,0,4,22.5,53.7,59.6,3.3,148.5
14459,1780419781933,0,4,22.3,49.7,52.6,2.2,142.6
14460,1780419781967,0,4,22.5,51.2,50.7,2.2,143.8
14461,1780419782000,0,4,22.4,52.5,58.8,2.5,160.0
14462,1780419782033,0,4,22.8,48.5,54.5,2.5,145.0
14463,1780419782067,0,4,22.4,53.5,21.7,3.2,156.6
14464,1780419782100,0,4,22.4,52.3,54.6,2.6,157.9
14465,1780419782133,0,4,22.7,49.0,22.4,2.4,153.1
14466,1780419782167,0,4,22.7,51.4,36.1,2.9,143.9
14467,1780419782200,0,4,22.5,51.3,38.3,1.3,159.3
14468,1780419782233,0,4,22.6,52.5,40.4,1.7,157.7
14469,1780419782267,0,4,22.2,51.6,44.3,2.8,155.2
14470,1780419782300,0,4,22.4,53.2,59.8,2.3,157.8
14471,1780419782333,0,4,22.6,49.9,46.8,3.2,153.8
14472,1780419782367,0,4,22.5,50.5,24.2,1.1,144.2
14473,1780419782400,0,4,22.8,49.2,49.2,2.8,151.3
14474,1780419782433,0,4,22.2,50.6,21.1,1.4,149.0
14475,1780419782467,0,4,22.7,49.0,44.6,1.3,152.7
14476,1780419782500,0,4,22.3,53.8,27.7,1.9,147.8
14477,1780419782533,0,4,22.5,48.8,57.4,2.7,154.6
14478,1780419782567,0,4,22.4,49.8,56.6,2.3,157.1
14479,1780419782600,0,4,22.5,51.3,55.0,1.5,150.0
14480,1780419782633,0,4,22.7,48.3,46.6,1.6,145.4
14481,1780419782667,0,4,22.7,53.3,23.3,2.9,155.7
14482,1780419782700,0,4,22.4,49.0,30.0,1.3,159.7
14483,1780419782733,0,4,22.6,50.6,38.2,2.4,143.2
14484,1780419782767,0,4,22.3,50.8,55.6,3.2,140.9
14485,1780419782800,0,4,22.6,50.4,45.0,1.4,152.9
14486,1780419782833,0,4,22.6,48.1,50.7,3.3,154.5
14487,1780419782867,0,4,22.8,52.5,45.5,3.3,147.8
14488,1780419782900,0,4,22.3,51.2,54.6,2.5,152.1
14489,1780419782933,0,4,22.6,48.3,54.8,2.9,149.1
14490,1780419782967,0,4,22.4,49.0,41.4,1.9,149.6
14491,1780419783000,0,4,22.3,48.8,21.7,2.9,152.3
14492,1780419783033,0,4,22.8,52.1,43.5,3.3,154.1
14493,1780419783067,0,4,22.4,50.6,30.1,2.0,142.6
14494,1780419783100,0,4,22.3,49.1,59.0,1.5,156.2
14495,1780419783133,0,4,22.7,50.6,35.3,1.5,147.2
14496,1780419783167,0,4,22.7,49.3,45.2,3.3,153.9
14497,1780419783200,0,4,22.7,50.5,37.2,3.5,159.0
14498,1780419783233,0,4,22.4,53.2,29.1,3.3,151.9
14499,1780419783267,0,4,22.6,48.2,28.7,2.6,145.8
14500,1780419783300,0,4,22.8,51.9,58.2,2.4,159.5
14501,1780419783333,0,4,22.3,53.9,24.0,2.1,141.8
14502,1780419783367,0,4,22.3,52.3,58.8,2.0,155.7
14503,1780419783400,0,4,22.7,53.1,41.0,2.4,155.5
14504,1780419783433,0,4,22.7,49.7,56.3,3.9,155.2
14505,1780419783467,0,4,22.7,49.7,23.7,2.7,143.9
14506,1780419783500,0,4,22.6,48.1,36.7,2.3,157.4
14507,1780419783533,0,4,22.5,48.7,57.3,3.7,143.8
14508,1780419783567,0,4,22.3,51.4,39.2,1.3,156.5
14509,1780419783600,0,4,22.3,50.6,35.0,3.4,146.5
14510,1780419783633,0,4,22.7,48.7,52.2,1.5,159.6
14511,1780419783667,0,4,22.3,50.8,25.2,1.7,143.3
14512,1780419783700,0,4,22.6,49.5,38.4,1.1,146.3
14513,1780419783733,0,4,22.3,49.5,34.6,1.9,148.5
14514,1780419783767,0,4,22.2,51.2,30.0,3.0,141.1
14515,1780419783800,0,4,22.5,49.8,24.2,1.8,150.3
14516,1780419783833,0,4,22.4,52.5,47.2,2.4,157.9
14517,1780419783867,0,4,22.7,49.5,39.5,2.7,153.6
14518,1780419783900,0,4,22.5,51.5,39.3,1.1,152.0
14519,1780419783933,0,4,22.2,50.3,40.2,1.2,156.7
14520,1780419783967,0,4,22.8,51.5,42.7,2.8,144.0
14521,1780419784000,0,4,22.6,50.8,58.6,1.6,153.1
14522,1780419784033,0,4,22.3,53.5,26.6,1.9,144.0
14523,1780419784067,0,4,22.6,53.9,35.9,4.0,151.7
14524,1780419784100,0,4,22.6,54.0,47.4,2.5,157.9
14525,1780419784133,0,4,22.4,48.4,31.2,1.3,142.4
14526,1780419784167,0,4,22.6,53.6,32.5,3.9,158.5
14527,1780419784200,0,4,22.7,52.8,29.6,3.1,156.4
14528,1780419784233,0,4,22.3,49.1,32.3,2.8,144.7
14529,1780419784267,0,4,22.5,48.9,29.9,3.2,141.3
14530,1780419784300,0,4,22.8,48.5,46.8,3.8,156.4
14531,1780419784333,0,4,22.5,51.7,40.6,3.2,145.4
14532,1780419784367,0,4,22.3,52.8,47.1,1.4,145.0
14533,1780419784400,0,4,22.7,48.8,51.4,2.1,151.5
14534,1780419784433,0,4,22.3,52.3,52.8,2.9,157.5
14535,1780419784467,0,4,22.2,49.3,58.1,2.4,158.9
14536,1780419784500,0,4,22.8,49.3,57.6,2.3,158.0
14537,1780419784533,0,4,22.6,53.3,57.4,4.0,155.5
14538,1780419784567,0,4,22.7,52.0,59.4,3.3,152.7
14539,1780419784600,0,4,22.5,52.2,36.0,1.6,154.5
14540,1780419784633,0,4,22.4,48.6,20.3,2.1,149.4
14541,1780419784667,0,4,22.3,50.7,46.5,2.3,157.1
14542,1780419784700,0,4,22.5,51.5,54.2,3.1,140.2
14543,1780419784733,0,4,22.3,51.5,26.1,3.2,140.5
14544,1780419784767,0,4,22.2,51.2,38.1,1.4,155.2
14545,1780419784800,0,4,22.2,54.0,32.0,1.5,155.7
14546,1780419784833,0,4,22.7,49.3,48.4,3.2,159.5
14547,1780419784867,0,4,22.6,53.3,58.3,3.9,159.6
14548,1780419784900,0,4,22.5,50.7,21.8,2.9,152.0
14549,1780419784933,0,4,22.3,52.5,24.6,2.2,153.8
14550,1780419784967,0,4,22.3,52.3,24.5,1.5,145.4
14551,1780419785000,0,4,22.5,52.4,31.7,4.0,148.4
14552,1780419785033,0,4,22.8,48.7,40.1,2.8,145.6
14553,1780419785067,0,4,22.5,48.3,48.4,2.8,149.1
14554,1780419785100,0,4,22.4,51.4,23.7,1.7,150.9
14555,1780419785133,0,4,22.6,52.4,43.3,1.7,147.0
14556,1780419785167,0,4,22.3,53.3,58.2,2.4,147.9
14557,1780419785200,0,4,22.8,51.1,30.2,3.7,159.9
14558,1780419785233,0,4,22.8,53.7,42.0,2.0,141.3
14559,1780419785267,0,4,22.8,53.8,34.0,3.1,142.8
14560,1780419785300,0,4,22.7,49.7,36.7,3.2,159.6
14561,1780419785333,0,4,22.5,48.0,47.1,1.3,158.1
14562,1780419785367,0,4,22.7,52.6,23.1,2.3,154.4
14563,1780419785400,0,4,22.2,50.6,43.3,2.5,154.9
14564,1780419785433,0,4,22.7,48.1,30.8,2.4,150.9
14565,1780419785467,0,4,22.5,50.7,51.1,1.1,150.4
14566,1780419785500,0,4,22.3,49.3,50.6,3.9,141.5
14567,1780419785533,0,4,22.5,52.4,26.5,3.9,158.7
14568,1780419785567,0,4,22.3,48.2,50.3,2.7,144.5
14569,1780419785600,0,4,22.6,50.8,40.7,1.0,152.6
14570,1780419785633,0,4,22.7,52.5,55.8,1.9,141.5
14571,1780419785667,0,4,22.8,52.4,44.2,2.9,150.1
14572,1780419785700,0,4,22.4,51.6,57.3,2.7,142.3
14573,1780419785733,0,4,22.5,50.2,50.1,1.1,143.8
14574,1780419785767,0,4,22.4,48.7,46.8,3.6,141.0
14575,1780419785800,0,4,22.5,49.6,32.8,2.4,154.7
14576,1780419785833,0,4,22.3,48.4,47.1,1.3,144.8
14577,1780419785867,0,4,22.6,50.3,32.3,3.1,147.4
14578,1780419785900,0,4,22.4,52.9,30.4,1.4,142.4
14579,1780419785933,0,4,22.2,51.8,24.9,3.8,140.3
14580,1780419785967,0,4,22.2,50.6,55.5,2.1,141.1
14581,1780419786000,0,4,22.2,50.0,50.0,2.0,143.7
14582,1780419786033,0,4,22.3,48.6,57.5,1.2,143.1
14583,1780419786067,0,4,22.3,50.2,28.1,3.0,145.2
14584,1780419786100,0,4,22.8,51.0,22.0,3.6,158.9
14585,1780419786133,0,4,22.4,53.2,50.9,3.1,150.7
14586,1780419786167,0,4,22.4,48.7,30.0,3.3,140.3
14587,1780419786200,0,4,22.3,52.5,30.4,1.2,156.0
14588,1780419786233,0,4,22.3,52.9,42.8,2.9,149.7
14589,1780419786267,0,4,22.5,51.7,44.7,2.6,142.5
14590,1780419786300,0,4,22.2,50.9,31.1,2.5,142.8
14591,1780419786333,0,4,22.5,52.9,57.0,1.7,146.8
14592,1780419786367,0,4,22.5,50.1,53.2,3.9,140.7
14593,1780419786400,0,4,22.5,48.4,55.4,3.7,156.1
14594,1780419786433,0,4,22.6,50.5,54.0,1.4,159.5
14595,1780419786467,0,4,22.6,50.7,34.0,2.9,147.9
14596,1780419786500,0,4,22.5,53.8,52.0,1.0,144.0
14597,1780419786533,0,4,22.6,52.3,24.4,2.1,151.7
14598,1780419786567,0,4,22.3,49.6,23.9,3.6,140.4
14599,1780419786600,0,4,22.8,50.7,58.2,2.2,144.1
14600,1780419786633,0,4,22.3,52.4,31.8,2.4,153.6
14601,1780419786667,0,4,22.7,50.3,55.5,1.2,142.5
14602,1780419786700,0,4,22.8,49.3,51.4,1.8,141.1
14603,1780419786733,0,4,22.7,50.7,21.7,2.8,145.3
14604,1780419786767,0,4,22.4,49.6,56.0,3.4,140.0
14605,1780419786800,0,4,22.5,52.9,58.4,3.6,149.0
14606,1780419786833,0,4,22.5,52.0,53.6,3.3,149.5
14607,1780419786867,0,4,22.7,49.1,28.0,1.8,153.0
14608,1780419786900,0,4,22.7,51.0,38.2,2.1,144.5
14609,1780419786933,0,4,22.4,52.7,43.7,3.3,145.1
14610,1780419786967,0,4,22.4,51.2,52.5,2.6,155.5
14611,1780419787000,0,4,22.6,52.6,59.4,2.1,155.2
14612,1780419787033,0,4,22.4,53.0,30.0,2.7,144.1
14613,1780419787067,0,4,22.3,50.1,52.6,2.0,159.7
14614,1780419787100,0,4,22.5,52.8,58.9,2.6,154.0
14615,1780419787133,0,4,22.2,52.5,52.7,1.5,158.3
14616,1780419787167,0,4,22.4,51.4,34.8,3.7,140.5
14617,1780419787200,0,4,22.8,52.8,21.5,2.0,144.0
14618,1780419787233,0,4,22.7,48.9,58.0,1.8,152.0
14619,1780419787267,0,4,22.5,49.0,53.0,3.7,152.6
14620,1780419787300,0,4,22.4,48.4,42.8,2.4,152.8
14621,1780419787333,0,4,22.4,52.1,54.9,3.8,148.6
14622,1780419787367,0,4,22.6,49.5,55.4,1.7,140.2
14623,1780419787400,0,4,22.5,49.6,30.8,2.9,153.6
14624,1780419787433,0,4,22.5,49.3,28.5,3.4,146.8
14625,1780419787467,0,4,22.6,51.4,38.8,2.8,151.1
14626,1780419787500,0,4,22.3,50.0,47.4,3.1,154.3
14627,1780419787533,0,4,22.3,48.8,38.5,2.3,151.2
14628,1780419787567,0,4,22.5,53.2,51.5,1.1,143.6
14629,1780419787600,0,4,22.6,51.2,50.0,1.5,145.9
14630,1780419787633,0,4,22.8,51.4,37.9,3.6,141.6
14631,1780419787667,0,4,22.6,51.8,36.5,3.8,146.8
14632,1780419787700,0,4,22.7,53.8,46.7,3.7,144.9
14633,1780419787733,0,4,22.6,52.5,31.7,3.8,151.3
14634,1780419787767,0,4,22.4,49.5,49.0,1.1,140.6
14635,1780419787800,0,4,22.2,51.1,32.8,1.4,142.3
14636,1780419787833,0,4,22.6,53.2,21.3,1.2,152.0
14637,1780419787867,0,4,22.3,50.9,36.0,1.2,152.8
14638,1780419787900,0,4,22.8,48.1,54.2,2.1,146.1
14639,1780419787933,0,4,22.8,50.6,34.3,1.7,156.4
14640,1780419787967,0,4,22.5,48.1,22.0,2.6,153.6
14641,1780419788000,0,4,22.4,53.1,48.7,2.7,141.0
14642,1780419788033,0,4,22.3,52.3,29.0,2.0,146.8
14643,1780419788067,0,4,22.5,49.2,27.7,1.9,154.3
14644,1780419788100,0,4,22.2,51.5,55.7,2.2,151.5
14645,1780419788133,0,4,22.8,48.4,57.3,1.4,140.6
14646,1780419788167,0,4,22.2,52.7,41.5,2.6,154.2
14647,1780419788200,0,4,22.6,52.4,33.8,1.7,154.8
14648,1780419788233,0,4,22.4,51.2,56.0,3.8,152.7
14649,1780419788267,0,4,22.4,53.1,59.0,2.6,155.5
14650,1780419788300,0,4,22.4,52.7,23.0,1.6,147.9
14651,1780419788333,0,4,22.3,53.1,25.1,3.8,149.1
14652,1780419788367,0,4,22.7,49.7,22.4,2.6,143.0
14653,1780419788400,0,4,22.2,52.4,56.4,3.2,151.9
14654,1780419788433,0,4,22.6,49.9,25.5,2.5,157.5
14655,1780419788467,0,4,22.4,49.9,26.5,1.6,159.4
14656,1780419788500,0,4,22.7,53.9,59.9,3.5,143.4
14657,1780419788533,0,4,22.8,50.7,53.0,2.8,143.7
14658,1780419788567,0,4,22.7,53.8,57.1,3.3,157.8
14659,1780419788600,0,4,22.6,52.4,31.5,2.0,153.8
14660,1780419788633,0,4,22.7,48.4,23.1,3.1,148.8
14661,1780419788667,0,4,22.7,48.8,24.7,2.9,150.7
14662,1780419788700,0,4,22.6,52.5,35.2,3.1,145.2
14663,1780419788733,0,4,22.5,50.4,39.3,2.6,143.3
14664,1780419788767,0,4,22.7,48.6,59.4,2.9,155.8
14665,1780419788800,0,4,22.7,50.2,20.8,1.5,152.1
14666,1780419788833,0,4,22.4,51.0,44.0,3.7,146.3
14667,1780419788867,0,4,22.3,49.3,54.0,3.0,142.3
14668,1780419788900,0,4,22.6,53.8,32.8,1.2,155.7
14669,1780419788933,0,4,22.4,52.3,45.7,3.2,149.5
14670,1780419788967,0,4,22.6,48.8,44.6,2.7,155.4
14671,1780419789000,0,4,22.7,50.6,45.0,3.8,149.5
14672,1780419789033,0,4,22.2,49.1,48.5,2.2,141.5
14673,1780419789067,0,4,22.4,50.8,24.9,1.1,142.2
14674,1780419789100,0,4,22.6,52.6,26.5,1.1,153.0
14675,1780419789133,0,4,22.4,51.7,27.9,2.3,142.8
14676,1780419789167,0,4,22.7,49.3,50.0,2.4,146.2
14677,1780419789200,0,4,22.8,48.5,37.0,1.8,151.1
14678,1780419789233,0,4,22.5,52.3,30.6,2.3,152.9
14679,1780419789267,0,4,22.5,50.1,56.7,3.4,143.6
14680,1780419789300,0,4,22.3,48.3,48.6,1.1,148.7
14681,1780419789333,0,4,22.7,52.8,53.2,2.0,150.7
14682,1780419789367,0,4,22.7,53.5,37.6,3.3,147.8
14683,1780419789400,0,4,22.7,50.3,30.7,3.9,150.9
14684,1780419789433,0,4,22.8,53.8,24.9,3.0,156.4
14685,1780419789467,0,4,22.6,50.4,28.0,3.7,143.1
14686,1780419789500,0,4,22.7,53.5,29.5,3.5,157.0
14687,1780419789533,0,4,22.7,49.1,32.1,2.5,140.2
14688,1780419789567,0,4,22.5,48.7,58.6,2.8,157.3
14689,1780419789600,0,4,22.7,53.9,31.0,1.9,159.5
14690,1780419789633,0,4,22.4,53.3,59.7,1.3,140.2
14691,1780419789667,0,4,22.3,51.7,43.6,1.0,156.7
14692,1780419789700,0,4,22.2,50.5,42.7,3.1,155.5
14693,1780419789733,0,4,22.8,51.9,56.6,3.5,141.9
14694,1780419789767,0,4,22.2,50.4,45.2,3.8,152.7
14695,1780419789800,0,4,22.4,50.9,47.9,2.7,157.1
14696,1780419789833,0,4,22.6,53.9,43.3,2.1,142.2
14697,1780419789867,0,4,22.8,48.4,45.0,2.3,141.8
14698,1780419789900,0,4,22.3,50.9,43.8,1.1,140.0
14699,1780419789933,0,4,22.5,53.7,20.0,1.7,159.6
14700,1780419789967,0,4,22.3,48.0,24.3,2.0,142.2
14701,1780419790000,0,4,22.6,53.4,58.8,2.7,151.2
14702,1780419790033,0,4,22.8,49.9,54.5,3.4,151.2
14703,1780419790067,0,4,22.6,54.0,49.4,1.5,152.3
14704,1780419790100,0,4,22.3,52.1,28.2,1.4,150.8
14705,1780419790133,0,4,22.3,49.0,21.6,3.5,150.5
14706,1780419790167,0,4,22.6,50.0,27.2,1.9,144.1
14707,1780419790200,0,4,22.3,52.1,58.9,2.8,157.5
14708,1780419790233,0,4,22.6,49.5,21.5,3.0,151.1
14709,1780419790267,0,4,22.3,52.8,42.2,2.2,150.3
14710,1780419790300,0,4,22.7,49.8,46.7,2.0,151.3
14711,1780419790333,0,4,22.3,51.7,35.3,2.7,142.4
14712,1780419790367,0,4,22.3,53.6,20.8,1.5,155.0
14713,1780419790400,0,4,22.6,49.1,45.4,1.2,150.0
14714,1780419790433,0,4,22.6,51.0,53.4,2.7,155.9
14715,1780419790467,0,4,22.5,51.4,55.4,3.1,141.6
14716,1780419790500,0,4,22.5,50.5,27.7,2.8,143.4
14717,1780419790533,0,4,22.5,51.2,23.9,3.9,147.8
14718,1780419790567,0,4,22.7,52.3,50.9,1.7,148.9
14719,1780419790600,0,4,22.5,52.0,33.3,3.9,156.4
14720,1780419790633,0,4,22.3,48.4,52.4,3.4,141.7
14721,1780419790667,0,4,22.2,50.0,38.5,2.2,147.9
14722,1780419790700,0,4,22.5,48.5,32.4,2.5,141.4
14723,1780419790733,0,4,22.6,49.2,49.8,2.6,159.5
14724,1780419790767,0,4,22.7,51.5,38.4,2.8,152.9
14725,1780419790800,0,4,22.6,50.3,44.1,1.9,149.4
14726,1780419790833,0,4,22.3,53.4,58.9,1.5,148.7
14727,1780419790867,0,4,22.5,48.8,25.9,1.2,157.1
14728,1780419790900,0,4,22.3,52.6,32.3,1.8,140.1
14729,1780419790933,0,4,22.5,49.9,23.9,1.5,157.3
14730,1780419790967,0,4,22.4,51.1,25.9,3.0,150.3
14731,1780419791000,0,4,22.4,52.5,42.1,1.9,153.7
14732,1780419791033,0,4,22.5,49.4,49.5,2.8,148.9
14733,1780419791067,0,4,22.6,49.7,39.1,1.0,142.1
14734,1780419791100,0,4,22.5,51.4,20.6,3.7,154.4
14735,1780419791133,0,4,22.6,49.9,45.8,2.2,156.6
14736,1780419791167,0,4,22.3,53.8,50.0,2.4,156.2
14737,1780419791200,0,4,22.5,52.9,46.2,2.4,143.5
14738,1780419791233,0,4,22.3,51.7,51.6,3.4,151.4
14739,1780419791267,0,4,22.7,52.3,40.0,2.9,141.3
14740,1780419791300,0,4,22.7,53.9,58.2,1.1,140.3
14741,1780419791333,0,4,22.8,50.9,58.7,2.7,159.6
14742,1780419791367,0,4,22.2,51.1,28.2,3.9,147.2
14743,1780419791400,0,4,22.2,49.8,31.3,2.3,143.5
14744,1780419791433,0,4,22.6,50.9,24.2,2.4,142.0
14745,1780419791467,0,4,22.4,53.3,26.1,2.1,141.9
14746,1780419791500,0,4,22.6,52.9,56.4,2.9,141.8
14747,1780419791533,0,4,22.6,49.6,31.7,1.8,156.2
14748,1780419791567,0,4,22.4,49.5,33.8,3.5,156.8
14749,1780419791600,0,4,22.4,53.0,24.6,2.5,140.1
14750,1780419791633,0,4,22.2,48.3,57.3,1.1,146.8
14751,1780419791667,0,4,22.6,51.4,48.7,1.3,147.0
14752,1780419791700,0,4,22.3,51.3,52.7,2.9,148.8
14753,1780419791733,0,4,22.3,54.0,42.0,2.2,144.3
14754,1780419791767,0,4,22.2,48.6,49.5,3.5,147.7
14755,1780419791800,0,4,22.6,48.5,34.5,1.8,151.2
14756,1780419791833,0,4,22.6,48.9,55.4,1.2,154.4
14757,1780419791867,0,4,22.7,52.3,59.3,4.0,158.4
14758,1780419791900,0,4,22.4,51.0,27.0,1.5,152.1
14759,1780419791933,0,4,22.8,48.6,36.3,3.7,146.8
14760,1780419791967,0,4,22.7,50.5,25.0,4.0,154.8
14761,1780419792000,0,4,22.5,53.9,45.7,1.5,151.4
14762,1780419792033,0,4,22.6,51.2,48.9,1.3,145.4
14763,1780419792067,0,4,22.6,48.7,52.3,3.9,153.1
14764,1780419792100,0,4,22.6,52.9,33.6,1.2,159.3
14765,1780419792133,0,4,22.3,50.8,24.0,1.7,144.9
14766,1780419792167,0,4,22.8,53.2,33.7,1.4,151.4
14767,1780419792200,0,4,22.4,53.2,54.5,1.4,141.5
14768,1780419792233,0,4,22.2,51.8,28.9,2.3,152.9
14769,1780419792267,0,4,22.6,50.1,55.6,1.9,153.8
14770,1780419792300,0,4,22.2,52.0,32.8,2.6,145.9
14771,1780419792333,0,4,22.6,53.4,28.9,1.6,153.7
14772,1780419792367,0,4,22.7,49.2,35.4,1.5,152.1
14773,1780419792400,0,4,22.6,51.4,34.6,3.4,142.1
14774,1780419792433,0,4,22.8,48.0,25.9,2.3,147.9
14775,1780419792467,0,4,22.7,53.8,55.2,2.2,159.1
14776,1780419792500,0,4,22.7,53.6,53.0,2.1,153.2
14777,1780419792533,0,4,22.2,49.4,37.2,1.1,156.5
14778,1780419792567,0,4,22.4,51.0,48.0,2.2,148.3
14779,1780419792600,0,4,22.3,50.1,34.4,2.9,148.8
14780,1780419792633,0,4,22.7,48.9,21.1,1.8,144.1
14781,1780419792667,0,4,22.4,49.0,53.4,2.0,144.3
14782,1780419792700,0,4,22.7,53.0,57.0,4.0,150.3
14783,1780419792733,0,4,22.5,53.7,42.5,3.9,158.9
14784,1780419792767,0,4,22.8,49.8,22.0,3.8,153.3
14785,1780419792800,0,4,22.2,51.8,30.4,1.7,157.3
14786,1780419792833,0,4,22.7,50.0,38.1,2.2,154.8
14787,1780419792867,0,4,22.3,49.7,21.9,3.9,153.5
14788,1780419792900,0,4,22.3,52.0,31.6,3.8,144.8
14789,1780419792933,0,4,22.3,53.2,32.6,3.3,157.1
14790,1780419792967,0,4,22.4,48.8,57.8,3.0,141.0
14791,1780419793000,0,4,22.5,51.3,50.7,2.3,151.8
14792,1780419793033,0,4,22.3,52.6,56.4,1.8,148.9
14793,1780419793067,0,4,22.3,48.9,57.1,3.9,150.2
14794,1780419793100,0,4,22.6,50.5,28.1,2.4,159.6
14795,1780419793133,0,4,22.6,51.7,40.5,2.7,150.3
14796,1780419793167,0,4,22.4,51.4,30.3,2.0,153.8
14797,1780419793200,0,4,22.2,48.8,51.8,3.3,159.9
14798,1780419793233,0,4,22.6,51.6,51.3,1.5,147.8
14799,1780419793267,0,4,22.3,49.5,31.1,1.6,140.2
14800,1780419793300,0,4,22.8,51.4,37.1,2.4,154.3
14801,1780419793333,0,4,22.4,48.1,22.3,3.2,156.1
14802,1780419793367,0,4,22.6,50.1,48.3,2.2,141.7
14803,1780419793400,0,4,22.5,52.9,28.4,2.9,145.8
14804,1780419793433,0,4,22.3,53.4,21.1,3.9,146.5
14805,1780419793467,0,4,22.3,52.3,56.9,2.8,152.7
14806,1780419793500,0,4,22.4,51.1,32.1,2.8,157.7
14807,1780419793533,0,4,22.7,49.4,32.8,3.6,154.2
14808,1780419793567,0,4,22.5,51.9,36.2,3.8,147.6
14809,1780419793600,0,4,22.4,51.8,40.9,2.3,146.9
14810,1780419793633,0,4,22.7,48.7,35.0,2.2,150.7
14811,1780419793667,0,4,22.7,53.6,55.7,1.0,140.1
14812,1780419793700,0,4,22.4,52.4,26.1,2.6,144.1
14813,1780419793733,0,4,22.4,53.9,40.6,2.9,153.8
14814,1780419793767,0,4,22.5,53.2,31.9,1.8,142.2
14815,1780419793800,0,4,22.5,51.6,35.4,1.6,155.5
14816,1780419793833,0,4,22.6,48.8,32.1,1.9,148.2
14817,1780419793867,0,4,22.7,52.8,24.7,1.8,147.2
14818,1780419793900,0,4,22.6,48.7,30.3,3.0,146.9
14819,1780419793933,0,4,22.3,49.9,26.5,3.0,153.9
14820,1780419793967,0,4,22.6,53.4,53.6,3.2,154.4
14821,1780419794000,0,4,22.5,53.1,38.2,1.2,157.9
14822,1780419794033,0,4,22.4,53.5,25.1,2.6,155.0
14823,1780419794067,0,4,22.8,53.7,59.0,3.8,156.0
14824,1780419794100,0,4,22.4,49.7,56.9,1.2,157.9
14825,1780419794133,0,4,22.3,48.2,45.7,3.4,140.8
14826,1780419794167,0,4,22.5,51.0,22.1,3.4,149.6
14827,1780419794200,0,4,22.5,48.7,25.0,2.6,153.7
14828,1780419794233,0,4,22.7,50.9,42.0,2.6,143.7
14829,1780419794267,0,4,22.4,49.0,20.9,2.4,144.6
14830,1780419794300,0,4,22.8,53.8,43.8,3.7,148.3
14831,1780419794333,0,4,22.3,53.9,56.4,1.4,151.9
14832,1780419794367,0,4,22.6,48.2,32.4,2.5,148.5
14833,1780419794400,0,4,22.7,48.1,53.5,2.0,148.5
14834,1780419794433,0,4,22.6,52.4,26.5,2.0,144.5
14835,1780419794467,0,4,22.4,50.9,50.7,2.4,143.1
14836,1780419794500,0,4,22.3,49.5,58.5,2.6,145.8
14837,1780419794533,0,4,22.4,50.4,32.2,2.5,155.6
14838,1780419794567,0,4,22.4,53.6,37.0,2.0,144.5
14839,1780419794600,0,4,22.7,49.3,46.8,1.3,146.1
14840,1780419794633,0,4,22.4,49.9,24.0,2.3,153.3
14841,1780419794667,0,4,22.3,52.0,43.1,1.3,155.1
14842,1780419794700,0,4,22.5,52.7,56.3,2.2,151.4
14843,1780419794733,0,4,22.3,52.3,57.5,3.7,149.4
14844,1780419794767,0,4,22.5,52.4,46.4,1.9,159.9
14845,1780419794800,0,4,22.8,51.1,52.0,4.0,141.0
14846,1780419794833,0,4,22.6,53.2,53.4,2.7,159.2
14847,1780419794867,0,4,22.7,52.6,50.8,2.0,156.2
14848,1780419794900,0,4,22.8,48.5,28.4,2.6,156.9
14849,1780419794933,0,4,22.3,48.9,24.0,3.3,156.6
14850,1780419794967,0,4,22.5,50.1,31.9,2.2,141.4
14851,1780419795000,0,4,22.7,52.7,30.9,1.4,140.1
14852,1780419795033,0,4,22.7,53.1,36.9,3.1,158.3
14853,1780419795067,0,4,22.7,48.8,49.1,2.5,147.5
14854,1780419795100,0,4,22.6,49.2,55.8,3.5,156.3
14855,1780419795133,0,4,22.3,51.3,52.2,3.8,159.3
14856,1780419795167,0,4,22.3,48.6,27.3,3.1,144.9
14857,1780419795200,0,4,22.2,48.1,34.0,2.0,157.2
14858,1780419795233,0,4,22.3,51.7,31.8,3.8,154.8
14859,1780419795267,0,4,22.7,48.0,56.3,3.8,143.1
14860,1780419795300,0,4,22.4,51.3,27.8,3.8,144.5
14861,1780419795333,0,4,22.8,50.6,41.2,2.5,152.7
14862,1780419795367,0,4,22.6,48.0,45.1,3.7,156.6
14863,1780419795400,0,4,22.7,53.1,53.7,2.3,145.4
14864,1780419795433,0,4,22.8,50.8,44.8,1.1,140.6
14865,1780419795467,0,4,22.2,53.1,26.1,2.0,151.5
14866,1780419795500,0,4,22.5,53.3,51.5,3.6,157.2
14867,1780419795533,0,4,22.5,48.5,49.5,2.1,150.8
14868,1780419795567,0,4,22.2,50.9,35.1,1.6,154.1
14869,1780419795600,0,4,22.7,53.9,51.8,3.5,148.5
14870,1780419795633,0,4,22.7,50.0,24.2,1.8,148.4
14871,1780419795667,0,4,22.5,52.3,49.5,3.4,142.1
14872,1780419795700,0,4,22.6,51.3,26.8,1.7,157.6
14873,1780419795733,0,4,22.2,50.7,21.8,2.8,146.5
14874,1780419795767,0,4,22.7,52.5,29.4,2.0,148.2
14875,1780419795800,0,4,22.6,50.1,59.4,3.8,149.5
14876,1780419795833,0,4,22.6,48.4,44.2,2.9,151.1
14877,1780419795867,0,4,22.4,49.9,27.2,3.0,148.8
14878,1780419795900,0,4,22.6,48.5,21.5,2.0,150.5
14879,1780419795933,0,4,22.5,49.1,49.2,2.3,156.3
14880,1780419795967,0,4,22.4,48.6,23.2,1.5,145.4
14881,1780419796000,0,4,22.5,51.0,31.7,3.9,149.8
14882,1780419796033,0,4,22.5,51.0,49.3,3.3,154.0
14883,1780419796067,0,4,22.2,52.0,31.0,2.9,140.0
14884,1780419796100,0,4,22.5,51.8,31.3,1.4,152.8
14885,1780419796133,0,4,22.6,53.3,36.7,3.8,151.3
14886,1780419796167,0,4,22.6,53.0,35.2,1.4,142.4
14887,1780419796200,0,4,22.5,51.3,50.2,1.4,144.1
14888,1780419796233,0,4,22.3,52.7,40.8,2.8,152.8
14889,1780419796267,0,4,22.5,50.5,54.1,3.3,156.9
14890,1780419796300,0,4,22.5,53.4,51.9,3.7,146.6
14891,1780419796333,0,4,22.6,52.6,38.2,1.5,142.8
14892,1780419796367,0,4,22.5,52.5,43.2,1.5,147.8
14893,1780419796400,0,4,22.5,49.7,33.4,3.1,148.3
14894,1780419796433,0,4,22.5,53.0,29.4,3.8,145.4
14895,1780419796467,0,4,22.3,49.6,45.3,1.7,141.5
14896,1780419796500,0,4,22.8,53.5,39.1,1.1,141.2
14897,1780419796533,0,4,22.3,53.7,38.2,1.9,152.8
14898,1780419796567,0,4,22.6,52.9,22.0,2.2,147.8
14899,1780419796600,0,4,22.6,52.5,48.8,3.7,159.0
14900,1780419796633,0,4,22.5,48.3,28.5,3.9,154.0
14901,1780419796667,0,4,22.5,52.6,23.0,2.8,156.3
14902,1780419796700,0,4,22.8,53.7,20.5,3.7,153.0
14903,1780419796733,0,4,22.7,50.4,47.8,1.4,150.8
14904,1780419796767,0,4,22.5,50.8,30.9,2.0,146.1
14905,1780419796800,0,4,22.6,53.5,26.3,2.6,147.4
14906,1780419796833,0,4,22.3,50.5,46.1,2.8,156.7
14907,1780419796867,0,4,22.4,52.7,28.3,1.2,140.9
14908,1780419796900,0,4,22.6,53.4,26.1,1.4,142.0
14909,1780419796933,0,4,22.3,50.2,44.9,1.5,151.0
14910,1780419796967,0,4,22.4,51.5,30.8,3.5,145.3
14911,1780419797000,0,4,22.6,51.4,41.3,1.7,154.5
14912,1780419797033,0,4,22.7,49.3,28.4,3.4,141.4
14913,1780419797067,0,4,22.4,48.7,21.6,3.7,158.4
14914,1780419797100,0,4,22.4,50.5,34.0,3.9,159.2
14915,1780419797133,0,4,22.7,50.7,27.1,2.2,141.0
14916,1780419797167,0,4,22.6,53.0,40.7,3.9,152.7
14917,1780419797200,0,4,22.6,52.4,39.6,2.5,156.7
14918,1780419797233,0,4,22.3,52.5,42.0,1.3,159.2
14919,1780419797267,0,4,22.8,49.7,51.0,3.4,144.8
14920,1780419797300,0,4,22.6,48.3,47.4,2.7,155.6
14921,1780419797333,0,4,22.4,48.2,42.3,2.5,155.8
14922,1780419797367,0,4,22.7,53.3,52.0,1.5,157.6
14923,1780419797400,0,4,22.7,53.4,31.3,1.9,144.2
14924,1780419797433,0,4,22.2,53.4,38.6,2.5,152.5
14925,1780419797467,0,4,22.5,48.9,49.9,2.2,154.4
14926,1780419797500,0,4,22.3,49.4,41.5,2.0,146.1
14927,1780419797533,0,4,22.2,52.2,42.6,3.2,140.6
14928,1780419797567,0,4,22.6,54.0,40.8,3.4,145.6
14929,1780419797600,0,4,22.6,52.5,48.9,2.5,141.4
14930,1780419797633,0,4,22.3,49.0,40.6,1.9,148.6
14931,1780419797667,0,4,22.6,51.1,53.1,1.1,151.8
14932,1780419797700,0,4,22.6,48.3,53.3,3.8,143.6
14933,1780419797733,0,4,22.5,51.7,40.2,3.7,159.8
14934,1780419797767,0,4,22.3,50.6,43.5,3.5,145.9
14935,1780419797800,0,4,22.5,51.7,49.3,3.7,154.4
14936,1780419797833,0,4,22.8,53.8,32.0,3.3,141.5
14937,1780419797867,0,4,22.8,52.1,41.0,2.0,151.4
14938,1780419797900,0,4,22.5,49.6,39.6,1.8,144.7
14939,1780419797933,0,4,22.5,51.8,55.5,2.6,154.4
14940,1780419797967,0,4,22.2,49.6,50.7,3.9,146.0
14941,1780419798000,0,4,22.3,53.6,48.0,1.3,154.2
14942,1780419798033,0,4,22.5,49.6,33.0,4.0,153.0
14943,1780419798067,0,4,22.3,49.4,37.4,2.7,157.2
14944,1780419798100,0,4,22.3,52.3,52.5,2.8,156.1
14945,1780419798133,0,4,22.3,50.9,32.6,2.1,147.6
14946,1780419798167,0,4,22.5,50.2,46.8,3.4,148.5
14947,1780419798200,0,4,22.6,49.4,42.1,2.2,145.7
14948,1780419798233,0,4,22.3,52.0,25.5,2.5,149.4
14949,1780419798267,0,4,22.5,53.9,52.2,1.9,149.8
14950,1780419798300,0,4,22.7,50.7,49.8,1.9,155.7
14951,1780419798333,0,4,22.4,48.9,25.2,1.6,142.1
14952,1780419798367,0,4,22.2,50.8,37.7,2.5,156.1
14953,1780419798400,0,4,22.6,52.8,40.1,3.3,154.9
14954,1780419798433,0,4,22.5,53.1,49.3,4.0,150.5
14955,1780419798467,0,4,22.6,50.7,29.5,2.5,159.1
14956,1780419798500,0,4,22.7,52.2,46.3,3.4,158.9
14957,1780419798533,0,4,22.5,50.6,31.2,2.8,143.4
14958,1780419798567,0,4,22.4,50.9,50.3,3.1,147.7
14959,1780419798600,0,4,22.5,49.2,24.5,2.0,150.8
14960,1780419798633,0,4,22.6,53.2,36.7,3.6,159.8
14961,1780419798667,0,4,22.5,48.3,59.4,3.2,158.8
14962,1780419798700,0,4,22.6,48.0,26.5,2.3,143.3
14963,1780419798733,0,4,22.3,49.7,23.2,3.1,153.5
14964,1780419798767,0,4,22.6,49.2,44.3,3.1,156.4
14965,1780419798800,0,4,22.5,51.6,55.3,2.5,151.1
14966,1780419798833,0,4,22.3,52.4,52.1,2.4,159.5
14967,1780419798867,0,4,22.7,49.2,41.8,3.1,147.7
14968,1780419798900,0,4,22.5,49.9,55.6,3.3,160.0
14969,1780419798933,0,4,22.7,49.1,48.4,3.8,144.1
14970,1780419798967,0,4,22.6,48.5,31.2,2.0,146.5
14971,1780419799000,0,4,22.8,49.2,38.9,2.8,159.9
14972,1780419799033,0,4,22.7,51.5,40.3,3.4,140.7
14973,1780419799067,0,4,22.4,49.5,55.5,2.6,142.6
14974,1780419799100,0,4,22.6,48.1,57.5,1.7,155.0
14975,1780419799133,0,4,22.4,48.2,31.5,1.8,142.8
14976,1780419799167,0,4,22.6,50.0,47.9,1.7,157.5
14977,1780419799200,0,4,22.7,53.7,55.5,1.3,144.1
14978,1780419799233,0,4,22.4,53.5,57.4,2.4,150.4
14979,1780419799267,0,4,22.6,51.6,48.5,2.0,157.0
14980,1780419799300,0,4,22.6,49.1,36.2,1.5,148.0
14981,1780419799333,0,4,22.8,48.9,43.6,1.2,141.6
14982,1780419799367,0,4,22.3,49.2,41.7,2.4,158.5
14983,1780419799400,0,4,22.3,49.3,24.0,1.0,150.4
14984,1780419799433,0,4,22.7,48.9,30.1,3.0,148.4
14985,1780419799467,0,4,22.7,51.2,42.4,2.3,154.1
14986,1780419799500,0,4,22.6,52.6,45.9,2.2,152.5
14987,1780419799533,0,4,22.5,52.1,28.8,1.0,157.4
14988,1780419799567,0,4,22.2,50.4,42.8,2.7,150.1
14989,1780419799600,0,4,22.4,50.6,27.9,2.6,145.5
14990,1780419799633,0,4,22.3,50.6,46.5,3.4,158.0
14991,1780419799667,0,4,22.2,48.2,45.9,1.5,148.4
14992,1780419799700,0,4,22.5,51.0,37.3,1.5,153.4
14993,1780419799733,0,4,22.6,50.6,56.1,3.7,156.5
14994,1780419799767,0,4,22.3,48.0,27.6,1.3,142.8
14995,1780419799800,0,4,22.4,51.4,25.1,2.8,150.6
14996,1780419799833,0,4,22.2,48.4,35.4,1.9,141.5
14997,1780419799867,0,4,22.5,49.3,55.9,3.8,158.8
14998,1780419799900,0,4,22.3,49.1,43.0,1.7,157.6
14999,1780419799933,0,4,22.6,51.3,57.2,1.4,155.5
15000,1780419799967,0,4,22.5,53.0,59.9,2.5,142.3
15001,1780419800000,0,4,22.2,48.0,58.4,3.4,142.5
15002,1780419800033,0,4,22.6,52.4,55.1,2.2,150.2
15003,1780419800067,0,4,22.3,48.7,33.7,2.4,148.7
15004,1780419800100,0,4,22.2,51.8,23.5,3.3,154.0
15005,1780419800133,0,4,22.3,49.6,31.0,3.1,156.2
15006,1780419800167,0,4,22.4,53.2,31.1,1.7,141.1
15007,1780419800200,0,4,22.4,48.4,33.0,3.3,150.5
15008,1780419800233,0,4,22.3,53.3,29.2,1.9,143.7
15009,1780419800267,0,4,22.6,53.6,38.1,3.0,148.8
15010,1780419800300,0,4,22.6,50.7,26.5,2.1,157.2
15011,1780419800333,0,4,22.7,53.8,38.7,2.5,152.0
15012,1780419800367,0,4,22.5,49.8,42.7,2.5,154.2
15013,1780419800400,0,4,22.7,48.8,56.0,2.9,152.1
15014,1780419800433,0,4,22.8,52.6,30.5,3.4,156.0
15015,1780419800467,0,4,22.6,48.7,24.0,1.8,153.1
15016,1780419800500,0,4,22.7,53.0,49.4,2.1,148.8
15017,1780419800533,0,4,22.4,52.8,26.7,1.1,154.7
15018,1780419800567,0,4,22.6,49.2,34.5,3.9,141.7
15019,1780419800600,0,4,22.6,48.5,22.7,3.9,140.5
15020,1780419800633,0,4,22.3,51.4,43.0,3.7,151.8
15021,1780419800667,0,4,22.3,51.9,22.3,2.4,144.7
15022,1780419800700,0,4,22.4,51.9,27.8,2.6,157.7
15023,1780419800733,0,4,22.2,53.4,39.3,3.7,148.5
15024,1780419800767,0,4,22.4,49.9,51.9,2.1,156.2
15025,1780419800800,0,4,22.3,53.0,53.7,3.3,154.8
15026,1780419800833,0,4,22.7,53.8,45.5,2.6,143.2
15027,1780419800867,0,4,22.8,51.0,29.1,2.5,150.7
15028,1780419800900,0,4,22.8,48.0,28.8,3.7,140.0
15029,1780419800933,0,4,22.7,48.4,23.7,2.3,156.6
15030,1780419800967,0,4,22.6,52.6,40.7,3.6,152.4
15031,1780419801000,0,4,22.6,52.8,28.0,1.7,159.4
15032,1780419801033,0,4,22.6,48.9,26.2,1.4,153.8
15033,1780419801067,0,4,22.7,51.3,29.5,2.4,151.2
15034,1780419801100,0,4,22.4,52.9,21.1,4.0,142.0
15035,1780419801133,0,4,22.8,48.3,23.7,1.9,152.6
15036,1780419801167,0,4,22.6,53.3,30.3,2.4,147.5
15037,1780419801200,0,4,22.6,49.4,21.4,1.9,158.8
15038,1780419801233,0,4,22.8,48.5,57.6,1.3,145.4
15039,1780419801267,0,4,22.5,48.1,43.7,3.8,153.4
15040,1780419801300,0,4,22.8,48.3,25.2,2.5,146.4
15041,1780419801333,0,4,22.3,53.2,41.5,2.0,142.1
15042,1780419801367,0,4,22.5,51.1,40.9,2.1,143.7
15043,1780419801400,0,4,22.7,50.8,28.3,3.0,146.4
15044,1780419801433,0,4,22.7,51.8,23.3,3.5,156.9
15045,1780419801467,0,4,22.3,49.1,56.4,3.7,152.5
15046,1780419801500,0,4,22.4,54.0,21.5,2.8,154.0
15047,1780419801533,0,4,22.6,51.9,30.6,1.0,140.7
15048,1780419801567,0,4,22.2,48.1,48.8,1.1,144.9
15049,1780419801600,0,4,22.3,49.6,38.4,2.9,146.7
15050,1780419801633,0,4,22.7,50.7,57.9,3.6,159.3
15051,1780419801667,0,4,22.6,51.2,36.4,3.8,152.6
15052,1780419801700,0,4,22.3,48.4,40.3,2.2,157.8
15053,1780419801733,0,4,22.6,49.8,58.4,1.4,151.8
15054,1780419801767,0,4,22.7,52.1,33.7,1.3,153.7
15055,1780419801800,0,4,22.4,48.6,28.6,2.2,145.2
15056,1780419801833,0,4,22.5,48.2,35.0,2.0,145.2
15057,1780419801867,0,4,22.2,52.6,39.2,2.2,141.8
15058,1780419801900,0,4,22.3,53.0,34.1,2.5,155.9
15059,1780419801933,0,4,22.3,51.8,50.7,3.2,157.2
15060,1780419801967,0,4,22.4,52.2,31.2,2.5,147.0
15061,1780419802000,0,4,22.2,52.7,39.4,1.5,157.0
15062,1780419802033,0,4,22.7,53.3,22.7,2.4,156.9
15063,1780419802067,0,4,22.8,48.6,38.3,1.3,155.9
15064,1780419802100,0,4,22.6,50.8,34.2,3.8,150.7
15065,1780419802133,0,4,22.7,49.9,39.9,3.3,155.2
15066,1780419802167,0,4,22.6,49.7,21.1,3.7,151.2
15067,1780419802200,0,4,22.8,51.9,29.8,2.1,156.8
15068,1780419802233,0,4,22.7,51.7,30.9,3.7,144.5
15069,1780419802267,0,4,22.3,49.9,21.8,3.0,140.3
15070,1780419802300,0,4,22.6,50.4,40.9,1.2,148.8
15071,1780419802333,0,4,22.5,48.6,23.8,2.0,151.9
15072,1780419802367,0,4,22.6,52.7,37.0,2.3,158.3
15073,1780419802400,0,4,22.6,52.5,52.9,3.7,155.3
15074,1780419802433,0,4,22.3,50.1,47.4,1.2,153.2
15075,1780419802467,0,4,22.3,49.3,52.3,3.5,141.3
15076,1780419802500,0,4,22.6,50.6,51.9,2.7,141.3
15077,1780419802533,0,4,22.7,50.3,33.7,3.2,156.8
15078,1780419802567,0,4,22.3,52.9,51.6,2.4,156.5
15079,1780419802600,0,4,22.7,51.0,40.6,3.5,151.0
15080,1780419802633,0,4,22.7,48.7,47.2,2.3,153.1
15081,1780419802667,0,4,22.7,50.0,43.6,1.9,155.4
15082,1780419802700,0,4,22.6,53.8,25.7,2.4,159.9
15083,1780419802733,0,4,22.4,48.5,54.2,3.8,143.9
15084,1780419802767,0,4,22.3,51.3,56.0,3.0,155.1
15085,1780419802800,0,4,22.7,48.2,37.0,2.1,148.0
15086,1780419802833,0,4,22.4,48.6,42.9,2.8,141.7
15087,1780419802867,0,4,22.7,51.8,48.6,3.1,140.4
15088,1780419802900,0,4,22.3,53.5,41.7,1.4,150.9
15089,1780419802933,0,4,22.7,48.8,51.0,2.3,146.9
15090,1780419802967,0,4,22.3,52.6,51.2,2.7,143.5
15091,1780419803000,0,4,22.5,49.2,31.1,2.4,150.6
15092,1780419803033,0,4,22.8,50.5,44.6,4.0,157.0
15093,1780419803067,0,4,22.6,50.6,58.1,2.6,143.0
15094,1780419803100,0,4,22.4,52.8,45.2,2.9,155.9
15095,1780419803133,0,4,22.6,52.3,40.8,3.3,159.7
15096,1780419803167,0,4,22.7,52.4,36.7,3.1,141.6
15097,1780419803200,0,4,22.3,50.8,43.3,2.6,148.2
15098,1780419803233,0,4,22.3,52.6,36.0,2.1,158.6
15099,1780419803267,0,4,22.3,52.1,36.5,2.4,149.0
15100,1780419803300,0,4,22.4,50.6,28.6,3.2,156.0
15101,1780419803333,0,4,22.6,50.6,30.5,2.5,159.7
15102,1780419803367,0,4,22.7,50.0,40.0,3.4,156.8
15103,1780419803400,0,4,22.4,51.2,40.1,3.6,148.6
15104,1780419803433,0,4,22.6,50.9,45.2,2.0,151.8
15105,1780419803467,0,4,22.3,48.0,57.2,2.1,153.2
15106,1780419803500,0,4,22.8,48.2,58.4,1.8,154.5
15107,1780419803533,0,4,22.3,50.4,46.0,2.7,142.2
15108,1780419803567,0,4,22.7,50.0,37.9,1.3,150.2
15109,1780419803600,0,4,22.6,49.1,53.3,3.6,151.6
15110,1780419803633,0,4,22.4,48.5,41.3,3.7,159.5
15111,1780419803667,0,4,22.8,49.5,37.3,2.4,146.9
15112,1780419803700,0,4,22.5,51.5,27.5,2.8,150.0
15113,1780419803733,0,4,22.5,49.1,25.7,3.1,142.8
15114,1780419803767,0,4,22.5,53.2,50.2,1.1,143.5
15115,1780419803800,0,4,22.6,49.7,32.7,2.4,142.9
15116,1780419803833,0,4,22.8,50.6,31.0,3.2,142.2
15117,1780419803867,0,4,22.6,49.4,42.8,2.5,149.9
15118,1780419803900,0,4,22.5,52.9,46.1,1.6,150.2
15119,1780419803933,0,4,22.6,49.3,50.5,3.2,153.5
15120,1780419803967,0,4,22.5,53.7,27.9,1.5,145.1
15121,1780419804000,0,4,22.4,49.2,27.6,2.9,155.8
15122,1780419804033,0,4,22.2,50.3,58.5,3.8,151.0
15123,1780419804067,0,4,22.5,53.5,36.0,3.1,140.5
15124,1780419804100,0,4,22.3,52.7,48.0,1.5,150.4
15125,1780419804133,0,4,22.5,51.4,49.5,2.4,140.3
15126,1780419804167,0,4,22.6,52.1,51.3,1.8,144.3
15127,1780419804200,0,4,22.4,49.2,31.3,2.3,159.5
15128,1780419804233,0,4,22.8,52.0,27.4,2.6,145.9
15129,1780419804267,0,4,22.4,51.9,27.3,3.7,147.7
15130,1780419804300,0,4,22.3,53.0,33.5,1.7,140.5
15131,1780419804333,0,4,22.7,48.9,58.6,1.5,149.4
15132,1780419804367,0,4,22.3,53.7,54.7,1.8,159.2
15133,1780419804400,0,4,22.6,50.9,41.1,3.1,155.9
15134,1780419804433,0,4,22.7,48.9,43.0,2.1,151.2
15135,1780419804467,0,4,22.5,52.5,54.4,1.3,147.8
15136,1780419804500,0,4,22.2,53.0,33.8,2.7,142.6
15137,1780419804533,0,4,22.7,48.4,30.7,1.8,143.1
15138,1780419804567,0,4,22.5,51.8,56.7,3.2,156.1
15139,1780419804600,0,4,22.3,53.4,24.4,3.1,150.3
15140,1780419804633,0,4,22.4,48.6,25.7,3.6,152.5
15141,1780419804667,0,4,22.2,53.3,33.5,2.4,149.2
15142,1780419804700,0,4,22.3,50.0,42.7,3.6,148.3
15143,1780419804733,0,4,22.3,52.9,40.8,1.4,143.5
15144,1780419804767,0,4,22.4,51.0,29.4,1.0,150.9
15145,1780419804800,0,4,22.6,50.0,21.5,2.4,152.0
15146,1780419804833,0,4,22.2,49.3,34.6,1.6,149.6
15147,1780419804867,0,4,22.3,51.7,56.0,1.4,148.6
15148,1780419804900,0,4,22.8,51.6,39.0,2.9,146.1
15149,1780419804933,0,4,22.3,49.1,44.1,2.5,151.7
15150,1780419804967,0,4,22.3,50.0,27.2,2.0,141.1
15151,1780419805000,0,4,22.4,53.9,38.1,2.5,148.6
15152,1780419805033,0,4,22.5,52.9,44.8,3.1,158.9
15153,1780419805067,0,4,22.3,49.7,58.3,3.5,140.9
15154,1780419805100,0,4,22.7,48.1,28.2,3.5,146.5
15155,1780419805133,0,4,22.2,52.5,33.0,1.7,159.1
15156,1780419805167,0,4,22.6,50.2,41.2,3.4,147.2
15157,1780419805200,0,4,22.5,53.0,21.1,3.6,153.7
15158,1780419805233,0,4,22.7,52.8,44.0,1.4,144.4
15159,1780419805267,0,4,22.3,51.9,47.9,2.3,143.4
15160,1780419805300,0,4,22.6,49.9,37.8,1.7,156.1
15161,1780419805333,0,4,22.5,49.0,46.8,1.7,144.5
15162,1780419805367,0,4,22.8,48.4,40.8,3.6,152.8
15163,1780419805400,0,4,22.6,52.4,24.9,2.4,155.7
15164,1780419805433,0,4,22.5,53.1,40.7,2.1,143.3
15165,1780419805467,0,4,22.6,50.3,28.4,2.9,144.2
15166,1780419805500,0,4,22.3,50.1,52.8,2.8,158.9
15167,1780419805533,0,4,22.6,48.4,24.0,3.4,145.4
15168,1780419805567,0,4,22.4,53.9,32.6,1.8,155.9
15169,1780419805600,0,4,22.3,49.6,41.2,2.2,150.4
15170,1780419805633,0,4,22.8,49.7,43.0,1.1,149.5
15171,1780419805667,0,4,22.6,53.5,28.1,3.9,151.3
15172,1780419805700,0,4,22.4,48.1,56.3,2.4,149.4
15173,1780419805733,0,4,22.3,53.3,52.7,3.4,144.4
15174,1780419805767,0,4,22.5,51.2,30.9,1.3,159.6
15175,1780419805800,0,4,22.2,49.7,21.5,3.8,153.1
15176,1780419805833,0,4,22.6,51.8,34.1,1.2,147.8
15177,1780419805867,0,4,22.5,53.8,47.3,1.6,144.9
15178,1780419805900,0,4,22.3,53.6,21.3,2.1,142.5
15179,1780419805933,0,4,22.2,48.9,23.4,2.2,145.7
15180,1780419805967,0,4,22.7,48.9,52.5,1.1,140.8
15181,1780419806000,0,4,22.6,49.9,31.9,1.4,145.8
15182,1780419806033,0,4,22.2,49.2,48.7,3.1,153.3
15183,1780419806067,0,4,22.4,50.0,33.3,3.6,150.8
15184,1780419806100,0,4,22.3,52.4,29.0,1.4,150.6
15185,1780419806133,0,4,22.5,50.0,30.0,1.9,156.0
15186,1780419806167,0,4,22.3,51.4,41.8,3.2,157.8
15187,1780419806200,0,4,22.2,51.5,24.1,2.4,150.3
15188,1780419806233,0,4,22.5,52.8,56.9,1.2,142.8
15189,1780419806267,0,4,22.7,50.4,57.5,4.0,142.8
15190,1780419806300,0,4,22.7,53.3,34.9,3.9,156.7
15191,1780419806333,0,4,22.4,50.4,24.8,1.5,159.0
15192,1780419806367,0,4,22.3,52.0,34.3,1.9,157.9
15193,1780419806400,0,4,22.3,52.8,26.3,3.6,159.6
15194,1780419806433,0,4,22.4,52.5,45.0,2.5,148.7
15195,1780419806467,0,4,22.6,49.9,52.4,1.8,152.9
15196,1780419806500,0,4,22.6,51.9,36.6,3.4,155.1
15197,1780419806533,0,4,22.5,49.0,57.7,1.3,156.5
15198,1780419806567,0,4,22.3,51.1,47.2,1.7,147.0
15199,1780419806600,0,4,22.5,52.4,30.2,3.9,152.2
15200,1780419806633,0,4,22.5,50.6,49.9,3.9,142.0
15201,1780419806667,0,4,22.3,51.2,30.7,3.9,146.9
15202,1780419806700,0,4,22.4,52.9,57.2,1.9,153.7
15203,1780419806733,0,4,22.4,52.6,22.3,1.8,143.2
15204,1780419806767,0,4,22.3,48.9,45.8,3.5,152.2
15205,1780419806800,0,4,22.4,53.8,44.7,2.4,142.7
15206,1780419806833,0,4,22.2,52.4,47.6,3.7,158.7
15207,1780419806867,0,4,22.3,50.1,45.6,3.8,152.6
15208,1780419806900,0,4,22.3,51.4,57.8,3.5,145.8
15209,1780419806933,0,4,22.7,51.8,39.0,1.6,146.6
15210,1780419806967,0,4,22.7,49.9,51.9,1.2,142.9
15211,1780419807000,0,4,22.4,53.5,57.9,3.9,150.3
15212,1780419807033,0,4,22.5,54.0,35.3,3.1,157.8
15213,1780419807067,0,4,22.8,52.6,21.7,1.5,151.1
15214,1780419807100,0,4,22.4,50.6,41.8,2.8,144.0
15215,1780419807133,0,4,22.7,50.0,50.6,1.2,157.2
15216,1780419807167,0,4,22.3,50.0,57.3,2.0,159.5
15217,1780419807200,0,4,22.4,51.3,37.2,3.2,154.0
15218,1780419807233,0,4,22.8,53.2,44.4,1.6,147.2
15219,1780419807267,0,4,22.4,48.0,32.5,3.9,149.6
15220,1780419807300,0,4,22.3,51.0,34.3,3.1,149.4
15221,1780419807333,0,4,22.4,48.5,40.7,1.7,141.9
15222,1780419807367,0,4,22.7,48.9,56.3,3.1,140.3
15223,1780419807400,0,4,22.6,50.1,43.5,1.4,144.7
15224,1780419807433,0,4,22.7,51.2,21.1,3.8,149.4
15225,1780419807467,0,4,22.2,52.4,40.1,3.7,151.1
15226,1780419807500,0,4,22.5,52.3,20.9,2.1,150.4
15227,1780419807533,0,4,22.8,51.8,52.9,2.4,151.6
15228,1780419807567,0,4,22.2,50.2,55.9,3.9,141.1
15229,1780419807600,0,4,22.3,52.4,25.0,3.4,155.0
15230,1780419807633,0,4,22.8,52.6,37.0,2.1,142.8
15231,1780419807667,0,4,22.3,49.8,26.1,3.1,154.9
15232,1780419807700,0,4,22.6,49.1,57.9,2.4,154.9
15233,1780419807733,0,4,22.3,48.9,57.6,2.8,159.6
15234,1780419807767,0,4,22.3,51.0,27.3,2.5,141.8
15235,1780419807800,0,4,22.6,50.7,30.2,2.2,157.9
15236,1780419807833,0,4,22.5,51.0,38.6,2.1,155.7
15237,1780419807867,0,4,22.3,53.9,47.3,2.2,140.1
15238,1780419807900,0,4,22.5,48.0,52.2,2.1,141.0
15239,1780419807933,0,4,22.8,50.2,30.8,2.2,159.8
15240,1780419807967,0,4,22.6,49.5,26.3,3.1,153.0
15241,1780419808000,0,4,22.5,48.8,53.5,3.6,153.3
15242,1780419808033,0,4,22.7,53.7,35.2,1.2,152.4
15243,1780419808067,0,4,22.6,53.1,51.2,3.5,144.4
15244,1780419808100,0,4,22.5,52.5,46.1,2.0,153.3
15245,1780419808133,0,4,22.3,49.2,24.8,2.6,146.1
15246,1780419808167,0,4,22.8,48.6,46.3,3.0,151.2
15247,1780419808200,0,4,22.4,51.2,49.5,2.0,142.3
15248,1780419808233,0,4,22.7,51.5,26.1,1.1,141.9
15249,1780419808267,0,4,22.7,53.2,29.1,3.7,157.6
15250,1780419808300,0,4,22.3,49.5,48.1,1.4,156.4
15251,1780419808333,0,4,22.5,49.2,46.2,3.2,147.6
15252,1780419808367,0,4,22.7,48.5,31.9,1.1,160.0
15253,1780419808400,0,4,22.4,49.4,25.2,1.2,152.6
15254,1780419808433,0,4,22.3,53.1,34.5,2.8,149.7
15255,1780419808467,0,4,22.4,53.4,58.1,3.8,140.2
15256,1780419808500,0,4,22.6,52.6,50.9,2.3,155.4
15257,1780419808533,0,4,22.3,53.2,23.6,3.6,140.5
15258,1780419808567,0,4,22.5,51.6,54.4,3.0,151.4
15259,1780419808600,0,4,22.6,52.5,40.5,2.3,142.7
15260,1780419808633,0,4,22.5,51.3,59.4,2.4,150.9
15261,1780419808667,0,4,22.5,48.5,29.8,3.9,152.5
15262,1780419808700,0,4,22.3,50.9,20.2,2.9,147.9
15263,1780419808733,0,4,22.4,48.1,23.2,2.3,158.5
15264,1780419808767,0,4,22.5,50.5,33.0,3.4,159.7
15265,1780419808800,0,4,22.5,49.5,44.1,1.2,140.6
15266,1780419808833,0,4,22.5,52.1,35.6,3.7,159.7
15267,1780419808867,0,4,22.6,51.7,21.2,1.2,146.6
15268,1780419808900,0,4,22.3,49.5,38.0,3.0,149.5
15269,1780419808933,0,4,22.3,49.3,41.9,3.7,151.2
15270,1780419808967,0,4,22.3,51.0,32.0,2.1,148.0
15271,1780419809000,0,4,22.4,51.1,57.3,3.8,152.3
15272,1780419809033,0,4,22.6,53.0,21.5,3.1,141.8
15273,1780419809067,0,4,22.2,51.0,25.3,2.5,153.4
15274,1780419809100,0,4,22.5,48.7,57.5,1.3,154.5
15275,1780419809133,0,4,22.3,53.2,28.7,3.3,147.1
15276,1780419809167,0,4,22.7,51.3,30.6,2.9,150.3
15277,1780419809200,0,4,22.3,48.4,30.8,1.1,149.5
15278,1780419809233,0,4,22.5,48.6,23.9,2.9,146.5
15279,1780419809267,0,4,22.3,53.2,54.8,3.0,145.5
15280,1780419809300,0,4,22.7,48.9,58.9,2.6,159.0
15281,1780419809333,0,4,22.5,53.5,59.4,1.3,140.7
15282,1780419809367,0,4,22.7,48.1,43.5,3.7,159.9
15283,1780419809400,0,4,22.6,52.2,52.8,2.6,147.4
15284,1780419809433,0,4,22.3,52.7,32.4,1.3,157.9
15285,1780419809467,0,4,22.6,51.1,22.1,3.6,140.6
15286,1780419809500,0,4,22.7,49.1,35.9,1.6,140.1
15287,1780419809533,0,4,22.5,49.3,31.7,3.4,141.9
15288,1780419809567,0,4,22.6,50.7,45.5,1.8,142.3
15289,1780419809600,0,4,22.5,49.6,42.0,2.1,144.6
15290,1780419809633,0,4,22.3,49.7,47.5,3.3,142.7
15291,1780419809667,0,4,22.6,52.0,24.5,3.5,144.7
15292,1780419809700,0,4,22.6,50.9,35.8,3.8,150.0
15293,1780419809733,0,4,22.7,53.2,47.8,2.1,146.6
15294,1780419809767,0,4,22.3,53.8,55.9,4.0,140.1
15295,1780419809800,0,4,22.3,49.5,26.6,2.8,151.9
15296,1780419809833,0,4,22.5,48.6,58.1,3.4,142.9
15297,1780419809867,0,4,22.4,51.5,33.5,2.2,145.9
15298,1780419809900,0,4,22.8,53.2,42.1,1.7,145.1
15299,1780419809933,0,4,22.8,52.3,49.9,1.9,146.1
15300,1780419809967,0,4,22.4,52.9,34.3,3.6,154.0
15301,1780419810000,0,4,22.7,49.8,32.8,3.9,157.4
15302,1780419810033,0,4,22.3,48.2,27.6,3.5,152.0
15303,1780419810067,0,4,22.5,50.0,41.7,3.1,148.2
15304,1780419810100,0,4,22.2,53.5,58.2,2.7,141.5
15305,1780419810133,0,4,22.4,51.2,59.9,1.7,155.2
15306,1780419810167,0,4,22.5,50.2,55.3,1.2,140.2
15307,1780419810200,0,4,22.8,53.4,21.0,2.5,146.4
15308,1780419810233,0,4,22.6,53.3,45.1,1.2,156.2
15309,1780419810267,0,4,22.7,49.5,36.7,2.4,143.6
15310,1780419810300,0,4,22.3,52.9,26.5,3.8,144.8
15311,1780419810333,0,4,22.2,48.4,59.6,3.9,147.8
15312,1780419810367,0,4,22.4,49.6,39.8,1.8,151.8
15313,1780419810400,0,4,22.7,53.6,45.6,3.4,153.3
15314,1780419810433,0,4,22.4,51.7,36.6,2.2,149.4
15315,1780419810467,0,4,22.4,48.6,22.0,1.0,146.8
15316,1780419810500,0,4,22.3,51.7,33.6,3.2,152.2
15317,1780419810533,0,4,22.4,50.4,36.5,3.7,145.8
15318,1780419810567,0,4,22.2,52.7,38.3,3.1,149.6
15319,1780419810600,0,4,22.6,53.4,41.0,2.6,140.7
15320,1780419810633,0,4,22.4,52.9,36.3,4.0,141.7
15321,1780419810667,0,4,22.3,51.2,55.4,1.1,154.5
15322,1780419810700,0,4,22.3,49.9,32.2,1.8,152.2
15323,1780419810733,0,4,22.3,52.6,26.7,3.1,144.5
15324,1780419810767,0,4,22.3,50.9,50.0,1.4,149.3
15325,1780419810800,0,4,22.6,48.9,57.0,2.8,159.9
15326,1780419810833,0,4,22.2,49.3,57.0,2.2,140.4
15327,1780419810867,0,4,22.6,52.2,55.3,3.4,147.1
15328,1780419810900,0,4,22.6,49.4,28.8,2.7,144.4
15329,1780419810933,0,4,22.3,50.8,58.7,1.4,141.4
15330,1780419810967,0,4,22.5,49.6,50.3,1.2,154.9
15331,1780419811000,0,4,22.3,48.7,27.2,1.8,151.2
15332,1780419811033,0,4,22.6,52.2,41.1,3.3,146.1
15333,1780419811067,0,4,22.5,50.4,53.0,3.0,142.6
15334,1780419811100,0,4,22.6,53.6,33.8,1.7,151.9
15335,1780419811133,0,4,22.5,49.6,31.1,1.6,156.7
15336,1780419811167,0,4,22.4,53.4,40.0,3.0,157.7
15337,1780419811200,0,4,22.3,54.0,49.8,2.2,154.9
15338,1780419811233,0,4,22.6,52.8,47.2,1.6,146.3
15339,1780419811267,0,4,22.4,48.8,56.2,3.9,141.4
15340,1780419811300,0,4,22.6,53.1,23.9,3.7,145.2
15341,1780419811333,0,4,22.3,51.6,40.6,2.1,143.1
15342,1780419811367,0,4,22.7,51.9,29.2,3.2,149.3
15343,1780419811400,0,4,22.3,50.8,31.2,2.3,145.0
15344,1780419811433,0,4,22.6,48.7,32.3,2.7,144.9
15345,1780419811467,0,4,22.4,49.2,52.1,4.0,149.5
15346,1780419811500,0,4,22.7,52.3,43.3,4.0,152.9
15347,1780419811533,0,4,22.8,52.4,42.9,2.2,142.0
15348,1780419811567,0,4,22.5,49.1,49.2,2.2,143.1
15349,1780419811600,0,4,22.3,49.0,20.5,2.1,153.0
15350,1780419811633,0,4,22.6,50.3,25.4,2.7,157.6
15351,1780419811667,0,4,22.6,48.9,25.6,2.4,142.4
15352,1780419811700,0,4,22.6,51.2,41.5,3.2,153.4
15353,1780419811733,0,4,22.8,48.6,24.2,2.5,152.1
15354,1780419811767,0,4,22.5,49.0,59.9,2.5,140.2
15355,1780419811800,0,4,22.8,51.3,27.1,2.4,145.2
15356,1780419811833,0,4,22.4,49.8,29.9,1.7,148.9
15357,1780419811867,0,4,22.4,50.1,53.4,3.2,141.6
15358,1780419811900,0,4,22.5,53.7,51.4,2.1,153.8
15359,1780419811933,0,4,22.3,53.6,45.1,3.8,142.5
15360,1780419811967,0,4,22.3,49.8,20.0,1.8,155.1
15361,1780419812000,0,4,22.3,49.3,50.6,2.6,143.0
15362,1780419812033,0,4,22.3,53.4,59.0,3.7,158.9
15363,1780419812067,0,4,22.7,50.1,47.8,1.3,149.8
15364,1780419812100,0,4,22.7,49.9,43.0,3.7,159.2
15365,1780419812133,0,4,22.5,49.2,39.3,1.1,156.6
15366,1780419812167,0,4,22.4,48.1,41.7,3.6,159.6
15367,1780419812200,0,4,22.2,52.8,58.3,3.7,158.5
15368,1780419812233,0,4,22.7,50.8,36.7,1.1,154.4
15369,1780419812267,0,4,22.8,50.9,32.7,1.3,158.6
15370,1780419812300,0,4,22.7,53.9,21.6,2.5,159.4
15371,1780419812333,0,4,22.3,48.8,33.2,3.4,145.4
15372,1780419812367,0,4,22.7,52.1,33.4,1.2,151.6
15373,1780419812400,0,4,22.3,53.9,50.6,3.5,149.6
15374,1780419812433,0,4,22.5,52.1,35.6,1.4,141.4
15375,1780419812467,0,4,22.2,53.0,50.5,3.6,141.1
15376,1780419812500,0,4,22.5,48.8,23.1,1.6,150.3
15377,1780419812533,0,4,22.3,49.5,30.6,2.3,155.0
15378,1780419812567,0,4,22.5,51.3,48.6,2.9,156.4
15379,1780419812600,0,4,22.5,49.4,58.5,1.9,146.7
15380,1780419812633,0,4,22.4,50.8,43.4,1.8,149.1
15381,1780419812667,0,4,22.7,49.3,43.2,2.0,158.2
15382,1780419812700,0,4,22.3,49.0,44.7,1.4,143.9
15383,1780419812733,0,4,22.8,48.1,31.1,1.9,150.3
15384,1780419812767,0,4,22.4,49.1,27.2,3.8,147.4
15385,1780419812800,0,4,22.6,48.6,24.7,2.1,142.4
15386,1780419812833,0,4,22.3,51.4,48.2,2.4,156.1
15387,1780419812867,0,4,22.4,51.6,36.7,3.7,143.6
15388,1780419812900,0,4,22.3,49.7,53.8,3.4,156.5
15389,1780419812933,0,4,22.2,49.2,39.1,3.0,147.9
15390,1780419812967,0,4,22.6,53.6,44.5,3.2,143.6
15391,1780419813000,0,4,22.2,52.1,53.8,3.0,159.0
15392,1780419813033,0,4,22.2,50.0,43.0,1.6,159.3
15393,1780419813067,0,4,22.8,52.5,22.6,2.8,157.1
15394,1780419813100,0,4,22.3,50.3,45.9,1.9,155.6
15395,1780419813133,0,4,22.7,52.4,49.8,3.5,147.7
15396,1780419813167,0,4,22.4,50.6,58.1,1.0,148.2
15397,1780419813200,0,4,22.4,50.8,46.3,1.9,154.5
15398,1780419813233,0,4,22.5,51.0,34.1,1.8,141.4
15399,1780419813267,0,4,22.8,52.9,26.9,3.2,157.2
15400,1780419813300,0,4,22.7,51.7,41.9,1.0,142.7
15401,1780419813333,0,4,22.7,53.8,30.2,3.4,146.4
15402,1780419813367,0,4,22.7,52.6,51.5,1.8,145.2
15403,1780419813400,0,4,22.5,53.3,55.6,3.4,140.1
15404,1780419813433,0,4,22.6,48.8,21.4,3.3,146.8
15405,1780419813467,0,4,22.6,50.7,59.4,2.9,142.1
15406,1780419813500,0,4,22.4,53.6,22.5,2.0,149.1
15407,1780419813533,0,4,22.2,51.5,22.1,2.8,140.1
15408,1780419813567,0,4,22.6,52.1,51.5,3.7,154.6
15409,1780419813600,0,4,22.2,48.7,42.5,3.4,145.5
15410,1780419813633,0,4,22.2,53.7,20.6,2.0,157.9
15411,1780419813667,0,4,22.6,51.0,54.1,3.5,151.9
15412,1780419813700,0,4,22.3,53.5,31.9,2.6,146.1
15413,1780419813733,0,4,22.4,50.8,28.7,1.7,156.5
15414,1780419813767,0,4,22.4,49.9,39.3,1.2,155.3
15415,1780419813800,0,4,22.4,50.7,50.5,2.8,158.3
15416,1780419813833,0,4,22.5,49.8,36.2,3.0,155.4
15417,1780419813867,0,4,22.2,53.2,37.6,3.3,140.4
15418,1780419813900,0,4,22.6,51.1,42.3,3.0,149.8
15419,1780419813933,0,4,22.4,53.3,42.1,3.5,157.4
15420,1780419813967,0,4,22.5,50.3,20.8,1.3,153.3
15421,1780419814000,0,4,22.2,48.9,29.4,2.9,140.0
15422,1780419814033,0,4,22.4,49.6,30.0,1.8,151.6
15423,1780419814067,0,4,22.8,49.1,26.0,2.9,149.6
15424,1780419814100,0,4,22.3,49.8,47.2,3.3,154.8
15425,1780419814133,0,4,22.5,51.0,44.9,2.2,156.7
15426,1780419814167,0,4,22.5,53.4,22.8,1.4,158.8
15427,1780419814200,0,4,22.3,48.5,36.4,1.8,155.8
15428,1780419814233,0,4,22.4,48.0,24.0,3.3,140.6
15429,1780419814267,0,4,22.2,48.3,36.8,2.8,153.9
15430,1780419814300,0,4,22.5,51.0,25.0,3.5,141.5
15431,1780419814333,0,4,22.4,51.9,46.9,1.3,158.5
15432,1780419814367,0,4,22.3,52.9,32.1,2.8,146.1
15433,1780419814400,0,4,22.7,52.3,44.7,3.6,157.2
15434,1780419814433,0,4,22.6,50.0,49.5,2.5,144.4
15435,1780419814467,0,4,22.7,48.2,26.6,1.6,140.2
15436,1780419814500,0,4,22.2,50.0,34.7,2.9,142.9
15437,1780419814533,0,4,22.6,49.6,54.2,2.9,143.0
15438,1780419814567,0,4,22.5,53.7,52.4,2.2,156.6
15439,1780419814600,0,4,22.5,51.9,21.6,1.0,141.0
15440,1780419814633,0,4,22.4,52.2,29.6,1.8,148.1
15441,1780419814667,0,4,22.3,49.2,37.9,3.5,148.4
15442,1780419814700,0,4,22.7,49.3,32.4,1.8,158.8
15443,1780419814733,0,4,22.7,50.0,46.5,1.9,146.3
15444,1780419814767,0,4,22.5,53.6,46.4,2.7,152.2
15445,1780419814800,0,4,22.5,52.7,37.0,1.2,159.9
15446,1780419814833,0,4,22.5,52.3,20.4,3.2,151.8
15447,1780419814867,0,4,22.6,50.8,23.5,2.9,153.5
15448,1780419814900,0,4,22.5,51.1,41.8,1.2,148.8
15449,1780419814933,0,4,22.7,51.7,40.0,3.5,154.6
15450,1780419814967,0,4,22.3,53.4,55.2,1.2,153.8
15451,1780419815000,0,4,22.4,50.2,58.8,1.5,149.8
15452,1780419815033,0,4,22.6,50.0,57.3,3.2,143.2
15453,1780419815067,0,4,22.8,49.7,46.0,2.4,153.1
15454,1780419815100,0,4,22.3,51.8,22.9,2.5,144.8
15455,1780419815133,0,4,22.4,48.5,51.0,2.7,142.7
15456,1780419815167,0,4,22.2,51.9,59.2,3.1,153.0
15457,1780419815200,0,4,22.3,52.8,20.4,1.5,147.5
15458,1780419815233,0,4,22.3,48.3,44.8,1.6,146.5
15459,1780419815267,0,4,22.7,52.4,40.4,1.6,143.1
15460,1780419815300,0,4,22.4,53.7,58.9,2.8,155.8
15461,1780419815333,0,4,22.6,53.9,55.1,2.0,142.9
15462,1780419815367,0,4,22.4,49.2,21.4,2.9,155.6
15463,1780419815400,0,4,22.7,48.6,42.3,2.0,158.2
15464,1780419815433,0,4,22.3,49.9,56.6,1.4,158.4
15465,1780419815467,0,4,22.7,50.1,57.2,1.4,144.0
15466,1780419815500,0,4,22.3,51.8,35.8,3.9,157.8
15467,1780419815533,0,4,22.3,52.0,28.3,3.2,150.1
15468,1780419815567,0,4,22.3,49.9,33.8,2.8,155.1
15469,1780419815600,0,4,22.4,52.2,45.1,3.6,149.8
15470,1780419815633,0,4,22.6,48.3,49.6,1.7,141.0
15471,1780419815667,0,4,22.8,51.4,36.5,2.9,140.8
15472,1780419815700,0,4,22.7,50.9,28.8,2.8,148.7
15473,1780419815733,0,4,22.2,50.8,25.1,1.4,151.5
15474,1780419815767,0,4,22.3,49.3,56.3,3.5,158.4
15475,1780419815800,0,4,22.8,50.8,54.5,3.7,147.6
15476,1780419815833,0,4,22.5,50.4,45.9,2.1,144.5
15477,1780419815867,0,4,22.6,49.0,27.5,3.4,147.1
15478,1780419815900,0,4,22.2,51.9,23.6,3.5,141.6
15479,1780419815933,0,4,22.3,51.6,44.2,3.8,158.6
15480,1780419815967,0,4,22.5,53.8,49.5,1.6,144.6
15481,1780419816000,0,4,22.7,51.1,20.8,1.2,153.4
15482,1780419816033,0,4,22.7,50.2,38.1,2.6,151.5
15483,1780419816067,0,4,22.2,49.6,55.3,1.5,147.2
15484,1780419816100,0,4,22.7,49.8,38.3,3.4,152.2
15485,1780419816133,0,4,22.3,52.6,37.6,1.9,148.2
15486,1780419816167,0,4,22.3,51.5,51.0,3.7,147.2
15487,1780419816200,0,4,22.8,48.9,39.3,3.6,152.5
15488,1780419816233,0,4,22.3,49.0,29.9,1.5,141.0
15489,1780419816267,0,4,22.7,52.2,49.5,2.3,150.4
15490,1780419816300,0,4,22.5,50.0,27.4,1.3,159.4
15491,1780419816333,0,4,22.5,48.7,29.4,2.0,156.2
15492,1780419816367,0,4,22.7,48.3,31.5,3.6,142.4
15493,1780419816400,0,4,22.5,53.4,40.7,2.4,150.2
15494,1780419816433,0,4,22.4,49.3,56.5,3.9,146.1
15495,1780419816467,0,4,22.3,48.2,25.5,1.0,159.9
15496,1780419816500,0,4,22.7,53.9,41.1,3.2,156.6
15497,1780419816533,0,4,22.3,50.6,57.7,3.4,152.9
15498,1780419816567,0,4,22.7,53.0,52.9,2.9,156.5
15499,1780419816600,0,4,22.5,53.0,43.4,2.5,159.0
15500,1780419816633,0,4,22.4,53.1,30.3,3.1,149.7
15501,1780419816667,0,4,22.3,53.9,42.3,1.8,155.7
15502,1780419816700,0,4,22.6,50.1,37.2,2.5,144.3
15503,1780419816733,0,4,22.8,52.6,44.2,1.2,159.4
15504,1780419816767,0,4,22.2,51.8,34.1,1.5,150.5
15505,1780419816800,0,4,22.2,53.0,21.8,2.8,145.5
15506,1780419816833,0,4,22.4,51.3,20.2,3.6,158.8
15507,1780419816867,0,4,22.4,49.3,36.1,1.7,152.6
15508,1780419816900,0,4,22.5,52.6,21.8,2.8,159.3
15509,1780419816933,0,4,22.8,51.0,25.4,1.9,157.5
15510,1780419816967,0,4,22.6,51.5,20.2,2.2,146.5
15511,1780419817000,0,4,22.5,54.0,57.5,2.1,146.6
15512,1780419817033,0,4,22.6,49.9,27.5,1.3,141.1
15513,1780419817067,0,4,22.5,53.6,22.9,1.6,157.9
15514,1780419817100,0,4,22.7,52.1,54.4,1.1,151.6
15515,1780419817133,0,4,22.3,51.4,43.4,4.0,148.7
15516,1780419817167,0,4,22.3,49.8,33.1,3.1,152.6
15517,1780419817200,0,4,22.6,52.5,21.5,2.7,156.5
15518,1780419817233,0,4,22.8,52.6,43.0,2.3,152.4
15519,1780419817267,0,4,22.7,52.2,22.1,1.4,146.3
15520,1780419817300,0,4,22.2,48.6,45.0,1.6,140.8
15521,1780419817333,0,4,22.5,50.6,20.2,1.2,148.5
15522,1780419817367,0,4,22.7,51.2,51.1,1.4,140.1
15523,1780419817400,0,4,22.3,51.9,36.8,2.1,150.3
15524,1780419817433,0,4,22.6,51.0,23.1,3.0,146.3
15525,1780419817467,0,4,22.6,48.7,58.0,1.8,155.2
15526,1780419817500,0,4,22.8,50.3,47.4,3.6,149.1
15527,1780419817533,0,4,22.8,53.6,54.6,2.1,140.4
15528,1780419817567,0,4,22.2,52.4,44.3,3.9,151.9
15529,1780419817600,0,4,22.3,51.9,22.8,2.2,152.0
15530,1780419817633,0,4,22.2,49.1,35.8,1.1,154.5
15531,1780419817667,0,4,22.7,52.0,59.0,1.1,143.9
15532,1780419817700,0,4,22.6,51.6,23.6,3.5,149.9
15533,1780419817733,0,4,22.6,50.1,20.1,2.5,146.3
15534,1780419817767,0,4,22.6,51.5,39.1,2.3,155.5
15535,1780419817800,0,4,22.6,50.2,33.0,3.6,149.5
15536,1780419817833,0,4,22.7,48.4,58.9,2.5,149.8
15537,1780419817867,0,4,22.3,51.5,35.1,1.0,149.4
15538,1780419817900,0,4,22.7,49.3,26.7,2.0,148.7
15539,1780419817933,0,4,22.6,51.5,58.4,3.1,153.8
15540,1780419817967,0,4,22.6,52.1,41.4,2.5,147.3
15541,1780419818000,0,4,22.7,48.5,42.9,2.6,144.3
15542,1780419818033,0,4,22.5,51.9,21.0,2.7,156.2
15543,1780419818067,0,4,22.6,51.6,30.0,3.0,146.1
15544,1780419818100,0,4,22.6,49.6,34.4,2.5,141.7
15545,1780419818133,0,4,22.4,53.0,30.2,3.6,140.0
15546,1780419818167,0,4,22.4,48.2,49.1,3.8,150.6
15547,1780419818200,0,4,22.5,52.0,22.0,3.6,142.7
15548,1780419818233,0,4,22.6,49.8,27.5,2.9,148.0
15549,1780419818267,0,4,22.7,48.4,24.3,2.8,142.4
15550,1780419818300,0,4,22.4,48.8,54.7,3.7,154.2
15551,1780419818333,0,4,22.5,49.3,23.4,2.3,157.8
15552,1780419818367,0,4,22.5,48.3,59.3,2.1,146.6
15553,1780419818400,0,4,22.7,52.2,41.9,3.3,152.6
15554,1780419818433,0,4,22.5,50.1,25.0,3.9,146.3
15555,1780419818467,0,4,22.6,53.8,52.2,1.3,153.3
15556,1780419818500,0,4,22.2,49.0,42.4,3.9,159.2
15557,1780419818533,0,4,22.7,53.5,21.9,3.9,150.6
15558,1780419818567,0,4,22.5,48.5,43.6,1.9,157.3
15559,1780419818600,0,4,22.5,51.9,47.1,2.9,155.2
15560,1780419818633,0,4,22.7,52.0,49.2,3.6,154.3
15561,1780419818667,0,4,22.7,51.6,30.8,2.8,144.8
15562,1780419818700,0,4,22.7,52.2,23.3,3.9,147.5
15563,1780419818733,0,4,22.6,51.4,51.1,1.2,154.3
15564,1780419818767,0,4,22.8,53.4,60.0,2.7,153.5
15565,1780419818800,0,4,22.6,49.0,56.0,3.4,157.5
15566,1780419818833,0,4,22.5,51.3,52.5,3.8,148.1
15567,1780419818867,0,4,22.7,53.8,26.1,1.5,156.5
15568,1780419818900,0,4,22.2,53.7,34.1,1.4,144.9
15569,1780419818933,0,4,22.5,49.2,23.9,2.1,142.8
15570,1780419818967,0,4,22.5,53.9,28.6,1.8,140.6
15571,1780419819000,0,4,22.5,51.0,38.1,3.8,155.7
15572,1780419819033,0,4,22.5,53.8,35.8,2.1,145.1
15573,1780419819067,0,4,22.3,52.1,35.1,2.7,146.2
15574,1780419819100,0,4,22.7,52.0,25.3,2.7,154.5
15575,1780419819133,0,4,22.5,52.6,51.5,3.4,157.6
15576,1780419819167,0,4,22.4,50.7,59.1,3.4,140.5
15577,1780419819200,0,4,22.6,48.9,50.1,1.1,156.1
15578,1780419819233,0,4,22.3,51.7,32.2,3.3,154.0
15579,1780419819267,0,4,22.5,52.6,30.9,2.2,145.4
15580,1780419819300,0,4,22.4,52.9,52.5,1.2,156.1
15581,1780419819333,0,4,22.7,48.3,25.8,1.3,150.1
15582,1780419819367,0,4,22.4,53.7,51.8,2.3,146.3
15583,1780419819400,0,4,22.3,49.1,55.7,1.2,157.1
15584,1780419819433,0,4,22.3,50.8,56.0,2.6,145.9
15585,1780419819467,0,4,22.5,52.2,38.2,2.6,144.3
15586,1780419819500,0,4,22.6,53.3,24.7,2.7,156.4
15587,1780419819533,0,4,22.8,53.9,51.1,2.1,158.8
15588,1780419819567,0,4,22.8,52.5,29.6,2.0,149.5
15589,1780419819600,0,4,22.4,51.4,28.8,1.2,159.5
15590,1780419819633,0,4,22.7,51.3,57.3,3.8,156.2
15591,1780419819667,0,4,22.6,50.0,39.7,3.7,142.2
15592,1780419819700,0,4,22.4,49.4,23.4,1.2,155.7
15593,1780419819733,0,4,22.6,50.6,59.3,1.6,159.1
15594,1780419819767,0,4,22.7,48.4,51.1,1.6,142.6
15595,1780419819800,0,4,22.7,51.9,44.7,2.8,147.6
15596,1780419819833,0,4,22.5,52.2,50.7,2.6,158.0
15597,1780419819867,0,4,22.4,52.2,47.8,2.7,154.3
15598,1780419819900,0,4,22.3,51.9,47.8,2.0,145.3
15599,1780419819933,0,4,22.4,52.1,32.2,1.8,154.4
15600,1780419819967,0,4,22.6,49.0,31.4,3.1,157.6
15601,1780419820000,0,4,22.2,52.8,26.5,1.1,146.9
15602,1780419820033,0,4,22.7,50.8,20.2,2.9,140.1
15603,1780419820067,0,4,22.5,50.1,43.9,1.0,154.7
15604,1780419820100,0,4,22.5,49.8,56.9,2.5,156.5
15605,1780419820133,0,4,22.7,48.1,41.0,1.5,158.1
15606,1780419820167,0,4,22.8,48.5,43.3,2.9,141.0
15607,1780419820200,0,4,22.2,53.1,32.8,3.2,159.5
15608,1780419820233,0,4,22.4,51.7,39.3,2.9,141.2
15609,1780419820267,0,4,22.5,50.6,25.9,2.7,158.8
15610,1780419820300,0,4,22.5,53.4,35.4,1.5,145.5
15611,1780419820333,0,4,22.6,51.9,42.8,1.4,159.4
15612,1780419820367,0,4,22.7,50.6,35.9,1.8,141.3
15613,1780419820400,0,4,22.4,53.8,37.2,2.8,141.2
15614,1780419820433,0,4,22.8,49.3,52.2,2.7,145.7
15615,1780419820467,0,4,22.5,53.6,26.7,1.6,148.9
15616,1780419820500,0,4,22.3,49.9,46.5,3.5,146.3
15617,1780419820533,0,4,22.6,50.6,39.4,2.2,149.2
15618,1780419820567,0,4,22.7,52.9,58.7,2.4,147.4
15619,1780419820600,0,4,22.6,53.4,43.1,2.5,140.3
15620,1780419820633,0,4,22.7,48.9,31.9,1.1,159.7
15621,1780419820667,0,4,22.4,49.9,41.0,2.1,154.7
15622,1780419820700,0,4,22.3,50.4,20.5,1.8,153.8
15623,1780419820733,0,4,22.6,52.9,25.0,3.0,156.7
15624,1780419820767,0,4,22.4,49.5,38.0,2.8,156.2
15625,1780419820800,0,4,22.3,53.3,48.9,1.6,146.6
15626,1780419820833,0,4,22.4,48.1,45.9,1.6,140.7
15627,1780419820867,0,4,22.7,48.5,48.7,3.7,146.7
15628,1780419820900,0,4,22.6,50.4,52.5,1.6,141.3
15629,1780419820933,0,4,22.4,48.8,38.7,3.2,159.9
15630,1780419820967,0,4,22.2,53.4,35.2,2.2,150.8
15631,1780419821000,0,4,22.2,48.8,49.1,3.6,152.4
15632,1780419821033,0,4,22.5,53.2,20.4,1.3,141.0
15633,1780419821067,0,4,22.5,49.3,54.2,1.7,155.0
15634,1780419821100,0,4,22.2,51.9,44.3,3.0,141.6
15635,1780419821133,0,4,22.3,49.8,29.1,2.5,142.0
15636,1780419821167,0,4,22.6,50.6,20.5,2.7,159.8
15637,1780419821200,0,4,22.5,53.2,39.0,4.0,148.6
15638,1780419821233,0,4,22.6,49.2,25.8,1.5,143.7
15639,1780419821267,0,4,22.4,50.8,25.5,2.2,154.5
15640,1780419821300,0,4,22.4,53.1,44.9,1.2,159.7
15641,1780419821333,0,4,22.3,48.9,23.0,3.5,148.8
15642,1780419821367,0,4,22.4,50.6,46.2,3.5,143.0
15643,1780419821400,0,4,22.6,52.0,49.3,1.4,144.6
15644,1780419821433,0,4,22.6,51.7,36.9,1.8,145.7
15645,1780419821467,0,4,22.2,51.1,25.2,3.0,152.3
15646,1780419821500,0,4,22.5,50.8,50.6,1.7,146.6
15647,1780419821533,0,4,22.8,48.7,47.3,2.6,144.1
15648,1780419821567,0,4,22.4,50.7,39.8,2.5,143.3
15649,1780419821600,0,4,22.8,51.2,48.7,1.4,146.6
15650,1780419821633,0,4,22.6,48.3,37.5,1.0,144.0
15651,1780419821667,0,4,22.3,48.7,26.1,3.0,157.5
15652,1780419821700,0,4,22.5,50.4,34.0,3.9,148.6
15653,1780419821733,0,4,22.7,52.7,47.1,4.0,152.6
15654,1780419821767,0,4,22.7,52.8,51.4,3.0,148.6
15655,1780419821800,0,4,22.8,48.8,35.8,1.0,140.2
15656,1780419821833,0,4,22.6,53.7,50.5,2.6,147.7
15657,1780419821867,0,4,22.5,48.8,58.1,3.6,153.4
15658,1780419821900,0,4,22.4,52.7,47.7,1.1,152.1
15659,1780419821933,0,4,22.6,51.2,31.8,1.1,149.7
15660,1780419821967,0,4,22.3,50.3,54.2,1.3,147.0
15661,1780419822000,0,4,22.8,49.2,20.7,3.3,147.6
15662,1780419822033,0,4,22.3,51.7,31.5,1.2,147.3
15663,1780419822067,0,4,22.4,51.7,39.7,3.4,149.0
15664,1780419822100,0,4,22.6,52.2,48.1,2.9,156.0
15665,1780419822133,0,4,22.4,51.8,55.9,1.7,150.3
15666,1780419822167,0,4,22.4,48.8,23.0,1.7,149.8
15667,1780419822200,0,4,22.3,50.7,25.1,1.2,151.3
15668,1780419822233,0,4,22.4,52.9,53.0,1.8,154.6
15669,1780419822267,0,4,22.5,53.5,23.4,2.1,152.3
15670,1780419822300,0,4,22.7,48.6,23.1,1.3,147.3
15671,1780419822333,0,4,22.4,51.1,30.7,2.5,158.4
15672,1780419822367,0,4,22.5,48.6,38.0,2.2,152.1
15673,1780419822400,0,4,22.6,51.3,56.9,3.7,157.7
15674,1780419822433,0,4,22.6,48.3,54.5,2.7,149.8
15675,1780419822467,0,4,22.3,52.8,56.3,3.0,140.8
15676,1780419822500,0,4,22.7,48.2,59.4,1.5,147.6
15677,1780419822533,0,4,22.8,52.2,39.0,1.6,149.7
15678,1780419822567,0,4,22.7,48.4,43.9,1.6,150.7
15679,1780419822600,0,4,22.2,52.8,38.9,3.9,158.8
15680,1780419822633,0,4,22.7,50.9,53.2,1.3,142.6
15681,1780419822667,0,4,22.2,48.5,29.0,1.6,150.5
15682,1780419822700,0,4,22.6,52.9,36.3,2.4,148.5
15683,1780419822733,0,4,22.4,51.1,46.8,4.0,143.1
15684,1780419822767,0,4,22.7,52.4,52.3,2.5,141.3
15685,1780419822800,0,4,22.4,54.0,42.6,2.4,142.7
15686,1780419822833,0,4,22.2,53.5,52.5,3.7,150.4
15687,1780419822867,0,4,22.3,52.2,52.7,1.4,141.6
15688,1780419822900,0,4,22.3,51.6,27.7,2.0,158.7
15689,1780419822933,0,4,22.8,52.0,42.2,1.5,154.1
15690,1780419822967,0,4,22.3,48.6,22.0,3.9,159.7
15691,1780419823000,0,4,22.3,50.6,29.9,1.5,144.5
15692,1780419823033,0,4,22.5,50.9,22.4,1.3,159.6
15693,1780419823067,0,4,22.7,52.0,24.6,2.7,143.5
15694,1780419823100,0,4,22.8,51.3,28.2,3.0,155.5
15695,1780419823133,0,4,22.4,51.9,22.1,2.7,154.7
15696,1780419823167,0,4,22.6,50.7,46.1,2.0,142.6
15697,1780419823200,0,4,22.7,48.4,30.0,3.8,146.7
15698,1780419823233,0,4,22.4,48.6,42.4,1.9,148.7
15699,1780419823267,0,4,22.4,53.5,34.9,2.1,157.8
15700,1780419823300,0,4,22.5,53.0,48.7,1.4,140.1
15701,1780419823333,0,4,22.7,53.9,29.5,3.9,144.7
15702,1780419823367,0,4,22.5,48.2,38.0,1.5,152.6
15703,1780419823400,0,4,22.3,52.1,26.7,1.3,156.6
15704,1780419823433,0,4,22.8,53.4,47.4,2.8,144.1
15705,1780419823467,0,4,22.5,50.4,58.0,2.4,142.2
15706,1780419823500,0,4,22.7,52.2,23.3,1.4,145.9
15707,1780419823533,0,4,22.7,52.3,20.4,3.5,150.6
15708,1780419823567,0,4,22.5,48.6,47.6,3.2,152.7
15709,1780419823600,0,4,22.6,50.2,59.0,3.5,157.7
15710,1780419823633,0,4,22.3,49.9,55.0,1.5,159.4
15711,1780419823667,0,4,22.4,50.2,45.6,1.4,146.9
15712,1780419823700,0,4,22.8,50.4,21.8,1.6,154.3
15713,1780419823733,0,4,22.4,48.9,59.5,2.7,156.2
15714,1780419823767,0,4,22.3,51.4,30.6,3.6,156.8
15715,1780419823800,0,4,22.5,51.1,36.0,4.0,152.5
15716,1780419823833,0,4,22.5,52.3,21.9,1.3,150.9
15717,1780419823867,0,4,22.6,50.1,23.8,2.0,158.9
15718,1780419823900,0,4,22.8,51.2,47.1,3.4,146.4
15719,1780419823933,0,4,22.8,52.0,31.7,3.6,156.5
15720,1780419823967,0,4,22.6,53.6,42.7,2.5,146.1
15721,1780419824000,0,4,22.6,50.5,51.4,3.0,148.7
15722,1780419824033,0,4,22.4,48.8,35.0,2.0,142.6
15723,1780419824067,0,4,22.3,49.4,26.7,2.2,154.6
15724,1780419824100,0,4,22.3,48.7,44.4,1.0,140.3
15725,1780419824133,0,4,22.3,50.1,52.7,2.4,156.9
15726,1780419824167,0,4,22.4,49.2,42.7,1.7,148.2
15727,1780419824200,0,4,22.3,48.3,55.2,2.4,152.4
15728,1780419824233,0,4,22.3,48.1,31.1,1.1,158.7
15729,1780419824267,0,4,22.6,53.0,58.8,3.0,152.5
15730,1780419824300,0,4,22.8,53.4,26.4,1.6,143.8
15731,1780419824333,0,4,22.6,52.7,25.2,3.9,154.5
15732,1780419824367,0,4,22.5,51.9,52.3,1.3,153.5
15733,1780419824400,0,4,22.7,52.1,27.7,1.9,142.2
15734,1780419824433,0,4,22.2,49.6,35.9,3.9,158.4
15735,1780419824467,0,4,22.6,48.9,30.3,3.0,156.1
15736,1780419824500,0,4,22.2,51.2,41.3,3.2,142.5
15737,1780419824533,0,4,22.5,52.0,49.2,3.7,141.7
15738,1780419824567,0,4,22.7,48.8,23.5,3.7,155.0
15739,1780419824600,0,4,22.2,53.9,39.2,1.8,149.4
15740,1780419824633,0,4,22.6,50.9,42.1,2.6,150.6
15741,1780419824667,0,4,22.4,51.2,48.0,3.0,142.6
15742,1780419824700,0,4,22.5,53.9,25.7,2.9,145.8
15743,1780419824733,0,4,22.4,52.1,20.9,3.2,140.7
15744,1780419824767,0,4,22.5,51.3,50.6,2.9,154.5
15745,1780419824800,0,4,22.7,53.1,34.3,2.9,159.0
15746,1780419824833,0,4,22.8,49.7,39.6,1.1,155.6
15747,1780419824867,0,4,22.3,52.1,39.8,2.2,156.6
15748,1780419824900,0,4,22.7,51.0,21.2,3.9,155.3
15749,1780419824933,0,4,22.6,52.7,35.6,2.2,152.9
15750,1780419824967,0,4,22.6,52.3,24.6,3.1,141.3
15751,1780419825000,0,4,22.3,51.6,34.0,3.7,146.8
15752,1780419825033,0,4,22.6,48.6,23.0,2.8,155.7
15753,1780419825067,0,4,22.6,50.7,20.2,3.0,146.3
15754,1780419825100,0,4,22.5,52.9,23.2,1.6,142.7
15755,1780419825133,0,4,22.4,49.2,26.7,1.7,154.0
15756,1780419825167,0,4,22.6,48.8,24.5,1.4,159.0
15757,1780419825200,0,4,22.7,48.5,34.0,2.5,140.3
15758,1780419825233,0,4,22.6,48.6,59.3,3.1,142.2
15759,1780419825267,0,4,22.3,51.3,39.4,3.9,157.7
15760,1780419825300,0,4,22.5,49.5,45.0,3.0,143.6
15761,1780419825333,0,4,22.3,51.9,48.0,3.5,147.7
15762,1780419825367,0,4,22.4,49.3,27.9,2.4,151.0
15763,1780419825400,0,4,22.5,49.2,22.6,3.7,143.0
15764,1780419825433,0,4,22.3,51.4,32.8,1.2,153.6
15765,1780419825467,0,4,22.6,52.6,56.3,1.2,157.4
15766,1780419825500,0,4,22.8,53.6,33.3,2.8,152.2
15767,1780419825533,0,4,22.6,51.1,36.1,2.2,147.2
15768,1780419825567,0,4,22.6,53.8,43.0,2.1,158.2
15769,1780419825600,0,4,22.2,52.8,41.8,1.2,147.7
15770,1780419825633,0,4,22.5,49.9,48.9,3.6,157.5
15771,1780419825667,0,4,22.7,48.1,45.2,2.9,155.9
15772,1780419825700,0,4,22.2,51.2,42.4,1.8,157.4
15773,1780419825733,0,4,22.5,49.9,56.8,2.8,143.1
15774,1780419825767,0,4,22.7,48.1,42.2,1.4,154.4
15775,1780419825800,0,4,22.4,49.8,36.5,2.8,144.6
15776,1780419825833,0,4,22.5,53.8,21.0,2.9,143.2
15777,1780419825867,0,4,22.6,52.9,47.0,3.2,141.6
15778,1780419825900,0,4,22.5,53.0,58.4,4.0,142.4
15779,1780419825933,0,4,22.4,50.2,29.9,3.3,154.1
15780,1780419825967,0,4,22.6,48.2,30.0,2.2,141.5
15781,1780419826000,0,4,22.3,51.0,31.3,3.4,152.7
15782,1780419826033,0,4,22.5,53.3,51.0,3.4,158.8
15783,1780419826067,0,4,22.4,53.5,47.4,3.0,145.7
15784,1780419826100,0,4,22.4,53.5,34.0,3.4,144.9
15785,1780419826133,0,4,22.5,52.2,52.7,3.0,154.8
15786,1780419826167,0,4,22.6,53.0,50.0,1.0,145.5
15787,1780419826200,0,4,22.3,53.6,35.1,2.7,155.6
15788,1780419826233,0,4,22.4,48.7,46.5,2.5,144.7
15789,1780419826267,0,4,22.4,49.3,59.6,1.3,154.0
15790,1780419826300,0,4,22.5,49.3,20.6,1.2,157.8
15791,1780419826333,0,4,22.4,49.7,27.7,2.2,159.5
15792,1780419826367,0,4,22.3,54.0,26.1,2.4,141.7
15793,1780419826400,0,4,22.6,50.0,45.2,2.9,148.7
15794,1780419826433,0,4,22.3,53.3,54.0,2.4,145.5
15795,1780419826467,0,4,22.7,50.9,25.7,3.9,151.9
15796,1780419826500,0,4,22.7,49.6,24.1,1.2,141.4
15797,1780419826533,0,4,22.6,50.9,31.8,2.2,156.2
15798,1780419826567,0,4,22.5,48.2,27.8,3.9,159.1
15799,1780419826600,0,4,22.3,53.0,59.3,1.4,149.7
15800,1780419826633,0,4,22.4,52.2,34.9,2.8,148.7
15801,1780419826667,0,4,22.6,52.7,45.8,1.7,156.9
15802,1780419826700,0,4,22.5,51.9,43.7,3.3,143.0
15803,1780419826733,0,4,22.7,52.5,53.9,1.2,150.9
15804,1780419826767,0,4,22.7,52.0,37.1,2.2,159.1
15805,1780419826800,0,4,22.3,49.3,53.6,1.3,149.3
15806,1780419826833,0,4,22.3,52.5,41.7,1.3,146.9
15807,1780419826867,0,4,22.5,50.0,44.3,1.4,146.4
15808,1780419826900,0,4,22.7,52.3,28.9,3.9,147.0
15809,1780419826933,0,4,22.4,49.9,59.2,3.9,157.8
15810,1780419826967,0,4,22.4,49.9,53.5,1.0,140.3
15811,1780419827000,0,4,22.6,48.8,29.5,1.4,150.2
15812,1780419827033,0,4,22.5,53.6,53.8,3.9,152.9
15813,1780419827067,0,4,22.7,48.7,56.2,3.6,150.1
15814,1780419827100,0,4,22.7,52.6,28.3,1.6,148.3
15815,1780419827133,0,4,22.3,48.8,22.9,2.4,142.6
15816,1780419827167,0,4,22.3,49.8,50.3,2.5,144.8
15817,1780419827200,0,4,22.7,51.6,45.0,3.8,152.4
15818,1780419827233,0,4,22.4,52.6,38.4,2.9,140.5
15819,1780419827267,0,4,22.6,51.9,22.4,3.7,153.2
15820,1780419827300,0,4,22.4,51.8,21.5,1.6,159.0
15821,1780419827333,0,4,22.5,51.2,27.6,3.1,142.0
15822,1780419827367,0,4,22.5,48.1,28.8,1.7,155.6
15823,1780419827400,0,4,22.4,52.3,28.2,2.2,148.3
15824,1780419827433,0,4,22.3,53.3,35.8,2.7,141.4
15825,1780419827467,0,4,22.3,51.8,43.9,3.4,141.1
15826,1780419827500,0,4,22.8,50.8,29.6,2.5,140.4
15827,1780419827533,0,4,22.7,52.2,56.9,3.1,145.5
15828,1780419827567,0,4,22.5,53.3,20.0,2.3,152.7
15829,1780419827600,0,4,22.3,50.7,56.7,3.9,148.6
15830,1780419827633,0,4,22.5,52.0,30.6,2.9,156.7
15831,1780419827667,0,4,22.5,51.8,56.9,3.1,154.3
15832,1780419827700,0,4,22.3,50.9,26.8,1.6,151.6
15833,1780419827733,0,4,22.8,50.4,51.0,3.3,157.2
15834,1780419827767,0,4,22.5,48.6,43.7,3.7,148.9
15835,1780419827800,0,4,22.3,49.4,33.9,1.5,142.8
15836,1780419827833,0,4,22.5,53.2,32.6,1.1,155.8
15837,1780419827867,0,4,22.5,49.5,24.4,2.4,150.5
15838,1780419827900,0,4,22.3,52.4,58.1,1.5,153.4
15839,1780419827933,0,4,22.6,50.9,46.5,3.4,154.7
15840,1780419827967,0,4,22.4,50.9,38.8,2.8,156.6
15841,1780419828000,0,4,22.5,51.4,49.7,3.0,142.3
15842,1780419828033,0,4,22.5,50.5,36.9,2.1,141.5
15843,1780419828067,0,4,22.4,48.5,53.4,2.3,154.7
15844,1780419828100,0,4,22.8,53.4,51.1,1.9,153.5
15845,1780419828133,0,4,22.3,48.5,58.2,3.9,154.7
15846,1780419828167,0,4,22.4,49.8,53.9,2.3,154.3
15847,1780419828200,0,4,22.3,49.8,39.2,1.1,159.2
15848,1780419828233,0,4,22.7,50.3,23.2,3.7,158.4
15849,1780419828267,0,4,22.8,52.0,25.7,3.9,146.1
15850,1780419828300,0,4,22.5,52.3,20.3,2.0,144.1
15851,1780419828333,0,4,22.6,48.4,26.1,1.5,147.1
15852,1780419828367,0,4,22.7,50.2,41.5,2.9,147.9
15853,1780419828400,0,4,22.5,50.1,21.0,1.6,152.0
15854,1780419828433,0,4,22.6,51.0,32.1,3.9,154.0
15855,1780419828467,0,4,22.4,48.7,26.1,1.9,153.1
15856,1780419828500,0,4,22.7,52.9,28.7,1.2,145.5
15857,1780419828533,0,4,22.5,50.4,21.2,2.2,156.0
15858,1780419828567,0,4,22.7,53.0,22.1,3.9,151.1
15859,1780419828600,0,4,22.5,50.9,57.0,3.3,140.8
15860,1780419828633,0,4,22.4,48.3,38.6,2.1,144.7
15861,1780419828667,0,4,22.3,53.7,52.6,1.3,154.9
15862,1780419828700,0,4,22.5,52.7,37.0,1.4,157.4
15863,1780419828733,0,4,22.8,52.3,26.0,3.3,159.2
15864,1780419828767,0,4,22.7,49.6,49.5,3.0,150.0
15865,1780419828800,0,4,22.6,53.9,43.5,2.1,149.2
15866,1780419828833,0,4,22.6,53.3,25.5,2.4,146.6
15867,1780419828867,0,4,22.3,51.5,29.2,1.2,144.4
15868,1780419828900,0,4,22.4,48.9,37.6,3.9,145.1
15869,1780419828933,0,4,22.2,52.6,44.2,1.3,144.8
15870,1780419828967,0,4,22.7,48.8,43.6,2.5,146.6
15871,1780419829000,0,4,22.4,53.7,35.0,1.4,143.7
15872,1780419829033,0,4,22.3,52.8,45.9,1.6,142.2
15873,1780419829067,0,4,22.6,52.4,40.6,3.0,158.9
15874,1780419829100,0,4,22.4,53.9,56.4,3.3,156.3
15875,1780419829133,0,4,22.6,52.3,45.0,1.4,156.2
15876,1780419829167,0,4,22.5,50.4,46.6,3.5,150.8
15877,1780419829200,0,4,22.5,51.3,34.5,1.3,140.4
15878,1780419829233,0,4,22.6,51.6,45.8,1.6,153.4
15879,1780419829267,0,4,22.7,48.6,23.5,2.3,153.3
15880,1780419829300,0,4,22.5,48.8,53.1,3.8,140.9
15881,1780419829333,0,4,22.2,52.4,29.6,2.1,149.8
15882,1780419829367,0,4,22.3,50.2,53.0,2.8,152.4
15883,1780419829400,0,4,22.4,51.4,36.0,2.3,144.6
15884,1780419829433,0,4,22.6,52.4,26.8,3.5,151.0
15885,1780419829467,0,4,22.4,50.3,35.2,3.2,158.4
15886,1780419829500,0,4,22.6,48.9,59.1,1.6,145.7
15887,1780419829533,0,4,22.7,50.1,21.1,2.1,153.6
15888,1780419829567,0,4,22.6,53.0,47.3,2.7,153.9
15889,1780419829600,0,4,22.7,51.5,44.0,1.7,159.3
15890,1780419829633,0,4,22.6,50.2,29.1,2.8,156.1
15891,1780419829667,0,4,22.7,49.6,44.0,1.9,144.7
15892,1780419829700,0,4,22.7,51.5,35.2,3.2,141.7
15893,1780419829733,0,4,22.5,50.2,49.6,1.1,148.4
15894,1780419829767,0,4,22.8,48.9,38.7,3.5,150.4
15895,1780419829800,0,4,22.3,51.8,21.9,1.7,140.0
15896,1780419829833,0,4,22.5,53.0,52.4,3.2,151.4
15897,1780419829867,0,4,22.6,49.3,47.2,3.1,141.3
15898,1780419829900,0,4,22.6,53.6,58.4,2.0,154.1
15899,1780419829933,0,4,22.4,51.3,35.4,3.8,150.0
15900,1780419829967,0,4,22.5,48.6,39.9,3.2,157.6
15901,1780419830000,0,4,22.7,48.5,47.4,2.7,148.5
15902,1780419830033,0,4,22.4,49.8,20.5,1.4,153.1
15903,1780419830067,0,4,22.4,48.4,20.5,3.5,150.1
15904,1780419830100,0,4,22.4,48.7,32.5,2.5,145.9
15905,1780419830133,0,4,22.4,53.7,26.3,1.8,156.2
15906,1780419830167,0,4,22.6,53.8,59.8,3.3,151.1
15907,1780419830200,0,4,22.6,53.0,23.4,3.1,149.5
15908,1780419830233,0,4,22.5,53.2,59.5,2.5,146.2
15909,1780419830267,0,4,22.6,49.5,57.8,3.3,147.8
15910,1780419830300,0,4,22.7,49.2,38.4,3.2,145.7
15911,1780419830333,0,4,22.2,53.4,38.0,1.0,141.8
15912,1780419830367,0,4,22.3,50.6,42.5,1.1,151.8
15913,1780419830400,0,4,22.8,51.6,46.9,1.9,156.9
15914,1780419830433,0,4,22.3,48.6,53.7,1.5,158.7
15915,1780419830467,0,4,22.3,49.1,41.4,1.4,155.6
15916,1780419830500,0,4,22.6,48.5,49.7,1.9,149.0
15917,1780419830533,0,4,22.6,49.7,56.3,1.3,145.0
15918,1780419830567,0,4,22.5,50.1,24.2,2.8,147.6
15919,1780419830600,0,4,22.4,51.9,48.0,2.6,145.7
15920,1780419830633,0,4,22.3,51.4,57.8,3.7,141.0
15921,1780419830667,0,4,22.3,53.5,41.1,3.8,149.6
15922,1780419830700,0,4,22.4,52.7,44.9,1.1,148.4
15923,1780419830733,0,4,22.2,53.3,53.9,3.8,141.2
15924,1780419830767,0,4,22.3,50.0,51.7,3.1,152.4
15925,1780419830800,0,4,22.4,49.2,29.0,1.3,140.5
15926,1780419830833,0,4,22.5,50.2,41.7,2.9,156.1
15927,1780419830867,0,4,22.7,52.3,32.6,3.6,141.8
15928,1780419830900,0,4,22.7,49.9,46.8,2.4,158.9
15929,1780419830933,0,4,22.3,48.8,53.1,1.5,153.4
15930,1780419830967,0,4,22.2,51.0,57.9,2.6,158.3
15931,1780419831000,0,4,22.8,49.4,34.9,1.9,150.4
15932,1780419831033,0,4,22.4,53.1,51.6,3.8,141.9
15933,1780419831067,0,4,22.3,53.3,58.3,3.7,140.9
15934,1780419831100,0,4,22.6,51.6,50.5,3.8,151.6
15935,1780419831133,0,4,22.4,52.3,28.9,3.2,148.5
15936,1780419831167,0,4,22.7,53.3,49.1,1.9,148.1
15937,1780419831200,0,4,22.2,52.0,58.3,2.7,153.8
15938,1780419831233,0,4,22.4,48.2,55.5,2.0,156.6
15939,1780419831267,0,4,22.3,52.9,27.1,1.7,157.4
15940,1780419831300,0,4,22.4,51.2,39.3,1.4,149.4
15941,1780419831333,0,4,22.5,50.9,29.8,2.2,155.7
15942,1780419831367,0,4,22.6,52.0,50.3,1.6,143.2
15943,1780419831400,0,4,22.7,51.4,35.7,2.5,140.6
15944,1780419831433,0,4,22.8,50.8,28.8,3.8,156.0
15945,1780419831467,0,4,22.6,53.5,23.4,2.9,140.2
15946,1780419831500,0,4,22.3,51.5,41.4,3.2,144.4
15947,1780419831533,0,4,22.3,52.3,49.2,1.7,158.7
15948,1780419831567,0,4,22.5,50.1,25.7,1.1,152.5
15949,1780419831600,0,4,22.6,50.3,29.2,1.8,147.9
15950,1780419831633,0,4,22.5,49.5,36.1,2.5,141.5
15951,1780419831667,0,4,22.2,53.3,32.9,2.5,157.8
15952,1780419831700,0,4,22.3,52.3,33.8,3.8,156.0
15953,1780419831733,0,4,22.3,50.6,42.9,1.0,142.8
15954,1780419831767,0,4,22.4,50.1,54.3,3.3,147.3
15955,1780419831800,0,4,22.5,49.8,35.8,1.3,153.6
15956,1780419831833,0,4,22.3,53.3,40.7,4.0,159.5
15957,1780419831867,0,4,22.5,53.3,39.8,3.4,142.1
15958,1780419831900,0,4,22.7,48.3,37.0,3.9,149.7
15959,1780419831933,0,4,22.4,51.2,27.4,1.5,146.7
15960,1780419831967,0,4,22.6,51.9,28.5,3.6,158.0
15961,1780419832000,0,4,22.5,50.5,46.0,3.3,146.1
15962,1780419832033,0,4,22.5,50.4,57.1,1.8,157.9
15963,1780419832067,0,4,22.5,50.6,55.9,3.8,146.9
15964,1780419832100,0,4,22.7,50.4,46.7,3.8,145.4
15965,1780419832133,0,4,22.8,51.1,59.3,4.0,153.2
15966,1780419832167,0,4,22.6,49.4,56.2,1.3,148.7
15967,1780419832200,0,4,22.7,53.3,39.1,2.2,157.8
15968,1780419832233,0,4,22.6,49.3,58.6,2.0,141.5
15969,1780419832267,0,4,22.6,53.3,35.3,3.9,144.9
15970,1780419832300,0,4,22.8,49.1,58.7,2.8,149.5
15971,1780419832333,0,4,22.4,49.2,28.0,1.9,151.9
15972,1780419832367,0,4,22.5,50.5,46.8,2.8,154.3
15973,1780419832400,0,4,22.6,49.4,57.9,1.4,152.0
15974,1780419832433,0,4,22.5,51.8,36.7,1.3,140.5
15975,1780419832467,0,4,22.3,53.5,47.4,1.6,140.7
15976,1780419832500,0,4,22.5,53.7,23.2,1.5,142.6
15977,1780419832533,0,4,22.5,48.9,56.1,1.5,158.2
15978,1780419832567,0,4,22.3,48.5,27.2,2.4,144.0
15979,1780419832600,0,4,22.5,51.0,40.0,1.7,153.8
15980,1780419832633,0,4,22.5,48.9,36.8,2.5,140.9
15981,1780419832667,0,4,22.3,48.4,26.5,2.9,150.1
15982,1780419832700,0,4,22.2,50.2,57.4,3.8,144.0
15983,1780419832733,0,4,22.5,53.5,41.3,1.8,142.7
15984,1780419832767,0,4,22.8,49.6,49.5,3.5,154.2
15985,1780419832800,0,4,22.5,50.9,52.6,2.7,154.8
15986,1780419832833,0,4,22.2,51.0,33.6,2.3,145.9
15987,1780419832867,0,4,22.7,51.5,24.1,1.5,142.9
15988,1780419832900,0,4,22.5,52.2,55.1,2.3,148.5
15989,1780419832933,0,4,22.5,53.5,30.4,3.6,143.3
15990,1780419832967,0,4,22.8,48.9,58.7,3.7,145.6
15991,1780419833000,0,4,22.7,52.7,39.9,2.7,145.2
15992,1780419833033,0,4,22.7,53.9,53.9,3.3,149.2
15993,1780419833067,0,4,22.6,48.3,57.6,1.1,151.4
15994,1780419833100,0,4,22.6,48.3,45.0,1.4,160.0
15995,1780419833133,0,4,22.6,52.0,48.7,2.7,155.5
15996,1780419833167,0,4,22.8,52.8,56.7,3.2,148.1
15997,1780419833200,0,4,22.6,50.6,24.3,3.3,151.6
15998,1780419833233,0,4,22.7,52.6,50.4,1.6,151.7
15999,1780419833267,0,4,22.2,52.4,45.3,1.9,155.9
16000,1780419833300,0,4,22.3,51.5,53.3,2.2,145.0
16001,1780419833333,0,4,22.7,51.7,39.1,2.7,141.3
16002,1780419833367,0,4,22.7,49.2,39.1,1.3,152.1
16003,1780419833400,0,4,22.6,51.4,56.1,2.8,145.7
16004,1780419833433,0,4,22.5,49.3,40.1,2.6,153.3
16005,1780419833467,0,4,22.2,52.2,46.8,1.6,141.0
16006,1780419833500,0,4,22.7,48.3,52.2,2.9,140.3
16007,1780419833533,0,4,22.6,53.8,57.7,1.3,142.1
16008,1780419833567,0,4,22.3,50.9,57.4,1.8,146.7
16009,1780419833600,0,4,22.4,53.9,53.2,3.0,159.4
16010,1780419833633,0,4,22.3,48.7,20.4,2.1,154.4
16011,1780419833667,0,4,22.6,51.4,50.3,3.9,141.7
16012,1780419833700,0,4,22.7,52.9,26.8,2.7,148.7
16013,1780419833733,0,4,22.7,50.3,40.2,3.9,155.3
16014,1780419833767,0,4,22.5,50.7,40.5,3.9,146.0
16015,1780419833800,0,4,22.7,51.9,27.3,1.2,151.3
16016,1780419833833,0,4,22.4,53.8,34.0,3.3,158.6
16017,1780419833867,0,4,22.6,52.4,34.5,1.3,148.2
16018,1780419833900,0,4,22.5,52.0,39.5,2.8,157.5
16019,1780419833933,0,4,22.4,49.4,42.3,2.0,158.4
16020,1780419833967,0,4,22.5,50.4,24.4,1.7,151.2
16021,1780419834000,0,4,22.7,51.4,27.3,3.0,141.6
16022,1780419834033,0,4,22.5,52.4,46.0,3.3,147.7
16023,1780419834067,0,4,22.7,50.0,39.2,2.1,141.6
16024,1780419834100,0,4,22.2,53.3,29.7,1.4,155.6
16025,1780419834133,0,4,22.4,48.1,54.3,1.8,150.3
16026,1780419834167,0,4,22.7,51.4,54.5,2.6,146.6
16027,1780419834200,0,4,22.3,52.9,51.5,3.8,143.1
16028,1780419834233,0,4,22.5,50.1,25.6,1.7,140.7
16029,1780419834267,0,4,22.8,50.8,52.7,3.1,158.4
16030,1780419834300,0,4,22.5,52.9,59.1,3.7,142.1
16031,1780419834333,0,4,22.5,50.4,38.4,1.7,146.5
16032,1780419834367,0,4,22.8,52.5,49.6,2.8,159.3
16033,1780419834400,0,4,22.3,53.9,46.8,2.8,145.0
16034,1780419834433,0,4,22.3,48.4,35.7,3.0,159.5
16035,1780419834467,0,4,22.2,52.4,26.2,1.4,154.1
16036,1780419834500,0,4,22.7,53.9,49.9,3.2,148.9
16037,1780419834533,0,4,22.5,53.0,53.7,1.6,140.6
16038,1780419834567,0,4,22.4,53.9,50.4,3.8,146.4
16039,1780419834600,0,4,22.3,49.4,56.5,3.6,147.5
16040,1780419834633,0,4,22.5,49.9,25.6,1.1,146.7
16041,1780419834667,0,4,22.5,48.3,34.7,1.5,141.9
16042,1780419834700,0,4,22.6,51.1,51.0,1.6,157.9
16043,1780419834733,0,4,22.6,48.7,44.4,3.8,145.1
16044,1780419834767,0,4,22.2,48.2,25.8,1.8,158.4
16045,1780419834800,0,4,22.4,52.5,44.9,1.5,148.3
16046,1780419834833,0,4,22.6,48.4,48.3,2.8,154.6
16047,1780419834867,0,4,22.8,51.0,24.7,4.0,143.5
16048,1780419834900,0,4,22.4,49.8,55.1,2.9,155.4
16049,1780419834933,0,4,22.2,50.4,28.5,3.4,142.2
16050,1780419834967,0,4,22.7,53.0,22.2,2.1,156.2
16051,1780419835000,0,4,22.5,52.3,20.5,2.7,157.8
16052,1780419835033,0,4,22.2,51.9,57.8,3.8,141.4
16053,1780419835067,0,4,22.4,52.6,59.0,3.9,156.7
16054,1780419835100,0,4,22.4,50.6,44.9,3.3,156.9
16055,1780419835133,0,4,22.2,48.4,41.0,1.8,152.5
16056,1780419835167,0,4,22.6,52.5,52.6,3.4,155.5
16057,1780419835200,0,4,22.4,49.7,29.9,2.8,159.9
16058,1780419835233,0,4,22.7,52.3,23.6,2.9,158.8
16059,1780419835267,0,4,22.3,50.9,55.1,1.1,158.4
16060,1780419835300,0,4,22.3,53.5,31.2,3.8,143.3
16061,1780419835333,0,4,22.2,53.4,26.5,3.8,157.5
16062,1780419835367,0,4,22.2,53.3,28.1,2.8,158.7
16063,1780419835400,0,4,22.4,49.7,26.0,2.5,144.8
16064,1780419835433,0,4,22.7,51.5,21.4,2.9,154.6
16065,1780419835467,0,4,22.7,52.2,26.1,1.6,149.4
16066,1780419835500,0,4,22.2,48.2,35.5,2.1,150.8
16067,1780419835533,0,4,22.7,53.3,24.8,1.4,152.5
16068,1780419835567,0,4,22.7,49.4,34.7,3.5,142.4
16069,1780419835600,0,4,22.2,53.8,32.0,2.1,144.8
16070,1780419835633,0,4,22.4,52.3,39.6,2.8,157.9
16071,1780419835667,0,4,22.4,51.9,30.9,1.4,140.1
16072,1780419835700,0,4,22.5,52.2,54.1,3.2,159.5
16073,1780419835733,0,4,22.6,48.9,45.3,3.3,153.9
16074,1780419835767,0,4,22.7,53.1,45.8,2.1,148.0
16075,1780419835800,0,4,22.7,53.2,59.6,3.2,144.4
16076,1780419835833,0,4,22.3,49.1,30.1,2.0,147.4
16077,1780419835867,0,4,22.8,50.0,56.7,2.9,153.2
16078,1780419835900,0,4,22.3,50.7,23.8,1.7,146.4
16079,1780419835933,0,4,22.2,48.7,26.6,1.1,143.9
16080,1780419835967,0,4,22.3,48.9,60.0,2.6,156.5
16081,1780419836000,0,4,22.5,51.8,39.0,2.1,145.2
16082,1780419836033,0,4,22.4,49.8,29.5,1.3,154.0
16083,1780419836067,0,4,22.5,52.3,47.8,3.8,146.1
16084,1780419836100,0,4,22.5,53.7,29.9,2.3,159.2
16085,1780419836133,0,4,22.6,51.2,31.1,3.4,149.5
16086,1780419836167,0,4,22.8,49.9,49.7,1.7,149.5
16087,1780419836200,0,4,22.6,48.2,33.9,3.0,155.5
16088,1780419836233,0,4,22.7,52.4,21.0,3.4,147.0
16089,1780419836267,0,4,22.7,48.2,28.6,3.5,157.3
16090,1780419836300,0,4,22.6,52.7,21.4,3.7,144.4
16091,1780419836333,0,4,22.7,48.6,32.9,1.9,145.6
16092,1780419836367,0,4,22.7,49.3,31.8,3.9,142.6
16093,1780419836400,0,4,22.5,52.8,53.7,3.5,159.6
16094,1780419836433,0,4,22.4,50.1,47.8,3.0,155.1
16095,1780419836467,0,4,22.3,48.8,54.2,3.8,159.7
16096,1780419836500,0,4,22.4,50.3,51.2,2.7,152.8
16097,1780419836533,0,4,22.3,49.1,28.1,2.9,156.7
16098,1780419836567,0,4,22.6,49.6,23.6,2.0,157.3
16099,1780419836600,0,4,22.8,50.0,48.4,2.9,141.0
16100,1780419836633,0,4,22.8,53.0,51.8,2.5,154.3
16101,1780419836667,0,4,22.3,48.8,28.0,1.1,154.2
16102,1780419836700,0,4,22.3,53.2,59.5,1.2,150.5
16103,1780419836733,0,4,22.8,51.9,26.2,3.8,151.9
16104,1780419836767,0,4,22.4,52.1,31.7,2.4,154.2
16105,1780419836800,0,4,22.5,49.4,38.9,1.8,145.4
16106,1780419836833,0,4,22.6,51.7,58.0,2.2,142.2
16107,1780419836867,0,4,22.3,48.1,50.1,3.7,149.4
16108,1780419836900,0,4,22.4,51.4,50.4,1.6,146.1
16109,1780419836933,0,4,22.6,48.4,45.3,2.8,157.9
16110,1780419836967,0,4,22.3,49.1,40.5,3.3,149.8
16111,1780419837000,0,4,22.4,49.1,41.9,3.2,142.4
16112,1780419837033,0,4,22.3,49.0,38.3,1.7,151.9
16113,1780419837067,0,4,22.6,52.8,39.1,2.2,150.5
16114,1780419837100,0,4,22.7,53.7,26.9,2.1,154.8
16115,1780419837133,0,4,22.4,51.9,39.8,1.9,149.8
16116,1780419837167,0,4,22.2,48.0,29.3,1.2,153.5
16117,1780419837200,0,4,22.4,50.4,59.7,3.4,149.8
16118,1780419837233,0,4,22.6,53.3,41.9,2.7,151.5
16119,1780419837267,0,4,22.7,53.6,41.3,2.6,144.4
16120,1780419837300,0,4,22.3,52.6,53.4,2.3,151.8
16121,1780419837333,0,4,22.6,54.0,50.3,3.6,141.5
16122,1780419837367,0,4,22.5,48.8,48.2,2.7,147.6
16123,1780419837400,0,4,22.4,48.4,20.9,3.9,146.5
16124,1780419837433,0,4,22.2,48.7,44.6,3.7,149.2
16125,1780419837467,0,4,22.4,49.2,52.4,3.2,158.2
16126,1780419837500,0,4,22.4,49.3,52.8,2.3,150.0
16127,1780419837533,0,4,22.6,51.2,25.7,1.7,143.2
16128,1780419837567,0,4,22.7,52.6,52.5,3.6,140.8
16129,1780419837600,0,4,22.3,53.4,33.5,3.7,145.6
16130,1780419837633,0,4,22.4,51.1,44.7,2.9,145.9
16131,1780419837667,0,4,22.5,49.7,31.6,2.4,150.8
16132,1780419837700,0,4,22.4,51.5,37.0,1.3,151.7
16133,1780419837733,0,4,22.8,49.8,28.7,3.1,158.5
16134,1780419837767,0,4,22.6,53.2,30.9,1.3,157.6
16135,1780419837800,0,4,22.7,48.3,58.4,3.3,156.5
16136,1780419837833,0,4,22.7,51.0,40.5,3.5,144.7
16137,1780419837867,0,4,22.6,48.9,22.5,2.8,152.0
16138,1780419837900,0,4,22.4,48.7,53.4,2.1,153.7
16139,1780419837933,0,4,22.2,51.9,38.0,1.9,144.8
16140,1780419837967,0,4,22.4,52.6,30.3,1.5,146.4
16141,1780419838000,0,4,22.2,50.5,29.7,3.6,141.3
16142,1780419838033,0,4,22.7,50.9,53.5,2.1,141.1
16143,1780419838067,0,4,22.6,48.7,22.7,3.4,141.8
16144,1780419838100,0,4,22.7,48.1,47.3,3.8,154.8
16145,1780419838133,0,4,22.2,51.8,51.2,1.2,147.9
16146,1780419838167,0,4,22.4,53.7,28.3,1.6,159.4
16147,1780419838200,0,4,22.6,48.7,30.1,3.3,157.6
16148,1780419838233,0,4,22.4,50.4,24.9,1.8,143.6
16149,1780419838267,0,4,22.7,50.1,54.2,3.7,145.4
16150,1780419838300,0,4,22.7,53.2,32.4,1.7,155.3
16151,1780419838333,0,4,22.4,48.6,31.1,3.3,152.1
16152,1780419838367,0,4,22.5,53.8,51.6,2.6,150.0
16153,1780419838400,0,4,22.4,52.1,51.4,2.2,154.2
16154,1780419838433,0,4,22.6,49.4,59.2,2.6,142.7
16155,1780419838467,0,4,22.5,49.2,55.6,2.4,150.8
16156,1780419838500,0,4,22.3,49.6,37.6,2.5,151.2
16157,1780419838533,0,4,22.5,50.7,53.4,3.6,155.3
16158,1780419838567,0,4,22.3,50.3,21.8,3.2,156.2
16159,1780419838600,0,4,22.6,48.5,51.0,1.4,142.4
16160,1780419838633,0,4,22.3,50.2,49.0,1.5,151.7
16161,1780419838667,0,4,22.7,50.7,58.2,1.8,142.3
16162,1780419838700,0,4,22.3,52.9,28.6,3.5,140.3
16163,1780419838733,0,4,22.4,52.3,43.9,1.5,149.1
16164,1780419838767,0,4,22.2,51.2,37.3,3.2,145.9
16165,1780419838800,0,4,22.7,52.8,21.0,1.6,144.7
16166,1780419838833,0,4,22.3,51.0,37.4,2.1,151.6
16167,1780419838867,0,4,22.5,53.8,56.0,3.7,147.1
16168,1780419838900,0,4,22.5,53.6,21.3,3.2,147.0
16169,1780419838933,0,4,22.4,53.9,54.4,1.5,152.5
16170,1780419838967,0,4,22.6,51.5,32.1,3.6,155.1
16171,1780419839000,0,4,22.6,48.0,46.8,3.8,149.3
16172,1780419839033,0,4,22.3,52.1,39.0,1.0,148.9
16173,1780419839067,0,4,22.6,52.9,28.7,1.8,140.2
16174,1780419839100,0,4,22.8,50.3,47.1,2.3,150.0
16175,1780419839133,0,4,22.7,49.9,55.0,2.1,159.9
16176,1780419839167,0,4,22.7,49.1,28.5,1.3,153.1
16177,1780419839200,0,4,22.7,53.2,44.3,3.7,157.8
16178,1780419839233,0,4,22.6,53.8,35.7,3.7,141.1
16179,1780419839267,0,4,22.4,53.5,59.9,1.0,146.9
16180,1780419839300,0,4,22.8,50.2,42.3,2.3,145.2
16181,1780419839333,0,4,22.7,53.6,46.5,2.5,142.2
16182,1780419839367,0,4,22.2,52.8,41.0,2.4,151.0
16183,1780419839400,0,4,22.3,50.7,58.0,1.3,143.8
16184,1780419839433,0,4,22.2,49.9,55.7,2.2,142.4
16185,1780419839467,0,4,22.5,49.3,33.9,3.5,142.7
16186,1780419839500,0,4,22.7,50.4,55.9,2.8,144.3
16187,1780419839533,0,4,22.2,50.1,52.3,3.9,157.0
16188,1780419839567,0,4,22.5,53.9,41.5,2.2,147.8
16189,1780419839600,0,4,22.5,52.9,23.2,3.2,153.2
16190,1780419839633,0,4,22.3,53.6,28.4,3.4,141.0
16191,1780419839667,0,4,22.7,48.9,52.4,2.7,145.8
16192,1780419839700,0,4,22.5,53.2,39.7,3.8,143.0
16193,1780419839733,0,4,22.5,49.7,55.9,2.8,157.7
16194,1780419839767,0,4,22.6,50.1,22.8,3.0,140.9
16195,1780419839800,0,4,22.2,52.9,58.0,2.2,152.9
16196,1780419839833,0,4,22.3,52.9,42.7,3.9,150.0
16197,1780419839867,0,4,22.7,51.0,41.3,2.1,143.0
16198,1780419839900,0,4,22.2,51.2,55.5,1.8,151.1
16199,1780419839933,0,4,22.7,52.0,56.9,2.6,141.4
16200,1780419839967,0,4,22.3,49.0,41.1,2.8,143.7
16201,1780419840000,0,4,22.6,51.3,27.4,2.9,149.8
16202,1780419840033,0,4,22.7,48.1,51.9,2.3,146.6
16203,1780419840067,0,4,22.4,49.2,44.7,3.1,145.3
16204,1780419840100,0,4,22.3,50.3,46.5,3.7,154.5
16205,1780419840133,0,4,22.5,51.0,27.5,1.6,159.5
16206,1780419840167,0,4,22.7,48.2,57.2,2.5,154.1
16207,1780419840200,0,4,22.6,53.1,50.5,3.7,143.2
16208,1780419840233,0,4,22.2,53.0,32.3,3.1,148.7
16209,1780419840267,0,4,22.8,51.4,38.6,1.6,149.1
16210,1780419840300,0,4,22.5,53.8,49.7,1.4,143.5
16211,1780419840333,0,4,22.3,51.3,38.6,2.4,151.8
16212,1780419840367,0,4,22.7,52.9,52.0,1.8,147.5
16213,1780419840400,0,4,22.3,48.0,24.7,3.0,151.7
16214,1780419840433,0,4,22.7,49.0,59.3,1.9,146.7
16215,1780419840467,0,4,22.4,53.2,52.4,2.9,157.5
16216,1780419840500,0,4,22.6,52.8,45.9,1.9,159.3
16217,1780419840533,0,4,22.6,50.8,55.9,3.9,157.1
16218,1780419840567,0,4,22.3,52.5,37.4,3.1,152.3
16219,1780419840600,0,4,22.4,49.3,42.0,3.6,142.8
16220,1780419840633,0,4,22.3,52.1,45.7,1.7,154.3
16221,1780419840667,0,4,22.2,53.7,33.2,3.4,142.0
16222,1780419840700,0,4,22.7,50.3,27.5,3.8,149.7
16223,1780419840733,0,4,22.6,51.4,23.8,1.6,151.4
16224,1780419840767,0,4,22.4,48.6,52.2,1.8,147.3
16225,1780419840800,0,4,22.4,53.1,48.6,3.3,147.9
16226,1780419840833,0,4,22.3,48.4,45.0,2.2,143.0
16227,1780419840867,0,4,22.5,50.9,22.6,2.3,141.4
16228,1780419840900,0,4,22.5,50.0,39.1,2.6,156.8
16229,1780419840933,0,4,22.4,51.6,42.1,1.0,141.4
16230,1780419840967,0,4,22.5,51.6,28.6,1.0,141.0
16231,1780419841000,0,4,22.2,48.2,46.4,3.1,147.0
16232,1780419841033,0,4,22.4,53.0,38.0,1.4,146.6
16233,1780419841067,0,4,22.3,50.4,45.2,2.1,147.7
16234,1780419841100,0,4,22.2,48.2,31.3,3.2,157.7
16235,1780419841133,0,4,22.7,49.5,50.8,1.5,145.8
16236,1780419841167,0,4,22.4,51.2,29.3,1.3,145.5
16237,1780419841200,0,4,22.4,51.5,55.2,3.7,152.8
16238,1780419841233,0,4,22.5,52.0,54.0,3.2,143.6
16239,1780419841267,0,4,22.3,49.6,33.8,2.2,155.4
16240,1780419841300,0,4,22.6,50.3,57.8,2.3,149.5
16241,1780419841333,0,4,22.7,53.0,34.6,1.2,146.5
16242,1780419841367,0,4,22.7,50.8,35.4,1.5,150.9
16243,1780419841400,0,4,22.2,51.6,37.7,1.9,158.5
16244,1780419841433,0,4,22.7,49.9,46.0,4.0,150.7
16245,1780419841467,0,4,22.6,51.1,25.6,1.3,149.2
16246,1780419841500,0,4,22.5,53.0,58.9,1.0,154.2
16247,1780419841533,0,4,22.7,48.0,30.0,1.1,145.6
16248,1780419841567,0,4,22.7,51.2,59.6,2.1,143.9
16249,1780419841600,0,4,22.4,53.1,27.5,1.9,141.2
16250,1780419841633,0,4,22.7,50.6,31.8,3.8,157.1
16251,1780419841667,0,4,22.6,48.3,35.7,3.0,154.8
16252,1780419841700,0,4,22.2,50.9,27.1,3.6,143.2
16253,1780419841733,0,4,22.4,53.2,21.2,2.3,156.0
16254,1780419841767,0,4,22.6,52.0,36.8,3.7,141.1
16255,1780419841800,0,4,22.6,48.5,24.0,3.4,153.2
16256,1780419841833,0,4,22.6,48.8,58.9,1.0,140.2
16257,1780419841867,0,4,22.6,49.4,22.3,1.7,157.0
16258,1780419841900,0,4,22.3,51.8,55.9,3.6,151.4
16259,1780419841933,0,4,22.7,50.2,28.6,1.6,150.4
16260,1780419841967,0,4,22.7,50.0,56.5,2.8,158.8
16261,1780419842000,0,4,22.5,51.5,20.4,2.8,145.8
16262,1780419842033,0,4,22.5,49.6,31.4,2.3,158.2
16263,1780419842067,0,4,22.3,50.4,23.6,2.7,149.5
16264,1780419842100,0,4,22.6,51.2,50.7,2.8,158.7
16265,1780419842133,0,4,22.6,53.1,25.8,2.7,155.8
16266,1780419842167,0,4,22.6,53.3,42.5,3.9,142.6
16267,1780419842200,0,4,22.3,52.1,34.5,1.5,151.1
16268,1780419842233,0,4,22.3,52.6,50.0,3.6,148.5
16269,1780419842267,0,4,22.3,52.6,44.0,1.1,152.7
16270,1780419842300,0,4,22.7,51.5,31.9,2.3,143.7
16271,1780419842333,0,4,22.2,52.0,20.6,2.9,141.4
16272,1780419842367,0,4,22.3,48.7,41.1,1.1,158.2
16273,1780419842400,0,4,22.4,52.2,57.8,1.3,145.6
16274,1780419842433,0,4,22.3,50.7,58.4,2.9,148.5
16275,1780419842467,0,4,22.4,52.3,31.2,2.8,151.3
16276,1780419842500,0,4,22.5,52.3,58.4,3.7,155.7
16277,1780419842533,0,4,22.6,50.9,50.6,2.4,152.8
16278,1780419842567,0,4,22.5,50.4,26.0,2.6,144.9
16279,1780419842600,0,4,22.5,50.6,28.5,2.9,148.1
16280,1780419842633,0,4,22.4,48.1,26.6,3.2,146.8
16281,1780419842667,0,4,22.7,48.5,47.8,1.1,147.8
16282,1780419842700,0,4,22.5,50.2,27.2,3.5,157.0
16283,1780419842733,0,4,22.2,52.1,33.8,2.4,142.1
16284,1780419842767,0,4,22.6,50.4,32.9,2.1,153.9
16285,1780419842800,0,4,22.6,53.9,23.7,1.5,155.9
16286,1780419842833,0,4,22.8,51.7,44.4,3.8,142.0
16287,1780419842867,0,4,22.5,51.7,40.1,2.1,155.7
16288,1780419842900,0,4,22.3,48.5,29.3,2.3,144.6
16289,1780419842933,0,4,22.4,48.1,43.8,3.7,155.4
16290,1780419842967,0,4,22.6,48.2,54.0,2.3,156.3
16291,1780419843000,0,4,22.5,51.9,47.2,2.1,140.4
16292,1780419843033,0,4,22.5,52.4,47.2,1.3,142.1
16293,1780419843067,0,4,22.4,48.7,44.0,1.1,160.0
16294,1780419843100,0,4,22.3,51.7,26.7,1.8,149.6
16295,1780419843133,0,4,22.3,51.1,50.5,2.4,147.7
16296,1780419843167,0,4,22.6,49.2,50.3,2.2,159.5
16297,1780419843200,0,4,22.6,49.5,45.8,1.1,147.9
16298,1780419843233,0,4,22.2,53.8,36.0,1.9,143.5
16299,1780419843267,0,4,22.7,48.0,25.2,3.5,152.7
16300,1780419843300,0,4,22.6,48.6,51.0,3.5,151.3
16301,1780419843333,0,4,22.3,48.6,45.0,1.8,143.6
16302,1780419843367,0,4,22.4,53.5,49.0,2.9,154.2
16303,1780419843400,0,4,22.7,53.5,31.4,3.9,159.4
16304,1780419843433,0,4,22.4,51.0,41.5,3.4,142.4
16305,1780419843467,0,4,22.6,52.8,30.3,2.6,152.5
16306,1780419843500,0,4,22.5,51.4,53.2,1.7,143.7
16307,1780419843533,0,4,22.4,48.2,27.1,3.8,150.2
16308,1780419843567,0,4,22.3,50.9,23.8,1.4,158.1
16309,1780419843600,0,4,22.5,48.2,25.8,1.7,149.3
16310,1780419843633,0,4,22.4,50.4,45.8,3.7,159.2
16311,1780419843667,0,4,22.5,50.9,51.9,3.7,155.6
16312,1780419843700,0,4,22.3,49.4,22.6,2.2,158.8
16313,1780419843733,0,4,22.7,53.2,53.3,2.3,153.9
16314,1780419843767,0,4,22.6,49.6,43.4,3.1,145.7
16315,1780419843800,0,4,22.6,53.6,51.6,1.4,143.7
16316,1780419843833,0,4,22.6,50.8,40.9,2.9,159.5
16317,1780419843867,0,4,22.6,48.4,51.8,3.4,150.1
16318,1780419843900,0,4,22.8,50.9,24.3,1.0,145.2
16319,1780419843933,0,4,22.5,53.2,45.8,1.5,144.7
16320,1780419843967,0,4,22.5,51.2,41.6,2.5,144.2
16321,1780419844000,0,4,22.5,50.9,43.8,3.0,156.0
16322,1780419844033,0,4,22.7,49.8,49.6,3.2,141.6
16323,1780419844067,0,4,22.5,51.3,34.4,1.4,144.0
16324,1780419844100,0,4,22.3,48.3,26.1,1.0,153.8
16325,1780419844133,0,4,22.8,49.5,51.1,3.5,150.8
16326,1780419844167,0,4,22.2,49.7,29.0,3.8,157.1
16327,1780419844200,0,4,22.8,53.1,46.9,2.0,141.2
16328,1780419844233,0,4,22.7,48.9,45.6,2.5,145.9
16329,1780419844267,0,4,22.5,49.6,31.0,2.0,153.4
16330,1780419844300,0,4,22.4,48.5,55.2,1.6,150.8
16331,1780419844333,0,4,22.6,52.8,56.3,3.7,146.4
16332,1780419844367,0,4,22.3,49.7,32.5,3.4,147.1
16333,1780419844400,0,4,22.6,51.7,20.3,1.8,156.3
16334,1780419844433,0,4,22.6,50.4,52.7,1.4,152.4
16335,1780419844467,0,4,22.3,51.3,20.8,1.5,157.2
16336,1780419844500,0,4,22.5,48.1,57.7,2.3,149.4
16337,1780419844533,0,4,22.8,50.1,28.1,1.3,148.7
16338,1780419844567,0,4,22.6,50.0,47.0,3.5,142.9
16339,1780419844600,0,4,22.5,52.9,34.8,3.7,148.3
16340,1780419844633,0,4,22.3,50.0,23.2,1.0,148.4
16341,1780419844667,0,4,22.6,52.6,46.5,3.2,155.1
16342,1780419844700,0,4,22.7,49.0,39.8,3.2,153.3
16343,1780419844733,0,4,22.7,52.3,40.3,3.6,159.0
16344,1780419844767,0,4,22.5,52.0,34.7,3.3,142.0
16345,1780419844800,0,4,22.3,51.8,22.0,1.7,158.0
16346,1780419844833,0,4,22.4,53.4,40.9,3.5,148.1
16347,1780419844867,0,4,22.3,49.9,22.0,2.0,152.3
16348,1780419844900,0,4,22.4,49.9,31.6,3.7,144.9
16349,1780419844933,0,4,22.6,52.8,50.8,2.5,142.2
16350,1780419844967,0,4,22.2,53.6,31.9,1.2,143.0
16351,1780419845000,0,4,22.8,53.9,57.0,2.5,153.9
16352,1780419845033,0,4,22.3,51.6,32.2,3.5,147.3
16353,1780419845067,0,4,22.2,49.2,28.2,2.9,149.2
16354,1780419845100,0,4,22.4,51.8,32.6,2.4,145.2
16355,1780419845133,0,4,22.8,49.2,59.2,1.9,152.2
16356,1780419845167,0,4,22.3,51.9,28.4,2.7,153.5
16357,1780419845200,0,4,22.5,51.1,47.6,1.8,140.4
16358,1780419845233,0,4,22.2,48.2,36.5,3.9,145.6
16359,1780419845267,0,4,22.6,51.0,48.1,2.7,142.7
16360,1780419845300,0,4,22.4,50.1,25.0,1.5,156.8
16361,1780419845333,0,4,22.4,49.9,54.1,2.5,149.7
16362,1780419845367,0,4,22.7,50.6,25.6,1.6,144.7
16363,1780419845400,0,4,22.3,51.4,59.7,2.0,148.5
16364,1780419845433,0,4,22.6,51.8,23.7,2.0,140.1
16365,1780419845467,0,4,22.4,53.1,44.5,2.2,157.0
16366,1780419845500,0,4,22.8,52.4,34.5,2.2,153.3
16367,1780419845533,0,4,22.6,53.4,48.1,1.8,142.7
16368,1780419845567,0,4,22.6,51.2,60.0,1.6,148.6
16369,1780419845600,0,4,22.6,52.9,43.0,3.1,140.7
16370,1780419845633,0,4,22.2,48.1,34.1,2.3,148.5
16371,1780419845667,0,4,22.8,50.5,48.5,1.5,156.9
16372,1780419845700,0,4,22.4,51.0,34.2,1.3,143.8
16373,1780419845733,0,4,22.6,49.4,36.0,2.8,154.6
16374,1780419845767,0,4,22.5,48.2,52.8,2.2,159.4
16375,1780419845800,0,4,22.7,48.7,30.4,2.3,155.5
16376,1780419845833,0,4,22.2,51.6,50.1,2.7,150.3
16377,1780419845867,0,4,22.6,50.7,29.8,1.6,154.4
16378,1780419845900,0,4,22.7,48.9,56.9,3.7,143.7
16379,1780419845933,0,4,22.6,50.0,24.3,2.5,142.2
16380,1780419845967,0,4,22.6,51.3,46.1,2.0,146.1
16381,1780419846000,0,4,22.5,48.8,54.0,1.3,152.5
16382,1780419846033,0,4,22.6,53.0,43.2,2.1,149.4
16383,1780419846067,0,4,22.7,53.0,32.1,1.1,155.0
16384,1780419846100,0,4,22.2,53.6,25.5,1.3,158.4
16385,1780419846133,0,4,22.7,48.6,58.2,1.7,145.6
16386,1780419846167,0,4,22.5,48.4,59.4,2.2,145.6
16387,1780419846200,0,4,22.7,52.2,22.7,3.3,140.5
16388,1780419846233,0,4,22.3,50.5,44.5,2.3,156.1
16389,1780419846267,0,4,22.7,48.6,55.1,3.6,143.2
16390,1780419846300,0,4,22.8,50.2,52.9,3.2,140.1
16391,1780419846333,0,4,22.3,50.0,27.8,1.8,141.9
16392,1780419846367,0,4,22.2,48.8,36.1,1.1,158.3
16393,1780419846400,0,4,22.4,48.2,53.3,1.6,154.2
16394,1780419846433,0,4,22.4,50.5,37.1,3.0,142.7
16395,1780419846467,0,4,22.8,49.6,48.7,1.8,155.3
16396,1780419846500,0,4,22.5,50.4,42.6,2.4,147.4
16397,1780419846533,0,4,22.5,48.2,44.9,2.0,151.1
16398,1780419846567,0,4,22.7,49.6,57.2,2.5,158.2
16399,1780419846600,0,4,22.4,50.4,28.4,3.3,144.8
16400,1780419846633,0,4,22.6,51.4,43.6,2.7,142.0
16401,1780419846667,0,4,22.4,51.5,37.6,1.1,144.1
16402,1780419846700,0,4,22.3,51.5,34.6,1.8,141.9
16403,1780419846733,0,4,22.4,48.6,45.0,1.6,145.3
16404,1780419846767,0,4,22.6,50.2,35.3,2.7,142.6
16405,1780419846800,0,4,22.6,52.9,30.5,1.4,154.6
16406,1780419846833,0,4,22.5,52.0,30.4,4.0,142.7
16407,1780419846867,0,4,22.4,49.3,53.0,3.4,144.8
16408,1780419846900,0,4,22.2,52.4,50.8,3.5,146.6
16409,1780419846933,0,4,22.3,48.7,50.1,2.8,147.4
16410,1780419846967,0,4,22.5,50.8,42.2,1.4,140.7
16411,1780419847000,0,4,22.8,50.2,23.8,1.6,141.7
16412,1780419847033,0,4,22.4,49.0,25.1,2.0,155.9
16413,1780419847067,0,4,22.5,51.8,58.1,1.6,142.5
16414,1780419847100,0,4,22.5,51.6,53.9,3.3,150.9
16415,1780419847133,0,4,22.7,48.4,36.7,1.2,140.6
16416,1780419847167,0,4,22.5,51.9,59.1,1.2,143.3
16417,1780419847200,0,4,22.4,49.0,30.2,3.3,150.7
16418,1780419847233,0,4,22.5,53.9,33.5,1.4,157.1
16419,1780419847267,0,4,22.8,51.4,48.2,3.1,148.6
16420,1780419847300,0,4,22.8,52.9,42.5,2.8,149.0
16421,1780419847333,0,4,22.4,50.7,38.9,2.2,141.0
16422,1780419847367,0,4,22.5,50.9,28.6,3.0,151.9
16423,1780419847400,0,4,22.5,51.1,55.8,2.8,142.0
16424,1780419847433,0,4,22.6,53.6,49.7,2.7,147.6
16425,1780419847467,0,4,22.6,52.0,27.5,3.4,155.0
16426,1780419847500,0,4,22.3,53.5,37.6,2.9,155.2
16427,1780419847533,0,4,22.3,53.1,39.6,1.6,149.4
16428,1780419847567,0,4,22.8,50.8,26.5,3.6,141.7
16429,1780419847600,0,4,22.7,52.8,45.6,3.8,158.3
16430,1780419847633,0,4,22.7,52.7,20.3,1.8,153.9
16431,1780419847667,0,4,22.5,49.6,53.6,3.9,144.5
16432,1780419847700,0,4,22.5,51.6,21.6,2.0,151.2
16433,1780419847733,0,4,22.4,50.3,39.8,1.4,141.2
16434,1780419847767,0,4,22.5,51.6,23.5,1.4,144.8
16435,1780419847800,0,4,22.6,51.6,55.9,3.2,140.3
16436,1780419847833,0,4,22.2,52.9,31.3,2.7,147.8
16437,1780419847867,0,4,22.4,48.3,45.7,2.7,152.2
16438,1780419847900,0,4,22.5,52.6,54.9,2.0,142.0
16439,1780419847933,0,4,22.3,52.7,27.2,3.0,144.8
16440,1780419847967,0,4,22.5,50.6,58.3,2.6,141.9
16441,1780419848000,0,4,22.8,48.1,27.5,3.5,151.0
16442,1780419848033,0,4,22.3,49.4,57.6,2.5,156.3
16443,1780419848067,0,4,22.7,48.0,32.7,2.2,141.1
16444,1780419848100,0,4,22.3,48.8,37.0,2.1,143.9
16445,1780419848133,0,4,22.2,50.9,33.6,4.0,154.6
16446,1780419848167,0,4,22.6,49.1,28.4,1.1,141.4
16447,1780419848200,0,4,22.8,51.0,36.6,1.5,157.4
16448,1780419848233,0,4,22.5,50.9,36.0,1.7,148.1
16449,1780419848267,0,4,22.8,51.7,32.4,1.5,156.4
16450,1780419848300,0,4,22.4,53.0,36.5,2.0,142.5
16451,1780419848333,0,4,22.8,53.9,50.7,2.3,157.7
16452,1780419848367,0,4,22.4,51.2,53.5,3.2,153.4
16453,1780419848400,0,4,22.4,48.9,49.9,3.1,144.8
16454,1780419848433,0,4,22.2,50.6,39.2,2.3,147.9
16455,1780419848467,0,4,22.7,53.1,40.9,3.0,156.9
16456,1780419848500,0,4,22.6,53.2,27.6,3.1,155.9
16457,1780419848533,0,4,22.3,52.9,50.5,2.8,148.2
16458,1780419848567,0,4,22.5,49.5,48.8,1.3,153.7
16459,1780419848600,0,4,22.8,49.2,56.6,3.5,150.2
16460,1780419848633,0,4,22.8,51.3,43.9,1.3,144.4
16461,1780419848667,0,4,22.7,51.7,53.4,1.7,150.3
16462,1780419848700,0,4,22.5,53.0,34.1,4.0,156.5
16463,1780419848733,0,4,22.3,48.3,20.6,2.5,144.4
16464,1780419848767,0,4,22.5,52.1,45.0,2.0,151.2
16465,1780419848800,0,4,22.6,52.7,48.7,1.1,157.1
16466,1780419848833,0,4,22.5,52.6,59.7,3.8,141.4
16467,1780419848867,0,4,22.7,50.8,25.4,1.5,140.1
16468,1780419848900,0,4,22.6,52.0,22.5,2.6,157.0
16469,1780419848933,0,4,22.3,53.6,50.9,1.6,149.3
16470,1780419848967,0,4,22.2,50.6,47.1,1.4,145.4
16471,1780419849000,0,4,22.3,48.7,24.4,1.3,154.3
16472,1780419849033,0,4,22.4,50.9,51.8,3.1,148.5
16473,1780419849067,0,4,22.6,49.4,36.3,2.6,154.0
16474,1780419849100,0,4,22.4,52.3,56.9,2.6,149.3
16475,1780419849133,0,4,22.8,52.1,25.7,2.3,159.7
16476,1780419849167,0,4,22.5,49.9,22.4,2.4,159.6
16477,1780419849200,0,4,22.7,50.7,48.8,3.7,151.7
16478,1780419849233,0,4,22.3,53.0,56.2,1.3,154.3
16479,1780419849267,0,4,22.6,53.1,28.8,2.8,154.0
16480,1780419849300,0,4,22.2,50.3,57.3,1.2,151.1
16481,1780419849333,0,4,22.7,48.8,42.3,2.8,156.1
16482,1780419849367,0,4,22.6,51.0,37.1,2.8,147.5
16483,1780419849400,0,4,22.4,51.9,57.6,1.6,143.5
16484,1780419849433,0,4,22.6,52.5,57.9,2.5,157.7
16485,1780419849467,0,4,22.3,48.1,54.1,2.6,155.6
16486,1780419849500,0,4,22.7,50.8,24.9,2.2,140.7
16487,1780419849533,0,4,22.5,52.4,37.5,2.7,155.4
16488,1780419849567,0,4,22.8,50.4,23.4,2.3,140.7
16489,1780419849600,0,4,22.8,51.8,50.1,3.1,156.9
16490,1780419849633,0,4,22.7,51.9,31.3,2.1,144.9
16491,1780419849667,0,4,22.7,52.0,50.4,3.5,154.3
16492,1780419849700,0,4,22.8,49.7,52.3,4.0,147.9
16493,1780419849733,0,4,22.7,53.9,53.3,2.1,143.3
16494,1780419849767,0,4,22.5,53.2,21.7,2.3,158.0
16495,1780419849800,0,4,22.7,50.5,23.7,1.4,147.3
16496,1780419849833,0,4,22.3,53.5,57.6,2.4,158.0
16497,1780419849867,0,4,22.7,52.2,39.8,2.4,159.5
16498,1780419849900,0,4,22.8,52.5,43.6,1.2,150.2
16499,1780419849933,0,4,22.4,52.3,47.5,1.7,148.7
16500,1780419849967,0,4,22.3,51.1,26.9,3.3,159.5
16501,1780419850000,0,4,22.6,53.1,34.5,2.2,153.3
16502,1780419850033,0,4,22.3,49.7,38.7,2.8,157.8
16503,1780419850067,0,4,22.5,51.5,22.2,2.8,146.5
16504,1780419850100,0,4,22.8,48.4,32.9,2.1,151.3
16505,1780419850133,0,4,22.3,51.6,37.8,1.7,144.7
16506,1780419850167,0,4,22.8,52.7,39.7,2.9,152.8
16507,1780419850200,0,4,22.3,52.0,24.5,3.2,141.8
16508,1780419850233,0,4,22.2,48.6,41.5,1.8,144.0
16509,1780419850267,0,4,22.4,48.3,20.6,1.2,154.7
16510,1780419850300,0,4,22.7,48.3,55.3,1.6,140.6
16511,1780419850333,0,4,22.8,51.4,39.3,1.8,141.7
16512,1780419850367,0,4,22.5,48.0,54.2,1.7,151.1
16513,1780419850400,0,4,22.6,48.2,21.1,2.2,157.4
16514,1780419850433,0,4,22.5,49.2,27.2,1.6,150.9
16515,1780419850467,0,4,22.3,53.4,52.1,2.3,157.7
16516,1780419850500,0,4,22.5,50.1,34.9,3.2,154.9
16517,1780419850533,0,4,22.7,49.5,23.9,2.7,155.6
16518,1780419850567,0,4,22.3,49.8,57.4,2.4,154.9
16519,1780419850600,0,4,22.2,52.5,37.8,2.9,159.6
16520,1780419850633,0,4,22.6,53.4,47.1,2.7,140.4
16521,1780419850667,0,4,22.6,53.5,27.2,1.1,156.0
16522,1780419850700,0,4,22.8,53.4,44.0,3.9,146.5
16523,1780419850733,0,4,22.6,51.4,27.8,1.8,142.9
16524,1780419850767,0,4,22.4,50.1,48.2,1.9,147.8
16525,1780419850800,0,4,22.6,52.9,56.5,3.0,154.3
16526,1780419850833,0,4,22.7,51.8,58.2,3.8,157.2
16527,1780419850867,0,4,22.3,52.5,29.2,2.2,140.5
16528,1780419850900,0,4,22.6,48.7,48.3,1.3,141.4
16529,1780419850933,0,4,22.4,49.2,32.1,1.0,155.7
16530,1780419850967,0,4,22.3,50.0,57.3,2.2,148.1
16531,1780419851000,0,4,22.6,50.5,45.7,2.6,145.1
16532,1780419851033,0,4,22.5,52.6,57.8,2.9,152.7
16533,1780419851067,0,4,22.4,51.3,52.1,1.8,149.7
16534,1780419851100,0,4,22.4,51.1,56.7,1.8,157.8
16535,1780419851133,0,4,22.6,52.4,42.7,2.3,140.9
16536,1780419851167,0,4,22.5,49.7,57.5,1.9,154.2
16537,1780419851200,0,4,22.6,49.3,43.8,1.9,160.0
16538,1780419851233,0,4,22.5,51.1,25.8,3.2,140.6
16539,1780419851267,0,4,22.7,53.9,45.2,3.9,155.9
16540,1780419851300,0,4,22.8,49.2,27.1,1.8,146.5
16541,1780419851333,0,4,22.2,48.0,39.8,2.2,141.5
16542,1780419851367,0,4,22.7,53.3,21.0,3.6,147.2
16543,1780419851400,0,4,22.5,49.4,36.5,3.7,150.5
16544,1780419851433,0,4,22.7,51.9,47.3,2.1,143.4
16545,1780419851467,0,4,22.3,53.7,41.7,3.5,158.8
16546,1780419851500,0,4,22.7,50.8,57.0,1.8,152.4
16547,1780419851533,0,4,22.4,50.5,47.3,2.7,159.3
16548,1780419851567,0,4,22.5,51.5,29.7,3.0,148.1
16549,1780419851600,0,4,22.6,51.3,55.4,2.8,152.1
16550,1780419851633,0,4,22.8,49.2,58.6,3.1,156.4
16551,1780419851667,0,4,22.5,53.2,39.7,1.1,142.2
16552,1780419851700,0,4,22.5,53.5,46.6,2.5,154.5
16553,1780419851733,0,4,22.3,49.4,42.6,2.5,157.5
16554,1780419851767,0,4,22.5,49.8,43.3,2.3,149.4
16555,1780419851800,0,4,22.5,50.7,49.5,2.5,148.0
16556,1780419851833,0,4,22.2,53.7,35.9,2.8,142.3
16557,1780419851867,0,4,22.5,53.4,34.6,1.7,149.1
16558,1780419851900,0,4,22.6,48.8,53.0,1.8,159.9
16559,1780419851933,0,4,22.8,53.3,56.4,3.3,146.0
16560,1780419851967,0,4,22.6,53.8,57.5,3.3,153.9
16561,1780419852000,0,4,22.4,49.5,35.6,1.1,141.5
16562,1780419852033,0,4,22.2,50.2,43.4,2.2,146.3
16563,1780419852067,0,4,22.5,49.1,22.9,1.5,144.1
16564,1780419852100,0,4,22.7,49.5,43.9,3.5,150.9
16565,1780419852133,0,4,22.5,48.1,47.5,2.8,145.4
16566,1780419852167,0,4,22.2,50.3,48.8,2.3,151.0
16567,1780419852200,0,4,22.4,50.6,48.8,3.9,141.4
16568,1780419852233,0,4,22.8,51.8,44.5,2.1,155.6
16569,1780419852267,0,4,22.3,48.5,30.5,3.6,140.1
16570,1780419852300,0,4,22.8,52.7,24.5,2.2,142.1
16571,1780419852333,0,4,22.4,53.4,24.7,3.1,159.1
16572,1780419852367,0,4,22.7,50.3,51.5,3.3,159.8
16573,1780419852400,0,4,22.4,49.9,52.3,2.6,140.9
16574,1780419852433,0,4,22.7,48.1,39.5,2.6,152.8
16575,1780419852467,0,4,22.5,53.4,20.2,2.5,158.0
16576,1780419852500,0,4,22.6,49.3,20.4,2.5,157.8
16577,1780419852533,0,4,22.5,52.7,56.3,1.2,157.5
16578,1780419852567,0,4,22.7,53.1,57.5,1.8,145.1
16579,1780419852600,0,4,22.6,50.9,55.3,1.9,147.2
16580,1780419852633,0,4,22.5,50.0,29.4,2.4,140.1
16581,1780419852667,0,4,22.4,50.6,55.2,3.0,145.5
16582,1780419852700,0,4,22.7,50.8,52.8,1.3,147.3
16583,1780419852733,0,4,22.5,52.3,46.2,2.6,152.4
16584,1780419852767,0,4,22.4,49.0,41.2,3.0,155.7
16585,1780419852800,0,4,22.2,51.7,59.2,1.2,159.4
16586,1780419852833,0,4,22.5,50.4,39.0,3.9,145.9
16587,1780419852867,0,4,22.2,51.2,31.6,2.9,155.5
16588,1780419852900,0,4,22.7,48.4,42.6,3.6,142.4
16589,1780419852933,0,4,22.5,49.0,53.3,2.2,144.5
16590,1780419852967,0,4,22.5,49.2,47.6,1.5,144.4
16591,1780419853000,0,4,22.6,51.0,56.1,1.7,151.6
16592,1780419853033,0,4,22.8,52.9,40.0,1.9,153.2
16593,1780419853067,0,4,22.7,52.3,24.6,1.3,143.2
16594,1780419853100,0,4,22.2,48.8,48.8,3.4,155.8
16595,1780419853133,0,4,22.8,53.3,39.1,1.5,151.8
16596,1780419853167,0,4,22.5,51.1,49.7,2.2,140.4
16597,1780419853200,0,4,22.3,51.4,36.3,3.4,153.3
16598,1780419853233,0,4,22.5,53.1,47.8,3.2,150.9
16599,1780419853267,0,4,22.6,50.1,47.9,2.6,143.3
16600,1780419853300,0,4,22.7,48.3,31.5,2.5,155.7
16601,1780419853333,0,4,22.6,50.4,39.7,2.9,143.2
16602,1780419853367,0,4,22.3,50.8,43.1,3.2,153.3
16603,1780419853400,0,4,22.5,49.5,31.0,2.6,159.9
16604,1780419853433,0,4,22.5,52.2,43.7,3.9,144.0
16605,1780419853467,0,4,22.7,50.1,47.1,1.4,155.5
16606,1780419853500,0,4,22.3,53.5,20.0,1.9,140.2
16607,1780419853533,0,4,22.8,49.8,47.8,2.4,158.3
16608,1780419853567,0,4,22.7,48.7,42.1,3.1,142.3
16609,1780419853600,0,4,22.3,51.0,29.6,1.7,159.4
16610,1780419853633,0,4,22.4,48.2,39.3,3.6,146.7
16611,1780419853667,0,4,22.3,48.2,55.6,2.0,148.4
16612,1780419853700,0,4,22.6,52.9,56.7,1.8,152.9
16613,1780419853733,0,4,22.6,49.0,46.1,2.0,153.0
16614,1780419853767,0,4,22.7,48.3,23.9,1.5,152.8
16615,1780419853800,0,4,22.8,52.5,50.1,1.5,146.8
16616,1780419853833,0,4,22.5,53.9,43.2,3.3,155.7
16617,1780419853867,0,4,22.4,49.8,39.5,3.1,153.9
16618,1780419853900,0,4,22.3,51.4,27.8,1.4,149.7
16619,1780419853933,0,4,22.7,48.4,56.3,3.1,146.1
16620,1780419853967,0,4,22.7,51.5,45.1,1.6,144.8
16621,1780419854000,0,4,22.3,51.0,40.5,1.9,143.1
16622,1780419854033,0,4,22.6,53.6,58.8,1.8,155.9
16623,1780419854067,0,4,22.5,48.2,51.9,3.0,159.9
16624,1780419854100,0,4,22.6,53.5,56.7,3.4,158.4
16625,1780419854133,0,4,22.4,53.1,56.5,2.8,140.9
16626,1780419854167,0,4,22.4,48.4,56.0,1.9,151.7
16627,1780419854200,0,4,22.4,50.6,37.6,3.2,145.3
16628,1780419854233,0,4,22.7,49.6,39.4,3.4,144.2
16629,1780419854267,0,4,22.6,51.9,56.5,1.1,152.4
16630,1780419854300,0,4,22.3,50.5,29.3,1.9,147.0
16631,1780419854333,0,4,22.4,49.1,34.0,3.0,158.9
16632,1780419854367,0,4,22.4,49.4,42.8,3.1,144.5
16633,1780419854400,0,4,22.3,48.9,56.1,3.1,156.3
16634,1780419854433,0,4,22.4,53.9,58.2,1.7,155.9
16635,1780419854467,0,4,22.7,49.5,38.2,3.6,146.8
16636,1780419854500,0,4,22.6,49.3,25.6,2.3,145.2
16637,1780419854533,0,4,22.3,50.0,39.7,2.3,147.4
16638,1780419854567,0,4,22.8,50.9,42.6,1.4,146.3
16639,1780419854600,0,4,22.4,49.7,50.7,3.4,157.8
16640,1780419854633,0,4,22.7,49.3,52.0,3.0,158.8
16641,1780419854667,0,4,22.3,48.1,47.9,4.0,159.5
16642,1780419854700,0,4,22.5,48.5,47.4,1.7,147.5
16643,1780419854733,0,4,22.4,52.6,39.1,2.9,154.6
16644,1780419854767,0,4,22.2,51.9,45.9,2.9,140.1
16645,1780419854800,0,4,22.7,48.2,49.8,3.6,143.9
16646,1780419854833,0,4,22.7,53.9,36.9,1.5,148.8
16647,1780419854867,0,4,22.4,50.3,41.7,1.6,143.8
16648,1780419854900,0,4,22.8,53.7,23.2,1.7,154.0
16649,1780419854933,0,4,22.7,51.5,59.4,3.9,155.2
16650,1780419854967,0,4,22.5,49.2,49.3,1.4,141.3
16651,1780419855000,0,4,22.7,53.0,39.0,1.2,147.8
16652,1780419855033,0,4,22.8,53.9,49.5,1.2,156.4
16653,1780419855067,0,4,22.7,50.6,40.2,1.1,152.5
16654,1780419855100,0,4,22.8,51.7,49.7,2.3,150.9
16655,1780419855133,0,4,22.2,50.2,35.8,3.3,143.0
16656,1780419855167,0,4,22.5,51.8,39.2,3.8,160.0
16657,1780419855200,0,4,22.8,52.6,22.6,3.0,142.1
16658,1780419855233,0,4,22.7,52.0,26.8,2.8,157.8
16659,1780419855267,0,4,22.8,52.0,57.3,3.8,140.4
16660,1780419855300,0,4,22.4,53.1,35.5,1.2,140.4
16661,1780419855333,0,4,22.3,52.0,40.6,1.8,153.3
16662,1780419855367,0,4,22.5,53.8,31.1,1.4,150.2
16663,1780419855400,0,4,22.8,52.1,58.3,3.2,144.0
16664,1780419855433,0,4,22.2,48.2,55.3,1.0,154.4
16665,1780419855467,0,4,22.7,49.8,27.1,1.4,143.4
16666,1780419855500,0,4,22.4,49.1,48.2,1.2,145.4
16667,1780419855533,0,4,22.2,52.7,52.1,1.7,142.6
16668,1780419855567,0,4,22.7,53.0,49.9,3.7,150.4
16669,1780419855600,0,4,22.6,48.7,31.9,3.6,151.8
16670,1780419855633,0,4,22.5,48.1,20.4,3.3,141.6
16671,1780419855667,0,4,22.6,52.9,31.6,3.0,156.4
16672,1780419855700,0,4,22.5,50.7,33.8,3.9,148.3
16673,1780419855733,0,4,22.6,52.8,31.6,3.2,150.5
16674,1780419855767,0,4,22.4,51.2,51.5,3.0,157.6
16675,1780419855800,0,4,22.6,48.3,23.5,1.6,157.9
16676,1780419855833,0,4,22.7,51.5,35.9,3.3,141.1
16677,1780419855867,0,4,22.8,53.8,39.4,3.2,155.2
16678,1780419855900,0,4,22.2,50.4,51.9,2.7,158.4
16679,1780419855933,0,4,22.3,50.6,56.8,3.0,148.1
16680,1780419855967,0,4,22.8,48.2,45.3,1.9,153.7
16681,1780419856000,0,4,22.8,49.1,29.8,3.8,151.7
16682,1780419856033,0,4,22.6,49.6,58.9,3.2,151.4
16683,1780419856067,0,4,22.8,49.5,20.8,2.4,153.5
16684,1780419856100,0,4,22.4,50.3,25.9,3.2,152.4
16685,1780419856133,0,4,22.3,52.5,52.8,2.3,156.0
16686,1780419856167,0,4,22.6,52.1,33.3,3.5,147.3
16687,1780419856200,0,4,22.7,49.0,54.5,3.9,145.1
16688,1780419856233,0,4,22.4,49.3,54.0,2.2,152.3
16689,1780419856267,0,4,22.7,49.6,45.8,1.1,150.0
16690,1780419856300,0,4,22.2,48.2,56.7,3.0,140.9
16691,1780419856333,0,4,22.3,52.0,33.1,1.2,143.2
16692,1780419856367,0,4,22.5,49.7,25.6,1.1,151.7
16693,1780419856400,0,4,22.3,53.7,26.7,2.5,143.0
16694,1780419856433,0,4,22.7,50.2,56.3,2.3,149.8
16695,1780419856467,0,4,22.8,53.1,50.9,3.2,150.9
16696,1780419856500,0,4,22.6,51.2,51.8,2.1,155.6
16697,1780419856533,0,4,22.6,52.0,31.8,3.4,145.5
16698,1780419856567,0,4,22.4,51.6,50.9,1.8,149.7
16699,1780419856600,0,4,22.8,50.9,46.2,3.3,145.3
16700,1780419856633,0,4,22.5,50.0,46.4,2.5,151.6
16701,1780419856667,0,4,22.3,52.2,45.0,2.8,145.1
16702,1780419856700,0,4,22.6,48.1,23.8,2.6,144.7
16703,1780419856733,0,4,22.3,53.5,23.2,2.2,146.9
16704,1780419856767,0,4,22.8,48.9,44.9,1.3,159.9
16705,1780419856800,0,4,22.4,51.8,25.6,2.8,149.9
16706,1780419856833,0,4,22.6,53.7,46.7,1.8,140.3
16707,1780419856867,0,4,22.7,50.9,59.0,3.7,151.6
16708,1780419856900,0,4,22.3,49.1,35.8,1.3,149.9
16709,1780419856933,0,4,22.4,52.5,35.3,3.1,144.7
16710,1780419856967,0,4,22.6,50.6,25.5,1.9,158.7
16711,1780419857000,0,4,22.5,53.6,23.9,3.4,157.4
16712,1780419857033,0,4,22.3,52.5,30.8,2.5,158.4
16713,1780419857067,0,4,22.7,50.8,27.1,1.1,140.9
16714,1780419857100,0,4,22.4,50.6,59.4,2.5,153.3
16715,1780419857133,0,4,22.3,52.7,25.8,1.7,148.8
16716,1780419857167,0,4,22.2,48.6,37.3,1.5,158.0
16717,1780419857200,0,4,22.4,48.9,30.0,2.1,149.8
16718,1780419857233,0,4,22.3,48.8,38.9,2.2,158.2
16719,1780419857267,0,4,22.3,48.8,54.1,2.7,147.1
16720,1780419857300,0,4,22.6,50.3,45.5,3.5,155.2
16721,1780419857333,0,4,22.6,50.0,56.6,3.6,142.1
16722,1780419857367,0,4,22.4,53.1,32.9,3.8,154.3
16723,1780419857400,0,4,22.6,49.5,35.5,1.5,154.9
16724,1780419857433,0,4,22.6,53.0,49.9,3.1,145.3
16725,1780419857467,0,4,22.3,48.4,34.4,3.3,153.3
16726,1780419857500,0,4,22.3,49.2,24.0,1.8,150.0
16727,1780419857533,0,4,22.5,48.5,20.1,2.5,148.7
16728,1780419857567,0,4,22.7,50.8,50.1,3.6,153.2
16729,1780419857600,0,4,22.7,50.8,29.7,2.3,157.2
16730,1780419857633,0,4,22.4,48.6,37.7,1.3,150.9
16731,1780419857667,0,4,22.8,50.5,46.3,1.4,152.3
16732,1780419857700,0,4,22.2,52.2,44.3,1.2,158.2
16733,1780419857733,0,4,22.2,53.5,35.1,4.0,151.2
16734,1780419857767,0,4,22.3,48.6,53.5,3.4,147.2
16735,1780419857800,0,4,22.8,49.4,38.0,1.6,151.6
16736,1780419857833,0,4,22.5,50.4,59.7,2.5,154.2
16737,1780419857867,0,4,22.4,49.7,59.5,3.8,158.0
16738,1780419857900,0,4,22.6,48.5,32.9,1.2,147.4
16739,1780419857933,0,4,22.5,51.8,40.2,2.6,160.0
16740,1780419857967,0,4,22.5,52.5,46.7,3.0,146.2
16741,1780419858000,0,4,22.4,51.5,49.1,2.8,147.8
16742,1780419858033,0,4,22.2,50.1,58.7,1.2,148.1
16743,1780419858067,0,4,22.4,51.0,45.3,2.0,147.7
16744,1780419858100,0,4,22.5,48.3,50.8,3.8,148.9
16745,1780419858133,0,4,22.4,51.2,22.9,3.1,148.5
16746,1780419858167,0,4,22.2,52.0,36.8,3.8,157.3
16747,1780419858200,0,4,22.6,51.1,22.5,2.1,148.8
16748,1780419858233,0,4,22.6,48.2,29.9,2.7,143.8
16749,1780419858267,0,4,22.3,50.5,53.1,2.0,156.9
16750,1780419858300,0,4,22.5,51.4,26.9,2.6,152.7
16751,1780419858333,0,4,22.2,53.6,25.0,1.3,159.6
16752,1780419858367,0,4,22.7,52.8,26.5,1.2,144.2
16753,1780419858400,0,4,22.8,52.4,57.4,2.0,155.8
16754,1780419858433,0,4,22.3,52.3,49.9,2.7,153.4
16755,1780419858467,0,4,22.7,53.2,34.3,2.1,159.9
16756,1780419858500,0,4,22.4,51.5,30.3,1.2,142.0
16757,1780419858533,0,4,22.6,50.4,59.2,2.6,151.3
16758,1780419858567,0,4,22.7,52.8,27.1,2.5,149.7
16759,1780419858600,0,4,22.3,53.7,59.0,1.4,150.6
16760,1780419858633,0,4,22.4,51.9,59.8,3.1,148.1
16761,1780419858667,0,4,22.6,48.6,29.1,2.8,151.1
16762,1780419858700,0,4,22.5,52.0,21.5,1.6,140.1
16763,1780419858733,0,4,22.4,49.8,55.4,3.6,150.7
16764,1780419858767,0,4,22.6,50.9,49.1,1.1,152.7
16765,1780419858800,0,4,22.5,50.9,45.9,1.6,149.8
16766,1780419858833,0,4,22.3,51.7,32.5,3.1,147.3
16767,1780419858867,0,4,22.3,53.9,44.0,1.4,148.3
16768,1780419858900,0,4,22.6,53.5,43.2,2.2,151.7
16769,1780419858933,0,4,22.4,49.5,39.7,1.5,144.6
16770,1780419858967,0,4,22.8,51.9,48.5,1.8,157.8
16771,1780419859000,0,4,22.7,52.9,36.8,3.2,146.2
16772,1780419859033,0,4,22.3,50.8,33.8,1.7,145.5
16773,1780419859067,0,4,22.5,53.0,34.6,1.7,145.6
16774,1780419859100,0,4,22.5,52.4,36.8,3.6,156.2
16775,1780419859133,0,4,22.6,53.5,58.3,4.0,149.1
16776,1780419859167,0,4,22.8,51.5,34.2,2.9,144.8
16777,1780419859200,0,4,22.6,52.2,50.2,1.8,152.0
16778,1780419859233,0,4,22.5,48.7,52.5,2.7,148.5
16779,1780419859267,0,4,22.6,51.0,27.6,2.0,141.2
16780,1780419859300,0,4,22.4,49.3,45.8,1.2,157.4
16781,1780419859333,0,4,22.3,48.4,34.4,2.7,153.2
16782,1780419859367,0,4,22.6,52.1,54.8,1.3,151.3
16783,1780419859400,0,4,22.8,51.7,29.4,1.1,157.2
16784,1780419859433,0,4,22.5,50.0,23.0,1.4,156.2
16785,1780419859467,0,4,22.6,51.7,55.1,3.0,155.0
16786,1780419859500,0,4,22.4,49.0,56.1,3.0,142.7
16787,1780419859533,0,4,22.8,51.0,41.2,3.5,143.6
16788,1780419859567,0,4,22.3,50.9,56.6,3.1,159.3
16789,1780419859600,0,4,22.7,53.0,32.5,4.0,145.2
16790,1780419859633,0,4,22.2,48.3,33.4,2.9,149.9
16791,1780419859667,0,4,22.7,48.3,47.3,1.8,149.1
16792,1780419859700,0,4,22.6,51.7,43.0,3.6,155.6
16793,1780419859733,0,4,22.6,53.1,38.5,2.2,148.5
16794,1780419859767,0,4,22.7,53.9,40.4,3.4,151.5
16795,1780419859800,0,4,22.4,49.9,28.7,3.0,156.0
16796,1780419859833,0,4,22.6,51.9,21.2,3.1,142.9
16797,1780419859867,0,4,22.4,51.1,30.6,3.4,141.4
16798,1780419859900,0,4,22.5,51.4,40.7,1.2,142.3
16799,1780419859933,0,4,22.2,53.1,35.5,1.1,150.0
16800,1780419859967,0,4,22.7,53.4,49.6,3.3,147.8
16801,1780419860000,0,4,22.7,49.6,51.8,3.2,157.3
16802,1780419860033,0,4,22.7,53.9,55.6,2.6,145.0
16803,1780419860067,0,4,22.8,50.1,20.4,2.1,156.8
16804,1780419860100,0,4,22.8,50.0,47.0,1.1,142.5
16805,1780419860133,0,4,22.3,50.4,56.5,3.2,142.5
16806,1780419860167,0,4,22.6,52.7,59.6,1.4,146.6
16807,1780419860200,0,4,22.6,49.0,33.3,3.3,147.2
16808,1780419860233,0,4,22.2,51.2,55.0,2.9,156.2
16809,1780419860267,0,4,22.3,53.1,54.5,4.0,141.8
16810,1780419860300,0,4,22.8,51.3,31.6,3.6,144.1
16811,1780419860333,0,4,22.3,52.0,50.4,3.3,140.2
16812,1780419860367,0,4,22.4,53.8,21.0,2.5,141.6
16813,1780419860400,0,4,22.7,51.7,49.9,3.7,157.1
16814,1780419860433,0,4,22.5,50.7,26.1,4.0,144.3
16815,1780419860467,0,4,22.5,49.5,38.9,1.7,144.4
16816,1780419860500,0,4,22.3,49.6,34.5,1.8,151.7
16817,1780419860533,0,4,22.4,50.6,24.4,1.4,155.9
16818,1780419860567,0,4,22.8,51.1,55.9,2.5,148.3
16819,1780419860600,0,4,22.5,52.6,36.7,2.7,146.4
16820,1780419860633,0,4,22.7,48.9,32.5,2.0,155.4
16821,1780419860667,0,4,22.5,48.2,44.8,3.4,149.5
16822,1780419860700,0,4,22.6,51.3,30.2,2.2,159.8
16823,1780419860733,0,4,22.4,49.3,52.9,3.8,149.9
16824,1780419860767,0,4,22.2,50.5,46.3,2.2,144.1
16825,1780419860800,0,4,22.3,48.9,46.6,2.7,152.7
16826,1780419860833,0,4,22.3,49.2,32.3,1.8,158.2
16827,1780419860867,0,4,22.5,52.2,53.9,2.9,149.4
16828,1780419860900,0,4,22.3,52.0,58.6,1.1,141.2
16829,1780419860933,0,4,22.5,53.5,51.4,3.6,149.2
16830,1780419860967,0,4,22.3,54.0,20.1,3.5,152.3
16831,1780419861000,0,4,22.3,49.3,39.3,2.0,154.3
16832,1780419861033,0,4,22.8,53.7,35.7,3.4,141.1
16833,1780419861067,0,4,22.5,50.3,29.1,2.2,145.3
16834,1780419861100,0,4,22.7,48.5,20.2,2.8,146.4
16835,1780419861133,0,4,22.4,51.6,26.7,2.9,140.3
16836,1780419861167,0,4,22.6,53.3,49.4,4.0,153.5
16837,1780419861200,0,4,22.4,53.7,45.6,3.5,145.6
16838,1780419861233,0,4,22.3,52.2,23.5,3.7,140.8
16839,1780419861267,0,4,22.5,48.1,21.9,2.5,153.1
16840,1780419861300,0,4,22.3,53.7,33.4,2.1,141.6
16841,1780419861333,0,4,22.3,52.1,40.2,3.4,142.4
16842,1780419861367,0,4,22.7,52.4,41.0,4.0,148.5
16843,1780419861400,0,4,22.3,53.4,40.1,2.5,140.8
16844,1780419861433,0,4,22.6,52.6,58.3,3.1,147.7
16845,1780419861467,0,4,22.3,53.5,57.4,2.7,150.5
16846,1780419861500,0,4,22.4,52.0,54.5,1.3,157.0
16847,1780419861533,0,4,22.7,51.7,42.5,1.6,151.2
16848,1780419861567,0,4,22.4,49.9,42.2,3.4,158.7
16849,1780419861600,0,4,22.3,48.2,30.6,3.7,149.8
16850,1780419861633,0,4,22.8,50.4,47.8,2.8,148.1
16851,1780419861667,0,4,22.5,49.0,21.4,1.4,156.9
16852,1780419861700,0,4,22.2,50.5,27.6,3.0,140.8
16853,1780419861733,0,4,22.7,53.6,28.7,1.3,159.1
16854,1780419861767,0,4,22.6,53.0,27.8,1.2,158.5
16855,1780419861800,0,4,22.4,51.2,31.9,3.7,148.1
16856,1780419861833,0,4,22.3,48.1,48.3,3.0,142.3
16857,1780419861867,0,4,22.4,52.8,32.5,2.5,140.8
16858,1780419861900,0,4,22.8,50.7,21.9,2.2,143.7
16859,1780419861933,0,4,22.7,50.0,42.6,3.9,152.6
16860,1780419861967,0,4,22.6,53.1,27.6,1.2,146.1
16861,1780419862000,0,4,22.5,52.3,26.2,3.4,151.6
16862,1780419862033,0,4,22.4,50.0,22.8,2.3,140.1
16863,1780419862067,0,4,22.4,49.4,42.3,1.7,145.7
16864,1780419862100,0,4,22.7,49.9,58.7,3.7,151.4
16865,1780419862133,0,4,22.6,53.0,43.5,3.4,146.1
16866,1780419862167,0,4,22.4,49.9,57.7,3.4,157.8
16867,1780419862200,0,4,22.5,49.9,22.0,2.8,157.0
16868,1780419862233,0,4,22.4,52.7,21.7,2.6,151.0
16869,1780419862267,0,4,22.6,51.3,51.7,2.5,141.9
16870,1780419862300,0,4,22.4,50.4,48.9,3.0,140.8
16871,1780419862333,0,4,22.8,48.7,30.3,3.8,143.8
16872,1780419862367,0,4,22.6,49.2,39.9,3.7,146.0
16873,1780419862400,0,4,22.3,53.0,32.9,2.5,155.6
16874,1780419862433,0,4,22.2,48.3,45.3,3.8,146.8
16875,1780419862467,0,4,22.7,49.0,33.9,1.4,149.5
16876,1780419862500,0,4,22.6,48.9,33.1,3.4,158.1
16877,1780419862533,0,4,22.5,48.1,39.3,1.9,140.4
16878,1780419862567,0,4,22.6,49.2,22.0,1.1,158.4
16879,1780419862600,0,4,22.3,50.3,41.4,2.2,140.3
16880,1780419862633,0,4,22.2,53.5,39.4,3.8,141.5
16881,1780419862667,0,4,22.3,50.9,57.6,2.7,154.2
16882,1780419862700,0,4,22.4,51.7,52.4,1.2,160.0
16883,1780419862733,0,4,22.4,53.9,23.4,1.9,155.1
16884,1780419862767,0,4,22.7,48.1,21.4,1.2,158.2
16885,1780419862800,0,4,22.5,48.5,24.3,4.0,156.9
16886,1780419862833,0,4,22.4,53.8,57.8,3.4,141.1
16887,1780419862867,0,4,22.8,53.9,34.0,1.5,149.4
16888,1780419862900,0,4,22.7,51.0,20.8,1.6,154.1
16889,1780419862933,0,4,22.5,50.3,27.1,3.6,145.0
16890,1780419862967,0,4,22.7,52.2,43.8,2.2,143.3
16891,1780419863000,0,4,22.5,52.5,42.1,4.0,158.7
16892,1780419863033,0,4,22.7,51.0,37.7,3.6,144.8
16893,1780419863067,0,4,22.7,48.5,35.5,3.8,145.5
16894,1780419863100,0,4,22.6,49.8,39.7,2.8,159.0
16895,1780419863133,0,4,22.5,48.8,31.7,2.2,157.4
16896,1780419863167,0,4,22.8,50.1,28.4,1.8,149.0
16897,1780419863200,0,4,22.2,53.0,42.1,3.7,145.8
16898,1780419863233,0,4,22.6,51.4,50.4,3.4,160.0
16899,1780419863267,0,4,22.5,52.3,59.4,2.9,145.2
16900,1780419863300,0,4,22.4,48.8,35.3,3.7,143.9
16901,1780419863333,0,4,22.6,50.7,47.9,2.7,151.1
16902,1780419863367,0,4,22.4,50.2,51.6,1.0,153.8
16903,1780419863400,0,4,22.8,52.1,46.0,3.3,153.9
16904,1780419863433,0,4,22.2,48.8,23.7,3.9,159.7
16905,1780419863467,0,4,22.4,53.2,32.6,2.7,158.4
16906,1780419863500,0,4,22.4,50.8,20.6,2.9,154.0
16907,1780419863533,0,4,22.2,52.4,54.5,3.0,158.5
16908,1780419863567,0,4,22.4,50.6,49.1,1.2,153.0
16909,1780419863600,0,4,22.5,53.2,41.0,1.8,149.3
16910,1780419863633,0,4,22.6,53.8,27.2,1.7,151.6
16911,1780419863667,0,4,22.7,48.3,53.3,4.0,148.1
16912,1780419863700,0,4,22.2,49.5,45.7,3.0,154.1
16913,1780419863733,0,4,22.5,50.1,20.3,2.7,154.3
16914,1780419863767,0,4,22.7,51.0,20.9,3.6,157.5
16915,1780419863800,0,4,22.6,53.3,26.7,3.4,159.2
16916,1780419863833,0,4,22.2,52.1,53.8,3.3,144.2
16917,1780419863867,0,4,22.6,53.9,59.7,2.2,155.1
16918,1780419863900,0,4,22.3,48.3,49.9,2.5,154.9
16919,1780419863933,0,4,22.6,51.7,46.6,3.7,156.2
16920,1780419863967,0,4,22.8,52.7,55.3,2.1,153.4
16921,1780419864000,0,4,22.8,49.5,41.9,3.6,143.7
16922,1780419864033,0,4,22.3,53.8,35.5,3.0,158.7
16923,1780419864067,0,4,22.7,50.6,40.3,2.1,152.8
16924,1780419864100,0,4,22.4,53.7,47.6,1.1,155.3
16925,1780419864133,0,4,22.3,49.2,55.0,3.4,152.8
16926,1780419864167,0,4,22.6,49.0,31.1,3.0,156.2
16927,1780419864200,0,4,22.3,49.5,23.8,3.7,148.9
16928,1780419864233,0,4,22.3,48.3,39.1,1.5,152.9
16929,1780419864267,0,4,22.6,51.7,40.0,3.1,140.1
16930,1780419864300,0,4,22.8,52.6,29.9,2.1,150.9
16931,1780419864333,0,4,22.7,49.9,26.8,1.1,150.0
16932,1780419864367,0,4,22.4,52.5,45.2,3.3,141.5
16933,1780419864400,0,4,22.6,52.3,30.4,3.2,156.4
16934,1780419864433,0,4,22.7,52.2,41.7,1.7,140.0
16935,1780419864467,0,4,22.2,52.8,48.9,1.2,148.5
16936,1780419864500,0,4,22.3,50.9,37.3,2.8,157.6
16937,1780419864533,0,4,22.7,48.9,28.5,3.5,149.3
16938,1780419864567,0,4,22.6,52.0,36.2,2.6,157.2
16939,1780419864600,0,4,22.8,50.7,55.6,3.3,151.7
16940,1780419864633,0,4,22.3,53.1,47.1,3.9,153.7
16941,1780419864667,0,4,22.2,49.2,57.8,1.5,158.1
16942,1780419864700,0,4,22.8,53.5,31.8,1.3,156.7
16943,1780419864733,0,4,22.2,51.3,23.4,3.8,149.9
16944,1780419864767,0,4,22.6,52.5,56.8,3.9,141.6
16945,1780419864800,0,4,22.5,52.1,47.5,3.9,145.7
16946,1780419864833,0,4,22.4,52.9,29.5,3.2,141.1
16947,1780419864867,0,4,22.2,52.8,57.1,2.3,146.6
16948,1780419864900,0,4,22.3,52.7,34.9,3.4,159.8
16949,1780419864933,0,4,22.7,53.5,44.4,2.3,141.8
16950,1780419864967,0,4,22.7,48.1,35.0,1.1,158.9
16951,1780419865000,0,4,22.7,48.8,43.7,4.0,154.6
16952,1780419865033,0,4,22.3,53.4,36.2,3.6,146.6
16953,1780419865067,0,4,22.6,52.6,47.7,3.2,141.7
16954,1780419865100,0,4,22.4,52.8,25.6,1.9,150.1
16955,1780419865133,0,4,22.4,52.0,37.3,3.6,142.8
16956,1780419865167,0,4,22.8,53.9,27.9,1.5,145.3
16957,1780419865200,0,4,22.6,52.1,42.3,3.3,157.2
16958,1780419865233,0,4,22.4,48.0,57.4,1.9,151.9
16959,1780419865267,0,4,22.3,48.2,33.7,1.7,153.8
16960,1780419865300,0,4,22.2,53.7,54.6,1.2,154.1
16961,1780419865333,0,4,22.3,53.7,29.4,3.6,156.7
16962,1780419865367,0,4,22.3,48.8,59.6,2.2,142.6
16963,1780419865400,0,4,22.2,50.4,42.5,3.0,144.3
16964,1780419865433,0,4,22.4,51.4,20.1,1.8,157.6
16965,1780419865467,0,4,22.4,53.1,53.8,1.8,145.5
16966,1780419865500,0,4,22.3,51.5,44.4,1.0,144.2
16967,1780419865533,0,4,22.2,51.2,55.4,2.5,153.0
16968,1780419865567,0,4,22.6,51.9,22.5,4.0,148.9
16969,1780419865600,0,4,22.5,48.8,52.0,3.9,146.2
16970,1780419865633,0,4,22.7,51.3,58.2,2.4,154.0
16971,1780419865667,0,4,22.7,53.8,31.0,3.4,150.3
16972,1780419865700,0,4,22.3,50.7,57.1,1.9,153.0
16973,1780419865733,0,4,22.3,50.0,45.6,2.7,143.7
16974,1780419865767,0,4,22.4,52.8,44.5,2.6,156.3
16975,1780419865800,0,4,22.2,49.2,31.4,3.5,142.6
16976,1780419865833,0,4,22.3,53.0,45.0,2.5,148.6
16977,1780419865867,0,4,22.7,50.5,29.8,2.6,149.1
16978,1780419865900,0,4,22.2,48.1,53.6,3.5,148.9
16979,1780419865933,0,4,22.2,51.6,52.4,3.5,152.3
16980,1780419865967,0,4,22.3,48.8,20.0,3.0,154.5
16981,1780419866000,0,4,22.7,48.4,41.9,1.4,149.0
16982,1780419866033,0,4,22.5,51.8,43.5,3.3,144.9
16983,1780419866067,0,4,22.4,53.6,57.0,1.9,150.8
16984,1780419866100,0,4,22.3,51.4,58.5,2.2,158.4
16985,1780419866133,0,4,22.7,51.8,26.4,2.1,144.6
16986,1780419866167,0,4,22.7,49.6,57.0,2.4,142.3
16987,1780419866200,0,4,22.3,51.2,46.7,1.3,146.7
16988,1780419866233,0,4,22.5,50.0,56.6,3.2,154.3
16989,1780419866267,0,4,22.4,52.0,47.0,2.9,154.1
16990,1780419866300,0,4,22.4,48.1,56.5,2.1,141.4
16991,1780419866333,0,4,22.4,52.0,33.3,2.3,143.9
16992,1780419866367,0,4,22.4,52.4,53.3,3.1,147.8
16993,1780419866400,0,4,22.7,53.6,26.2,2.4,156.7
16994,1780419866433,0,4,22.7,50.7,40.7,3.7,142.0
16995,1780419866467,0,4,22.5,49.9,36.5,1.6,149.5
16996,1780419866500,0,4,22.4,51.9,21.8,3.8,158.5
16997,1780419866533,0,4,22.3,53.6,22.1,3.9,150.9
16998,1780419866567,0,4,22.3,53.6,55.1,2.2,155.4
16999,1780419866600,0,4,22.7,48.1,55.1,3.1,159.1
17000,1780419866633,0,4,22.3,48.3,52.9,1.5,159.8
17001,1780419866667,0,4,22.6,51.6,38.2,3.6,156.5
17002,1780419866700,0,4,22.3,50.9,34.0,3.5,148.5
17003,1780419866733,0,4,22.5,50.1,23.6,2.7,145.2
17004,1780419866767,0,4,22.4,52.4,28.5,3.4,148.6
17005,1780419866800,0,4,22.5,51.1,45.8,1.6,148.0
17006,1780419866833,0,4,22.7,49.6,38.9,3.9,154.9
17007,1780419866867,0,4,22.7,52.3,21.0,1.8,154.6
17008,1780419866900,0,4,22.2,49.0,26.8,1.5,143.5
17009,1780419866933,0,4,22.7,52.0,36.7,3.1,151.5
17010,1780419866967,0,4,22.3,53.8,30.1,3.8,141.0
17011,1780419867000,0,4,22.3,53.1,32.0,2.2,145.4
17012,1780419867033,0,4,22.8,50.5,25.2,1.6,146.0
17013,1780419867067,0,4,22.5,51.5,42.3,3.8,153.9
17014,1780419867100,0,4,22.8,53.0,34.1,2.0,156.0
17015,1780419867133,0,4,22.2,53.0,39.6,2.6,142.6
17016,1780419867167,0,4,22.5,48.5,42.7,1.9,152.1
17017,1780419867200,0,4,22.7,49.9,55.2,1.2,155.5
17018,1780419867233,0,4,22.7,50.9,39.0,2.4,159.5
17019,1780419867267,0,4,22.8,50.3,41.6,1.5,142.3
17020,1780419867300,0,4,22.5,53.6,49.5,2.8,145.3
17021,1780419867333,0,4,22.2,52.5,33.8,3.8,141.9
17022,1780419867367,0,4,22.4,49.2,33.6,1.3,147.0
17023,1780419867400,0,4,22.8,53.8,38.3,3.8,142.7
17024,1780419867433,0,4,22.5,49.2,25.1,1.7,156.5
17025,1780419867467,0,4,22.2,52.0,38.7,1.4,154.3
17026,1780419867500,0,4,22.6,48.9,50.4,3.7,159.7
17027,1780419867533,0,4,22.2,51.4,22.4,3.2,145.0
17028,1780419867567,0,4,22.5,52.0,21.7,3.1,155.6
17029,1780419867600,0,4,22.3,50.9,59.8,3.1,153.4
17030,1780419867633,0,4,22.5,51.6,38.1,1.6,143.2
17031,1780419867667,0,4,22.5,51.0,58.3,2.7,144.4
17032,1780419867700,0,4,22.5,49.8,58.0,1.6,143.1
17033,1780419867733,0,4,22.7,48.4,29.5,3.6,157.3
17034,1780419867767,0,4,22.4,52.8,44.2,2.1,149.7
17035,1780419867800,0,4,22.7,51.0,35.4,3.7,149.5
17036,1780419867833,0,4,22.7,52.4,49.4,1.8,158.2
17037,1780419867867,0,4,22.3,50.7,45.9,3.3,152.5
17038,1780419867900,0,4,22.2,49.1,23.5,2.5,145.3
17039,1780419867933,0,4,22.6,50.4,30.4,2.9,157.8
17040,1780419867967,0,4,22.4,49.8,52.5,1.2,159.8
17041,1780419868000,0,4,22.6,49.2,21.1,3.5,156.3
17042,1780419868033,0,4,22.4,50.1,35.7,2.2,151.9
17043,1780419868067,0,4,22.5,53.6,23.5,1.4,155.1
17044,1780419868100,0,4,22.3,52.3,52.3,3.1,149.6
17045,1780419868133,0,4,22.7,50.5,43.0,3.8,152.5
17046,1780419868167,0,4,22.2,49.1,51.0,1.6,143.5
17047,1780419868200,0,4,22.4,51.2,26.8,2.9,154.3
17048,1780419868233,0,4,22.3,51.0,34.1,1.7,155.1
17049,1780419868267,0,4,22.6,50.0,38.7,2.5,155.6
17050,1780419868300,0,4,22.4,52.7,34.0,2.8,142.8
17051,1780419868333,0,4,22.7,53.1,50.3,1.9,159.7
17052,1780419868367,0,4,22.7,50.5,42.5,3.8,141.7
17053,1780419868400,0,4,22.7,49.9,38.8,2.1,158.3
17054,1780419868433,0,4,22.5,51.9,42.2,1.7,153.8
17055,1780419868467,0,4,22.6,49.4,25.2,2.3,151.9
17056,1780419868500,0,4,22.4,49.1,44.8,3.7,146.7
17057,1780419868533,0,4,22.4,50.6,37.1,3.0,153.0
17058,1780419868567,0,4,22.4,53.2,50.5,2.8,150.9
17059,1780419868600,0,4,22.3,49.5,28.5,3.9,146.6
17060,1780419868633,0,4,22.5,54.0,39.9,3.3,153.2
17061,1780419868667,0,4,22.7,51.1,24.7,3.2,152.5
17062,1780419868700,0,4,22.8,51.4,55.3,3.3,153.7
17063,1780419868733,0,4,22.3,52.7,50.5,3.0,149.6
17064,1780419868767,0,4,22.3,51.2,25.6,2.5,140.9
17065,1780419868800,0,4,22.3,49.3,55.7,1.4,159.5
17066,1780419868833,0,4,22.6,53.8,20.8,3.8,152.0
17067,1780419868867,0,4,22.7,49.5,40.0,2.1,143.1
17068,1780419868900,0,4,22.5,51.2,45.8,2.7,152.8
17069,1780419868933,0,4,22.8,52.7,28.6,3.2,149.1
17070,1780419868967,0,4,22.8,48.9,53.7,3.5,149.8
17071,1780419869000,0,4,22.6,51.9,48.5,2.3,140.6
17072,1780419869033,0,4,22.5,52.9,23.6,1.7,141.0
17073,1780419869067,0,4,22.2,50.6,49.8,3.7,147.0
17074,1780419869100,0,4,22.2,53.9,44.5,2.7,154.9
17075,1780419869133,0,4,22.6,49.7,20.6,2.8,142.9
17076,1780419869167,0,4,22.4,51.8,56.3,2.6,140.4
17077,1780419869200,0,4,22.6,49.8,30.8,2.8,146.2
17078,1780419869233,0,4,22.6,51.3,23.4,1.1,157.5
17079,1780419869267,0,4,22.5,52.0,48.1,1.7,158.1
17080,1780419869300,0,4,22.7,51.6,45.1,1.6,150.9
17081,1780419869333,0,4,22.7,49.1,35.1,3.6,151.0
17082,1780419869367,0,4,22.3,53.5,46.9,1.5,143.9
17083,1780419869400,0,4,22.7,52.4,30.7,2.5,143.5
17084,1780419869433,0,4,22.4,50.4,35.2,3.7,147.4
17085,1780419869467,0,4,22.3,53.0,26.2,3.7,141.4
17086,1780419869500,0,4,22.5,53.8,56.0,2.2,157.5
17087,1780419869533,0,4,22.6,53.3,41.7,3.4,155.6
17088,1780419869567,0,4,22.3,49.9,56.0,3.0,156.5
17089,1780419869600,0,4,22.8,52.5,44.9,1.7,148.1
17090,1780419869633,0,4,22.6,48.7,53.3,1.9,154.7
17091,1780419869667,0,4,22.4,49.1,42.7,2.0,144.3
17092,1780419869700,0,4,22.4,49.3,59.6,3.1,157.0
17093,1780419869733,0,4,22.5,48.9,41.6,2.9,159.3
17094,1780419869767,0,4,22.7,49.1,21.3,4.0,146.0
17095,1780419869800,0,4,22.4,52.2,37.5,1.2,141.0
17096,1780419869833,0,4,22.2,49.8,43.7,2.9,144.2
17097,1780419869867,0,4,22.4,52.8,43.9,2.2,154.2
17098,1780419869900,0,4,22.6,49.6,39.6,1.3,152.6
17099,1780419869933,0,4,22.7,48.8,44.0,1.6,152.3
17100,1780419869967,0,4,22.4,52.4,30.5,2.9,156.3
17101,1780419870000,0,4,22.6,48.5,35.2,2.6,140.3
17102,1780419870033,0,4,22.6,53.8,45.2,3.1,148.8
17103,1780419870067,0,4,22.7,51.8,45.7,3.1,140.3
17104,1780419870100,0,4,22.4,48.3,39.8,2.0,148.8
17105,1780419870133,0,4,22.5,51.4,60.0,2.0,151.1
17106,1780419870167,0,4,22.5,49.3,25.7,3.8,143.4
17107,1780419870200,0,4,22.4,51.9,45.8,3.0,142.4
17108,1780419870233,0,4,22.3,53.1,50.3,2.6,153.8
17109,1780419870267,0,4,22.3,51.0,26.0,3.2,151.9
17110,1780419870300,0,4,22.4,52.6,32.4,1.1,143.2
17111,1780419870333,0,4,22.5,53.5,47.1,1.1,143.3
17112,1780419870367,0,4,22.5,49.8,58.7,2.1,157.3
17113,1780419870400,0,4,22.5,51.0,47.8,2.2,143.5
17114,1780419870433,0,4,22.6,52.9,54.3,1.1,143.4
17115,1780419870467,0,4,22.5,51.6,33.0,3.5,159.8
17116,1780419870500,0,4,22.4,52.0,41.8,1.6,142.7
17117,1780419870533,0,4,22.6,48.5,35.8,3.1,146.3
17118,1780419870567,0,4,22.7,49.4,22.1,2.2,147.3
17119,1780419870600,0,4,22.8,53.0,45.9,2.6,144.9
17120,1780419870633,0,4,22.6,53.1,24.2,3.6,149.3
17121,1780419870667,0,4,22.4,52.2,40.7,3.0,153.6
17122,1780419870700,0,4,22.8,53.1,27.1,3.8,143.7
17123,1780419870733,0,4,22.4,52.1,44.3,1.7,156.8
17124,1780419870767,0,4,22.6,51.9,38.4,3.2,152.0
17125,1780419870800,0,4,22.5,48.9,22.5,1.9,141.7
17126,1780419870833,0,4,22.8,48.4,47.3,1.8,155.2
17127,1780419870867,0,4,22.3,49.4,49.5,2.4,140.5
17128,1780419870900,0,4,22.3,52.4,45.5,1.8,152.9
17129,1780419870933,0,4,22.8,52.1,25.7,1.0,159.4
17130,1780419870967,0,4,22.3,48.9,30.6,1.7,156.7
17131,1780419871000,0,4,22.6,51.3,27.6,1.4,143.0
17132,1780419871033,0,4,22.6,49.2,39.6,3.0,158.4
17133,1780419871067,0,4,22.4,51.9,29.1,3.4,148.7
17134,1780419871100,0,4,22.3,52.8,46.1,3.8,154.8
17135,1780419871133,0,4,22.5,48.1,42.4,3.7,142.7
17136,1780419871167,0,4,22.5,49.4,37.3,3.9,140.9
17137,1780419871200,0,4,22.3,53.8,50.9,3.2,155.6
17138,1780419871233,0,4,22.2,51.5,27.1,1.7,154.5
17139,1780419871267,0,4,22.3,50.5,28.9,1.9,150.1
17140,1780419871300,0,4,22.2,52.9,46.7,1.2,153.5
17141,1780419871333,0,4,22.2,51.8,43.7,1.5,150.1
17142,1780419871367,0,4,22.8,52.5,55.2,1.7,156.8
17143,1780419871400,0,4,22.4,48.1,27.9,2.4,145.5
17144,1780419871433,0,4,22.4,50.2,23.7,1.6,147.3
17145,1780419871467,0,4,22.2,50.2,53.4,1.9,158.3
17146,1780419871500,0,4,22.5,49.1,42.2,2.9,144.2
17147,1780419871533,0,4,22.2,52.9,36.0,1.4,151.5
17148,1780419871567,0,4,22.2,50.2,57.1,3.4,156.4
17149,1780419871600,0,4,22.7,48.1,21.7,3.0,152.8
17150,1780419871633,0,4,22.6,48.2,36.2,2.4,144.9
17151,1780419871667,0,4,22.5,48.9,56.9,2.7,150.2
17152,1780419871700,0,4,22.4,48.1,32.0,1.5,144.9
17153,1780419871733,0,4,22.5,52.2,28.6,2.7,157.4
17154,1780419871767,0,4,22.7,51.9,44.4,2.5,152.9
17155,1780419871800,0,4,22.4,50.8,23.5,2.8,150.9
17156,1780419871833,0,4,22.8,50.4,47.4,2.7,153.6
17157,1780419871867,0,4,22.6,49.7,35.2,2.2,149.2
17158,1780419871900,0,4,22.7,52.5,29.4,3.8,159.4
17159,1780419871933,0,4,22.8,49.3,30.6,2.7,153.7
17160,1780419871967,0,4,22.5,50.1,26.0,2.0,146.8
17161,1780419872000,0,4,22.5,51.8,31.9,2.1,154.5
17162,1780419872033,0,4,22.8,51.6,30.0,1.7,150.2
17163,1780419872067,0,4,22.3,50.6,25.1,1.2,158.8
17164,1780419872100,0,4,22.8,53.4,41.7,2.3,155.3
17165,1780419872133,0,4,22.4,52.3,25.4,2.0,159.1
17166,1780419872167,0,4,22.7,48.1,54.8,2.9,151.0
17167,1780419872200,0,4,22.2,49.2,48.7,2.4,155.4
17168,1780419872233,0,4,22.7,52.1,29.2,3.8,148.2
17169,1780419872267,0,4,22.7,49.8,23.1,1.6,159.7
17170,1780419872300,0,4,22.4,51.4,28.9,3.1,141.5
17171,1780419872333,0,4,22.4,50.5,29.2,2.5,152.9
17172,1780419872367,0,4,22.3,53.6,40.8,1.7,158.9
17173,1780419872400,0,4,22.3,48.6,29.2,3.6,159.6
17174,1780419872433,0,4,22.2,53.1,57.4,3.8,158.5
17175,1780419872467,0,4,22.6,53.4,38.5,2.2,143.8
17176,1780419872500,0,4,22.4,48.2,53.3,1.7,155.1
17177,1780419872533,0,4,22.5,50.3,22.7,1.9,154.7
17178,1780419872567,0,4,22.6,52.8,38.7,3.3,148.9
17179,1780419872600,0,4,22.5,53.4,53.7,3.9,156.8
17180,1780419872633,0,4,22.3,48.6,28.3,2.9,151.9
17181,1780419872667,0,4,22.5,50.6,37.0,2.2,155.0
17182,1780419872700,0,4,22.5,52.0,52.3,2.5,158.2
17183,1780419872733,0,4,22.6,51.2,26.3,2.3,150.6
17184,1780419872767,0,4,22.3,50.7,55.2,3.7,140.4
17185,1780419872800,0,4,22.7,52.9,54.3,2.1,142.9
17186,1780419872833,0,4,22.7,50.0,48.2,3.4,144.6
17187,1780419872867,0,4,22.5,49.7,51.5,2.4,141.1
17188,1780419872900,0,4,22.4,48.9,24.3,2.4,143.6
17189,1780419872933,0,4,22.4,51.8,45.8,1.7,152.6
17190,1780419872967,0,4,22.7,49.8,53.4,1.7,145.2
17191,1780419873000,0,4,22.4,53.5,24.0,3.1,141.3
17192,1780419873033,0,4,22.4,51.3,27.6,3.4,157.7
17193,1780419873067,0,4,22.7,53.4,21.4,2.5,158.3
17194,1780419873100,0,4,22.2,52.9,45.9,1.1,159.7
17195,1780419873133,0,4,22.2,48.8,30.8,1.9,156.8
17196,1780419873167,0,4,22.2,49.6,21.0,1.4,155.3
17197,1780419873200,0,4,22.4,51.7,57.9,1.9,149.4
17198,1780419873233,0,4,22.3,53.6,23.2,3.2,153.1
17199,1780419873267,0,4,22.4,50.5,30.8,2.6,142.5
17200,1780419873300,0,4,22.7,53.7,21.3,3.6,158.5
17201,1780419873333,0,4,22.3,52.7,24.6,1.3,152.2
17202,1780419873367,0,4,22.6,51.6,30.6,2.3,153.9
17203,1780419873400,0,4,22.3,52.5,39.6,2.1,142.9
17204,1780419873433,0,4,22.2,50.2,32.8,3.1,148.9
17205,1780419873467,0,4,22.7,53.0,37.5,3.3,156.2
17206,1780419873500,0,4,22.5,54.0,36.0,1.7,158.1
17207,1780419873533,0,4,22.6,52.4,27.5,3.6,155.9
17208,1780419873567,0,4,22.4,52.4,30.6,3.7,142.4
17209,1780419873600,0,4,22.5,48.4,40.7,2.3,148.5
17210,1780419873633,0,4,22.8,50.2,55.6,1.0,141.7
17211,1780419873667,0,4,22.3,49.5,49.0,1.4,145.9
17212,1780419873700,0,4,22.4,51.0,38.0,2.3,159.3
17213,1780419873733,0,4,22.3,48.9,20.9,1.7,143.4
17214,1780419873767,0,4,22.5,48.0,48.3,4.0,153.1
17215,1780419873800,0,4,22.8,50.4,48.7,3.8,156.9
17216,1780419873833,0,4,22.7,51.7,48.5,4.0,145.5
17217,1780419873867,0,4,22.7,53.2,28.3,2.0,146.6
17218,1780419873900,0,4,22.2,50.3,42.7,3.8,152.7
17219,1780419873933,0,4,22.3,53.5,45.2,1.8,158.3
17220,1780419873967,0,4,22.4,53.6,36.9,1.5,157.1
17221,1780419874000,0,4,22.4,51.4,23.3,2.5,142.3
17222,1780419874033,0,4,22.4,53.7,58.4,3.8,149.9
17223,1780419874067,0,4,22.3,52.6,45.2,3.0,150.8
17224,1780419874100,0,4,22.8,53.4,23.4,3.8,150.7
17225,1780419874133,0,4,22.2,51.3,31.7,2.3,146.6
17226,1780419874167,0,4,22.7,52.3,41.6,2.2,157.8
17227,1780419874200,0,4,22.4,52.5,26.7,3.7,153.8
17228,1780419874233,0,4,22.2,51.7,34.7,3.9,145.6
17229,1780419874267,0,4,22.7,53.3,58.8,3.0,143.1
17230,1780419874300,0,4,22.3,50.9,27.5,3.0,142.0
17231,1780419874333,0,4,22.6,53.2,34.5,2.6,152.7
17232,1780419874367,0,4,22.7,53.2,57.4,2.4,144.8
17233,1780419874400,0,4,22.5,51.6,50.4,3.5,144.4
17234,1780419874433,0,4,22.5,49.8,46.3,1.1,147.1
17235,1780419874467,0,4,22.3,52.1,40.3,1.8,151.8
17236,1780419874500,0,4,22.4,49.3,25.4,2.5,144.8
17237,1780419874533,0,4,22.4,50.7,40.8,1.0,142.8
17238,1780419874567,0,4,22.6,51.4,22.2,2.5,140.6
17239,1780419874600,0,4,22.5,53.5,52.0,1.7,148.5
17240,1780419874633,0,4,22.5,53.8,54.4,2.5,143.8
17241,1780419874667,0,4,22.8,53.5,24.1,2.0,140.4
17242,1780419874700,0,4,22.7,51.9,23.2,2.4,154.8
17243,1780419874733,0,4,22.4,49.6,23.4,2.5,143.1
17244,1780419874767,0,4,22.6,52.9,31.1,2.7,146.3
17245,1780419874800,0,4,22.5,51.5,46.1,1.4,141.9
17246,1780419874833,0,4,22.7,49.2,56.6,3.3,153.9
17247,1780419874867,0,4,22.6,50.7,53.4,3.4,153.8
17248,1780419874900,0,4,22.3,52.0,30.8,3.2,153.4
17249,1780419874933,0,4,22.5,53.5,43.1,3.9,155.5
17250,1780419874967,0,4,22.7,51.5,34.8,1.7,157.0
17251,1780419875000,0,4,22.4,52.3,39.8,3.7,155.7
17252,1780419875033,0,4,22.6,48.5,31.8,1.2,158.5
17253,1780419875067,0,4,22.3,51.3,31.3,2.4,158.6
17254,1780419875100,0,4,22.2,49.2,52.7,1.1,148.1
17255,1780419875133,0,4,22.7,49.2,41.0,2.3,159.2
17256,1780419875167,0,4,22.8,48.5,34.3,1.4,153.2
17257,1780419875200,0,4,22.7,54.0,48.8,1.1,147.7
17258,1780419875233,0,4,22.5,51.9,34.5,1.9,148.8
17259,1780419875267,0,4,22.6,52.5,46.5,3.4,142.5
17260,1780419875300,0,4,22.3,50.4,37.2,2.5,158.4
17261,1780419875333,0,4,22.2,53.8,46.1,2.0,152.2
17262,1780419875367,0,4,22.6,48.1,31.9,3.2,158.6
17263,1780419875400,0,4,22.3,52.7,33.0,2.4,155.1
17264,1780419875433,0,4,22.3,48.8,56.1,2.2,141.0
17265,1780419875467,0,4,22.8,52.5,38.2,3.6,150.2
17266,1780419875500,0,4,22.6,51.0,37.6,1.8,142.6
17267,1780419875533,0,4,22.3,50.3,36.2,3.6,150.6
17268,1780419875567,0,4,22.3,50.3,25.4,2.7,145.4
17269,1780419875600,0,4,22.5,48.7,41.4,2.9,145.9
17270,1780419875633,0,4,22.2,50.5,31.4,1.6,149.7
17271,1780419875667,0,4,22.3,53.7,36.4,2.8,152.6
17272,1780419875700,0,4,22.5,48.3,40.2,3.4,159.3
17273,1780419875733,0,4,22.4,50.5,32.4,1.2,153.2
17274,1780419875767,0,4,22.6,53.8,40.1,2.4,156.4
17275,1780419875800,0,4,22.5,52.9,31.6,1.1,146.1
17276,1780419875833,0,4,22.6,50.1,44.4,3.9,145.5
17277,1780419875867,0,4,22.7,50.9,56.1,2.7,140.8
17278,1780419875900,0,4,22.4,48.9,41.6,3.2,150.0
17279,1780419875933,0,4,22.4,53.0,31.1,1.5,146.6
17280,1780419875967,0,4,22.7,49.9,59.4,3.1,140.2
17281,1780419876000,0,4,22.5,51.4,54.3,2.3,146.8
17282,1780419876033,0,4,22.7,48.0,56.5,1.2,141.7
17283,1780419876067,0,4,22.3,51.2,57.3,3.3,150.0
17284,1780419876100,0,4,22.8,50.7,27.9,1.3,158.3
17285,1780419876133,0,4,22.3,52.9,46.7,3.5,141.0
17286,1780419876167,0,4,22.8,52.1,28.8,2.5,156.1
17287,1780419876200,0,4,22.6,48.6,45.5,3.2,141.4
17288,1780419876233,0,4,22.8,51.6,51.3,1.9,159.5
17289,1780419876267,0,4,22.2,53.2,32.2,3.4,152.5
17290,1780419876300,0,4,22.2,51.0,47.9,1.6,157.4
17291,1780419876333,0,4,22.5,53.5,39.8,2.4,142.7
17292,1780419876367,0,4,22.3,51.8,26.3,1.3,142.6
17293,1780419876400,0,4,22.3,52.9,39.4,2.7,147.0
17294,1780419876433,0,4,22.7,48.2,52.2,3.7,149.0
17295,1780419876467,0,4,22.4,48.8,22.6,3.4,156.9
17296,1780419876500,0,4,22.5,53.8,59.9,2.1,150.4
17297,1780419876533,0,4,22.4,48.7,45.6,1.5,143.4
17298,1780419876567,0,4,22.5,49.0,39.4,3.0,153.1
17299,1780419876600,0,4,22.4,53.0,58.4,1.5,147.4
17300,1780419876633,0,4,22.3,52.6,54.8,3.7,144.4
17301,1780419876667,0,4,22.6,50.6,22.7,3.6,141.4
17302,1780419876700,0,4,22.3,48.3,49.1,1.8,147.2
17303,1780419876733,0,4,22.5,50.1,31.7,1.5,155.9
17304,1780419876767,0,4,22.5,53.5,36.6,3.1,146.2
17305,1780419876800,0,4,22.3,53.9,54.8,2.5,158.2
17306,1780419876833,0,4,22.6,52.4,24.9,3.1,155.5
17307,1780419876867,0,4,22.7,53.0,33.7,3.9,141.7
17308,1780419876900,0,4,22.4,48.8,43.1,3.7,145.3
17309,1780419876933,0,4,22.5,53.9,59.8,3.1,146.2
17310,1780419876967,0,4,22.2,50.9,47.9,3.2,153.3
17311,1780419877000,0,4,22.3,50.1,42.3,1.6,153.6
17312,1780419877033,0,4,22.4,53.4,39.3,2.4,146.2
17313,1780419877067,0,4,22.6,49.0,39.0,2.7,148.3
17314,1780419877100,0,4,22.5,49.1,38.9,3.0,141.4
17315,1780419877133,0,4,22.3,52.0,24.5,3.9,149.6
17316,1780419877167,0,4,22.3,52.9,40.6,1.9,142.7
17317,1780419877200,0,4,22.5,50.8,47.0,1.7,154.4
17318,1780419877233,0,4,22.6,52.1,54.2,2.8,145.6
17319,1780419877267,0,4,22.2,48.4,23.8,1.7,143.2
17320,1780419877300,0,4,22.4,51.4,48.4,2.8,145.1
17321,1780419877333,0,4,22.4,52.7,20.6,2.2,146.5
17322,1780419877367,0,4,22.3,50.7,20.7,3.3,147.4
17323,1780419877400,0,4,22.2,52.4,49.9,1.2,142.4
17324,1780419877433,0,4,22.7,50.7,58.3,1.6,143.2
17325,1780419877467,0,4,22.2,52.5,33.1,1.3,158.6
17326,1780419877500,0,4,22.5,52.2,34.5,2.2,151.6
17327,1780419877533,0,4,22.3,48.4,51.1,3.1,142.7
17328,1780419877567,0,4,22.6,48.7,37.1,3.9,151.0
17329,1780419877600,0,4,22.6,54.0,39.1,2.7,152.8
17330,1780419877633,0,4,22.3,49.7,59.6,3.5,152.7
17331,1780419877667,0,4,22.4,51.9,28.2,1.1,144.4
17332,1780419877700,0,4,22.4,49.7,33.8,2.2,159.9
17333,1780419877733,0,4,22.3,48.5,39.7,2.0,142.0
17334,1780419877767,0,4,22.4,53.1,37.8,3.2,145.0
17335,1780419877800,0,4,22.5,51.9,46.1,1.5,152.8
17336,1780419877833,0,4,22.7,50.9,57.6,1.9,156.6
17337,1780419877867,0,4,22.7,53.5,46.7,1.3,144.4
17338,1780419877900,0,4,22.2,50.9,25.0,3.5,159.8
17339,1780419877933,0,4,22.3,53.0,36.5,3.3,142.8
17340,1780419877967,0,4,22.7,51.2,33.2,3.7,147.1
17341,1780419878000,0,4,22.6,49.7,45.2,2.6,149.8
17342,1780419878033,0,4,22.5,49.2,47.8,2.6,151.5
17343,1780419878067,0,4,22.6,50.5,31.1,1.2,152.4
17344,1780419878100,0,4,22.5,49.3,27.3,2.6,141.5
17345,1780419878133,0,4,22.4,50.2,24.7,3.0,153.7
17346,1780419878167,0,4,22.3,53.5,29.0,1.8,142.6
17347,1780419878200,0,4,22.4,51.5,42.4,1.6,155.4
17348,1780419878233,0,4,22.7,50.9,54.0,2.4,147.8
17349,1780419878267,0,4,22.7,51.6,37.3,3.7,158.4
17350,1780419878300,0,4,22.5,54.0,32.7,4.0,155.9
17351,1780419878333,0,4,22.3,49.1,44.7,3.5,153.0
17352,1780419878367,0,4,22.3,49.8,22.0,3.4,140.5
17353,1780419878400,0,4,22.3,53.7,42.1,2.5,157.1
17354,1780419878433,0,4,22.2,49.1,35.2,1.4,154.8
17355,1780419878467,0,4,22.6,53.0,45.7,1.8,149.1
17356,1780419878500,0,4,22.4,51.3,39.9,2.1,141.3
17357,1780419878533,0,4,22.5,49.4,32.1,2.5,150.9
17358,1780419878567,0,4,22.3,52.8,33.8,1.2,156.0
17359,1780419878600,0,4,22.3,50.2,58.7,1.8,158.3
17360,1780419878633,0,4,22.7,49.8,49.0,3.8,154.1
17361,1780419878667,0,4,22.6,53.3,48.7,2.4,146.0
17362,1780419878700,0,4,22.5,53.4,38.2,1.8,142.8
17363,1780419878733,0,4,22.5,51.0,31.4,2.1,151.0
17364,1780419878767,0,4,22.2,48.5,38.8,1.9,143.0
17365,1780419878800,0,4,22.4,51.5,33.9,3.6,145.2
17366,1780419878833,0,4,22.6,53.8,52.9,2.3,143.9
17367,1780419878867,0,4,22.7,53.3,28.9,2.1,150.9
17368,1780419878900,0,4,22.2,49.0,42.8,3.1,147.8
17369,1780419878933,0,4,22.3,52.7,34.7,1.5,147.8
17370,1780419878967,0,4,22.5,50.0,25.4,2.1,155.1
17371,1780419879000,0,4,22.6,51.2,47.3,1.4,158.7
17372,1780419879033,0,4,22.3,50.1,21.4,3.5,140.5
17373,1780419879067,0,4,22.6,53.8,52.0,2.8,155.7
17374,1780419879100,0,4,22.5,52.9,22.2,2.3,151.3
17375,1780419879133,0,4,22.5,50.4,38.5,3.4,151.3
17376,1780419879167,0,4,22.4,52.3,26.8,3.5,159.3
17377,1780419879200,0,4,22.5,52.3,46.6,1.3,146.5
17378,1780419879233,0,4,22.2,53.8,35.1,3.2,156.0
17379,1780419879267,0,4,22.8,49.4,27.3,1.4,149.0
17380,1780419879300,0,4,22.3,51.5,30.4,3.8,157.7
17381,1780419879333,0,4,22.3,53.5,41.3,1.2,147.1
17382,1780419879367,0,4,22.4,53.3,56.1,1.7,143.1
17383,1780419879400,0,4,22.7,48.2,24.1,3.2,149.6
17384,1780419879433,0,4,22.5,49.7,33.2,2.4,155.3
17385,1780419879467,0,4,22.2,53.1,52.6,1.9,150.3
17386,1780419879500,0,4,22.5,48.8,50.3,1.6,152.1
17387,1780419879533,0,4,22.7,51.5,41.8,2.9,154.5
17388,1780419879567,0,4,22.4,49.4,36.7,2.5,158.5
17389,1780419879600,0,4,22.7,49.8,55.9,4.0,155.0
17390,1780419879633,0,4,22.6,52.1,50.5,2.8,148.8
17391,1780419879667,0,4,22.6,51.1,25.1,2.0,146.7
17392,1780419879700,0,4,22.8,50.6,41.2,4.0,145.8
17393,1780419879733,0,4,22.4,53.9,42.7,2.5,155.9
17394,1780419879767,0,4,22.2,52.0,42.4,1.8,155.3
17395,1780419879800,0,4,22.5,49.6,36.5,2.9,159.6
17396,1780419879833,0,4,22.5,48.1,48.2,3.0,159.5
17397,1780419879867,0,4,22.3,48.0,32.9,3.3,152.7
17398,1780419879900,0,4,22.5,48.1,40.0,2.1,149.8
17399,1780419879933,0,4,22.7,53.8,25.8,2.7,149.3
17400,1780419879967,0,4,22.8,49.0,59.1,1.6,159.3
17401,1780419880000,0,4,22.4,49.3,52.2,2.4,160.0
17402,1780419880033,0,4,22.4,51.5,27.3,1.5,154.9
17403,1780419880067,0,4,22.3,49.4,29.2,3.9,144.3
17404,1780419880100,0,4,22.7,53.3,26.2,3.2,159.0
17405,1780419880133,0,4,22.7,50.3,57.1,2.3,156.3
17406,1780419880167,0,4,22.3,52.0,50.9,3.6,145.6
17407,1780419880200,0,4,22.4,53.3,47.5,4.0,144.3
17408,1780419880233,0,4,22.3,51.4,41.7,1.2,156.8
17409,1780419880267,0,4,22.4,51.6,58.0,2.2,144.4
17410,1780419880300,0,4,22.3,49.2,24.7,2.7,159.9
17411,1780419880333,0,4,22.5,48.4,50.0,3.2,142.5
17412,1780419880367,0,4,22.3,49.6,59.3,2.1,149.0
17413,1780419880400,0,4,22.5,49.1,40.9,3.1,143.4
17414,1780419880433,0,4,22.3,50.2,55.4,1.4,151.2
17415,1780419880467,0,4,22.5,51.7,20.7,2.0,153.2
17416,1780419880500,0,4,22.4,49.6,46.1,2.9,140.7
17417,1780419880533,0,4,22.6,50.9,59.2,3.3,150.9
17418,1780419880567,0,4,22.4,52.4,59.0,2.0,147.0
17419,1780419880600,0,4,22.3,49.4,24.4,1.2,152.6
17420,1780419880633,0,4,22.5,53.2,30.1,3.8,155.4
17421,1780419880667,0,4,22.3,50.5,40.3,2.5,142.8
17422,1780419880700,0,4,22.3,50.5,46.4,1.6,158.2
17423,1780419880733,0,4,22.7,53.2,44.8,3.1,156.0
17424,1780419880767,0,4,22.4,50.8,30.7,2.0,151.1
17425,1780419880800,0,4,22.4,50.4,21.4,3.4,140.2
17426,1780419880833,0,4,22.3,49.5,42.1,2.1,151.4
17427,1780419880867,0,4,22.7,53.1,31.4,3.7,156.5
17428,1780419880900,0,4,22.8,48.1,23.9,2.9,156.6
17429,1780419880933,0,4,22.6,50.3,36.0,3.0,152.8
17430,1780419880967,0,4,22.4,53.4,39.5,2.0,149.2
17431,1780419881000,0,4,22.4,52.5,25.9,1.3,144.3
17432,1780419881033,0,4,22.3,53.8,60.0,3.0,153.6
17433,1780419881067,0,4,22.7,53.4,25.7,3.9,155.9
17434,1780419881100,0,4,22.4,49.9,54.0,4.0,158.6
17435,1780419881133,0,4,22.2,53.0,36.6,1.8,155.5
17436,1780419881167,0,4,22.4,50.7,25.3,3.7,147.7
17437,1780419881200,0,4,22.5,49.4,28.4,1.2,145.8
17438,1780419881233,0,4,22.7,52.4,55.4,2.0,145.2
17439,1780419881267,0,4,22.6,50.1,53.8,3.3,141.9
17440,1780419881300,0,4,22.6,52.3,37.1,2.0,145.3
17441,1780419881333,0,4,22.6,49.5,24.7,2.0,159.0
17442,1780419881367,0,4,22.7,49.9,43.0,2.9,142.2
17443,1780419881400,0,4,22.5,51.9,47.5,3.3,145.1
17444,1780419881433,0,4,22.3,51.0,49.2,3.3,159.1
17445,1780419881467,0,4,22.8,52.3,21.3,2.7,151.1
17446,1780419881500,0,4,22.7,48.2,43.3,3.6,143.6
17447,1780419881533,0,4,22.7,48.5,59.9,2.5,153.1
17448,1780419881567,0,4,22.4,52.1,41.5,1.9,145.1
17449,1780419881600,0,4,22.2,50.8,22.9,2.3,155.5
17450,1780419881633,0,4,22.5,53.8,45.2,1.4,145.4
17451,1780419881667,0,4,22.6,50.7,44.9,1.5,159.3
17452,1780419881700,0,4,22.5,51.3,42.5,2.5,151.5
17453,1780419881733,0,4,22.8,50.1,21.1,2.1,156.8
17454,1780419881767,0,4,22.5,52.2,48.2,1.4,150.0
17455,1780419881800,0,4,22.6,49.1,44.9,2.6,158.6
17456,1780419881833,0,4,22.2,51.9,33.1,1.0,144.8
17457,1780419881867,0,4,22.4,52.8,40.7,4.0,146.9
17458,1780419881900,0,4,22.3,52.3,49.9,1.4,155.8
17459,1780419881933,0,4,22.3,52.8,33.4,3.9,140.1
17460,1780419881967,0,4,22.8,50.1,45.8,2.9,157.0
17461,1780419882000,0,4,22.4,49.7,46.2,2.8,146.6
17462,1780419882033,0,4,22.4,50.9,29.8,1.7,154.5
17463,1780419882067,0,4,22.4,50.4,21.0,3.7,145.9
17464,1780419882100,0,4,22.4,52.4,58.8,3.2,155.4
17465,1780419882133,0,4,22.3,52.7,58.7,1.9,158.6
17466,1780419882167,0,4,22.5,50.4,31.3,2.5,144.1
17467,1780419882200,0,4,22.5,48.9,45.3,2.7,140.2
17468,1780419882233,0,4,22.7,49.4,25.7,2.3,159.9
17469,1780419882267,0,4,22.3,50.1,22.9,2.0,143.1
17470,1780419882300,0,4,22.3,52.2,39.9,1.5,151.6
17471,1780419882333,0,4,22.5,52.4,47.2,2.9,147.4
17472,1780419882367,0,4,22.5,50.5,20.5,2.5,149.0
17473,1780419882400,0,4,22.4,52.4,31.9,2.8,159.6
17474,1780419882433,0,4,22.3,53.1,39.4,3.9,142.6
17475,1780419882467,0,4,22.6,51.0,38.8,1.3,159.4
17476,1780419882500,0,4,22.6,51.6,59.3,2.0,141.4
17477,1780419882533,0,4,22.7,48.9,32.3,3.6,157.0
17478,1780419882567,0,4,22.3,53.9,48.9,1.5,157.4
17479,1780419882600,0,4,22.5,52.3,26.6,2.0,153.8
17480,1780419882633,0,4,22.4,52.0,38.0,2.9,147.8
17481,1780419882667,0,4,22.3,48.1,38.4,2.2,143.6
17482,1780419882700,0,4,22.2,52.1,45.0,3.4,144.7
17483,1780419882733,0,4,22.6,50.4,52.5,2.1,155.3
17484,1780419882767,0,4,22.7,49.9,56.2,1.9,158.1
17485,1780419882800,0,4,22.8,50.3,46.5,1.9,144.9
17486,1780419882833,0,4,22.3,52.7,35.6,3.5,151.5
17487,1780419882867,0,4,22.4,53.9,52.6,1.6,151.5
17488,1780419882900,0,4,22.2,48.4,55.9,2.2,155.1
17489,1780419882933,0,4,22.7,51.6,31.8,1.7,142.1
17490,1780419882967,0,4,22.2,49.3,38.2,3.0,141.1
17491,1780419883000,0,4,22.5,51.1,23.8,1.5,155.8
17492,1780419883033,0,4,22.6,49.7,43.3,3.7,148.3
17493,1780419883067,0,4,22.3,53.6,55.1,1.2,144.6
17494,1780419883100,0,4,22.7,52.8,59.2,2.0,153.8
17495,1780419883133,0,4,22.5,51.6,55.5,3.9,152.0
17496,1780419883167,0,4,22.7,52.8,41.7,1.7,150.9
17497,1780419883200,0,4,22.3,49.6,29.9,3.1,156.3
17498,1780419883233,0,4,22.3,52.3,35.2,2.3,156.6
17499,1780419883267,0,4,22.7,51.2,43.5,3.7,141.9
17500,1780419883300,0,4,22.4,53.1,20.4,1.3,145.8
17501,1780419883333,0,4,22.4,50.7,20.1,1.2,145.6
17502,1780419883367,0,4,22.6,53.5,33.2,1.1,144.3
17503,1780419883400,0,4,22.3,52.9,37.7,3.9,148.5
17504,1780419883433,0,4,22.7,48.8,27.7,2.9,159.6
17505,1780419883467,0,4,22.6,49.0,54.1,2.2,145.0
17506,1780419883500,0,4,22.5,50.1,27.5,2.0,140.7
17507,1780419883533,0,4,22.6,52.3,37.7,1.2,156.6
17508,1780419883567,0,4,22.4,51.8,47.1,3.0,157.1
17509,1780419883600,0,4,22.2,50.9,47.4,4.0,142.6
17510,1780419883633,0,4,22.4,49.1,51.7,3.5,146.7
17511,1780419883667,0,4,22.7,50.2,52.9,1.7,147.6
17512,1780419883700,0,4,22.7,53.3,29.2,2.8,153.5
17513,1780419883733,0,4,22.5,52.6,43.1,1.3,158.0
17514,1780419883767,0,4,22.5,52.8,23.8,3.2,144.4
17515,1780419883800,0,4,22.2,51.9,26.7,3.1,159.0
17516,1780419883833,0,4,22.7,49.1,46.2,3.4,155.9
17517,1780419883867,0,4,22.5,48.1,51.3,3.0,159.1
17518,1780419883900,0,4,22.5,53.5,48.8,1.0,148.7
17519,1780419883933,0,4,22.6,49.8,53.6,1.6,141.9
17520,1780419883967,0,4,22.7,52.7,59.0,1.1,158.3
17521,1780419884000,0,4,22.5,50.6,59.1,3.6,155.0
17522,1780419884033,0,4,22.6,48.7,46.7,1.5,141.0
17523,1780419884067,0,4,22.2,53.4,52.7,2.9,152.3
17524,1780419884100,0,4,22.5,50.0,29.6,1.8,156.5
17525,1780419884133,0,4,22.7,50.9,35.1,1.7,156.4
17526,1780419884167,0,4,22.7,52.2,49.6,1.3,158.1
17527,1780419884200,0,4,22.3,52.1,27.3,2.6,154.0
17528,1780419884233,0,4,22.7,48.9,31.1,1.3,141.3
17529,1780419884267,0,4,22.4,53.9,49.9,3.2,153.4
17530,1780419884300,0,4,22.6,49.7,35.3,2.1,149.0
17531,1780419884333,0,4,22.5,52.9,22.5,2.7,153.4
17532,1780419884367,0,4,22.6,53.5,43.4,2.0,141.4
17533,1780419884400,0,4,22.4,50.4,37.7,3.5,146.0
17534,1780419884433,0,4,22.6,51.8,29.1,1.8,149.8
17535,1780419884467,0,4,22.5,50.9,32.5,1.2,147.7
17536,1780419884500,0,4,22.3,51.2,54.3,2.1,153.3
17537,1780419884533,0,4,22.7,51.2,34.7,2.4,159.3
17538,1780419884567,0,4,22.8,50.1,34.9,2.6,148.8
17539,1780419884600,0,4,22.8,52.5,23.1,1.7,140.1
17540,1780419884633,0,4,22.5,52.0,48.7,2.6,144.0
17541,1780419884667,0,4,22.4,48.1,57.4,1.3,141.6
17542,1780419884700,0,4,22.3,52.4,42.6,3.7,141.8
17543,1780419884733,0,4,22.4,52.9,34.6,2.7,158.1
17544,1780419884767,0,4,22.6,49.2,35.4,3.6,155.3
17545,1780419884800,0,4,22.3,48.2,40.6,3.5,158.6
17546,1780419884833,0,4,22.3,52.6,41.8,2.6,148.5
17547,1780419884867,0,4,22.5,49.4,20.3,2.5,153.4
17548,1780419884900,0,4,22.6,49.1,42.1,3.0,142.1
17549,1780419884933,0,4,22.5,50.4,53.6,3.8,155.6
17550,1780419884967,0,4,22.3,49.3,27.0,2.7,156.8
17551,1780419885000,0,4,22.8,49.4,29.2,1.7,155.9
17552,1780419885033,0,4,22.5,52.4,33.3,3.7,143.6
17553,1780419885067,0,4,22.5,53.0,26.8,1.7,143.1
17554,1780419885100,0,4,22.7,48.2,60.0,2.2,142.3
17555,1780419885133,0,4,22.4,50.4,32.5,3.7,155.4
17556,1780419885167,0,4,22.4,51.6,39.3,1.9,150.6
17557,1780419885200,0,4,22.3,49.9,57.0,2.7,140.2
17558,1780419885233,0,4,22.3,52.5,53.7,1.7,155.6
17559,1780419885267,0,4,22.7,48.9,53.6,1.7,140.8
17560,1780419885300,0,4,22.4,51.6,45.5,1.5,158.0
17561,1780419885333,0,4,22.5,49.4,25.6,3.9,148.2
17562,1780419885367,0,4,22.8,49.3,49.9,3.4,142.6
17563,1780419885400,0,4,22.6,51.3,33.6,2.2,154.4
17564,1780419885433,0,4,22.4,49.9,37.3,1.7,155.2
17565,1780419885467,0,4,22.2,50.0,44.4,3.1,144.7
17566,1780419885500,0,4,22.3,53.8,26.7,3.1,154.2
17567,1780419885533,0,4,22.5,50.7,42.4,2.3,148.3
17568,1780419885567,0,4,22.6,51.7,23.4,2.4,143.8
17569,1780419885600,0,4,22.6,48.1,27.3,3.2,155.8
17570,1780419885633,0,4,22.4,49.2,36.9,3.6,147.5
17571,1780419885667,0,4,22.8,52.7,35.8,3.4,142.9
17572,1780419885700,0,4,22.3,53.5,52.5,1.9,151.8
17573,1780419885733,0,4,22.8,50.1,50.9,3.5,150.5
17574,1780419885767,0,4,22.4,52.7,34.6,3.8,140.3
17575,1780419885800,0,4,22.4,49.0,33.7,1.3,152.5
17576,1780419885833,0,4,22.7,51.5,26.2,3.2,144.5
17577,1780419885867,0,4,22.5,51.5,23.1,2.8,144.4
17578,1780419885900,0,4,22.7,50.0,53.7,3.6,158.0
17579,1780419885933,0,4,22.2,50.2,24.4,3.7,143.4
17580,1780419885967,0,4,22.5,50.6,44.9,3.9,150.6
17581,1780419886000,0,4,22.3,51.5,57.0,1.7,141.3
17582,1780419886033,0,4,22.4,48.6,45.6,1.4,150.0
17583,1780419886067,0,4,22.6,48.4,54.6,3.3,146.4
17584,1780419886100,0,4,22.4,49.8,44.6,2.6,147.0
17585,1780419886133,0,4,22.4,48.3,48.2,3.5,146.5
17586,1780419886167,0,4,22.6,50.2,52.0,3.2,147.7
17587,1780419886200,0,4,22.6,51.7,58.4,1.9,158.2
17588,1780419886233,0,4,22.7,53.6,36.8,2.6,144.7
17589,1780419886267,0,4,22.5,54.0,40.0,3.6,142.0
17590,1780419886300,0,4,22.7,53.5,36.2,2.9,158.2
17591,1780419886333,0,4,22.4,51.1,55.0,3.8,159.0
17592,1780419886367,0,4,22.5,48.5,43.7,3.9,159.3
17593,1780419886400,0,4,22.3,50.8,29.1,1.4,155.4
17594,1780419886433,0,4,22.7,48.6,38.2,1.9,159.3
17595,1780419886467,0,4,22.2,51.6,28.0,2.0,158.6
17596,1780419886500,0,4,22.3,50.7,21.3,3.5,151.3
17597,1780419886533,0,4,22.5,50.4,47.2,3.1,153.0
17598,1780419886567,0,4,22.4,48.4,48.9,2.8,154.9
17599,1780419886600,0,4,22.7,51.7,25.8,2.6,159.6
17600,1780419886633,0,4,22.8,52.1,51.6,1.8,151.1
17601,1780419886667,0,4,22.6,52.4,46.1,3.7,157.5
17602,1780419886700,0,4,22.5,48.4,59.5,1.8,156.2
17603,1780419886733,0,4,22.2,50.1,36.0,1.5,140.9
17604,1780419886767,0,4,22.5,48.7,36.6,2.6,143.6
17605,1780419886800,0,4,22.6,52.9,53.3,1.9,142.0
17606,1780419886833,0,4,22.6,51.1,44.5,2.5,157.0
17607,1780419886867,0,4,22.4,51.5,54.7,2.1,157.7
17608,1780419886900,0,4,22.6,49.4,45.4,3.1,150.9
17609,1780419886933,0,4,22.7,49.5,30.0,2.0,143.2
17610,1780419886967,0,4,22.4,50.4,35.1,1.6,143.2
17611,1780419887000,0,4,22.6,50.1,27.1,1.9,141.8
17612,1780419887033,0,4,22.4,48.9,23.0,3.7,143.4
17613,1780419887067,0,4,22.4,53.3,25.2,2.9,159.3
17614,1780419887100,0,4,22.3,48.9,51.3,3.7,150.6
17615,1780419887133,0,4,22.4,50.6,46.8,1.8,141.8
17616,1780419887167,0,4,22.7,53.3,44.5,1.2,155.0
17617,1780419887200,0,4,22.4,48.6,58.6,3.9,140.6
17618,1780419887233,0,4,22.5,53.4,36.9,4.0,154.2
17619,1780419887267,0,4,22.7,50.1,44.7,3.2,159.9
17620,1780419887300,0,4,22.7,48.4,52.1,1.4,154.7
17621,1780419887333,0,4,22.5,50.1,46.4,3.1,147.1
17622,1780419887367,0,4,22.6,51.2,53.3,1.7,141.5
17623,1780419887400,0,4,22.8,53.1,58.2,2.3,143.9
17624,1780419887433,0,4,22.7,49.6,53.9,3.6,142.7
17625,1780419887467,0,4,22.8,54.0,30.1,2.3,147.9
17626,1780419887500,0,4,22.6,53.0,22.5,3.3,159.9
17627,1780419887533,0,4,22.2,48.2,32.7,2.1,151.4
17628,1780419887567,0,4,22.2,52.1,40.6,2.3,145.7
17629,1780419887600,0,4,22.7,49.0,46.4,3.5,159.5
17630,1780419887633,0,4,22.4,52.9,40.5,2.8,155.9
17631,1780419887667,0,4,22.2,49.2,58.6,1.4,156.3
17632,1780419887700,0,4,22.4,48.7,46.9,1.8,157.4
17633,1780419887733,0,4,22.7,49.0,36.2,1.7,147.4
17634,1780419887767,0,4,22.6,48.5,50.4,3.1,143.2
17635,1780419887800,0,4,22.3,50.3,57.6,3.0,146.4
17636,1780419887833,0,4,22.4,51.8,47.7,2.7,151.9
17637,1780419887867,0,4,22.7,49.7,49.6,3.0,155.4
17638,1780419887900,0,4,22.7,50.4,59.2,1.8,142.7
17639,1780419887933,0,4,22.4,53.1,57.1,3.4,141.8
17640,1780419887967,0,4,22.3,48.7,25.8,2.5,155.2
17641,1780419888000,0,4,22.8,51.6,44.6,1.9,159.3
17642,1780419888033,0,4,22.6,51.8,48.6,2.6,142.0
17643,1780419888067,0,4,22.4,49.9,20.6,3.0,146.1
17644,1780419888100,0,4,22.3,50.0,40.2,3.0,149.0
17645,1780419888133,0,4,22.6,48.8,59.4,1.7,150.9
17646,1780419888167,0,4,22.5,53.6,46.2,4.0,148.9
17647,1780419888200,0,4,22.4,48.3,38.4,1.3,151.4
17648,1780419888233,0,4,22.7,49.4,32.4,2.9,145.4
17649,1780419888267,0,4,22.2,48.9,26.2,2.8,148.2
17650,1780419888300,0,4,22.8,52.4,33.5,1.0,141.9
17651,1780419888333,0,4,22.3,53.1,46.9,1.0,152.8
17652,1780419888367,0,4,22.5,53.0,57.9,3.0,143.6
17653,1780419888400,0,4,22.3,52.6,22.0,2.7,142.0
17654,1780419888433,0,4,22.4,52.9,29.0,2.3,158.6
17655,1780419888467,0,4,22.4,53.5,54.3,3.3,154.5
17656,1780419888500,0,4,22.7,50.2,38.5,3.8,148.8
17657,1780419888533,0,4,22.6,48.7,30.5,1.5,148.1
17658,1780419888567,0,4,22.7,50.1,22.0,1.8,148.0
17659,1780419888600,0,4,22.5,52.4,43.5,2.2,159.8
17660,1780419888633,0,4,22.5,48.1,55.7,1.8,140.8
17661,1780419888667,0,4,22.6,52.5,51.1,2.4,148.7
17662,1780419888700,0,4,22.4,51.1,42.4,2.9,156.0
17663,1780419888733,0,4,22.4,49.2,58.3,2.4,152.1
17664,1780419888767,0,4,22.5,50.9,53.8,3.4,141.1
17665,1780419888800,0,4,22.3,48.1,23.8,1.9,142.8
17666,1780419888833,0,4,22.2,50.0,50.0,1.4,140.3
17667,1780419888867,0,4,22.8,50.5,31.0,3.3,154.3
17668,1780419888900,0,4,22.4,52.1,41.3,2.3,142.1
17669,1780419888933,0,4,22.5,49.2,49.0,2.8,151.4
17670,1780419888967,0,4,22.6,50.7,23.4,1.2,142.8
17671,1780419889000,0,4,22.7,51.0,51.3,2.3,146.9
17672,1780419889033,0,4,22.3,51.9,35.2,3.8,150.5
17673,1780419889067,0,4,22.5,52.7,33.4,1.1,141.0
17674,1780419889100,0,4,22.4,53.3,25.6,3.0,150.4
17675,1780419889133,0,4,22.4,50.4,41.2,1.4,147.5
17676,1780419889167,0,4,22.4,49.7,35.1,1.4,145.2
17677,1780419889200,0,4,22.3,48.2,20.2,2.6,143.1
17678,1780419889233,0,4,22.6,53.6,22.0,3.0,150.8
17679,1780419889267,0,4,22.7,51.4,35.6,1.4,143.5
17680,1780419889300,0,4,22.5,50.9,22.4,2.6,145.6
17681,1780419889333,0,4,22.2,49.4,42.5,3.3,142.4
17682,1780419889367,0,4,22.4,48.4,43.6,1.5,155.4
17683,1780419889400,0,4,22.5,50.6,44.2,2.0,155.9
17684,1780419889433,0,4,22.2,51.7,37.8,2.5,155.9
17685,1780419889467,0,4,22.8,52.0,25.6,3.1,159.9
17686,1780419889500,0,4,22.2,51.5,50.5,3.7,140.6
17687,1780419889533,0,4,22.7,49.8,30.7,1.1,150.1
17688,1780419889567,0,4,22.7,53.8,30.5,1.0,158.5
17689,1780419889600,0,4,22.8,48.7,55.1,1.4,157.0
17690,1780419889633,0,4,22.6,51.6,45.7,2.3,153.2
17691,1780419889667,0,4,22.7,52.3,51.3,1.1,147.4
17692,1780419889700,0,4,22.2,49.0,38.1,3.7,140.2
17693,1780419889733,0,4,22.7,48.7,47.0,3.8,149.6
17694,1780419889767,0,4,22.7,49.5,25.6,3.3,141.2
17695,1780419889800,0,4,22.5,48.2,27.7,2.8,155.5
17696,1780419889833,0,4,22.3,53.9,47.6,3.2,158.2
17697,1780419889867,0,4,22.7,53.6,37.3,2.6,144.7
17698,1780419889900,0,4,22.3,48.3,39.5,3.6,141.5
17699,1780419889933,0,4,22.4,48.6,48.0,3.0,140.1
17700,1780419889967,0,4,22.7,49.4,51.7,2.4,140.1
17701,1780419890000,0,4,22.3,53.5,59.7,3.2,159.4
17702,1780419890033,0,4,22.3,51.3,50.0,3.5,151.9
17703,1780419890067,0,4,22.7,53.4,31.8,2.7,152.1
17704,1780419890100,0,4,22.5,53.7,37.4,1.9,151.7
17705,1780419890133,0,4,22.3,52.0,38.0,3.1,142.0
17706,1780419890167,0,4,22.3,52.0,57.2,3.6,155.4
17707,1780419890200,0,4,22.5,53.4,42.2,1.2,157.7
17708,1780419890233,0,4,22.8,53.1,27.9,3.2,159.9
17709,1780419890267,0,4,22.7,50.1,45.2,3.9,146.2
17710,1780419890300,0,4,22.6,52.0,51.5,1.2,143.9
17711,1780419890333,0,4,22.7,53.6,51.5,3.1,143.0
17712,1780419890367,0,4,22.3,52.2,42.2,1.5,152.2
17713,1780419890400,0,4,22.5,53.1,56.5,2.0,158.3
17714,1780419890433,0,4,22.6,50.3,39.7,1.5,157.5
17715,1780419890467,0,4,22.4,48.9,22.7,2.4,154.0
17716,1780419890500,0,4,22.7,50.1,52.0,2.9,147.0
17717,1780419890533,0,4,22.3,49.0,54.5,3.6,140.8
17718,1780419890567,0,4,22.2,50.8,44.2,1.1,157.3
17719,1780419890600,0,4,22.7,48.9,38.0,3.9,142.2
17720,1780419890633,0,4,22.2,53.6,22.6,1.1,157.3
17721,1780419890667,0,4,22.4,51.1,47.4,3.5,146.4
17722,1780419890700,0,4,22.7,53.4,52.6,1.1,148.1
17723,1780419890733,0,4,22.4,50.9,20.5,2.3,150.7
17724,1780419890767,0,4,22.5,50.0,54.2,2.9,150.3
17725,1780419890800,0,4,22.7,53.8,47.0,2.4,156.8
17726,1780419890833,0,4,22.4,49.6,57.2,2.5,153.7
17727,1780419890867,0,4,22.3,53.1,20.9,3.7,155.6
17728,1780419890900,0,4,22.5,50.1,54.0,1.2,158.8
17729,1780419890933,0,4,22.7,53.3,46.2,1.8,147.2
17730,1780419890967,0,4,22.3,52.0,39.0,3.0,145.0
17731,1780419891000,0,4,22.6,53.9,45.4,1.3,156.5
17732,1780419891033,0,4,22.6,51.4,47.8,3.1,160.0
17733,1780419891067,0,4,22.8,53.9,51.5,3.3,146.1
17734,1780419891100,0,4,22.7,49.4,43.9,2.5,159.7
17735,1780419891133,0,4,22.5,53.8,53.5,3.9,157.8
17736,1780419891167,0,4,22.3,48.8,35.9,3.0,152.3
17737,1780419891200,0,4,22.2,50.8,21.5,3.5,145.5
17738,1780419891233,0,4,22.4,52.3,24.2,2.2,158.0
17739,1780419891267,0,4,22.4,52.2,20.3,2.0,149.0
17740,1780419891300,0,4,22.6,49.6,57.8,1.6,154.0
17741,1780419891333,0,4,22.2,48.7,31.6,3.4,156.2
17742,1780419891367,0,4,22.5,48.3,59.0,3.4,155.7
17743,1780419891400,0,4,22.7,52.3,32.0,2.0,147.0
17744,1780419891433,0,4,22.6,49.3,40.0,3.8,155.5
17745,1780419891467,0,4,22.2,49.6,28.2,3.9,147.0
17746,1780419891500,0,4,22.6,51.1,48.4,3.4,157.1
17747,1780419891533,0,4,22.4,49.1,38.3,1.9,152.4
17748,1780419891567,0,4,22.7,53.2,39.4,2.4,150.2
17749,1780419891600,0,4,22.5,52.2,23.0,1.7,144.8
17750,1780419891633,0,4,22.3,52.3,34.3,2.1,143.2
17751,1780419891667,0,4,22.5,49.9,49.3,2.5,146.7
17752,1780419891700,0,4,22.5,49.3,26.0,2.0,155.0
17753,1780419891733,0,4,22.8,50.9,31.5,2.5,146.7
17754,1780419891767,0,4,22.6,51.8,42.3,2.7,144.7
17755,1780419891800,0,4,22.2,52.7,42.7,1.5,159.1
17756,1780419891833,0,4,22.6,50.7,22.1,1.9,153.7
17757,1780419891867,0,4,22.3,52.1,23.6,1.2,157.2
17758,1780419891900,0,4,22.3,52.4,46.4,3.5,150.6
17759,1780419891933,0,4,22.6,52.6,33.7,1.3,158.6
17760,1780419891967,0,4,22.6,50.0,48.5,1.1,146.9
17761,1780419892000,0,4,22.7,49.7,29.2,3.3,154.2
17762,1780419892033,0,4,22.7,53.6,21.0,2.4,157.4
17763,1780419892067,0,4,22.6,52.6,53.0,2.6,157.6
17764,1780419892100,0,4,22.6,50.7,27.2,2.4,157.1
17765,1780419892133,0,4,22.4,48.7,56.1,3.1,158.2
17766,1780419892167,0,4,22.7,51.5,31.2,1.4,145.2
17767,1780419892200,0,4,22.5,48.3,55.6,3.5,144.6
17768,1780419892233,0,4,22.4,49.1,20.9,2.8,150.5
17769,1780419892267,0,4,22.3,51.2,42.4,3.4,146.4
17770,1780419892300,0,4,22.8,51.2,27.1,2.7,152.9
17771,1780419892333,0,4,22.5,50.8,39.8,3.0,144.7
17772,1780419892367,0,4,22.3,48.1,39.1,3.0,150.5
17773,1780419892400,0,4,22.3,51.4,51.2,1.6,148.9
17774,1780419892433,0,4,22.7,51.7,56.1,4.0,152.9
17775,1780419892467,0,4,22.7,53.5,38.1,1.9,144.6
17776,1780419892500,0,4,22.5,52.8,43.6,2.6,144.9
17777,1780419892533,0,4,22.5,52.3,47.4,2.1,150.5
17778,1780419892567,0,4,22.6,49.0,37.5,2.1,157.3
17779,1780419892600,0,4,22.8,52.3,40.0,3.1,141.3
17780,1780419892633,0,4,22.6,51.3,39.6,3.3,142.1
17781,1780419892667,0,4,22.4,53.5,41.8,1.8,145.1
17782,1780419892700,0,4,22.5,49.8,25.8,1.9,149.6
17783,1780419892733,0,4,22.7,51.1,48.4,2.0,146.9
17784,1780419892767,0,4,22.7,50.2,48.4,3.9,144.6
17785,1780419892800,0,4,22.4,50.2,45.2,3.3,144.6
17786,1780419892833,0,4,22.2,51.3,21.8,3.2,154.2
17787,1780419892867,0,4,22.8,53.9,31.2,1.9,151.5
17788,1780419892900,0,4,22.3,48.2,44.3,2.3,158.6
17789,1780419892933,0,4,22.6,49.0,52.3,2.0,142.1
17790,1780419892967,0,4,22.6,52.4,40.1,2.9,154.4
17791,1780419893000,0,4,22.3,48.9,39.3,1.3,146.4
17792,1780419893033,0,4,22.6,53.6,23.9,1.3,151.4
17793,1780419893067,0,4,22.5,51.8,20.8,2.0,155.1
17794,1780419893100,0,4,22.5,49.3,20.3,3.2,159.4
17795,1780419893133,0,4,22.6,49.2,20.1,2.1,156.5
17796,1780419893167,0,4,22.4,50.0,31.3,1.5,159.5
17797,1780419893200,0,4,22.3,50.2,22.8,1.3,144.9
17798,1780419893233,0,4,22.5,53.0,53.4,3.6,156.7
17799,1780419893267,0,4,22.7,49.2,43.5,2.2,149.2
17800,1780419893300,0,4,22.6,52.5,49.4,3.9,150.6
17801,1780419893333,0,4,22.6,53.2,50.2,1.4,146.8
17802,1780419893367,0,4,22.5,52.3,42.1,1.8,144.7
17803,1780419893400,0,4,22.8,53.0,40.8,3.2,159.8
17804,1780419893433,0,4,22.4,50.8,45.0,1.7,153.7
17805,1780419893467,0,4,22.5,48.2,58.2,2.2,142.6
17806,1780419893500,0,4,22.4,49.9,55.6,1.6,158.1
17807,1780419893533,0,4,22.8,50.0,41.1,3.5,147.9
17808,1780419893567,0,4,22.6,52.7,33.5,3.3,149.1
17809,1780419893600,0,4,22.8,52.3,41.9,2.8,143.6
17810,1780419893633,0,4,22.3,52.0,40.9,1.8,147.9
17811,1780419893667,0,4,22.6,48.0,47.2,1.7,150.0
17812,1780419893700,0,4,22.7,50.7,47.6,2.1,157.1
17813,1780419893733,0,4,22.7,53.5,28.7,2.3,152.1
17814,1780419893767,0,4,22.7,52.7,22.2,2.7,154.2
17815,1780419893800,0,4,22.7,51.4,20.3,2.7,157.4
17816,1780419893833,0,4,22.7,53.7,23.2,2.4,158.3
17817,1780419893867,0,4,22.4,53.4,55.1,2.6,148.4
17818,1780419893900,0,4,22.3,49.6,24.2,1.5,145.5
17819,1780419893933,0,4,22.6,53.0,23.3,4.0,155.0
17820,1780419893967,0,4,22.3,52.1,43.0,3.3,142.0
17821,1780419894000,0,4,22.8,53.8,33.9,2.9,156.9
17822,1780419894033,0,4,22.6,52.3,39.9,3.2,154.0
17823,1780419894067,0,4,22.6,51.8,22.1,2.4,157.5
17824,1780419894100,0,4,22.4,51.0,45.2,1.8,143.4
17825,1780419894133,0,4,22.3,50.9,54.0,1.7,141.4
17826,1780419894167,0,4,22.2,53.2,57.4,2.8,151.5
17827,1780419894200,0,4,22.6,52.9,53.1,2.4,156.9
17828,1780419894233,0,4,22.4,49.2,22.2,3.0,155.4
17829,1780419894267,0,4,22.4,52.0,50.1,3.8,155.7
17830,1780419894300,0,4,22.7,48.3,46.6,2.0,148.1
17831,1780419894333,0,4,22.7,51.7,24.6,3.1,141.6
17832,1780419894367,0,4,22.3,50.2,51.4,2.6,150.7
17833,1780419894400,0,4,22.6,51.0,51.5,3.2,151.7
17834,1780419894433,0,4,22.2,49.8,40.2,3.0,158.1
17835,1780419894467,0,4,22.5,48.0,24.1,3.8,145.1
17836,1780419894500,0,4,22.7,49.1,37.0,2.0,142.7
17837,1780419894533,0,4,22.7,50.4,53.6,2.0,142.2
17838,1780419894567,0,4,22.4,51.7,55.6,1.1,142.1
17839,1780419894600,0,4,22.7,53.5,37.4,3.2,146.8
17840,1780419894633,0,4,22.3,49.8,57.3,2.9,154.4
17841,1780419894667,0,4,22.7,48.5,26.9,3.0,143.7
17842,1780419894700,0,4,22.6,48.3,27.4,3.9,158.0
17843,1780419894733,0,4,22.5,48.8,34.8,2.5,140.0
17844,1780419894767,0,4,22.5,51.2,45.3,2.8,144.3
17845,1780419894800,0,4,22.3,49.3,47.3,3.4,145.2
17846,1780419894833,0,4,22.4,48.2,24.3,3.4,146.6
17847,1780419894867,0,4,22.2,48.8,39.3,2.9,142.2
17848,1780419894900,0,4,22.7,49.4,45.5,1.1,150.0
17849,1780419894933,0,4,22.2,53.3,41.6,1.5,144.3
17850,1780419894967,0,4,22.3,48.4,54.5,3.9,150.2
17851,1780419895000,0,4,22.7,50.0,31.6,2.2,152.6
17852,1780419895033,0,4,22.2,50.5,31.1,1.4,152.6
17853,1780419895067,0,4,22.4,50.6,29.3,2.0,149.1
17854,1780419895100,0,4,22.5,53.8,42.9,3.9,159.4
17855,1780419895133,0,4,22.3,51.5,32.3,1.5,157.0
17856,1780419895167,0,4,22.6,49.4,29.5,3.3,145.9
17857,1780419895200,0,4,22.3,50.7,41.2,3.7,142.5
17858,1780419895233,0,4,22.5,50.7,46.3,1.8,159.5
17859,1780419895267,0,4,22.6,50.6,46.0,1.9,150.5
17860,1780419895300,0,4,22.4,50.3,26.1,1.7,141.2
17861,1780419895333,0,4,22.5,52.4,54.9,3.7,144.8
17862,1780419895367,0,4,22.5,53.4,23.6,3.9,150.7
17863,1780419895400,0,4,22.5,51.8,32.5,2.9,144.9
17864,1780419895433,0,4,22.5,48.9,54.1,3.1,148.5
17865,1780419895467,0,4,22.7,52.0,29.9,3.3,141.3
17866,1780419895500,0,4,22.3,50.6,34.8,2.7,159.0
17867,1780419895533,0,4,22.3,49.8,35.0,1.1,144.9
17868,1780419895567,0,4,22.7,48.8,21.2,2.2,147.2
17869,1780419895600,0,4,22.6,51.9,43.9,2.0,152.3
17870,1780419895633,0,4,22.8,49.8,47.2,2.3,144.8
17871,1780419895667,0,4,22.6,51.7,23.3,3.6,159.0
17872,1780419895700,0,4,22.5,51.8,32.5,2.8,155.6
17873,1780419895733,0,4,22.4,50.3,26.8,2.1,159.1
17874,1780419895767,0,4,22.5,50.6,35.0,3.6,144.7
17875,1780419895800,0,4,22.8,50.2,41.7,2.6,158.8
17876,1780419895833,0,4,22.3,53.7,58.2,3.6,151.1
17877,1780419895867,0,4,22.5,51.7,29.3,3.1,144.2
17878,1780419895900,0,4,22.2,50.1,43.9,1.5,149.5
17879,1780419895933,0,4,22.4,51.5,38.0,2.8,146.9
17880,1780419895967,0,4,22.3,49.2,59.8,2.8,140.5
17881,1780419896000,0,4,22.5,53.7,33.9,3.1,144.8
17882,1780419896033,0,4,22.4,53.9,39.1,2.1,153.9
17883,1780419896067,0,4,22.2,51.4,31.9,2.5,150.2
17884,1780419896100,0,4,22.5,53.8,33.2,3.9,152.3
17885,1780419896133,0,4,22.4,50.9,48.4,2.2,152.2
17886,1780419896167,0,4,22.7,51.3,31.3,2.0,159.9
17887,1780419896200,0,4,22.3,53.7,48.1,2.6,150.3
17888,1780419896233,0,4,22.4,48.5,56.8,2.4,150.7
17889,1780419896267,0,4,22.4,52.0,26.3,3.8,148.6
17890,1780419896300,0,4,22.7,50.1,36.7,1.7,156.5
17891,1780419896333,0,4,22.2,49.0,36.8,3.5,142.8
17892,1780419896367,0,4,22.3,50.4,35.3,2.7,159.5
17893,1780419896400,0,4,22.4,48.0,33.2,3.9,152.1
17894,1780419896433,0,4,22.4,49.1,20.2,2.5,151.9
17895,1780419896467,0,4,22.3,52.7,27.8,2.5,144.5
17896,1780419896500,0,4,22.2,50.6,55.2,3.6,147.5
17897,1780419896533,0,4,22.3,50.1,24.6,1.0,144.5
17898,1780419896567,0,4,22.7,53.1,42.7,2.0,156.9
17899,1780419896600,0,4,22.5,53.8,26.7,1.7,157.0
17900,1780419896633,0,4,22.7,50.7,59.3,1.5,146.3
17901,1780419896667,0,4,22.6,53.9,24.7,3.1,153.6
17902,1780419896700,0,4,22.5,51.2,38.2,1.8,156.0
17903,1780419896733,0,4,22.4,52.5,23.7,1.4,158.2
17904,1780419896767,0,4,22.5,49.7,53.6,3.6,148.7
17905,1780419896800,0,4,22.4,53.8,57.8,1.3,154.0
17906,1780419896833,0,4,22.4,50.6,55.3,1.5,148.3
17907,1780419896867,0,4,22.6,52.3,32.3,2.5,157.8
17908,1780419896900,0,4,22.4,50.4,32.0,2.1,149.3
17909,1780419896933,0,4,22.3,50.9,52.8,2.1,140.7
17910,1780419896967,0,4,22.4,51.7,55.5,1.3,158.3
17911,1780419897000,0,4,22.4,48.6,54.0,2.0,147.9
17912,1780419897033,0,4,22.2,50.2,58.1,2.6,155.1
17913,1780419897067,0,4,22.5,53.4,35.5,2.5,145.9
17914,1780419897100,0,4,22.6,52.4,33.2,4.0,147.2
17915,1780419897133,0,4,22.3,52.7,56.2,1.0,157.3
17916,1780419897167,0,4,22.4,50.2,30.7,2.2,152.1
17917,1780419897200,0,4,22.5,51.9,29.4,3.4,142.5
17918,1780419897233,0,4,22.7,52.9,33.5,2.8,142.0
17919,1780419897267,0,4,22.5,48.7,25.7,3.4,152.9
17920,1780419897300,0,4,22.3,50.2,39.1,2.8,146.8
17921,1780419897333,0,4,22.7,51.7,36.9,2.8,143.6
17922,1780419897367,0,4,22.5,49.0,42.0,3.6,140.9
17923,1780419897400,0,4,22.2,51.5,56.8,1.9,146.6
17924,1780419897433,0,4,22.7,50.1,24.3,3.5,156.9
17925,1780419897467,0,4,22.2,52.7,46.2,2.8,153.7
17926,1780419897500,0,4,22.6,50.1,60.0,2.9,159.3
17927,1780419897533,0,4,22.4,48.5,45.5,4.0,143.1
17928,1780419897567,0,4,22.7,48.1,36.2,3.0,149.7
17929,1780419897600,0,4,22.7,51.9,26.2,1.4,149.2
17930,1780419897633,0,4,22.5,48.2,51.3,1.9,153.2
17931,1780419897667,0,4,22.4,48.7,45.2,1.0,146.5
17932,1780419897700,0,4,22.5,50.3,52.4,3.1,144.8
17933,1780419897733,0,4,22.5,53.4,41.2,1.4,155.0
17934,1780419897767,0,4,22.4,52.7,33.7,1.2,145.2
17935,1780419897800,0,4,22.3,53.2,23.7,3.3,154.0
17936,1780419897833,0,4,22.2,49.7,40.9,2.4,154.7
17937,1780419897867,0,4,22.2,48.3,55.5,3.4,145.4
17938,1780419897900,0,4,22.4,48.6,23.5,3.5,147.6
17939,1780419897933,0,4,22.4,51.5,46.5,1.6,147.9
17940,1780419897967,0,4,22.7,50.4,29.4,2.1,144.0
17941,1780419898000,0,4,22.7,49.1,30.6,3.1,148.0
17942,1780419898033,0,4,22.3,49.9,25.8,2.6,148.9
17943,1780419898067,0,4,22.4,51.7,34.3,3.4,156.7
17944,1780419898100,0,4,22.3,49.4,29.5,1.6,156.4
17945,1780419898133,0,4,22.3,53.1,29.7,2.3,152.7
17946,1780419898167,0,4,22.3,50.6,29.0,3.6,146.3
17947,1780419898200,0,4,22.8,50.6,33.3,3.2,149.8
17948,1780419898233,0,4,22.7,51.5,47.7,2.1,158.8
17949,1780419898267,0,4,22.5,53.4,36.3,2.0,153.7
17950,1780419898300,0,4,22.3,48.9,52.7,3.9,145.7
17951,1780419898333,0,4,22.5,53.9,48.7,2.2,147.1
17952,1780419898367,0,4,22.7,51.6,43.0,1.1,143.2
17953,1780419898400,0,4,22.5,53.7,53.8,2.9,144.3
17954,1780419898433,0,4,22.6,50.8,43.4,3.7,142.8
17955,1780419898467,0,4,22.5,53.7,27.5,3.2,155.2
17956,1780419898500,0,4,22.6,52.1,48.7,2.7,141.8
17957,1780419898533,0,4,22.3,50.5,59.7,2.0,142.3
17958,1780419898567,0,4,22.5,49.4,55.8,1.6,143.7
17959,1780419898600,0,4,22.2,49.1,56.6,3.9,142.4
17960,1780419898633,0,4,22.2,52.8,30.1,2.0,152.2
17961,1780419898667,0,4,22.7,48.3,21.1,3.1,145.3
17962,1780419898700,0,4,22.6,48.3,29.4,3.6,146.6
17963,1780419898733,0,4,22.7,49.0,52.1,2.6,148.3
17964,1780419898767,0,4,22.7,50.7,33.3,2.2,152.0
17965,1780419898800,0,4,22.7,53.2,56.2,2.7,149.3
17966,1780419898833,0,4,22.7,51.9,52.0,1.3,145.4
17967,1780419898867,0,4,22.5,51.3,31.5,1.5,154.6
17968,1780419898900,0,4,22.3,49.1,52.7,1.3,147.5
17969,1780419898933,0,4,22.6,53.7,29.3,3.0,144.5
17970,1780419898967,0,4,22.3,53.6,53.4,1.0,145.9
17971,1780419899000,0,4,22.5,51.8,51.6,3.2,150.8
17972,1780419899033,0,4,22.7,52.4,26.0,1.7,149.7
17973,1780419899067,0,4,22.6,52.9,22.2,2.8,155.5
17974,1780419899100,0,4,22.5,48.9,54.9,1.2,157.8
17975,1780419899133,0,4,22.6,48.2,59.8,3.1,142.9
17976,1780419899167,0,4,22.4,52.2,29.3,3.7,156.0
17977,1780419899200,0,4,22.4,53.0,33.9,1.7,148.5
17978,1780419899233,0,4,22.6,52.0,44.9,1.5,155.2
17979,1780419899267,0,4,22.6,52.6,23.2,2.9,156.1
17980,1780419899300,0,4,22.7,53.8,33.7,1.9,156.2
17981,1780419899333,0,4,22.6,52.3,27.9,3.9,153.7
17982,1780419899367,0,4,22.6,50.5,54.9,2.8,142.5
17983,1780419899400,0,4,22.8,48.2,55.2,2.5,150.0
17984,1780419899433,0,4,22.3,53.1,52.1,2.0,145.8
17985,1780419899467,0,4,22.7,52.2,49.4,2.6,152.1
17986,1780419899500,0,4,22.8,52.4,20.5,1.5,142.8
17987,1780419899533,0,4,22.3,50.4,48.2,2.9,140.8
17988,1780419899567,0,4,22.5,50.9,35.5,2.5,154.9
17989,1780419899600,0,4,22.7,50.9,28.8,2.5,151.1
17990,1780419899633,0,4,22.2,50.0,44.9,3.7,143.4
17991,1780419899667,0,4,22.3,52.5,33.3,2.6,147.7
17992,1780419899700,0,4,22.5,49.3,32.9,3.9,143.0
17993,1780419899733,0,4,22.5,48.1,21.4,3.7,149.6
17994,1780419899767,0,4,22.6,52.4,46.6,2.6,154.7
17995,1780419899800,0,4,22.4,48.9,48.2,1.9,140.4
17996,1780419899833,0,4,22.3,49.5,34.0,1.2,142.7
17997,1780419899867,0,4,22.5,48.2,23.1,2.5,157.8
17998,1780419899900,0,4,22.4,51.9,53.2,1.7,154.9
17999,1780419899933,0,4,22.5,52.6,44.9,3.6,157.7
18000,1780419899967,0,4,22.5,51.9,54.2,1.7,154.0
